ISO-10303-21;
HEADER;
FILE_DESCRIPTION(('STEP AP214'),
    '1');
FILE_NAME('MilledThirdFloor',
    '',
    ('UNSPECIFIED'),
    ('UNSPECIFIED'),
    'C3D Converter',
    'C3D Toolkit',
    '');
FILE_SCHEMA(('AUTOMOTIVE_DESIGN { 1 0 10303 214 3 1 1}'));
ENDSEC;

DATA;
#1=PRODUCT_DEFINITION('','UNSPECIFIED',#30,#33);
#2=SHAPE_DEFINITION_REPRESENTATION(#28,#3);
#3=SHAPE_REPRESENTATION('NONE',(#4,#55),#8);
#4=AXIS2_PLACEMENT_3D('',#5,#6,#7);
#5=CARTESIAN_POINT('',(0.,0.,0.));
#6=DIRECTION('',(0.,0.,1.));
#7=DIRECTION('',(1.,0.,0.));
#8=(GEOMETRIC_REPRESENTATION_CONTEXT(3)GLOBAL_UNCERTAINTY_ASSIGNED_CONTEXT((#10))
GLOBAL_UNIT_ASSIGNED_CONTEXT((#9,#11,#12))REPRESENTATION_CONTEXT('NONE','NONE'));
#9=(LENGTH_UNIT()NAMED_UNIT(*)SI_UNIT(.MILLI.,.METRE.));
#10=UNCERTAINTY_MEASURE_WITH_UNIT(LENGTH_MEASURE(1.E-5),#9,'NONE','NONE');
#11=(NAMED_UNIT(*)PLANE_ANGLE_UNIT()SI_UNIT($,.RADIAN.));
#12=(NAMED_UNIT(*)SI_UNIT($,.STERADIAN.)SOLID_ANGLE_UNIT());
#13=MANIFOLD_SOLID_BREP('',#14);
#14=CLOSED_SHELL('',(#111,#112,#113,#114,#115,#116,#117,#118,#119,#120,#121,#122,
#123,#124,#125,#126,#127,#128,#129,#130,#131,#132,#133,#134,#135,#136,#137,#138,
#139,#140,#141,#142,#143,#144,#145,#146,#147,#148,#149,#150,#151,#152,#153,#154,
#155,#156,#157,#158,#159,#160,#161,#162,#163,#164,#165,#166,#167,#168,#169,#170,
#171,#172,#173,#174,#175,#176,#177,#178,#179,#180,#181,#182,#183,#184,#185,#186,
#187,#188,#189,#190,#191,#192,#193,#194,#195,#196,#197,#198,#199,#200,#201,#202,
#203,#204,#205,#206,#207,#208,#209,#210,#211,#212,#213,#214,#215,#216,#217,#218,
#219,#220,#221,#222,#223,#224,#225,#226,#227,#228,#229,#230,#231,#232,#233,#234,
#235,#236,#237,#238,#239,#240,#241,#242,#243,#244,#245,#246,#247,#248,#249,#250,
#251,#252,#253,#254,#255,#256,#257,#258,#259,#260,#261,#262,#263,#264,#265,#266,
#267,#268,#269,#270,#271,#272,#273,#274,#275,#276,#277,#278,#279,#280,#281,#282,
#283,#284,#285,#286,#287,#288,#289,#290,#291,#292,#293,#294,#295,#296,#297,#298,
#299,#300,#301,#302,#303,#304,#305,#306,#307,#308,#309,#310,#311,#312,#313,#314,
#315,#316,#317,#318,#319,#320,#321,#322,#323,#324,#325,#326,#327,#328,#329,#330,
#331,#332,#333,#334,#335,#336,#337,#338,#339,#340,#341,#342,#343,#344,#345,#346,
#347,#348,#349,#350,#351,#352,#353,#354,#355,#356,#357,#358,#359,#360,#361,#362,
#363,#364,#365,#366,#367,#368,#369,#370,#371,#372,#373,#374,#375,#376,#377,#378,
#379,#380,#381,#382,#383,#384,#385,#386,#387,#388,#389,#390,#391,#392,#393,#394,
#395));
#15=COLOUR_RGB('',0.847058823529412,0.847058823529412,0.847058823529412);
#16=FILL_AREA_STYLE_COLOUR('',#15);
#17=FILL_AREA_STYLE($,(#16));
#18=SURFACE_STYLE_FILL_AREA(#17);
#19=SURFACE_SIDE_STYLE('',(#18,#23));
#20=SURFACE_STYLE_USAGE(.BOTH.,#19);
#21=PRESENTATION_STYLE_ASSIGNMENT((#20));
#22=SURFACE_STYLE_TRANSPARENT(0.498000025749207);
#23=SURFACE_STYLE_RENDERING_WITH_PROPERTIES(.UNSPECIFIED.,$,(#22));
#24=MECHANICAL_DESIGN_GEOMETRIC_PRESENTATION_REPRESENTATION('NONE',(#25),#8);
#25=STYLED_ITEM('',(#21),#13);
#26=ADVANCED_BREP_SHAPE_REPRESENTATION('NONE',(#13),#8);
#27=SHAPE_REPRESENTATION_RELATIONSHIP('','',#3,#26);
#28=PRODUCT_DEFINITION_SHAPE('NONE','NONE',#1);
#29=MECHANICAL_CONTEXT('NONE',#34,'mechanical');
#30=PRODUCT_DEFINITION_FORMATION_WITH_SPECIFIED_SOURCE('ANY','UNSPECIFIED',#31,.NOT_KNOWN.);
#31=PRODUCT('','MildedThirdFloor','NONE',(#29));
#32=PRODUCT_RELATED_PRODUCT_CATEGORY('detail','',(#31));
#33=DESIGN_CONTEXT('detailed design',#34,'design');
#34=APPLICATION_CONTEXT('configuration controlled 3d designs of mechanical parts and assemblies');
#35=APPLICATION_PROTOCOL_DEFINITION('international standard','config_control_design',
1994,#34);
#36=CC_DESIGN_DATE_AND_TIME_ASSIGNMENT(#37,#41,(#1));
#37=DATE_AND_TIME(#38,#39);
#38=CALENDAR_DATE(0,1,1);
#39=LOCAL_TIME(0,0,0.,#40);
#40=COORDINATED_UNIVERSAL_TIME_OFFSET(0,0,.AHEAD.);
#41=DATE_TIME_ROLE('creation_date');
#42=CC_DESIGN_APPROVAL(#43,(#1));
#43=APPROVAL(#44,'UNSPECIFIED');
#44=APPROVAL_STATUS('not_yet_approved');
#45=APPROVAL_DATE_TIME(#46,#43);
#46=DATE_AND_TIME(#47,#48);
#47=CALENDAR_DATE(0,1,1);
#48=LOCAL_TIME(0,0,0.,#49);
#49=COORDINATED_UNIVERSAL_TIME_OFFSET(0,0,.AHEAD.);
#50=PERSON('UNSPECIFIED','User','UNSPECIFIED',('UNSPECIFIED'),('UNSPECIFIED'),('UNSPECIFIED'));
#51=ORGANIZATION('UNSPECIFIED','UNSPECIFIED','UNSPECIFIED');
#52=PERSON_AND_ORGANIZATION(#50,#51);
#53=PERSON_AND_ORGANIZATION_ROLE('creator');
#54=CC_DESIGN_PERSON_AND_ORGANIZATION_ASSIGNMENT(#52,#53,(#30,#1));
#55=AXIS2_PLACEMENT_3D('',#56,#57,#58);
#56=CARTESIAN_POINT('',(0.,0.,0.));
#57=DIRECTION('',(0.,0.,1.));
#58=DIRECTION('',(1.,0.,0.));
#59=PRODUCT_DEFINITION('','UNSPECIFIED',#64,#67);
#60=SHAPE_DEFINITION_REPRESENTATION(#62,#61);
#61=SHAPE_REPRESENTATION('NONE',(#4),#8);
#62=PRODUCT_DEFINITION_SHAPE('NONE','NONE',#59);
#63=MECHANICAL_CONTEXT('NONE',#68,'mechanical');
#64=PRODUCT_DEFINITION_FORMATION_WITH_SPECIFIED_SOURCE('ANY','UNSPECIFIED',#65,.NOT_KNOWN.);
#65=PRODUCT('Body','Body','NONE',(#63));
#66=PRODUCT_RELATED_PRODUCT_CATEGORY('detail','',(#65));
#67=DESIGN_CONTEXT('detailed design',#68,'design');
#68=APPLICATION_CONTEXT('configuration controlled 3d designs of mechanical parts and assemblies');
#69=APPLICATION_PROTOCOL_DEFINITION('international standard','config_control_design',
1994,#68);
#70=CC_DESIGN_DATE_AND_TIME_ASSIGNMENT(#71,#75,(#59));
#71=DATE_AND_TIME(#72,#73);
#72=CALENDAR_DATE(0,1,1);
#73=LOCAL_TIME(0,0,0.,#74);
#74=COORDINATED_UNIVERSAL_TIME_OFFSET(0,0,.AHEAD.);
#75=DATE_TIME_ROLE('creation_date');
#76=CC_DESIGN_APPROVAL(#77,(#59));
#77=APPROVAL(#78,'UNSPECIFIED');
#78=APPROVAL_STATUS('not_yet_approved');
#79=APPROVAL_DATE_TIME(#80,#77);
#80=DATE_AND_TIME(#81,#82);
#81=CALENDAR_DATE(0,1,1);
#82=LOCAL_TIME(0,0,0.,#83);
#83=COORDINATED_UNIVERSAL_TIME_OFFSET(0,0,.AHEAD.);
#84=PERSON('UNSPECIFIED','User','UNSPECIFIED',('UNSPECIFIED'),('UNSPECIFIED'),('UNSPECIFIED'));
#85=ORGANIZATION('UNSPECIFIED','UNSPECIFIED','UNSPECIFIED');
#86=PERSON_AND_ORGANIZATION(#84,#85);
#87=PERSON_AND_ORGANIZATION_ROLE('creator');
#88=CC_DESIGN_PERSON_AND_ORGANIZATION_ASSIGNMENT(#86,#87,(#64,#59));
#89=ITEM_DEFINED_TRANSFORMATION('','',#4,#55);
#90=(REPRESENTATION_RELATIONSHIP('','',#61,#3)REPRESENTATION_RELATIONSHIP_WITH_TRANSFORMATION(
#89)SHAPE_REPRESENTATION_RELATIONSHIP());
#91=NEXT_ASSEMBLY_USAGE_OCCURRENCE('ANY','MildedThirdFloor','',#1,#59,'');
#92=CC_DESIGN_SECURITY_CLASSIFICATION(#93,(#91));
#93=SECURITY_CLASSIFICATION('','',#94);
#94=SECURITY_CLASSIFICATION_LEVEL('unclassified');
#95=CC_DESIGN_DATE_AND_TIME_ASSIGNMENT(#96,#100,(#93));
#96=DATE_AND_TIME(#97,#98);
#97=CALENDAR_DATE(0,1,1);
#98=LOCAL_TIME(0,0,0.,#99);
#99=COORDINATED_UNIVERSAL_TIME_OFFSET(0,0,.AHEAD.);
#100=DATE_TIME_ROLE('classification_date');
#101=CC_DESIGN_APPROVAL(#102,(#93));
#102=APPROVAL(#103,'UNSPECIFIED');
#103=APPROVAL_STATUS('not_yet_approved');
#104=APPROVAL_DATE_TIME(#105,#102);
#105=DATE_AND_TIME(#106,#107);
#106=CALENDAR_DATE(0,1,1);
#107=LOCAL_TIME(0,0,0.,#108);
#108=COORDINATED_UNIVERSAL_TIME_OFFSET(0,0,.AHEAD.);
#109=PRODUCT_DEFINITION_SHAPE('NONE','NONE',#91);
#110=CONTEXT_DEPENDENT_SHAPE_REPRESENTATION(#90,#109);
#111=ADVANCED_FACE('',(#396,#398,#400,#402,#404,#406,#408,#410,#412,#414,#416,#418,
#420,#422,#424,#426,#428,#430,#432,#434,#436,#438,#440,#442,#444,#446,#448,#450,
#452,#454,#456,#458,#460,#462,#464,#466,#468,#470,#472,#474,#476,#478,#480,#482,
#484,#486,#488,#490,#492,#494,#496,#498,#500,#502,#504,#506,#508,#510,#512,#514,
#516,#518,#520,#522,#524,#526,#528,#530,#532,#534,#536,#538,#540,#542,#544,#546,
#548,#550,#552,#554,#556,#558,#560,#562,#564,#566,#568,#570,#572,#574,#576,#578,
#580,#582,#584,#586,#588,#590,#592,#594,#596,#598,#600,#602,#604,#606,#608,#610,
#612,#614,#616,#618,#620,#622,#624,#626,#628,#630,#632,#634,#636,#638,#640,#642,
#644,#646,#648,#650,#652,#654,#656,#658,#660,#662,#664,#666,#668,#670,#672,#674,
#676,#678,#680,#682,#684,#686,#688,#690,#692,#694,#696,#698,#700,#702,#704,#706,
#708,#710,#712,#714,#716,#718,#720,#722,#724,#726,#728,#730,#732,#734,#736,#738,
#740,#742,#744,#746,#748,#750,#752,#754,#756,#758,#760,#762,#764,#766,#768,#770,
#772,#774,#776,#778,#780,#782,#784,#786,#788,#790,#792,#794,#796,#798,#800,#802,
#804,#806,#808,#810,#812,#814,#816,#818,#820,#822,#824,#826,#828,#830,#832,#834,
#836,#838,#840,#842,#844,#846,#848,#850,#852,#854,#856,#858,#860,#862,#864,#866,
#868,#870,#872,#874,#876,#878,#880,#882,#884,#886,#888,#890,#892,#894,#896,#898,
#900,#902,#904,#906,#908,#910,#912,#914,#916,#918,#920,#922,#924,#926,#928,#930,
#932,#934,#936,#938,#940,#942,#944,#946,#948,#950,#952,#954,#956),#958,.F.);
#112=ADVANCED_FACE('',(#963,#965,#967,#969,#971,#973,#975,#977,#979,#981,#983,#985,
#987,#989,#991,#993,#995,#997,#999,#1001,#1003,#1005,#1007,#1009,#1011,#1013,#1015,
#1017,#1019,#1021,#1023,#1025,#1027,#1029,#1031,#1033,#1035,#1037,#1039,#1041,#1043,
#1045,#1047,#1049,#1051,#1053,#1055,#1057,#1059,#1061,#1063,#1065,#1067,#1069,#1071,
#1073,#1075,#1077,#1079,#1081,#1083,#1085,#1087,#1089,#1091,#1093,#1095,#1097,#1099,
#1101,#1103,#1105,#1107,#1109,#1111,#1113,#1115,#1117,#1119,#1121,#1123,#1125,#1127,
#1129,#1131,#1133,#1135,#1137,#1139,#1141,#1143,#1145,#1147,#1149,#1151,#1153,#1155,
#1157,#1159,#1161,#1163,#1165,#1167,#1169,#1171,#1173,#1175,#1177,#1179,#1181,#1183,
#1185,#1187,#1189,#1191,#1193,#1195,#1197,#1199,#1201,#1203,#1205,#1207,#1209,#1211,
#1213,#1215,#1217,#1219,#1221,#1223,#1225,#1227,#1229,#1231,#1233,#1235,#1237,#1239,
#1241,#1243,#1245,#1247,#1249,#1251,#1253,#1255,#1257,#1259,#1261,#1263,#1265,#1267,
#1269,#1271,#1273,#1275,#1277,#1279,#1281,#1283,#1285,#1287,#1289,#1291,#1293,#1295,
#1297,#1299,#1301,#1303,#1305,#1307,#1309,#1311,#1313,#1315,#1317,#1319,#1321,#1323,
#1325,#1327,#1329,#1331,#1333,#1335,#1337,#1339,#1341,#1343,#1345,#1347,#1349,#1351,
#1353,#1355,#1357,#1359,#1361,#1363,#1365,#1367,#1369,#1371,#1373,#1375,#1377,#1379,
#1381,#1383,#1385,#1387,#1389,#1391,#1393,#1395,#1397,#1399,#1401,#1403,#1405,#1407,
#1409,#1411,#1413,#1415,#1417,#1419,#1421,#1423,#1425,#1427,#1429,#1431,#1433,#1435,
#1437,#1439,#1441,#1443,#1445,#1447,#1449,#1451,#1453,#1455,#1457,#1459,#1461,#1463,
#1465,#1467,#1469,#1471,#1473,#1475,#1477,#1479,#1481,#1483,#1485,#1487,#1489,#1491,
#1493,#1495,#1497,#1499,#1501,#1503,#1505,#1507,#1509,#1511,#1513,#1515,#1517,#1519,
#1521,#1523),#1525,.T.);
#113=ADVANCED_FACE('',(#1530,#1532),#1534,.T.);
#114=ADVANCED_FACE('',(#1539,#1541),#1543,.F.);
#115=ADVANCED_FACE('',(#1548,#1550),#1552,.F.);
#116=ADVANCED_FACE('',(#1557,#1559),#1561,.F.);
#117=ADVANCED_FACE('',(#1566,#1568),#1570,.F.);
#118=ADVANCED_FACE('',(#1575,#1577),#1579,.F.);
#119=ADVANCED_FACE('',(#1584,#1586),#1588,.F.);
#120=ADVANCED_FACE('',(#1593,#1595),#1597,.F.);
#121=ADVANCED_FACE('',(#1602,#1604),#1606,.F.);
#122=ADVANCED_FACE('',(#1611,#1613),#1615,.F.);
#123=ADVANCED_FACE('',(#1620,#1622),#1624,.F.);
#124=ADVANCED_FACE('',(#1629,#1631),#1633,.F.);
#125=ADVANCED_FACE('',(#1638,#1640),#1642,.F.);
#126=ADVANCED_FACE('',(#1647,#1649),#1651,.F.);
#127=ADVANCED_FACE('',(#1656,#1658),#1660,.F.);
#128=ADVANCED_FACE('',(#1665,#1667),#1669,.F.);
#129=ADVANCED_FACE('',(#1674,#1676),#1678,.F.);
#130=ADVANCED_FACE('',(#1683,#1685),#1687,.F.);
#131=ADVANCED_FACE('',(#1692,#1694),#1696,.F.);
#132=ADVANCED_FACE('',(#1701,#1703),#1705,.F.);
#133=ADVANCED_FACE('',(#1710,#1712),#1714,.F.);
#134=ADVANCED_FACE('',(#1719,#1721),#1723,.F.);
#135=ADVANCED_FACE('',(#1728,#1730),#1732,.F.);
#136=ADVANCED_FACE('',(#1737,#1739),#1741,.F.);
#137=ADVANCED_FACE('',(#1746,#1748),#1750,.F.);
#138=ADVANCED_FACE('',(#1755,#1757),#1759,.F.);
#139=ADVANCED_FACE('',(#1764,#1766),#1768,.F.);
#140=ADVANCED_FACE('',(#1773,#1775),#1777,.F.);
#141=ADVANCED_FACE('',(#1782,#1784),#1786,.F.);
#142=ADVANCED_FACE('',(#1791,#1793),#1795,.F.);
#143=ADVANCED_FACE('',(#1800,#1802),#1804,.F.);
#144=ADVANCED_FACE('',(#1809,#1811),#1813,.F.);
#145=ADVANCED_FACE('',(#1818,#1820),#1822,.F.);
#146=ADVANCED_FACE('',(#1827,#1829),#1831,.F.);
#147=ADVANCED_FACE('',(#1836,#1838),#1840,.F.);
#148=ADVANCED_FACE('',(#1845,#1847),#1849,.F.);
#149=ADVANCED_FACE('',(#1854,#1856),#1858,.F.);
#150=ADVANCED_FACE('',(#1863,#1865),#1867,.F.);
#151=ADVANCED_FACE('',(#1872,#1874),#1876,.F.);
#152=ADVANCED_FACE('',(#1881,#1883),#1885,.F.);
#153=ADVANCED_FACE('',(#1890,#1892),#1894,.F.);
#154=ADVANCED_FACE('',(#1899,#1901),#1903,.F.);
#155=ADVANCED_FACE('',(#1908,#1910),#1912,.F.);
#156=ADVANCED_FACE('',(#1917,#1919),#1921,.F.);
#157=ADVANCED_FACE('',(#1926,#1928),#1930,.F.);
#158=ADVANCED_FACE('',(#1935,#1937),#1939,.F.);
#159=ADVANCED_FACE('',(#1944,#1946),#1948,.F.);
#160=ADVANCED_FACE('',(#1953,#1955),#1957,.F.);
#161=ADVANCED_FACE('',(#1962,#1964),#1966,.F.);
#162=ADVANCED_FACE('',(#1971,#1973),#1975,.F.);
#163=ADVANCED_FACE('',(#1980,#1982),#1984,.F.);
#164=ADVANCED_FACE('',(#1989,#1991),#1993,.F.);
#165=ADVANCED_FACE('',(#1998,#2000),#2002,.F.);
#166=ADVANCED_FACE('',(#2007,#2009),#2011,.F.);
#167=ADVANCED_FACE('',(#2016,#2018),#2020,.F.);
#168=ADVANCED_FACE('',(#2025,#2027),#2029,.F.);
#169=ADVANCED_FACE('',(#2034,#2036),#2038,.F.);
#170=ADVANCED_FACE('',(#2043,#2045),#2047,.F.);
#171=ADVANCED_FACE('',(#2052,#2054),#2056,.F.);
#172=ADVANCED_FACE('',(#2061,#2063),#2065,.F.);
#173=ADVANCED_FACE('',(#2070,#2072),#2074,.F.);
#174=ADVANCED_FACE('',(#2079,#2081),#2083,.F.);
#175=ADVANCED_FACE('',(#2088,#2090),#2092,.F.);
#176=ADVANCED_FACE('',(#2097,#2099),#2101,.F.);
#177=ADVANCED_FACE('',(#2106,#2108),#2110,.F.);
#178=ADVANCED_FACE('',(#2115,#2117),#2119,.F.);
#179=ADVANCED_FACE('',(#2124,#2126),#2128,.F.);
#180=ADVANCED_FACE('',(#2133,#2135),#2137,.F.);
#181=ADVANCED_FACE('',(#2142,#2144),#2146,.F.);
#182=ADVANCED_FACE('',(#2151,#2153),#2155,.F.);
#183=ADVANCED_FACE('',(#2160,#2162),#2164,.F.);
#184=ADVANCED_FACE('',(#2169,#2171),#2173,.F.);
#185=ADVANCED_FACE('',(#2178,#2180),#2182,.F.);
#186=ADVANCED_FACE('',(#2187,#2189),#2191,.F.);
#187=ADVANCED_FACE('',(#2196,#2198),#2200,.F.);
#188=ADVANCED_FACE('',(#2205,#2207),#2209,.F.);
#189=ADVANCED_FACE('',(#2214,#2216),#2218,.F.);
#190=ADVANCED_FACE('',(#2223,#2225),#2227,.F.);
#191=ADVANCED_FACE('',(#2232,#2234),#2236,.F.);
#192=ADVANCED_FACE('',(#2241,#2243),#2245,.F.);
#193=ADVANCED_FACE('',(#2250,#2252),#2254,.F.);
#194=ADVANCED_FACE('',(#2259,#2261),#2263,.F.);
#195=ADVANCED_FACE('',(#2268,#2270),#2272,.F.);
#196=ADVANCED_FACE('',(#2277,#2279),#2281,.F.);
#197=ADVANCED_FACE('',(#2286,#2288),#2290,.F.);
#198=ADVANCED_FACE('',(#2295,#2297),#2299,.F.);
#199=ADVANCED_FACE('',(#2304,#2306),#2308,.F.);
#200=ADVANCED_FACE('',(#2313,#2315),#2317,.F.);
#201=ADVANCED_FACE('',(#2322,#2324),#2326,.F.);
#202=ADVANCED_FACE('',(#2331,#2333),#2335,.F.);
#203=ADVANCED_FACE('',(#2340,#2342),#2344,.F.);
#204=ADVANCED_FACE('',(#2349,#2351),#2353,.F.);
#205=ADVANCED_FACE('',(#2358,#2360),#2362,.F.);
#206=ADVANCED_FACE('',(#2367,#2369),#2371,.F.);
#207=ADVANCED_FACE('',(#2376,#2378),#2380,.F.);
#208=ADVANCED_FACE('',(#2385,#2387),#2389,.F.);
#209=ADVANCED_FACE('',(#2394,#2396),#2398,.F.);
#210=ADVANCED_FACE('',(#2403,#2405),#2407,.F.);
#211=ADVANCED_FACE('',(#2412,#2414),#2416,.F.);
#212=ADVANCED_FACE('',(#2421,#2423),#2425,.F.);
#213=ADVANCED_FACE('',(#2430,#2432),#2434,.F.);
#214=ADVANCED_FACE('',(#2439,#2441),#2443,.F.);
#215=ADVANCED_FACE('',(#2448,#2450),#2452,.F.);
#216=ADVANCED_FACE('',(#2457,#2459),#2461,.F.);
#217=ADVANCED_FACE('',(#2466,#2468),#2470,.F.);
#218=ADVANCED_FACE('',(#2475,#2477),#2479,.F.);
#219=ADVANCED_FACE('',(#2484,#2486),#2488,.F.);
#220=ADVANCED_FACE('',(#2493,#2495),#2497,.F.);
#221=ADVANCED_FACE('',(#2502,#2504),#2506,.F.);
#222=ADVANCED_FACE('',(#2511,#2513),#2515,.F.);
#223=ADVANCED_FACE('',(#2520,#2522),#2524,.F.);
#224=ADVANCED_FACE('',(#2529,#2531),#2533,.F.);
#225=ADVANCED_FACE('',(#2538,#2540),#2542,.F.);
#226=ADVANCED_FACE('',(#2547,#2549),#2551,.F.);
#227=ADVANCED_FACE('',(#2556,#2558),#2560,.F.);
#228=ADVANCED_FACE('',(#2565,#2567),#2569,.F.);
#229=ADVANCED_FACE('',(#2574,#2576),#2578,.F.);
#230=ADVANCED_FACE('',(#2583,#2585),#2587,.F.);
#231=ADVANCED_FACE('',(#2592,#2594),#2596,.F.);
#232=ADVANCED_FACE('',(#2601,#2603),#2605,.F.);
#233=ADVANCED_FACE('',(#2610,#2612),#2614,.F.);
#234=ADVANCED_FACE('',(#2619,#2621),#2623,.F.);
#235=ADVANCED_FACE('',(#2628,#2630),#2632,.F.);
#236=ADVANCED_FACE('',(#2637,#2639),#2641,.F.);
#237=ADVANCED_FACE('',(#2646,#2648),#2650,.F.);
#238=ADVANCED_FACE('',(#2655,#2657),#2659,.F.);
#239=ADVANCED_FACE('',(#2664,#2666),#2668,.F.);
#240=ADVANCED_FACE('',(#2673,#2675),#2677,.F.);
#241=ADVANCED_FACE('',(#2682,#2684),#2686,.F.);
#242=ADVANCED_FACE('',(#2691,#2693),#2695,.F.);
#243=ADVANCED_FACE('',(#2700,#2702),#2704,.F.);
#244=ADVANCED_FACE('',(#2709,#2711),#2713,.F.);
#245=ADVANCED_FACE('',(#2718,#2720),#2722,.F.);
#246=ADVANCED_FACE('',(#2727,#2729),#2731,.F.);
#247=ADVANCED_FACE('',(#2736,#2738),#2740,.F.);
#248=ADVANCED_FACE('',(#2745,#2747),#2749,.F.);
#249=ADVANCED_FACE('',(#2754,#2756),#2758,.F.);
#250=ADVANCED_FACE('',(#2763,#2765),#2767,.F.);
#251=ADVANCED_FACE('',(#2772,#2774),#2776,.F.);
#252=ADVANCED_FACE('',(#2781,#2783),#2785,.F.);
#253=ADVANCED_FACE('',(#2790,#2792),#2794,.F.);
#254=ADVANCED_FACE('',(#2799,#2801),#2803,.F.);
#255=ADVANCED_FACE('',(#2808,#2810),#2812,.F.);
#256=ADVANCED_FACE('',(#2817,#2819),#2821,.F.);
#257=ADVANCED_FACE('',(#2826,#2828),#2830,.F.);
#258=ADVANCED_FACE('',(#2835,#2837),#2839,.F.);
#259=ADVANCED_FACE('',(#2844,#2846),#2848,.F.);
#260=ADVANCED_FACE('',(#2853,#2855),#2857,.F.);
#261=ADVANCED_FACE('',(#2862,#2864),#2866,.F.);
#262=ADVANCED_FACE('',(#2871,#2873),#2875,.F.);
#263=ADVANCED_FACE('',(#2880,#2882),#2884,.F.);
#264=ADVANCED_FACE('',(#2889,#2891),#2893,.F.);
#265=ADVANCED_FACE('',(#2898,#2900),#2902,.F.);
#266=ADVANCED_FACE('',(#2907,#2909),#2911,.F.);
#267=ADVANCED_FACE('',(#2916,#2918),#2920,.F.);
#268=ADVANCED_FACE('',(#2925,#2927),#2929,.F.);
#269=ADVANCED_FACE('',(#2934,#2936),#2938,.F.);
#270=ADVANCED_FACE('',(#2943,#2945),#2947,.F.);
#271=ADVANCED_FACE('',(#2952,#2954),#2956,.F.);
#272=ADVANCED_FACE('',(#2961,#2963),#2965,.F.);
#273=ADVANCED_FACE('',(#2970,#2972),#2974,.F.);
#274=ADVANCED_FACE('',(#2979,#2981),#2983,.F.);
#275=ADVANCED_FACE('',(#2988,#2990),#2992,.F.);
#276=ADVANCED_FACE('',(#2997,#2999),#3001,.F.);
#277=ADVANCED_FACE('',(#3006,#3008),#3010,.F.);
#278=ADVANCED_FACE('',(#3015,#3017),#3019,.F.);
#279=ADVANCED_FACE('',(#3024,#3026),#3028,.F.);
#280=ADVANCED_FACE('',(#3033,#3035),#3037,.F.);
#281=ADVANCED_FACE('',(#3042,#3044),#3046,.F.);
#282=ADVANCED_FACE('',(#3051,#3053),#3055,.F.);
#283=ADVANCED_FACE('',(#3060,#3062),#3064,.F.);
#284=ADVANCED_FACE('',(#3069,#3071),#3073,.F.);
#285=ADVANCED_FACE('',(#3078,#3080),#3082,.F.);
#286=ADVANCED_FACE('',(#3087,#3089),#3091,.F.);
#287=ADVANCED_FACE('',(#3096,#3098),#3100,.F.);
#288=ADVANCED_FACE('',(#3105,#3107),#3109,.F.);
#289=ADVANCED_FACE('',(#3114,#3116),#3118,.F.);
#290=ADVANCED_FACE('',(#3123,#3125),#3127,.F.);
#291=ADVANCED_FACE('',(#3132,#3134),#3136,.F.);
#292=ADVANCED_FACE('',(#3141,#3143),#3145,.F.);
#293=ADVANCED_FACE('',(#3150,#3152),#3154,.F.);
#294=ADVANCED_FACE('',(#3159,#3161),#3163,.F.);
#295=ADVANCED_FACE('',(#3168,#3170),#3172,.F.);
#296=ADVANCED_FACE('',(#3177,#3179),#3181,.F.);
#297=ADVANCED_FACE('',(#3186,#3188),#3190,.F.);
#298=ADVANCED_FACE('',(#3195,#3197),#3199,.F.);
#299=ADVANCED_FACE('',(#3204,#3206),#3208,.F.);
#300=ADVANCED_FACE('',(#3213,#3215),#3217,.F.);
#301=ADVANCED_FACE('',(#3222,#3224),#3226,.F.);
#302=ADVANCED_FACE('',(#3231,#3233),#3235,.F.);
#303=ADVANCED_FACE('',(#3240,#3242),#3244,.F.);
#304=ADVANCED_FACE('',(#3249,#3251),#3253,.F.);
#305=ADVANCED_FACE('',(#3258,#3260),#3262,.F.);
#306=ADVANCED_FACE('',(#3267,#3269),#3271,.F.);
#307=ADVANCED_FACE('',(#3276,#3278),#3280,.F.);
#308=ADVANCED_FACE('',(#3285,#3287),#3289,.F.);
#309=ADVANCED_FACE('',(#3294,#3296),#3298,.F.);
#310=ADVANCED_FACE('',(#3303,#3305),#3307,.F.);
#311=ADVANCED_FACE('',(#3312,#3314),#3316,.F.);
#312=ADVANCED_FACE('',(#3321,#3323),#3325,.F.);
#313=ADVANCED_FACE('',(#3330,#3332),#3334,.F.);
#314=ADVANCED_FACE('',(#3339,#3341),#3343,.F.);
#315=ADVANCED_FACE('',(#3348,#3350),#3352,.F.);
#316=ADVANCED_FACE('',(#3357,#3359),#3361,.F.);
#317=ADVANCED_FACE('',(#3366,#3368),#3370,.F.);
#318=ADVANCED_FACE('',(#3375,#3377),#3379,.F.);
#319=ADVANCED_FACE('',(#3384,#3386),#3388,.F.);
#320=ADVANCED_FACE('',(#3393,#3395),#3397,.F.);
#321=ADVANCED_FACE('',(#3402,#3404),#3406,.F.);
#322=ADVANCED_FACE('',(#3411,#3413),#3415,.F.);
#323=ADVANCED_FACE('',(#3420,#3422),#3424,.F.);
#324=ADVANCED_FACE('',(#3429,#3431),#3433,.F.);
#325=ADVANCED_FACE('',(#3438,#3440),#3442,.F.);
#326=ADVANCED_FACE('',(#3447,#3449),#3451,.F.);
#327=ADVANCED_FACE('',(#3456,#3458),#3460,.F.);
#328=ADVANCED_FACE('',(#3465,#3467),#3469,.F.);
#329=ADVANCED_FACE('',(#3474,#3476),#3478,.F.);
#330=ADVANCED_FACE('',(#3483,#3485),#3487,.F.);
#331=ADVANCED_FACE('',(#3492,#3494),#3496,.F.);
#332=ADVANCED_FACE('',(#3501,#3503),#3505,.F.);
#333=ADVANCED_FACE('',(#3510,#3512),#3514,.F.);
#334=ADVANCED_FACE('',(#3519,#3521),#3523,.F.);
#335=ADVANCED_FACE('',(#3528,#3530),#3532,.F.);
#336=ADVANCED_FACE('',(#3537,#3539),#3541,.F.);
#337=ADVANCED_FACE('',(#3546,#3548),#3550,.F.);
#338=ADVANCED_FACE('',(#3555,#3557),#3559,.F.);
#339=ADVANCED_FACE('',(#3564,#3566),#3568,.F.);
#340=ADVANCED_FACE('',(#3573,#3575),#3577,.F.);
#341=ADVANCED_FACE('',(#3582,#3584),#3586,.F.);
#342=ADVANCED_FACE('',(#3591,#3593),#3595,.F.);
#343=ADVANCED_FACE('',(#3600,#3602),#3604,.F.);
#344=ADVANCED_FACE('',(#3609,#3611),#3613,.F.);
#345=ADVANCED_FACE('',(#3618,#3620),#3622,.F.);
#346=ADVANCED_FACE('',(#3627,#3629),#3631,.F.);
#347=ADVANCED_FACE('',(#3636,#3638),#3640,.F.);
#348=ADVANCED_FACE('',(#3645,#3647),#3649,.F.);
#349=ADVANCED_FACE('',(#3654,#3656),#3658,.F.);
#350=ADVANCED_FACE('',(#3663,#3665),#3667,.F.);
#351=ADVANCED_FACE('',(#3672,#3674),#3676,.F.);
#352=ADVANCED_FACE('',(#3681,#3683),#3685,.F.);
#353=ADVANCED_FACE('',(#3690,#3692),#3694,.F.);
#354=ADVANCED_FACE('',(#3699,#3701),#3703,.F.);
#355=ADVANCED_FACE('',(#3708,#3710),#3712,.F.);
#356=ADVANCED_FACE('',(#3717,#3719),#3721,.F.);
#357=ADVANCED_FACE('',(#3726,#3728),#3730,.F.);
#358=ADVANCED_FACE('',(#3735,#3737),#3739,.F.);
#359=ADVANCED_FACE('',(#3744,#3746),#3748,.F.);
#360=ADVANCED_FACE('',(#3753,#3755),#3757,.F.);
#361=ADVANCED_FACE('',(#3762,#3764),#3766,.F.);
#362=ADVANCED_FACE('',(#3771,#3773),#3775,.F.);
#363=ADVANCED_FACE('',(#3780,#3782),#3784,.F.);
#364=ADVANCED_FACE('',(#3789,#3791),#3793,.F.);
#365=ADVANCED_FACE('',(#3798,#3800),#3802,.F.);
#366=ADVANCED_FACE('',(#3807,#3809),#3811,.F.);
#367=ADVANCED_FACE('',(#3816,#3818),#3820,.F.);
#368=ADVANCED_FACE('',(#3825,#3827),#3829,.F.);
#369=ADVANCED_FACE('',(#3834,#3836),#3838,.F.);
#370=ADVANCED_FACE('',(#3843,#3845),#3847,.F.);
#371=ADVANCED_FACE('',(#3852,#3854),#3856,.F.);
#372=ADVANCED_FACE('',(#3861,#3863),#3865,.F.);
#373=ADVANCED_FACE('',(#3870,#3872),#3874,.F.);
#374=ADVANCED_FACE('',(#3879,#3881),#3883,.F.);
#375=ADVANCED_FACE('',(#3888,#3890),#3892,.F.);
#376=ADVANCED_FACE('',(#3897,#3899),#3901,.F.);
#377=ADVANCED_FACE('',(#3906,#3908),#3910,.F.);
#378=ADVANCED_FACE('',(#3915,#3917),#3919,.F.);
#379=ADVANCED_FACE('',(#3924,#3926),#3928,.F.);
#380=ADVANCED_FACE('',(#3933,#3935),#3937,.F.);
#381=ADVANCED_FACE('',(#3942,#3944),#3946,.F.);
#382=ADVANCED_FACE('',(#3951,#3953),#3955,.F.);
#383=ADVANCED_FACE('',(#3960,#3962),#3964,.F.);
#384=ADVANCED_FACE('',(#3969,#3971),#3973,.F.);
#385=ADVANCED_FACE('',(#3978,#3980),#3982,.F.);
#386=ADVANCED_FACE('',(#3987,#3989),#3991,.F.);
#387=ADVANCED_FACE('',(#3996,#3998),#4000,.F.);
#388=ADVANCED_FACE('',(#4005,#4007),#4009,.F.);
#389=ADVANCED_FACE('',(#4014,#4016),#4018,.F.);
#390=ADVANCED_FACE('',(#4023,#4025),#4027,.F.);
#391=ADVANCED_FACE('',(#4032,#4034),#4036,.F.);
#392=ADVANCED_FACE('',(#4041,#4043),#4045,.F.);
#393=ADVANCED_FACE('',(#4050,#4052),#4054,.F.);
#394=ADVANCED_FACE('',(#4059,#4061),#4063,.F.);
#395=ADVANCED_FACE('',(#4068,#4070),#4072,.F.);
#396=FACE_BOUND('',#397,.T.);
#397=EDGE_LOOP('',(#4077));
#398=FACE_BOUND('',#399,.T.);
#399=EDGE_LOOP('',(#4078));
#400=FACE_BOUND('',#401,.T.);
#401=EDGE_LOOP('',(#4079));
#402=FACE_BOUND('',#403,.T.);
#403=EDGE_LOOP('',(#4080));
#404=FACE_BOUND('',#405,.T.);
#405=EDGE_LOOP('',(#4081));
#406=FACE_BOUND('',#407,.T.);
#407=EDGE_LOOP('',(#4082));
#408=FACE_BOUND('',#409,.T.);
#409=EDGE_LOOP('',(#4083));
#410=FACE_BOUND('',#411,.T.);
#411=EDGE_LOOP('',(#4084));
#412=FACE_BOUND('',#413,.T.);
#413=EDGE_LOOP('',(#4085));
#414=FACE_BOUND('',#415,.T.);
#415=EDGE_LOOP('',(#4086));
#416=FACE_BOUND('',#417,.T.);
#417=EDGE_LOOP('',(#4087));
#418=FACE_BOUND('',#419,.T.);
#419=EDGE_LOOP('',(#4088));
#420=FACE_BOUND('',#421,.T.);
#421=EDGE_LOOP('',(#4089));
#422=FACE_BOUND('',#423,.T.);
#423=EDGE_LOOP('',(#4090));
#424=FACE_BOUND('',#425,.T.);
#425=EDGE_LOOP('',(#4091));
#426=FACE_BOUND('',#427,.T.);
#427=EDGE_LOOP('',(#4092));
#428=FACE_BOUND('',#429,.T.);
#429=EDGE_LOOP('',(#4093));
#430=FACE_BOUND('',#431,.T.);
#431=EDGE_LOOP('',(#4094));
#432=FACE_BOUND('',#433,.T.);
#433=EDGE_LOOP('',(#4095));
#434=FACE_BOUND('',#435,.T.);
#435=EDGE_LOOP('',(#4096));
#436=FACE_BOUND('',#437,.T.);
#437=EDGE_LOOP('',(#4097));
#438=FACE_BOUND('',#439,.T.);
#439=EDGE_LOOP('',(#4098));
#440=FACE_BOUND('',#441,.T.);
#441=EDGE_LOOP('',(#4099));
#442=FACE_BOUND('',#443,.T.);
#443=EDGE_LOOP('',(#4100));
#444=FACE_BOUND('',#445,.T.);
#445=EDGE_LOOP('',(#4101));
#446=FACE_BOUND('',#447,.T.);
#447=EDGE_LOOP('',(#4102));
#448=FACE_BOUND('',#449,.T.);
#449=EDGE_LOOP('',(#4103));
#450=FACE_BOUND('',#451,.T.);
#451=EDGE_LOOP('',(#4104));
#452=FACE_BOUND('',#453,.T.);
#453=EDGE_LOOP('',(#4105));
#454=FACE_BOUND('',#455,.T.);
#455=EDGE_LOOP('',(#4106));
#456=FACE_BOUND('',#457,.T.);
#457=EDGE_LOOP('',(#4107));
#458=FACE_BOUND('',#459,.T.);
#459=EDGE_LOOP('',(#4108));
#460=FACE_BOUND('',#461,.T.);
#461=EDGE_LOOP('',(#4109));
#462=FACE_BOUND('',#463,.T.);
#463=EDGE_LOOP('',(#4110));
#464=FACE_BOUND('',#465,.T.);
#465=EDGE_LOOP('',(#4111));
#466=FACE_BOUND('',#467,.T.);
#467=EDGE_LOOP('',(#4112));
#468=FACE_BOUND('',#469,.T.);
#469=EDGE_LOOP('',(#4113));
#470=FACE_BOUND('',#471,.T.);
#471=EDGE_LOOP('',(#4114));
#472=FACE_BOUND('',#473,.T.);
#473=EDGE_LOOP('',(#4115));
#474=FACE_BOUND('',#475,.T.);
#475=EDGE_LOOP('',(#4116));
#476=FACE_BOUND('',#477,.T.);
#477=EDGE_LOOP('',(#4117));
#478=FACE_BOUND('',#479,.T.);
#479=EDGE_LOOP('',(#4118));
#480=FACE_BOUND('',#481,.T.);
#481=EDGE_LOOP('',(#4119));
#482=FACE_BOUND('',#483,.T.);
#483=EDGE_LOOP('',(#4120));
#484=FACE_BOUND('',#485,.T.);
#485=EDGE_LOOP('',(#4121));
#486=FACE_BOUND('',#487,.T.);
#487=EDGE_LOOP('',(#4122));
#488=FACE_BOUND('',#489,.T.);
#489=EDGE_LOOP('',(#4123));
#490=FACE_BOUND('',#491,.T.);
#491=EDGE_LOOP('',(#4124));
#492=FACE_BOUND('',#493,.T.);
#493=EDGE_LOOP('',(#4125));
#494=FACE_BOUND('',#495,.T.);
#495=EDGE_LOOP('',(#4126));
#496=FACE_BOUND('',#497,.T.);
#497=EDGE_LOOP('',(#4127));
#498=FACE_BOUND('',#499,.T.);
#499=EDGE_LOOP('',(#4128));
#500=FACE_BOUND('',#501,.T.);
#501=EDGE_LOOP('',(#4129));
#502=FACE_BOUND('',#503,.T.);
#503=EDGE_LOOP('',(#4130));
#504=FACE_BOUND('',#505,.T.);
#505=EDGE_LOOP('',(#4131));
#506=FACE_BOUND('',#507,.T.);
#507=EDGE_LOOP('',(#4132));
#508=FACE_BOUND('',#509,.T.);
#509=EDGE_LOOP('',(#4133));
#510=FACE_BOUND('',#511,.T.);
#511=EDGE_LOOP('',(#4134));
#512=FACE_BOUND('',#513,.T.);
#513=EDGE_LOOP('',(#4135));
#514=FACE_BOUND('',#515,.T.);
#515=EDGE_LOOP('',(#4136));
#516=FACE_BOUND('',#517,.T.);
#517=EDGE_LOOP('',(#4137));
#518=FACE_BOUND('',#519,.T.);
#519=EDGE_LOOP('',(#4138));
#520=FACE_BOUND('',#521,.T.);
#521=EDGE_LOOP('',(#4139));
#522=FACE_BOUND('',#523,.T.);
#523=EDGE_LOOP('',(#4140));
#524=FACE_BOUND('',#525,.T.);
#525=EDGE_LOOP('',(#4141));
#526=FACE_BOUND('',#527,.T.);
#527=EDGE_LOOP('',(#4142));
#528=FACE_BOUND('',#529,.T.);
#529=EDGE_LOOP('',(#4143));
#530=FACE_BOUND('',#531,.T.);
#531=EDGE_LOOP('',(#4144));
#532=FACE_BOUND('',#533,.T.);
#533=EDGE_LOOP('',(#4145));
#534=FACE_BOUND('',#535,.T.);
#535=EDGE_LOOP('',(#4146));
#536=FACE_BOUND('',#537,.T.);
#537=EDGE_LOOP('',(#4147));
#538=FACE_BOUND('',#539,.T.);
#539=EDGE_LOOP('',(#4148));
#540=FACE_BOUND('',#541,.T.);
#541=EDGE_LOOP('',(#4149));
#542=FACE_BOUND('',#543,.T.);
#543=EDGE_LOOP('',(#4150));
#544=FACE_BOUND('',#545,.T.);
#545=EDGE_LOOP('',(#4151));
#546=FACE_BOUND('',#547,.T.);
#547=EDGE_LOOP('',(#4152));
#548=FACE_BOUND('',#549,.T.);
#549=EDGE_LOOP('',(#4153));
#550=FACE_BOUND('',#551,.T.);
#551=EDGE_LOOP('',(#4154));
#552=FACE_BOUND('',#553,.T.);
#553=EDGE_LOOP('',(#4155));
#554=FACE_BOUND('',#555,.T.);
#555=EDGE_LOOP('',(#4156));
#556=FACE_BOUND('',#557,.T.);
#557=EDGE_LOOP('',(#4157));
#558=FACE_BOUND('',#559,.T.);
#559=EDGE_LOOP('',(#4158));
#560=FACE_BOUND('',#561,.T.);
#561=EDGE_LOOP('',(#4159));
#562=FACE_BOUND('',#563,.T.);
#563=EDGE_LOOP('',(#4160));
#564=FACE_BOUND('',#565,.T.);
#565=EDGE_LOOP('',(#4161));
#566=FACE_BOUND('',#567,.T.);
#567=EDGE_LOOP('',(#4162));
#568=FACE_BOUND('',#569,.T.);
#569=EDGE_LOOP('',(#4163));
#570=FACE_BOUND('',#571,.T.);
#571=EDGE_LOOP('',(#4164));
#572=FACE_BOUND('',#573,.T.);
#573=EDGE_LOOP('',(#4165));
#574=FACE_BOUND('',#575,.T.);
#575=EDGE_LOOP('',(#4166));
#576=FACE_BOUND('',#577,.T.);
#577=EDGE_LOOP('',(#4167));
#578=FACE_BOUND('',#579,.T.);
#579=EDGE_LOOP('',(#4168));
#580=FACE_BOUND('',#581,.T.);
#581=EDGE_LOOP('',(#4169));
#582=FACE_BOUND('',#583,.T.);
#583=EDGE_LOOP('',(#4170));
#584=FACE_BOUND('',#585,.T.);
#585=EDGE_LOOP('',(#4171));
#586=FACE_BOUND('',#587,.T.);
#587=EDGE_LOOP('',(#4172));
#588=FACE_BOUND('',#589,.T.);
#589=EDGE_LOOP('',(#4173));
#590=FACE_BOUND('',#591,.T.);
#591=EDGE_LOOP('',(#4174));
#592=FACE_BOUND('',#593,.T.);
#593=EDGE_LOOP('',(#4175));
#594=FACE_BOUND('',#595,.T.);
#595=EDGE_LOOP('',(#4176));
#596=FACE_BOUND('',#597,.T.);
#597=EDGE_LOOP('',(#4177));
#598=FACE_BOUND('',#599,.T.);
#599=EDGE_LOOP('',(#4178));
#600=FACE_BOUND('',#601,.T.);
#601=EDGE_LOOP('',(#4179));
#602=FACE_BOUND('',#603,.T.);
#603=EDGE_LOOP('',(#4180));
#604=FACE_BOUND('',#605,.T.);
#605=EDGE_LOOP('',(#4181));
#606=FACE_BOUND('',#607,.T.);
#607=EDGE_LOOP('',(#4182));
#608=FACE_BOUND('',#609,.T.);
#609=EDGE_LOOP('',(#4183));
#610=FACE_BOUND('',#611,.T.);
#611=EDGE_LOOP('',(#4184));
#612=FACE_BOUND('',#613,.T.);
#613=EDGE_LOOP('',(#4185));
#614=FACE_BOUND('',#615,.T.);
#615=EDGE_LOOP('',(#4186));
#616=FACE_BOUND('',#617,.T.);
#617=EDGE_LOOP('',(#4187));
#618=FACE_BOUND('',#619,.T.);
#619=EDGE_LOOP('',(#4188));
#620=FACE_BOUND('',#621,.T.);
#621=EDGE_LOOP('',(#4189));
#622=FACE_BOUND('',#623,.T.);
#623=EDGE_LOOP('',(#4190));
#624=FACE_BOUND('',#625,.T.);
#625=EDGE_LOOP('',(#4191));
#626=FACE_BOUND('',#627,.T.);
#627=EDGE_LOOP('',(#4192));
#628=FACE_BOUND('',#629,.T.);
#629=EDGE_LOOP('',(#4193));
#630=FACE_BOUND('',#631,.T.);
#631=EDGE_LOOP('',(#4194));
#632=FACE_BOUND('',#633,.T.);
#633=EDGE_LOOP('',(#4195));
#634=FACE_BOUND('',#635,.T.);
#635=EDGE_LOOP('',(#4196));
#636=FACE_BOUND('',#637,.T.);
#637=EDGE_LOOP('',(#4197));
#638=FACE_BOUND('',#639,.T.);
#639=EDGE_LOOP('',(#4198));
#640=FACE_BOUND('',#641,.T.);
#641=EDGE_LOOP('',(#4199));
#642=FACE_BOUND('',#643,.T.);
#643=EDGE_LOOP('',(#4200));
#644=FACE_BOUND('',#645,.T.);
#645=EDGE_LOOP('',(#4201));
#646=FACE_BOUND('',#647,.T.);
#647=EDGE_LOOP('',(#4202));
#648=FACE_BOUND('',#649,.T.);
#649=EDGE_LOOP('',(#4203));
#650=FACE_BOUND('',#651,.T.);
#651=EDGE_LOOP('',(#4204));
#652=FACE_BOUND('',#653,.T.);
#653=EDGE_LOOP('',(#4205));
#654=FACE_BOUND('',#655,.T.);
#655=EDGE_LOOP('',(#4206));
#656=FACE_BOUND('',#657,.T.);
#657=EDGE_LOOP('',(#4207));
#658=FACE_BOUND('',#659,.T.);
#659=EDGE_LOOP('',(#4208));
#660=FACE_BOUND('',#661,.T.);
#661=EDGE_LOOP('',(#4209));
#662=FACE_BOUND('',#663,.T.);
#663=EDGE_LOOP('',(#4210));
#664=FACE_BOUND('',#665,.T.);
#665=EDGE_LOOP('',(#4211));
#666=FACE_BOUND('',#667,.T.);
#667=EDGE_LOOP('',(#4212));
#668=FACE_BOUND('',#669,.T.);
#669=EDGE_LOOP('',(#4213));
#670=FACE_BOUND('',#671,.T.);
#671=EDGE_LOOP('',(#4214));
#672=FACE_BOUND('',#673,.T.);
#673=EDGE_LOOP('',(#4215));
#674=FACE_BOUND('',#675,.T.);
#675=EDGE_LOOP('',(#4216));
#676=FACE_BOUND('',#677,.T.);
#677=EDGE_LOOP('',(#4217));
#678=FACE_BOUND('',#679,.T.);
#679=EDGE_LOOP('',(#4218));
#680=FACE_BOUND('',#681,.T.);
#681=EDGE_LOOP('',(#4219));
#682=FACE_BOUND('',#683,.T.);
#683=EDGE_LOOP('',(#4220));
#684=FACE_BOUND('',#685,.T.);
#685=EDGE_LOOP('',(#4221));
#686=FACE_BOUND('',#687,.T.);
#687=EDGE_LOOP('',(#4222));
#688=FACE_BOUND('',#689,.T.);
#689=EDGE_LOOP('',(#4223));
#690=FACE_BOUND('',#691,.T.);
#691=EDGE_LOOP('',(#4224));
#692=FACE_BOUND('',#693,.T.);
#693=EDGE_LOOP('',(#4225));
#694=FACE_BOUND('',#695,.T.);
#695=EDGE_LOOP('',(#4226));
#696=FACE_BOUND('',#697,.T.);
#697=EDGE_LOOP('',(#4227));
#698=FACE_BOUND('',#699,.T.);
#699=EDGE_LOOP('',(#4228));
#700=FACE_BOUND('',#701,.T.);
#701=EDGE_LOOP('',(#4229));
#702=FACE_BOUND('',#703,.T.);
#703=EDGE_LOOP('',(#4230));
#704=FACE_BOUND('',#705,.T.);
#705=EDGE_LOOP('',(#4231));
#706=FACE_BOUND('',#707,.T.);
#707=EDGE_LOOP('',(#4232));
#708=FACE_BOUND('',#709,.T.);
#709=EDGE_LOOP('',(#4233));
#710=FACE_BOUND('',#711,.T.);
#711=EDGE_LOOP('',(#4234));
#712=FACE_BOUND('',#713,.T.);
#713=EDGE_LOOP('',(#4235));
#714=FACE_BOUND('',#715,.T.);
#715=EDGE_LOOP('',(#4236));
#716=FACE_BOUND('',#717,.T.);
#717=EDGE_LOOP('',(#4237));
#718=FACE_BOUND('',#719,.T.);
#719=EDGE_LOOP('',(#4238));
#720=FACE_BOUND('',#721,.T.);
#721=EDGE_LOOP('',(#4239));
#722=FACE_BOUND('',#723,.T.);
#723=EDGE_LOOP('',(#4240));
#724=FACE_BOUND('',#725,.T.);
#725=EDGE_LOOP('',(#4241));
#726=FACE_BOUND('',#727,.T.);
#727=EDGE_LOOP('',(#4242));
#728=FACE_BOUND('',#729,.T.);
#729=EDGE_LOOP('',(#4243));
#730=FACE_BOUND('',#731,.T.);
#731=EDGE_LOOP('',(#4244));
#732=FACE_BOUND('',#733,.T.);
#733=EDGE_LOOP('',(#4245));
#734=FACE_BOUND('',#735,.T.);
#735=EDGE_LOOP('',(#4246));
#736=FACE_BOUND('',#737,.T.);
#737=EDGE_LOOP('',(#4247));
#738=FACE_BOUND('',#739,.T.);
#739=EDGE_LOOP('',(#4248));
#740=FACE_BOUND('',#741,.T.);
#741=EDGE_LOOP('',(#4249));
#742=FACE_BOUND('',#743,.T.);
#743=EDGE_LOOP('',(#4250));
#744=FACE_BOUND('',#745,.T.);
#745=EDGE_LOOP('',(#4251));
#746=FACE_BOUND('',#747,.T.);
#747=EDGE_LOOP('',(#4252));
#748=FACE_BOUND('',#749,.T.);
#749=EDGE_LOOP('',(#4253));
#750=FACE_BOUND('',#751,.T.);
#751=EDGE_LOOP('',(#4254));
#752=FACE_BOUND('',#753,.T.);
#753=EDGE_LOOP('',(#4255));
#754=FACE_BOUND('',#755,.T.);
#755=EDGE_LOOP('',(#4256));
#756=FACE_BOUND('',#757,.T.);
#757=EDGE_LOOP('',(#4257));
#758=FACE_BOUND('',#759,.T.);
#759=EDGE_LOOP('',(#4258));
#760=FACE_BOUND('',#761,.T.);
#761=EDGE_LOOP('',(#4259));
#762=FACE_BOUND('',#763,.T.);
#763=EDGE_LOOP('',(#4260));
#764=FACE_BOUND('',#765,.T.);
#765=EDGE_LOOP('',(#4261));
#766=FACE_BOUND('',#767,.T.);
#767=EDGE_LOOP('',(#4262));
#768=FACE_BOUND('',#769,.T.);
#769=EDGE_LOOP('',(#4263));
#770=FACE_BOUND('',#771,.T.);
#771=EDGE_LOOP('',(#4264));
#772=FACE_BOUND('',#773,.T.);
#773=EDGE_LOOP('',(#4265));
#774=FACE_BOUND('',#775,.T.);
#775=EDGE_LOOP('',(#4266));
#776=FACE_BOUND('',#777,.T.);
#777=EDGE_LOOP('',(#4267));
#778=FACE_BOUND('',#779,.T.);
#779=EDGE_LOOP('',(#4268));
#780=FACE_BOUND('',#781,.T.);
#781=EDGE_LOOP('',(#4269));
#782=FACE_BOUND('',#783,.T.);
#783=EDGE_LOOP('',(#4270));
#784=FACE_BOUND('',#785,.T.);
#785=EDGE_LOOP('',(#4271));
#786=FACE_BOUND('',#787,.T.);
#787=EDGE_LOOP('',(#4272));
#788=FACE_BOUND('',#789,.T.);
#789=EDGE_LOOP('',(#4273));
#790=FACE_BOUND('',#791,.T.);
#791=EDGE_LOOP('',(#4274));
#792=FACE_BOUND('',#793,.T.);
#793=EDGE_LOOP('',(#4275));
#794=FACE_BOUND('',#795,.T.);
#795=EDGE_LOOP('',(#4276));
#796=FACE_BOUND('',#797,.T.);
#797=EDGE_LOOP('',(#4277));
#798=FACE_BOUND('',#799,.T.);
#799=EDGE_LOOP('',(#4278));
#800=FACE_BOUND('',#801,.T.);
#801=EDGE_LOOP('',(#4279));
#802=FACE_BOUND('',#803,.T.);
#803=EDGE_LOOP('',(#4280));
#804=FACE_BOUND('',#805,.T.);
#805=EDGE_LOOP('',(#4281));
#806=FACE_BOUND('',#807,.T.);
#807=EDGE_LOOP('',(#4282));
#808=FACE_BOUND('',#809,.T.);
#809=EDGE_LOOP('',(#4283));
#810=FACE_BOUND('',#811,.T.);
#811=EDGE_LOOP('',(#4284));
#812=FACE_BOUND('',#813,.T.);
#813=EDGE_LOOP('',(#4285));
#814=FACE_BOUND('',#815,.T.);
#815=EDGE_LOOP('',(#4286));
#816=FACE_BOUND('',#817,.T.);
#817=EDGE_LOOP('',(#4287));
#818=FACE_BOUND('',#819,.T.);
#819=EDGE_LOOP('',(#4288));
#820=FACE_BOUND('',#821,.T.);
#821=EDGE_LOOP('',(#4289));
#822=FACE_BOUND('',#823,.T.);
#823=EDGE_LOOP('',(#4290));
#824=FACE_BOUND('',#825,.T.);
#825=EDGE_LOOP('',(#4291));
#826=FACE_BOUND('',#827,.T.);
#827=EDGE_LOOP('',(#4292));
#828=FACE_BOUND('',#829,.T.);
#829=EDGE_LOOP('',(#4293));
#830=FACE_BOUND('',#831,.T.);
#831=EDGE_LOOP('',(#4294));
#832=FACE_BOUND('',#833,.T.);
#833=EDGE_LOOP('',(#4295));
#834=FACE_BOUND('',#835,.T.);
#835=EDGE_LOOP('',(#4296));
#836=FACE_BOUND('',#837,.T.);
#837=EDGE_LOOP('',(#4297));
#838=FACE_BOUND('',#839,.T.);
#839=EDGE_LOOP('',(#4298));
#840=FACE_BOUND('',#841,.T.);
#841=EDGE_LOOP('',(#4299));
#842=FACE_BOUND('',#843,.T.);
#843=EDGE_LOOP('',(#4300));
#844=FACE_BOUND('',#845,.T.);
#845=EDGE_LOOP('',(#4301));
#846=FACE_BOUND('',#847,.T.);
#847=EDGE_LOOP('',(#4302));
#848=FACE_BOUND('',#849,.T.);
#849=EDGE_LOOP('',(#4303));
#850=FACE_BOUND('',#851,.T.);
#851=EDGE_LOOP('',(#4304));
#852=FACE_BOUND('',#853,.T.);
#853=EDGE_LOOP('',(#4305));
#854=FACE_BOUND('',#855,.T.);
#855=EDGE_LOOP('',(#4306));
#856=FACE_BOUND('',#857,.T.);
#857=EDGE_LOOP('',(#4307));
#858=FACE_BOUND('',#859,.T.);
#859=EDGE_LOOP('',(#4308));
#860=FACE_BOUND('',#861,.T.);
#861=EDGE_LOOP('',(#4309));
#862=FACE_BOUND('',#863,.T.);
#863=EDGE_LOOP('',(#4310));
#864=FACE_BOUND('',#865,.T.);
#865=EDGE_LOOP('',(#4311));
#866=FACE_BOUND('',#867,.T.);
#867=EDGE_LOOP('',(#4312));
#868=FACE_BOUND('',#869,.T.);
#869=EDGE_LOOP('',(#4313));
#870=FACE_BOUND('',#871,.T.);
#871=EDGE_LOOP('',(#4314));
#872=FACE_BOUND('',#873,.T.);
#873=EDGE_LOOP('',(#4315));
#874=FACE_BOUND('',#875,.T.);
#875=EDGE_LOOP('',(#4316));
#876=FACE_BOUND('',#877,.T.);
#877=EDGE_LOOP('',(#4317));
#878=FACE_BOUND('',#879,.T.);
#879=EDGE_LOOP('',(#4318));
#880=FACE_BOUND('',#881,.T.);
#881=EDGE_LOOP('',(#4319));
#882=FACE_BOUND('',#883,.T.);
#883=EDGE_LOOP('',(#4320));
#884=FACE_BOUND('',#885,.T.);
#885=EDGE_LOOP('',(#4321));
#886=FACE_BOUND('',#887,.T.);
#887=EDGE_LOOP('',(#4322));
#888=FACE_BOUND('',#889,.T.);
#889=EDGE_LOOP('',(#4323));
#890=FACE_BOUND('',#891,.T.);
#891=EDGE_LOOP('',(#4324));
#892=FACE_BOUND('',#893,.T.);
#893=EDGE_LOOP('',(#4325));
#894=FACE_BOUND('',#895,.T.);
#895=EDGE_LOOP('',(#4326));
#896=FACE_BOUND('',#897,.T.);
#897=EDGE_LOOP('',(#4327));
#898=FACE_BOUND('',#899,.T.);
#899=EDGE_LOOP('',(#4328));
#900=FACE_BOUND('',#901,.T.);
#901=EDGE_LOOP('',(#4329));
#902=FACE_BOUND('',#903,.T.);
#903=EDGE_LOOP('',(#4330));
#904=FACE_BOUND('',#905,.T.);
#905=EDGE_LOOP('',(#4331));
#906=FACE_BOUND('',#907,.T.);
#907=EDGE_LOOP('',(#4332));
#908=FACE_BOUND('',#909,.T.);
#909=EDGE_LOOP('',(#4333));
#910=FACE_BOUND('',#911,.T.);
#911=EDGE_LOOP('',(#4334,#4335));
#912=FACE_BOUND('',#913,.T.);
#913=EDGE_LOOP('',(#4336,#4337));
#914=FACE_BOUND('',#915,.T.);
#915=EDGE_LOOP('',(#4338));
#916=FACE_BOUND('',#917,.T.);
#917=EDGE_LOOP('',(#4339));
#918=FACE_BOUND('',#919,.T.);
#919=EDGE_LOOP('',(#4340));
#920=FACE_BOUND('',#921,.T.);
#921=EDGE_LOOP('',(#4341));
#922=FACE_BOUND('',#923,.T.);
#923=EDGE_LOOP('',(#4342));
#924=FACE_BOUND('',#925,.T.);
#925=EDGE_LOOP('',(#4343));
#926=FACE_BOUND('',#927,.T.);
#927=EDGE_LOOP('',(#4344));
#928=FACE_BOUND('',#929,.T.);
#929=EDGE_LOOP('',(#4345));
#930=FACE_BOUND('',#931,.T.);
#931=EDGE_LOOP('',(#4346));
#932=FACE_BOUND('',#933,.T.);
#933=EDGE_LOOP('',(#4347));
#934=FACE_BOUND('',#935,.T.);
#935=EDGE_LOOP('',(#4348));
#936=FACE_BOUND('',#937,.T.);
#937=EDGE_LOOP('',(#4349));
#938=FACE_BOUND('',#939,.T.);
#939=EDGE_LOOP('',(#4350));
#940=FACE_BOUND('',#941,.T.);
#941=EDGE_LOOP('',(#4351));
#942=FACE_BOUND('',#943,.T.);
#943=EDGE_LOOP('',(#4352));
#944=FACE_BOUND('',#945,.T.);
#945=EDGE_LOOP('',(#4353));
#946=FACE_BOUND('',#947,.T.);
#947=EDGE_LOOP('',(#4354));
#948=FACE_BOUND('',#949,.T.);
#949=EDGE_LOOP('',(#4355));
#950=FACE_BOUND('',#951,.T.);
#951=EDGE_LOOP('',(#4356));
#952=FACE_BOUND('',#953,.T.);
#953=EDGE_LOOP('',(#4357));
#954=FACE_BOUND('',#955,.T.);
#955=EDGE_LOOP('',(#4358));
#956=FACE_BOUND('',#957,.T.);
#957=EDGE_LOOP('',(#4359));
#958=PLANE('',#959);
#959=AXIS2_PLACEMENT_3D('',#960,#961,#962);
#960=CARTESIAN_POINT('',(0.,0.,0.));
#961=DIRECTION('',(0.,0.,1.));
#962=DIRECTION('',(6.12323399573677E-17,-1.,0.));
#963=FACE_BOUND('',#964,.T.);
#964=EDGE_LOOP('',(#4360));
#965=FACE_BOUND('',#966,.T.);
#966=EDGE_LOOP('',(#4361));
#967=FACE_BOUND('',#968,.T.);
#968=EDGE_LOOP('',(#4362));
#969=FACE_BOUND('',#970,.T.);
#970=EDGE_LOOP('',(#4363));
#971=FACE_BOUND('',#972,.T.);
#972=EDGE_LOOP('',(#4364));
#973=FACE_BOUND('',#974,.T.);
#974=EDGE_LOOP('',(#4365));
#975=FACE_BOUND('',#976,.T.);
#976=EDGE_LOOP('',(#4366));
#977=FACE_BOUND('',#978,.T.);
#978=EDGE_LOOP('',(#4367));
#979=FACE_BOUND('',#980,.T.);
#980=EDGE_LOOP('',(#4368));
#981=FACE_BOUND('',#982,.T.);
#982=EDGE_LOOP('',(#4369));
#983=FACE_BOUND('',#984,.T.);
#984=EDGE_LOOP('',(#4370));
#985=FACE_BOUND('',#986,.T.);
#986=EDGE_LOOP('',(#4371));
#987=FACE_BOUND('',#988,.T.);
#988=EDGE_LOOP('',(#4372));
#989=FACE_BOUND('',#990,.T.);
#990=EDGE_LOOP('',(#4373));
#991=FACE_BOUND('',#992,.T.);
#992=EDGE_LOOP('',(#4374));
#993=FACE_BOUND('',#994,.T.);
#994=EDGE_LOOP('',(#4375));
#995=FACE_BOUND('',#996,.T.);
#996=EDGE_LOOP('',(#4376));
#997=FACE_BOUND('',#998,.T.);
#998=EDGE_LOOP('',(#4377));
#999=FACE_BOUND('',#1000,.T.);
#1000=EDGE_LOOP('',(#4378));
#1001=FACE_BOUND('',#1002,.T.);
#1002=EDGE_LOOP('',(#4379));
#1003=FACE_BOUND('',#1004,.T.);
#1004=EDGE_LOOP('',(#4380));
#1005=FACE_BOUND('',#1006,.T.);
#1006=EDGE_LOOP('',(#4381));
#1007=FACE_BOUND('',#1008,.T.);
#1008=EDGE_LOOP('',(#4382));
#1009=FACE_BOUND('',#1010,.T.);
#1010=EDGE_LOOP('',(#4383));
#1011=FACE_BOUND('',#1012,.T.);
#1012=EDGE_LOOP('',(#4384));
#1013=FACE_BOUND('',#1014,.T.);
#1014=EDGE_LOOP('',(#4385));
#1015=FACE_BOUND('',#1016,.T.);
#1016=EDGE_LOOP('',(#4386));
#1017=FACE_BOUND('',#1018,.T.);
#1018=EDGE_LOOP('',(#4387));
#1019=FACE_BOUND('',#1020,.T.);
#1020=EDGE_LOOP('',(#4388));
#1021=FACE_BOUND('',#1022,.T.);
#1022=EDGE_LOOP('',(#4389));
#1023=FACE_BOUND('',#1024,.T.);
#1024=EDGE_LOOP('',(#4390));
#1025=FACE_BOUND('',#1026,.T.);
#1026=EDGE_LOOP('',(#4391));
#1027=FACE_BOUND('',#1028,.T.);
#1028=EDGE_LOOP('',(#4392));
#1029=FACE_BOUND('',#1030,.T.);
#1030=EDGE_LOOP('',(#4393));
#1031=FACE_BOUND('',#1032,.T.);
#1032=EDGE_LOOP('',(#4394));
#1033=FACE_BOUND('',#1034,.T.);
#1034=EDGE_LOOP('',(#4395));
#1035=FACE_BOUND('',#1036,.T.);
#1036=EDGE_LOOP('',(#4396));
#1037=FACE_BOUND('',#1038,.T.);
#1038=EDGE_LOOP('',(#4397));
#1039=FACE_BOUND('',#1040,.T.);
#1040=EDGE_LOOP('',(#4398));
#1041=FACE_BOUND('',#1042,.T.);
#1042=EDGE_LOOP('',(#4399));
#1043=FACE_BOUND('',#1044,.T.);
#1044=EDGE_LOOP('',(#4400));
#1045=FACE_BOUND('',#1046,.T.);
#1046=EDGE_LOOP('',(#4401));
#1047=FACE_BOUND('',#1048,.T.);
#1048=EDGE_LOOP('',(#4402));
#1049=FACE_BOUND('',#1050,.T.);
#1050=EDGE_LOOP('',(#4403));
#1051=FACE_BOUND('',#1052,.T.);
#1052=EDGE_LOOP('',(#4404));
#1053=FACE_BOUND('',#1054,.T.);
#1054=EDGE_LOOP('',(#4405));
#1055=FACE_BOUND('',#1056,.T.);
#1056=EDGE_LOOP('',(#4406));
#1057=FACE_BOUND('',#1058,.T.);
#1058=EDGE_LOOP('',(#4407));
#1059=FACE_BOUND('',#1060,.T.);
#1060=EDGE_LOOP('',(#4408));
#1061=FACE_BOUND('',#1062,.T.);
#1062=EDGE_LOOP('',(#4409));
#1063=FACE_BOUND('',#1064,.T.);
#1064=EDGE_LOOP('',(#4410));
#1065=FACE_BOUND('',#1066,.T.);
#1066=EDGE_LOOP('',(#4411));
#1067=FACE_BOUND('',#1068,.T.);
#1068=EDGE_LOOP('',(#4412));
#1069=FACE_BOUND('',#1070,.T.);
#1070=EDGE_LOOP('',(#4413));
#1071=FACE_BOUND('',#1072,.T.);
#1072=EDGE_LOOP('',(#4414));
#1073=FACE_BOUND('',#1074,.T.);
#1074=EDGE_LOOP('',(#4415));
#1075=FACE_BOUND('',#1076,.T.);
#1076=EDGE_LOOP('',(#4416));
#1077=FACE_BOUND('',#1078,.T.);
#1078=EDGE_LOOP('',(#4417));
#1079=FACE_BOUND('',#1080,.T.);
#1080=EDGE_LOOP('',(#4418));
#1081=FACE_BOUND('',#1082,.T.);
#1082=EDGE_LOOP('',(#4419));
#1083=FACE_BOUND('',#1084,.T.);
#1084=EDGE_LOOP('',(#4420));
#1085=FACE_BOUND('',#1086,.T.);
#1086=EDGE_LOOP('',(#4421));
#1087=FACE_BOUND('',#1088,.T.);
#1088=EDGE_LOOP('',(#4422));
#1089=FACE_BOUND('',#1090,.T.);
#1090=EDGE_LOOP('',(#4423));
#1091=FACE_BOUND('',#1092,.T.);
#1092=EDGE_LOOP('',(#4424));
#1093=FACE_BOUND('',#1094,.T.);
#1094=EDGE_LOOP('',(#4425));
#1095=FACE_BOUND('',#1096,.T.);
#1096=EDGE_LOOP('',(#4426));
#1097=FACE_BOUND('',#1098,.T.);
#1098=EDGE_LOOP('',(#4427));
#1099=FACE_BOUND('',#1100,.T.);
#1100=EDGE_LOOP('',(#4428));
#1101=FACE_BOUND('',#1102,.T.);
#1102=EDGE_LOOP('',(#4429));
#1103=FACE_BOUND('',#1104,.T.);
#1104=EDGE_LOOP('',(#4430));
#1105=FACE_BOUND('',#1106,.T.);
#1106=EDGE_LOOP('',(#4431));
#1107=FACE_BOUND('',#1108,.T.);
#1108=EDGE_LOOP('',(#4432));
#1109=FACE_BOUND('',#1110,.T.);
#1110=EDGE_LOOP('',(#4433));
#1111=FACE_BOUND('',#1112,.T.);
#1112=EDGE_LOOP('',(#4434));
#1113=FACE_BOUND('',#1114,.T.);
#1114=EDGE_LOOP('',(#4435));
#1115=FACE_BOUND('',#1116,.T.);
#1116=EDGE_LOOP('',(#4436));
#1117=FACE_BOUND('',#1118,.T.);
#1118=EDGE_LOOP('',(#4437));
#1119=FACE_BOUND('',#1120,.T.);
#1120=EDGE_LOOP('',(#4438));
#1121=FACE_BOUND('',#1122,.T.);
#1122=EDGE_LOOP('',(#4439));
#1123=FACE_BOUND('',#1124,.T.);
#1124=EDGE_LOOP('',(#4440));
#1125=FACE_BOUND('',#1126,.T.);
#1126=EDGE_LOOP('',(#4441));
#1127=FACE_BOUND('',#1128,.T.);
#1128=EDGE_LOOP('',(#4442));
#1129=FACE_BOUND('',#1130,.T.);
#1130=EDGE_LOOP('',(#4443));
#1131=FACE_BOUND('',#1132,.T.);
#1132=EDGE_LOOP('',(#4444));
#1133=FACE_BOUND('',#1134,.T.);
#1134=EDGE_LOOP('',(#4445));
#1135=FACE_BOUND('',#1136,.T.);
#1136=EDGE_LOOP('',(#4446));
#1137=FACE_BOUND('',#1138,.T.);
#1138=EDGE_LOOP('',(#4447));
#1139=FACE_BOUND('',#1140,.T.);
#1140=EDGE_LOOP('',(#4448));
#1141=FACE_BOUND('',#1142,.T.);
#1142=EDGE_LOOP('',(#4449));
#1143=FACE_BOUND('',#1144,.T.);
#1144=EDGE_LOOP('',(#4450));
#1145=FACE_BOUND('',#1146,.T.);
#1146=EDGE_LOOP('',(#4451));
#1147=FACE_BOUND('',#1148,.T.);
#1148=EDGE_LOOP('',(#4452));
#1149=FACE_BOUND('',#1150,.T.);
#1150=EDGE_LOOP('',(#4453));
#1151=FACE_BOUND('',#1152,.T.);
#1152=EDGE_LOOP('',(#4454));
#1153=FACE_BOUND('',#1154,.T.);
#1154=EDGE_LOOP('',(#4455));
#1155=FACE_BOUND('',#1156,.T.);
#1156=EDGE_LOOP('',(#4456));
#1157=FACE_BOUND('',#1158,.T.);
#1158=EDGE_LOOP('',(#4457));
#1159=FACE_BOUND('',#1160,.T.);
#1160=EDGE_LOOP('',(#4458));
#1161=FACE_BOUND('',#1162,.T.);
#1162=EDGE_LOOP('',(#4459));
#1163=FACE_BOUND('',#1164,.T.);
#1164=EDGE_LOOP('',(#4460));
#1165=FACE_BOUND('',#1166,.T.);
#1166=EDGE_LOOP('',(#4461));
#1167=FACE_BOUND('',#1168,.T.);
#1168=EDGE_LOOP('',(#4462));
#1169=FACE_BOUND('',#1170,.T.);
#1170=EDGE_LOOP('',(#4463));
#1171=FACE_BOUND('',#1172,.T.);
#1172=EDGE_LOOP('',(#4464));
#1173=FACE_BOUND('',#1174,.T.);
#1174=EDGE_LOOP('',(#4465));
#1175=FACE_BOUND('',#1176,.T.);
#1176=EDGE_LOOP('',(#4466));
#1177=FACE_BOUND('',#1178,.T.);
#1178=EDGE_LOOP('',(#4467));
#1179=FACE_BOUND('',#1180,.T.);
#1180=EDGE_LOOP('',(#4468));
#1181=FACE_BOUND('',#1182,.T.);
#1182=EDGE_LOOP('',(#4469));
#1183=FACE_BOUND('',#1184,.T.);
#1184=EDGE_LOOP('',(#4470));
#1185=FACE_BOUND('',#1186,.T.);
#1186=EDGE_LOOP('',(#4471));
#1187=FACE_BOUND('',#1188,.T.);
#1188=EDGE_LOOP('',(#4472));
#1189=FACE_BOUND('',#1190,.T.);
#1190=EDGE_LOOP('',(#4473));
#1191=FACE_BOUND('',#1192,.T.);
#1192=EDGE_LOOP('',(#4474));
#1193=FACE_BOUND('',#1194,.T.);
#1194=EDGE_LOOP('',(#4475));
#1195=FACE_BOUND('',#1196,.T.);
#1196=EDGE_LOOP('',(#4476));
#1197=FACE_BOUND('',#1198,.T.);
#1198=EDGE_LOOP('',(#4477));
#1199=FACE_BOUND('',#1200,.T.);
#1200=EDGE_LOOP('',(#4478));
#1201=FACE_BOUND('',#1202,.T.);
#1202=EDGE_LOOP('',(#4479));
#1203=FACE_BOUND('',#1204,.T.);
#1204=EDGE_LOOP('',(#4480));
#1205=FACE_BOUND('',#1206,.T.);
#1206=EDGE_LOOP('',(#4481));
#1207=FACE_BOUND('',#1208,.T.);
#1208=EDGE_LOOP('',(#4482));
#1209=FACE_BOUND('',#1210,.T.);
#1210=EDGE_LOOP('',(#4483));
#1211=FACE_BOUND('',#1212,.T.);
#1212=EDGE_LOOP('',(#4484));
#1213=FACE_BOUND('',#1214,.T.);
#1214=EDGE_LOOP('',(#4485));
#1215=FACE_BOUND('',#1216,.T.);
#1216=EDGE_LOOP('',(#4486));
#1217=FACE_BOUND('',#1218,.T.);
#1218=EDGE_LOOP('',(#4487));
#1219=FACE_BOUND('',#1220,.T.);
#1220=EDGE_LOOP('',(#4488));
#1221=FACE_BOUND('',#1222,.T.);
#1222=EDGE_LOOP('',(#4489));
#1223=FACE_BOUND('',#1224,.T.);
#1224=EDGE_LOOP('',(#4490));
#1225=FACE_BOUND('',#1226,.T.);
#1226=EDGE_LOOP('',(#4491));
#1227=FACE_BOUND('',#1228,.T.);
#1228=EDGE_LOOP('',(#4492));
#1229=FACE_BOUND('',#1230,.T.);
#1230=EDGE_LOOP('',(#4493));
#1231=FACE_BOUND('',#1232,.T.);
#1232=EDGE_LOOP('',(#4494));
#1233=FACE_BOUND('',#1234,.T.);
#1234=EDGE_LOOP('',(#4495));
#1235=FACE_BOUND('',#1236,.T.);
#1236=EDGE_LOOP('',(#4496));
#1237=FACE_BOUND('',#1238,.T.);
#1238=EDGE_LOOP('',(#4497));
#1239=FACE_BOUND('',#1240,.T.);
#1240=EDGE_LOOP('',(#4498));
#1241=FACE_BOUND('',#1242,.T.);
#1242=EDGE_LOOP('',(#4499));
#1243=FACE_BOUND('',#1244,.T.);
#1244=EDGE_LOOP('',(#4500));
#1245=FACE_BOUND('',#1246,.T.);
#1246=EDGE_LOOP('',(#4501));
#1247=FACE_BOUND('',#1248,.T.);
#1248=EDGE_LOOP('',(#4502));
#1249=FACE_BOUND('',#1250,.T.);
#1250=EDGE_LOOP('',(#4503));
#1251=FACE_BOUND('',#1252,.T.);
#1252=EDGE_LOOP('',(#4504));
#1253=FACE_BOUND('',#1254,.T.);
#1254=EDGE_LOOP('',(#4505));
#1255=FACE_BOUND('',#1256,.T.);
#1256=EDGE_LOOP('',(#4506));
#1257=FACE_BOUND('',#1258,.T.);
#1258=EDGE_LOOP('',(#4507));
#1259=FACE_BOUND('',#1260,.T.);
#1260=EDGE_LOOP('',(#4508));
#1261=FACE_BOUND('',#1262,.T.);
#1262=EDGE_LOOP('',(#4509));
#1263=FACE_BOUND('',#1264,.T.);
#1264=EDGE_LOOP('',(#4510));
#1265=FACE_BOUND('',#1266,.T.);
#1266=EDGE_LOOP('',(#4511));
#1267=FACE_BOUND('',#1268,.T.);
#1268=EDGE_LOOP('',(#4512));
#1269=FACE_BOUND('',#1270,.T.);
#1270=EDGE_LOOP('',(#4513));
#1271=FACE_BOUND('',#1272,.T.);
#1272=EDGE_LOOP('',(#4514));
#1273=FACE_BOUND('',#1274,.T.);
#1274=EDGE_LOOP('',(#4515));
#1275=FACE_BOUND('',#1276,.T.);
#1276=EDGE_LOOP('',(#4516));
#1277=FACE_BOUND('',#1278,.T.);
#1278=EDGE_LOOP('',(#4517));
#1279=FACE_BOUND('',#1280,.T.);
#1280=EDGE_LOOP('',(#4518));
#1281=FACE_BOUND('',#1282,.T.);
#1282=EDGE_LOOP('',(#4519));
#1283=FACE_BOUND('',#1284,.T.);
#1284=EDGE_LOOP('',(#4520));
#1285=FACE_BOUND('',#1286,.T.);
#1286=EDGE_LOOP('',(#4521));
#1287=FACE_BOUND('',#1288,.T.);
#1288=EDGE_LOOP('',(#4522));
#1289=FACE_BOUND('',#1290,.T.);
#1290=EDGE_LOOP('',(#4523));
#1291=FACE_BOUND('',#1292,.T.);
#1292=EDGE_LOOP('',(#4524));
#1293=FACE_BOUND('',#1294,.T.);
#1294=EDGE_LOOP('',(#4525));
#1295=FACE_BOUND('',#1296,.T.);
#1296=EDGE_LOOP('',(#4526));
#1297=FACE_BOUND('',#1298,.T.);
#1298=EDGE_LOOP('',(#4527));
#1299=FACE_BOUND('',#1300,.T.);
#1300=EDGE_LOOP('',(#4528));
#1301=FACE_BOUND('',#1302,.T.);
#1302=EDGE_LOOP('',(#4529));
#1303=FACE_BOUND('',#1304,.T.);
#1304=EDGE_LOOP('',(#4530));
#1305=FACE_BOUND('',#1306,.T.);
#1306=EDGE_LOOP('',(#4531));
#1307=FACE_BOUND('',#1308,.T.);
#1308=EDGE_LOOP('',(#4532));
#1309=FACE_BOUND('',#1310,.T.);
#1310=EDGE_LOOP('',(#4533));
#1311=FACE_BOUND('',#1312,.T.);
#1312=EDGE_LOOP('',(#4534));
#1313=FACE_BOUND('',#1314,.T.);
#1314=EDGE_LOOP('',(#4535));
#1315=FACE_BOUND('',#1316,.T.);
#1316=EDGE_LOOP('',(#4536));
#1317=FACE_BOUND('',#1318,.T.);
#1318=EDGE_LOOP('',(#4537));
#1319=FACE_BOUND('',#1320,.T.);
#1320=EDGE_LOOP('',(#4538));
#1321=FACE_BOUND('',#1322,.T.);
#1322=EDGE_LOOP('',(#4539));
#1323=FACE_BOUND('',#1324,.T.);
#1324=EDGE_LOOP('',(#4540));
#1325=FACE_BOUND('',#1326,.T.);
#1326=EDGE_LOOP('',(#4541));
#1327=FACE_BOUND('',#1328,.T.);
#1328=EDGE_LOOP('',(#4542));
#1329=FACE_BOUND('',#1330,.T.);
#1330=EDGE_LOOP('',(#4543));
#1331=FACE_BOUND('',#1332,.T.);
#1332=EDGE_LOOP('',(#4544));
#1333=FACE_BOUND('',#1334,.T.);
#1334=EDGE_LOOP('',(#4545));
#1335=FACE_BOUND('',#1336,.T.);
#1336=EDGE_LOOP('',(#4546));
#1337=FACE_BOUND('',#1338,.T.);
#1338=EDGE_LOOP('',(#4547));
#1339=FACE_BOUND('',#1340,.T.);
#1340=EDGE_LOOP('',(#4548));
#1341=FACE_BOUND('',#1342,.T.);
#1342=EDGE_LOOP('',(#4549));
#1343=FACE_BOUND('',#1344,.T.);
#1344=EDGE_LOOP('',(#4550));
#1345=FACE_BOUND('',#1346,.T.);
#1346=EDGE_LOOP('',(#4551));
#1347=FACE_BOUND('',#1348,.T.);
#1348=EDGE_LOOP('',(#4552));
#1349=FACE_BOUND('',#1350,.T.);
#1350=EDGE_LOOP('',(#4553));
#1351=FACE_BOUND('',#1352,.T.);
#1352=EDGE_LOOP('',(#4554));
#1353=FACE_BOUND('',#1354,.T.);
#1354=EDGE_LOOP('',(#4555));
#1355=FACE_BOUND('',#1356,.T.);
#1356=EDGE_LOOP('',(#4556));
#1357=FACE_BOUND('',#1358,.T.);
#1358=EDGE_LOOP('',(#4557));
#1359=FACE_BOUND('',#1360,.T.);
#1360=EDGE_LOOP('',(#4558));
#1361=FACE_BOUND('',#1362,.T.);
#1362=EDGE_LOOP('',(#4559));
#1363=FACE_BOUND('',#1364,.T.);
#1364=EDGE_LOOP('',(#4560));
#1365=FACE_BOUND('',#1366,.T.);
#1366=EDGE_LOOP('',(#4561));
#1367=FACE_BOUND('',#1368,.T.);
#1368=EDGE_LOOP('',(#4562));
#1369=FACE_BOUND('',#1370,.T.);
#1370=EDGE_LOOP('',(#4563));
#1371=FACE_BOUND('',#1372,.T.);
#1372=EDGE_LOOP('',(#4564));
#1373=FACE_BOUND('',#1374,.T.);
#1374=EDGE_LOOP('',(#4565));
#1375=FACE_BOUND('',#1376,.T.);
#1376=EDGE_LOOP('',(#4566));
#1377=FACE_BOUND('',#1378,.T.);
#1378=EDGE_LOOP('',(#4567));
#1379=FACE_BOUND('',#1380,.T.);
#1380=EDGE_LOOP('',(#4568));
#1381=FACE_BOUND('',#1382,.T.);
#1382=EDGE_LOOP('',(#4569));
#1383=FACE_BOUND('',#1384,.T.);
#1384=EDGE_LOOP('',(#4570));
#1385=FACE_BOUND('',#1386,.T.);
#1386=EDGE_LOOP('',(#4571));
#1387=FACE_BOUND('',#1388,.T.);
#1388=EDGE_LOOP('',(#4572));
#1389=FACE_BOUND('',#1390,.T.);
#1390=EDGE_LOOP('',(#4573));
#1391=FACE_BOUND('',#1392,.T.);
#1392=EDGE_LOOP('',(#4574));
#1393=FACE_BOUND('',#1394,.T.);
#1394=EDGE_LOOP('',(#4575));
#1395=FACE_BOUND('',#1396,.T.);
#1396=EDGE_LOOP('',(#4576));
#1397=FACE_BOUND('',#1398,.T.);
#1398=EDGE_LOOP('',(#4577));
#1399=FACE_BOUND('',#1400,.T.);
#1400=EDGE_LOOP('',(#4578));
#1401=FACE_BOUND('',#1402,.T.);
#1402=EDGE_LOOP('',(#4579));
#1403=FACE_BOUND('',#1404,.T.);
#1404=EDGE_LOOP('',(#4580));
#1405=FACE_BOUND('',#1406,.T.);
#1406=EDGE_LOOP('',(#4581));
#1407=FACE_BOUND('',#1408,.T.);
#1408=EDGE_LOOP('',(#4582));
#1409=FACE_BOUND('',#1410,.T.);
#1410=EDGE_LOOP('',(#4583));
#1411=FACE_BOUND('',#1412,.T.);
#1412=EDGE_LOOP('',(#4584));
#1413=FACE_BOUND('',#1414,.T.);
#1414=EDGE_LOOP('',(#4585));
#1415=FACE_BOUND('',#1416,.T.);
#1416=EDGE_LOOP('',(#4586));
#1417=FACE_BOUND('',#1418,.T.);
#1418=EDGE_LOOP('',(#4587));
#1419=FACE_BOUND('',#1420,.T.);
#1420=EDGE_LOOP('',(#4588));
#1421=FACE_BOUND('',#1422,.T.);
#1422=EDGE_LOOP('',(#4589));
#1423=FACE_BOUND('',#1424,.T.);
#1424=EDGE_LOOP('',(#4590));
#1425=FACE_BOUND('',#1426,.T.);
#1426=EDGE_LOOP('',(#4591));
#1427=FACE_BOUND('',#1428,.T.);
#1428=EDGE_LOOP('',(#4592));
#1429=FACE_BOUND('',#1430,.T.);
#1430=EDGE_LOOP('',(#4593));
#1431=FACE_BOUND('',#1432,.T.);
#1432=EDGE_LOOP('',(#4594));
#1433=FACE_BOUND('',#1434,.T.);
#1434=EDGE_LOOP('',(#4595));
#1435=FACE_BOUND('',#1436,.T.);
#1436=EDGE_LOOP('',(#4596));
#1437=FACE_BOUND('',#1438,.T.);
#1438=EDGE_LOOP('',(#4597));
#1439=FACE_BOUND('',#1440,.T.);
#1440=EDGE_LOOP('',(#4598));
#1441=FACE_BOUND('',#1442,.T.);
#1442=EDGE_LOOP('',(#4599));
#1443=FACE_BOUND('',#1444,.T.);
#1444=EDGE_LOOP('',(#4600));
#1445=FACE_BOUND('',#1446,.T.);
#1446=EDGE_LOOP('',(#4601));
#1447=FACE_BOUND('',#1448,.T.);
#1448=EDGE_LOOP('',(#4602));
#1449=FACE_BOUND('',#1450,.T.);
#1450=EDGE_LOOP('',(#4603));
#1451=FACE_BOUND('',#1452,.T.);
#1452=EDGE_LOOP('',(#4604));
#1453=FACE_BOUND('',#1454,.T.);
#1454=EDGE_LOOP('',(#4605));
#1455=FACE_BOUND('',#1456,.T.);
#1456=EDGE_LOOP('',(#4606));
#1457=FACE_BOUND('',#1458,.T.);
#1458=EDGE_LOOP('',(#4607));
#1459=FACE_BOUND('',#1460,.T.);
#1460=EDGE_LOOP('',(#4608));
#1461=FACE_BOUND('',#1462,.T.);
#1462=EDGE_LOOP('',(#4609));
#1463=FACE_BOUND('',#1464,.T.);
#1464=EDGE_LOOP('',(#4610));
#1465=FACE_BOUND('',#1466,.T.);
#1466=EDGE_LOOP('',(#4611));
#1467=FACE_BOUND('',#1468,.T.);
#1468=EDGE_LOOP('',(#4612));
#1469=FACE_BOUND('',#1470,.T.);
#1470=EDGE_LOOP('',(#4613));
#1471=FACE_BOUND('',#1472,.T.);
#1472=EDGE_LOOP('',(#4614));
#1473=FACE_BOUND('',#1474,.T.);
#1474=EDGE_LOOP('',(#4615));
#1475=FACE_BOUND('',#1476,.T.);
#1476=EDGE_LOOP('',(#4616));
#1477=FACE_BOUND('',#1478,.T.);
#1478=EDGE_LOOP('',(#4617,#4618));
#1479=FACE_BOUND('',#1480,.T.);
#1480=EDGE_LOOP('',(#4619,#4620));
#1481=FACE_BOUND('',#1482,.T.);
#1482=EDGE_LOOP('',(#4621));
#1483=FACE_BOUND('',#1484,.T.);
#1484=EDGE_LOOP('',(#4622));
#1485=FACE_BOUND('',#1486,.T.);
#1486=EDGE_LOOP('',(#4623));
#1487=FACE_BOUND('',#1488,.T.);
#1488=EDGE_LOOP('',(#4624));
#1489=FACE_BOUND('',#1490,.T.);
#1490=EDGE_LOOP('',(#4625));
#1491=FACE_BOUND('',#1492,.T.);
#1492=EDGE_LOOP('',(#4626));
#1493=FACE_BOUND('',#1494,.T.);
#1494=EDGE_LOOP('',(#4627));
#1495=FACE_BOUND('',#1496,.T.);
#1496=EDGE_LOOP('',(#4628));
#1497=FACE_BOUND('',#1498,.T.);
#1498=EDGE_LOOP('',(#4629));
#1499=FACE_BOUND('',#1500,.T.);
#1500=EDGE_LOOP('',(#4630));
#1501=FACE_BOUND('',#1502,.T.);
#1502=EDGE_LOOP('',(#4631));
#1503=FACE_BOUND('',#1504,.T.);
#1504=EDGE_LOOP('',(#4632));
#1505=FACE_BOUND('',#1506,.T.);
#1506=EDGE_LOOP('',(#4633));
#1507=FACE_BOUND('',#1508,.T.);
#1508=EDGE_LOOP('',(#4634));
#1509=FACE_BOUND('',#1510,.T.);
#1510=EDGE_LOOP('',(#4635));
#1511=FACE_BOUND('',#1512,.T.);
#1512=EDGE_LOOP('',(#4636));
#1513=FACE_BOUND('',#1514,.T.);
#1514=EDGE_LOOP('',(#4637));
#1515=FACE_BOUND('',#1516,.T.);
#1516=EDGE_LOOP('',(#4638));
#1517=FACE_BOUND('',#1518,.T.);
#1518=EDGE_LOOP('',(#4639));
#1519=FACE_BOUND('',#1520,.T.);
#1520=EDGE_LOOP('',(#4640));
#1521=FACE_BOUND('',#1522,.T.);
#1522=EDGE_LOOP('',(#4641));
#1523=FACE_BOUND('',#1524,.T.);
#1524=EDGE_LOOP('',(#4642));
#1525=PLANE('',#1526);
#1526=AXIS2_PLACEMENT_3D('',#1527,#1528,#1529);
#1527=CARTESIAN_POINT('',(0.,0.,4.));
#1528=DIRECTION('',(0.,0.,1.));
#1529=DIRECTION('',(6.12323399573677E-17,-1.,0.));
#1530=FACE_OUTER_BOUND('',#1531,.T.);
#1531=EDGE_LOOP('',(#4643));
#1532=FACE_OUTER_BOUND('',#1533,.T.);
#1533=EDGE_LOOP('',(#4644));
#1534=CYLINDRICAL_SURFACE('',#1535,260.);
#1535=AXIS2_PLACEMENT_3D('',#1536,#1537,#1538);
#1536=CARTESIAN_POINT('',(0.,0.,0.));
#1537=DIRECTION('',(0.,0.,-1.));
#1538=DIRECTION('',(1.,0.,0.));
#1539=FACE_OUTER_BOUND('',#1540,.T.);
#1540=EDGE_LOOP('',(#4645));
#1541=FACE_OUTER_BOUND('',#1542,.T.);
#1542=EDGE_LOOP('',(#4646));
#1543=CYLINDRICAL_SURFACE('',#1544,45.);
#1544=AXIS2_PLACEMENT_3D('',#1545,#1546,#1547);
#1545=CARTESIAN_POINT('',(0.,0.,0.));
#1546=DIRECTION('',(0.,0.,1.));
#1547=DIRECTION('',(6.12323399573677E-17,-1.,0.));
#1548=FACE_OUTER_BOUND('',#1549,.T.);
#1549=EDGE_LOOP('',(#4647));
#1550=FACE_OUTER_BOUND('',#1551,.T.);
#1551=EDGE_LOOP('',(#4648));
#1552=CYLINDRICAL_SURFACE('',#1553,4.);
#1553=AXIS2_PLACEMENT_3D('',#1554,#1555,#1556);
#1554=CARTESIAN_POINT('',(-158.391908,-158.39193,0.));
#1555=DIRECTION('',(0.,0.,-1.));
#1556=DIRECTION('',(1.,0.,0.));
#1557=FACE_OUTER_BOUND('',#1558,.T.);
#1558=EDGE_LOOP('',(#4649));
#1559=FACE_OUTER_BOUND('',#1560,.T.);
#1560=EDGE_LOOP('',(#4650));
#1561=CYLINDRICAL_SURFACE('',#1562,4.);
#1562=AXIS2_PLACEMENT_3D('',#1563,#1564,#1565);
#1563=CARTESIAN_POINT('',(-135.764491,-135.764513,0.));
#1564=DIRECTION('',(0.,0.,-1.));
#1565=DIRECTION('',(1.,0.,0.));
#1566=FACE_OUTER_BOUND('',#1567,.T.);
#1567=EDGE_LOOP('',(#4651));
#1568=FACE_OUTER_BOUND('',#1569,.T.);
#1569=EDGE_LOOP('',(#4652));
#1570=CYLINDRICAL_SURFACE('',#1571,4.);
#1571=AXIS2_PLACEMENT_3D('',#1572,#1573,#1574);
#1572=CARTESIAN_POINT('',(-113.137074,-113.137096,0.));
#1573=DIRECTION('',(0.,0.,-1.));
#1574=DIRECTION('',(1.,0.,0.));
#1575=FACE_OUTER_BOUND('',#1576,.T.);
#1576=EDGE_LOOP('',(#4653));
#1577=FACE_OUTER_BOUND('',#1578,.T.);
#1578=EDGE_LOOP('',(#4654));
#1579=CYLINDRICAL_SURFACE('',#1580,4.);
#1580=AXIS2_PLACEMENT_3D('',#1581,#1582,#1583);
#1581=CARTESIAN_POINT('',(-90.509657,-90.509679,0.));
#1582=DIRECTION('',(0.,0.,-1.));
#1583=DIRECTION('',(1.,0.,0.));
#1584=FACE_OUTER_BOUND('',#1585,.T.);
#1585=EDGE_LOOP('',(#4655));
#1586=FACE_OUTER_BOUND('',#1587,.T.);
#1587=EDGE_LOOP('',(#4656));
#1588=CYLINDRICAL_SURFACE('',#1589,4.);
#1589=AXIS2_PLACEMENT_3D('',#1590,#1591,#1592);
#1590=CARTESIAN_POINT('',(-158.39193,158.391908,0.));
#1591=DIRECTION('',(0.,0.,-1.));
#1592=DIRECTION('',(1.,0.,0.));
#1593=FACE_OUTER_BOUND('',#1594,.T.);
#1594=EDGE_LOOP('',(#4657));
#1595=FACE_OUTER_BOUND('',#1596,.T.);
#1596=EDGE_LOOP('',(#4658));
#1597=CYLINDRICAL_SURFACE('',#1598,4.);
#1598=AXIS2_PLACEMENT_3D('',#1599,#1600,#1601);
#1599=CARTESIAN_POINT('',(-135.764513,135.764491,0.));
#1600=DIRECTION('',(0.,0.,-1.));
#1601=DIRECTION('',(1.,0.,0.));
#1602=FACE_OUTER_BOUND('',#1603,.T.);
#1603=EDGE_LOOP('',(#4659));
#1604=FACE_OUTER_BOUND('',#1605,.T.);
#1605=EDGE_LOOP('',(#4660));
#1606=CYLINDRICAL_SURFACE('',#1607,4.);
#1607=AXIS2_PLACEMENT_3D('',#1608,#1609,#1610);
#1608=CARTESIAN_POINT('',(-113.137096,113.137074,0.));
#1609=DIRECTION('',(0.,0.,-1.));
#1610=DIRECTION('',(1.,0.,0.));
#1611=FACE_OUTER_BOUND('',#1612,.T.);
#1612=EDGE_LOOP('',(#4661));
#1613=FACE_OUTER_BOUND('',#1614,.T.);
#1614=EDGE_LOOP('',(#4662));
#1615=CYLINDRICAL_SURFACE('',#1616,4.);
#1616=AXIS2_PLACEMENT_3D('',#1617,#1618,#1619);
#1617=CARTESIAN_POINT('',(-90.509679,90.509657,0.));
#1618=DIRECTION('',(0.,0.,-1.));
#1619=DIRECTION('',(1.,0.,0.));
#1620=FACE_OUTER_BOUND('',#1621,.T.);
#1621=EDGE_LOOP('',(#4663));
#1622=FACE_OUTER_BOUND('',#1623,.T.);
#1623=EDGE_LOOP('',(#4664));
#1624=CYLINDRICAL_SURFACE('',#1625,4.);
#1625=AXIS2_PLACEMENT_3D('',#1626,#1627,#1628);
#1626=CARTESIAN_POINT('',(-67.882262,67.88224,0.));
#1627=DIRECTION('',(0.,0.,-1.));
#1628=DIRECTION('',(1.,0.,0.));
#1629=FACE_OUTER_BOUND('',#1630,.T.);
#1630=EDGE_LOOP('',(#4665));
#1631=FACE_OUTER_BOUND('',#1632,.T.);
#1632=EDGE_LOOP('',(#4666));
#1633=CYLINDRICAL_SURFACE('',#1634,4.);
#1634=AXIS2_PLACEMENT_3D('',#1635,#1636,#1637);
#1635=CARTESIAN_POINT('',(-45.254841,45.254827,0.));
#1636=DIRECTION('',(0.,0.,-1.));
#1637=DIRECTION('',(1.,0.,0.));
#1638=FACE_OUTER_BOUND('',#1639,.T.);
#1639=EDGE_LOOP('',(#4667));
#1640=FACE_OUTER_BOUND('',#1641,.T.);
#1641=EDGE_LOOP('',(#4668));
#1642=CYLINDRICAL_SURFACE('',#1643,4.);
#1643=AXIS2_PLACEMENT_3D('',#1644,#1645,#1646);
#1644=CARTESIAN_POINT('',(158.391908,158.39193,0.));
#1645=DIRECTION('',(0.,0.,-1.));
#1646=DIRECTION('',(1.,0.,0.));
#1647=FACE_OUTER_BOUND('',#1648,.T.);
#1648=EDGE_LOOP('',(#4669));
#1649=FACE_OUTER_BOUND('',#1650,.T.);
#1650=EDGE_LOOP('',(#4670));
#1651=CYLINDRICAL_SURFACE('',#1652,4.);
#1652=AXIS2_PLACEMENT_3D('',#1653,#1654,#1655);
#1653=CARTESIAN_POINT('',(135.764491,135.764513,0.));
#1654=DIRECTION('',(0.,0.,-1.));
#1655=DIRECTION('',(1.,0.,0.));
#1656=FACE_OUTER_BOUND('',#1657,.T.);
#1657=EDGE_LOOP('',(#4671));
#1658=FACE_OUTER_BOUND('',#1659,.T.);
#1659=EDGE_LOOP('',(#4672));
#1660=CYLINDRICAL_SURFACE('',#1661,4.);
#1661=AXIS2_PLACEMENT_3D('',#1662,#1663,#1664);
#1662=CARTESIAN_POINT('',(113.137074,113.137096,0.));
#1663=DIRECTION('',(0.,0.,-1.));
#1664=DIRECTION('',(1.,0.,0.));
#1665=FACE_OUTER_BOUND('',#1666,.T.);
#1666=EDGE_LOOP('',(#4673));
#1667=FACE_OUTER_BOUND('',#1668,.T.);
#1668=EDGE_LOOP('',(#4674));
#1669=CYLINDRICAL_SURFACE('',#1670,4.);
#1670=AXIS2_PLACEMENT_3D('',#1671,#1672,#1673);
#1671=CARTESIAN_POINT('',(90.509657,90.509679,0.));
#1672=DIRECTION('',(0.,0.,-1.));
#1673=DIRECTION('',(1.,0.,0.));
#1674=FACE_OUTER_BOUND('',#1675,.T.);
#1675=EDGE_LOOP('',(#4675));
#1676=FACE_OUTER_BOUND('',#1677,.T.);
#1677=EDGE_LOOP('',(#4676));
#1678=CYLINDRICAL_SURFACE('',#1679,4.);
#1679=AXIS2_PLACEMENT_3D('',#1680,#1681,#1682);
#1680=CARTESIAN_POINT('',(45.254841390463,-45.25482660141,0.));
#1681=DIRECTION('',(0.,0.,-1.));
#1682=DIRECTION('',(1.,0.,0.));
#1683=FACE_OUTER_BOUND('',#1684,.T.);
#1684=EDGE_LOOP('',(#4677));
#1685=FACE_OUTER_BOUND('',#1686,.T.);
#1686=EDGE_LOOP('',(#4678));
#1687=CYLINDRICAL_SURFACE('',#1688,4.);
#1688=AXIS2_PLACEMENT_3D('',#1689,#1690,#1691);
#1689=CARTESIAN_POINT('',(67.882262085694,-67.88223990212,0.));
#1690=DIRECTION('',(0.,0.,-1.));
#1691=DIRECTION('',(1.,0.,0.));
#1692=FACE_OUTER_BOUND('',#1693,.T.);
#1693=EDGE_LOOP('',(#4679));
#1694=FACE_OUTER_BOUND('',#1695,.T.);
#1695=EDGE_LOOP('',(#4680));
#1696=CYLINDRICAL_SURFACE('',#1697,4.);
#1697=AXIS2_PLACEMENT_3D('',#1698,#1699,#1700);
#1698=CARTESIAN_POINT('',(90.509682780926,-90.50965320282,0.));
#1699=DIRECTION('',(0.,0.,-1.));
#1700=DIRECTION('',(1.,0.,0.));
#1701=FACE_OUTER_BOUND('',#1702,.T.);
#1702=EDGE_LOOP('',(#4681));
#1703=FACE_OUTER_BOUND('',#1704,.T.);
#1704=EDGE_LOOP('',(#4682));
#1705=CYLINDRICAL_SURFACE('',#1706,4.);
#1706=AXIS2_PLACEMENT_3D('',#1707,#1708,#1709);
#1707=CARTESIAN_POINT('',(113.13710347615,-113.1370665035,0.));
#1708=DIRECTION('',(0.,0.,-1.));
#1709=DIRECTION('',(1.,0.,0.));
#1710=FACE_OUTER_BOUND('',#1711,.T.);
#1711=EDGE_LOOP('',(#4683));
#1712=FACE_OUTER_BOUND('',#1713,.T.);
#1713=EDGE_LOOP('',(#4684));
#1714=CYLINDRICAL_SURFACE('',#1715,4.);
#1715=AXIS2_PLACEMENT_3D('',#1716,#1717,#1718);
#1716=CARTESIAN_POINT('',(135.76452417138,-135.7644798042,0.));
#1717=DIRECTION('',(0.,0.,-1.));
#1718=DIRECTION('',(1.,0.,0.));
#1719=FACE_OUTER_BOUND('',#1720,.T.);
#1720=EDGE_LOOP('',(#4685));
#1721=FACE_OUTER_BOUND('',#1722,.T.);
#1722=EDGE_LOOP('',(#4686));
#1723=CYLINDRICAL_SURFACE('',#1724,4.);
#1724=AXIS2_PLACEMENT_3D('',#1725,#1726,#1727);
#1725=CARTESIAN_POINT('',(158.39194486662,-158.3918931049,0.));
#1726=DIRECTION('',(0.,0.,-1.));
#1727=DIRECTION('',(1.,0.,0.));
#1728=FACE_OUTER_BOUND('',#1729,.T.);
#1729=EDGE_LOOP('',(#4687));
#1730=FACE_OUTER_BOUND('',#1731,.T.);
#1731=EDGE_LOOP('',(#4688));
#1732=CYLINDRICAL_SURFACE('',#1733,4.);
#1733=AXIS2_PLACEMENT_3D('',#1734,#1735,#1736);
#1734=CARTESIAN_POINT('',(0.,-197.,0.));
#1735=DIRECTION('',(0.,0.,-1.));
#1736=DIRECTION('',(1.,0.,0.));
#1737=FACE_OUTER_BOUND('',#1738,.T.);
#1738=EDGE_LOOP('',(#4689));
#1739=FACE_OUTER_BOUND('',#1740,.T.);
#1740=EDGE_LOOP('',(#4690));
#1741=CYLINDRICAL_SURFACE('',#1742,4.);
#1742=AXIS2_PLACEMENT_3D('',#1743,#1744,#1745);
#1743=CARTESIAN_POINT('',(-197.,0.,0.));
#1744=DIRECTION('',(0.,0.,-1.));
#1745=DIRECTION('',(1.,0.,0.));
#1746=FACE_OUTER_BOUND('',#1747,.T.);
#1747=EDGE_LOOP('',(#4691));
#1748=FACE_OUTER_BOUND('',#1749,.T.);
#1749=EDGE_LOOP('',(#4692));
#1750=CYLINDRICAL_SURFACE('',#1751,4.);
#1751=AXIS2_PLACEMENT_3D('',#1752,#1753,#1754);
#1752=CARTESIAN_POINT('',(0.,197.,0.));
#1753=DIRECTION('',(0.,0.,-1.));
#1754=DIRECTION('',(1.,0.,0.));
#1755=FACE_OUTER_BOUND('',#1756,.T.);
#1756=EDGE_LOOP('',(#4693));
#1757=FACE_OUTER_BOUND('',#1758,.T.);
#1758=EDGE_LOOP('',(#4694));
#1759=CYLINDRICAL_SURFACE('',#1760,4.);
#1760=AXIS2_PLACEMENT_3D('',#1761,#1762,#1763);
#1761=CARTESIAN_POINT('',(197.,0.,0.));
#1762=DIRECTION('',(0.,0.,-1.));
#1763=DIRECTION('',(1.,0.,0.));
#1764=FACE_OUTER_BOUND('',#1765,.T.);
#1765=EDGE_LOOP('',(#4695));
#1766=FACE_OUTER_BOUND('',#1767,.T.);
#1767=EDGE_LOOP('',(#4696));
#1768=CYLINDRICAL_SURFACE('',#1769,2.5);
#1769=AXIS2_PLACEMENT_3D('',#1770,#1771,#1772);
#1770=CARTESIAN_POINT('',(-93.33807578024,-29.698486,0.));
#1771=DIRECTION('',(0.,0.,-1.));
#1772=DIRECTION('',(1.,0.,0.));
#1773=FACE_OUTER_BOUND('',#1774,.T.);
#1774=EDGE_LOOP('',(#4697));
#1775=FACE_OUTER_BOUND('',#1776,.T.);
#1776=EDGE_LOOP('',(#4698));
#1777=CYLINDRICAL_SURFACE('',#1778,2.5);
#1778=AXIS2_PLACEMENT_3D('',#1779,#1780,#1781);
#1779=CARTESIAN_POINT('',(-10.686802,-244.766812,0.));
#1780=DIRECTION('',(0.,0.,-1.));
#1781=DIRECTION('',(1.,0.,0.));
#1782=FACE_OUTER_BOUND('',#1783,.T.);
#1783=EDGE_LOOP('',(#4699));
#1784=FACE_OUTER_BOUND('',#1785,.T.);
#1785=EDGE_LOOP('',(#4700));
#1786=CYLINDRICAL_SURFACE('',#1787,2.5);
#1787=AXIS2_PLACEMENT_3D('',#1788,#1789,#1790);
#1788=CARTESIAN_POINT('',(-31.978969,-242.903985,0.));
#1789=DIRECTION('',(0.,0.,-1.));
#1790=DIRECTION('',(1.,0.,0.));
#1791=FACE_OUTER_BOUND('',#1792,.T.);
#1792=EDGE_LOOP('',(#4701));
#1793=FACE_OUTER_BOUND('',#1794,.T.);
#1794=EDGE_LOOP('',(#4702));
#1795=CYLINDRICAL_SURFACE('',#1796,2.5);
#1796=AXIS2_PLACEMENT_3D('',#1797,#1798,#1799);
#1797=CARTESIAN_POINT('',(-53.027756,-239.192511,0.));
#1798=DIRECTION('',(0.,0.,-1.));
#1799=DIRECTION('',(1.,0.,0.));
#1800=FACE_OUTER_BOUND('',#1801,.T.);
#1801=EDGE_LOOP('',(#4703));
#1802=FACE_OUTER_BOUND('',#1803,.T.);
#1803=EDGE_LOOP('',(#4704));
#1804=CYLINDRICAL_SURFACE('',#1805,2.5);
#1805=AXIS2_PLACEMENT_3D('',#1806,#1807,#1808);
#1806=CARTESIAN_POINT('',(-73.672971,-233.660638,0.));
#1807=DIRECTION('',(0.,0.,-1.));
#1808=DIRECTION('',(1.,0.,0.));
#1809=FACE_OUTER_BOUND('',#1810,.T.);
#1810=EDGE_LOOP('',(#4705));
#1811=FACE_OUTER_BOUND('',#1812,.T.);
#1812=EDGE_LOOP('',(#4706));
#1813=CYLINDRICAL_SURFACE('',#1814,2.5);
#1814=AXIS2_PLACEMENT_3D('',#1815,#1816,#1817);
#1815=CARTESIAN_POINT('',(-93.757489,-226.350466,0.));
#1816=DIRECTION('',(0.,0.,-1.));
#1817=DIRECTION('',(1.,0.,0.));
#1818=FACE_OUTER_BOUND('',#1819,.T.);
#1819=EDGE_LOOP('',(#4707));
#1820=FACE_OUTER_BOUND('',#1821,.T.);
#1821=EDGE_LOOP('',(#4708));
#1822=CYLINDRICAL_SURFACE('',#1823,2.5);
#1823=AXIS2_PLACEMENT_3D('',#1824,#1825,#1826);
#1824=CARTESIAN_POINT('',(-113.128457,-217.317631,0.));
#1825=DIRECTION('',(0.,0.,-1.));
#1826=DIRECTION('',(1.,0.,0.));
#1827=FACE_OUTER_BOUND('',#1828,.T.);
#1828=EDGE_LOOP('',(#4709));
#1829=FACE_OUTER_BOUND('',#1830,.T.);
#1830=EDGE_LOOP('',(#4710));
#1831=CYLINDRICAL_SURFACE('',#1832,2.5);
#1832=AXIS2_PLACEMENT_3D('',#1833,#1834,#1835);
#1833=CARTESIAN_POINT('',(-131.638448,-206.630877,0.));
#1834=DIRECTION('',(0.,0.,-1.));
#1835=DIRECTION('',(1.,0.,0.));
#1836=FACE_OUTER_BOUND('',#1837,.T.);
#1837=EDGE_LOOP('',(#4711));
#1838=FACE_OUTER_BOUND('',#1839,.T.);
#1839=EDGE_LOOP('',(#4712));
#1840=CYLINDRICAL_SURFACE('',#1841,2.5);
#1841=AXIS2_PLACEMENT_3D('',#1842,#1843,#1844);
#1842=CARTESIAN_POINT('',(-149.146592,-194.371537,0.));
#1843=DIRECTION('',(0.,0.,-1.));
#1844=DIRECTION('',(1.,0.,0.));
#1845=FACE_OUTER_BOUND('',#1846,.T.);
#1846=EDGE_LOOP('',(#4713));
#1847=FACE_OUTER_BOUND('',#1848,.T.);
#1848=EDGE_LOOP('',(#4714));
#1849=CYLINDRICAL_SURFACE('',#1850,2.5);
#1850=AXIS2_PLACEMENT_3D('',#1851,#1852,#1853);
#1851=CARTESIAN_POINT('',(-165.519639,-180.632913,0.));
#1852=DIRECTION('',(0.,0.,-1.));
#1853=DIRECTION('',(1.,0.,0.));
#1854=FACE_OUTER_BOUND('',#1855,.T.);
#1855=EDGE_LOOP('',(#4715));
#1856=FACE_OUTER_BOUND('',#1857,.T.);
#1857=EDGE_LOOP('',(#4716));
#1858=CYLINDRICAL_SURFACE('',#1859,2.5);
#1859=AXIS2_PLACEMENT_3D('',#1860,#1861,#1862);
#1860=CARTESIAN_POINT('',(-180.632983,-165.519563,0.));
#1861=DIRECTION('',(0.,0.,-1.));
#1862=DIRECTION('',(1.,0.,0.));
#1863=FACE_OUTER_BOUND('',#1864,.T.);
#1864=EDGE_LOOP('',(#4717));
#1865=FACE_OUTER_BOUND('',#1866,.T.);
#1866=EDGE_LOOP('',(#4718));
#1867=CYLINDRICAL_SURFACE('',#1868,2.5);
#1868=AXIS2_PLACEMENT_3D('',#1869,#1870,#1871);
#1869=CARTESIAN_POINT('',(-194.3716,-149.146509,0.));
#1870=DIRECTION('',(0.,0.,-1.));
#1871=DIRECTION('',(1.,0.,0.));
#1872=FACE_OUTER_BOUND('',#1873,.T.);
#1873=EDGE_LOOP('',(#4719));
#1874=FACE_OUTER_BOUND('',#1875,.T.);
#1875=EDGE_LOOP('',(#4720));
#1876=CYLINDRICAL_SURFACE('',#1877,2.5);
#1877=AXIS2_PLACEMENT_3D('',#1878,#1879,#1880);
#1878=CARTESIAN_POINT('',(-206.630933,-131.63836,0.));
#1879=DIRECTION('',(0.,0.,-1.));
#1880=DIRECTION('',(1.,0.,0.));
#1881=FACE_OUTER_BOUND('',#1882,.T.);
#1882=EDGE_LOOP('',(#4721));
#1883=FACE_OUTER_BOUND('',#1884,.T.);
#1884=EDGE_LOOP('',(#4722));
#1885=CYLINDRICAL_SURFACE('',#1886,2.5);
#1886=AXIS2_PLACEMENT_3D('',#1887,#1888,#1889);
#1887=CARTESIAN_POINT('',(-217.317679,-113.128364,0.));
#1888=DIRECTION('',(0.,0.,-1.));
#1889=DIRECTION('',(1.,0.,0.));
#1890=FACE_OUTER_BOUND('',#1891,.T.);
#1891=EDGE_LOOP('',(#4723));
#1892=FACE_OUTER_BOUND('',#1893,.T.);
#1893=EDGE_LOOP('',(#4724));
#1894=CYLINDRICAL_SURFACE('',#1895,2.5);
#1895=AXIS2_PLACEMENT_3D('',#1896,#1897,#1898);
#1896=CARTESIAN_POINT('',(-226.350506,-93.757393,0.));
#1897=DIRECTION('',(0.,0.,-1.));
#1898=DIRECTION('',(1.,0.,0.));
#1899=FACE_OUTER_BOUND('',#1900,.T.);
#1900=EDGE_LOOP('',(#4725));
#1901=FACE_OUTER_BOUND('',#1902,.T.);
#1902=EDGE_LOOP('',(#4726));
#1903=CYLINDRICAL_SURFACE('',#1904,2.5);
#1904=AXIS2_PLACEMENT_3D('',#1905,#1906,#1907);
#1905=CARTESIAN_POINT('',(-233.660669,-73.672871,0.));
#1906=DIRECTION('',(0.,0.,-1.));
#1907=DIRECTION('',(1.,0.,0.));
#1908=FACE_OUTER_BOUND('',#1909,.T.);
#1909=EDGE_LOOP('',(#4727));
#1910=FACE_OUTER_BOUND('',#1911,.T.);
#1911=EDGE_LOOP('',(#4728));
#1912=CYLINDRICAL_SURFACE('',#1913,2.5);
#1913=AXIS2_PLACEMENT_3D('',#1914,#1915,#1916);
#1914=CARTESIAN_POINT('',(-239.192533,-53.027655,0.));
#1915=DIRECTION('',(0.,0.,-1.));
#1916=DIRECTION('',(1.,0.,0.));
#1917=FACE_OUTER_BOUND('',#1918,.T.);
#1918=EDGE_LOOP('',(#4729));
#1919=FACE_OUTER_BOUND('',#1920,.T.);
#1920=EDGE_LOOP('',(#4730));
#1921=CYLINDRICAL_SURFACE('',#1922,2.5);
#1922=AXIS2_PLACEMENT_3D('',#1923,#1924,#1925);
#1923=CARTESIAN_POINT('',(-244.766817,-10.686698,0.));
#1924=DIRECTION('',(0.,0.,-1.));
#1925=DIRECTION('',(1.,0.,0.));
#1926=FACE_OUTER_BOUND('',#1927,.T.);
#1927=EDGE_LOOP('',(#4731));
#1928=FACE_OUTER_BOUND('',#1929,.T.);
#1929=EDGE_LOOP('',(#4732));
#1930=CYLINDRICAL_SURFACE('',#1931,2.5);
#1931=AXIS2_PLACEMENT_3D('',#1932,#1933,#1934);
#1932=CARTESIAN_POINT('',(-244.766812,10.686802,0.));
#1933=DIRECTION('',(0.,0.,-1.));
#1934=DIRECTION('',(1.,0.,0.));
#1935=FACE_OUTER_BOUND('',#1936,.T.);
#1936=EDGE_LOOP('',(#4733));
#1937=FACE_OUTER_BOUND('',#1938,.T.);
#1938=EDGE_LOOP('',(#4734));
#1939=CYLINDRICAL_SURFACE('',#1940,2.5);
#1940=AXIS2_PLACEMENT_3D('',#1941,#1942,#1943);
#1941=CARTESIAN_POINT('',(-242.903985,31.978969,0.));
#1942=DIRECTION('',(0.,0.,-1.));
#1943=DIRECTION('',(1.,0.,0.));
#1944=FACE_OUTER_BOUND('',#1945,.T.);
#1945=EDGE_LOOP('',(#4735));
#1946=FACE_OUTER_BOUND('',#1947,.T.);
#1947=EDGE_LOOP('',(#4736));
#1948=CYLINDRICAL_SURFACE('',#1949,2.5);
#1949=AXIS2_PLACEMENT_3D('',#1950,#1951,#1952);
#1950=CARTESIAN_POINT('',(-239.192511,53.027756,0.));
#1951=DIRECTION('',(0.,0.,-1.));
#1952=DIRECTION('',(1.,0.,0.));
#1953=FACE_OUTER_BOUND('',#1954,.T.);
#1954=EDGE_LOOP('',(#4737));
#1955=FACE_OUTER_BOUND('',#1956,.T.);
#1956=EDGE_LOOP('',(#4738));
#1957=CYLINDRICAL_SURFACE('',#1958,2.5);
#1958=AXIS2_PLACEMENT_3D('',#1959,#1960,#1961);
#1959=CARTESIAN_POINT('',(-233.660638,73.672971,0.));
#1960=DIRECTION('',(0.,0.,-1.));
#1961=DIRECTION('',(1.,0.,0.));
#1962=FACE_OUTER_BOUND('',#1963,.T.);
#1963=EDGE_LOOP('',(#4739));
#1964=FACE_OUTER_BOUND('',#1965,.T.);
#1965=EDGE_LOOP('',(#4740));
#1966=CYLINDRICAL_SURFACE('',#1967,2.5);
#1967=AXIS2_PLACEMENT_3D('',#1968,#1969,#1970);
#1968=CARTESIAN_POINT('',(-226.350466,93.757489,0.));
#1969=DIRECTION('',(0.,0.,-1.));
#1970=DIRECTION('',(1.,0.,0.));
#1971=FACE_OUTER_BOUND('',#1972,.T.);
#1972=EDGE_LOOP('',(#4741));
#1973=FACE_OUTER_BOUND('',#1974,.T.);
#1974=EDGE_LOOP('',(#4742));
#1975=CYLINDRICAL_SURFACE('',#1976,2.5);
#1976=AXIS2_PLACEMENT_3D('',#1977,#1978,#1979);
#1977=CARTESIAN_POINT('',(-217.317631,113.128457,0.));
#1978=DIRECTION('',(0.,0.,-1.));
#1979=DIRECTION('',(1.,0.,0.));
#1980=FACE_OUTER_BOUND('',#1981,.T.);
#1981=EDGE_LOOP('',(#4743));
#1982=FACE_OUTER_BOUND('',#1983,.T.);
#1983=EDGE_LOOP('',(#4744));
#1984=CYLINDRICAL_SURFACE('',#1985,2.5);
#1985=AXIS2_PLACEMENT_3D('',#1986,#1987,#1988);
#1986=CARTESIAN_POINT('',(-206.630877,131.638448,0.));
#1987=DIRECTION('',(0.,0.,-1.));
#1988=DIRECTION('',(1.,0.,0.));
#1989=FACE_OUTER_BOUND('',#1990,.T.);
#1990=EDGE_LOOP('',(#4745));
#1991=FACE_OUTER_BOUND('',#1992,.T.);
#1992=EDGE_LOOP('',(#4746));
#1993=CYLINDRICAL_SURFACE('',#1994,2.5);
#1994=AXIS2_PLACEMENT_3D('',#1995,#1996,#1997);
#1995=CARTESIAN_POINT('',(-194.371537,149.146592,0.));
#1996=DIRECTION('',(0.,0.,-1.));
#1997=DIRECTION('',(1.,0.,0.));
#1998=FACE_OUTER_BOUND('',#1999,.T.);
#1999=EDGE_LOOP('',(#4747));
#2000=FACE_OUTER_BOUND('',#2001,.T.);
#2001=EDGE_LOOP('',(#4748));
#2002=CYLINDRICAL_SURFACE('',#2003,2.5);
#2003=AXIS2_PLACEMENT_3D('',#2004,#2005,#2006);
#2004=CARTESIAN_POINT('',(-180.632913,165.519639,0.));
#2005=DIRECTION('',(0.,0.,-1.));
#2006=DIRECTION('',(1.,0.,0.));
#2007=FACE_OUTER_BOUND('',#2008,.T.);
#2008=EDGE_LOOP('',(#4749));
#2009=FACE_OUTER_BOUND('',#2010,.T.);
#2010=EDGE_LOOP('',(#4750));
#2011=CYLINDRICAL_SURFACE('',#2012,2.5);
#2012=AXIS2_PLACEMENT_3D('',#2013,#2014,#2015);
#2013=CARTESIAN_POINT('',(-165.519563,180.632983,0.));
#2014=DIRECTION('',(0.,0.,-1.));
#2015=DIRECTION('',(1.,0.,0.));
#2016=FACE_OUTER_BOUND('',#2017,.T.);
#2017=EDGE_LOOP('',(#4751));
#2018=FACE_OUTER_BOUND('',#2019,.T.);
#2019=EDGE_LOOP('',(#4752));
#2020=CYLINDRICAL_SURFACE('',#2021,2.5);
#2021=AXIS2_PLACEMENT_3D('',#2022,#2023,#2024);
#2022=CARTESIAN_POINT('',(-149.146509,194.3716,0.));
#2023=DIRECTION('',(0.,0.,-1.));
#2024=DIRECTION('',(1.,0.,0.));
#2025=FACE_OUTER_BOUND('',#2026,.T.);
#2026=EDGE_LOOP('',(#4753));
#2027=FACE_OUTER_BOUND('',#2028,.T.);
#2028=EDGE_LOOP('',(#4754));
#2029=CYLINDRICAL_SURFACE('',#2030,2.5);
#2030=AXIS2_PLACEMENT_3D('',#2031,#2032,#2033);
#2031=CARTESIAN_POINT('',(-131.63836,206.630933,0.));
#2032=DIRECTION('',(0.,0.,-1.));
#2033=DIRECTION('',(1.,0.,0.));
#2034=FACE_OUTER_BOUND('',#2035,.T.);
#2035=EDGE_LOOP('',(#4755));
#2036=FACE_OUTER_BOUND('',#2037,.T.);
#2037=EDGE_LOOP('',(#4756));
#2038=CYLINDRICAL_SURFACE('',#2039,2.5);
#2039=AXIS2_PLACEMENT_3D('',#2040,#2041,#2042);
#2040=CARTESIAN_POINT('',(-113.128364,217.317679,0.));
#2041=DIRECTION('',(0.,0.,-1.));
#2042=DIRECTION('',(1.,0.,0.));
#2043=FACE_OUTER_BOUND('',#2044,.T.);
#2044=EDGE_LOOP('',(#4757));
#2045=FACE_OUTER_BOUND('',#2046,.T.);
#2046=EDGE_LOOP('',(#4758));
#2047=CYLINDRICAL_SURFACE('',#2048,2.5);
#2048=AXIS2_PLACEMENT_3D('',#2049,#2050,#2051);
#2049=CARTESIAN_POINT('',(-93.757393,226.350506,0.));
#2050=DIRECTION('',(0.,0.,-1.));
#2051=DIRECTION('',(1.,0.,0.));
#2052=FACE_OUTER_BOUND('',#2053,.T.);
#2053=EDGE_LOOP('',(#4759));
#2054=FACE_OUTER_BOUND('',#2055,.T.);
#2055=EDGE_LOOP('',(#4760));
#2056=CYLINDRICAL_SURFACE('',#2057,2.5);
#2057=AXIS2_PLACEMENT_3D('',#2058,#2059,#2060);
#2058=CARTESIAN_POINT('',(-73.672871,233.660669,0.));
#2059=DIRECTION('',(0.,0.,-1.));
#2060=DIRECTION('',(1.,0.,0.));
#2061=FACE_OUTER_BOUND('',#2062,.T.);
#2062=EDGE_LOOP('',(#4761));
#2063=FACE_OUTER_BOUND('',#2064,.T.);
#2064=EDGE_LOOP('',(#4762));
#2065=CYLINDRICAL_SURFACE('',#2066,2.5);
#2066=AXIS2_PLACEMENT_3D('',#2067,#2068,#2069);
#2067=CARTESIAN_POINT('',(-53.027655,239.192533,0.));
#2068=DIRECTION('',(0.,0.,-1.));
#2069=DIRECTION('',(1.,0.,0.));
#2070=FACE_OUTER_BOUND('',#2071,.T.);
#2071=EDGE_LOOP('',(#4763));
#2072=FACE_OUTER_BOUND('',#2073,.T.);
#2073=EDGE_LOOP('',(#4764));
#2074=CYLINDRICAL_SURFACE('',#2075,2.5);
#2075=AXIS2_PLACEMENT_3D('',#2076,#2077,#2078);
#2076=CARTESIAN_POINT('',(-10.686698,244.766817,0.));
#2077=DIRECTION('',(0.,0.,-1.));
#2078=DIRECTION('',(1.,0.,0.));
#2079=FACE_OUTER_BOUND('',#2080,.T.);
#2080=EDGE_LOOP('',(#4765));
#2081=FACE_OUTER_BOUND('',#2082,.T.);
#2082=EDGE_LOOP('',(#4766));
#2083=CYLINDRICAL_SURFACE('',#2084,2.5);
#2084=AXIS2_PLACEMENT_3D('',#2085,#2086,#2087);
#2085=CARTESIAN_POINT('',(10.686802,244.766812,0.));
#2086=DIRECTION('',(0.,0.,-1.));
#2087=DIRECTION('',(1.,0.,0.));
#2088=FACE_OUTER_BOUND('',#2089,.T.);
#2089=EDGE_LOOP('',(#4767));
#2090=FACE_OUTER_BOUND('',#2091,.T.);
#2091=EDGE_LOOP('',(#4768));
#2092=CYLINDRICAL_SURFACE('',#2093,2.5);
#2093=AXIS2_PLACEMENT_3D('',#2094,#2095,#2096);
#2094=CARTESIAN_POINT('',(31.978969,242.903985,0.));
#2095=DIRECTION('',(0.,0.,-1.));
#2096=DIRECTION('',(1.,0.,0.));
#2097=FACE_OUTER_BOUND('',#2098,.T.);
#2098=EDGE_LOOP('',(#4769));
#2099=FACE_OUTER_BOUND('',#2100,.T.);
#2100=EDGE_LOOP('',(#4770));
#2101=CYLINDRICAL_SURFACE('',#2102,2.5);
#2102=AXIS2_PLACEMENT_3D('',#2103,#2104,#2105);
#2103=CARTESIAN_POINT('',(53.027756,239.192511,0.));
#2104=DIRECTION('',(0.,0.,-1.));
#2105=DIRECTION('',(1.,0.,0.));
#2106=FACE_OUTER_BOUND('',#2107,.T.);
#2107=EDGE_LOOP('',(#4771));
#2108=FACE_OUTER_BOUND('',#2109,.T.);
#2109=EDGE_LOOP('',(#4772));
#2110=CYLINDRICAL_SURFACE('',#2111,2.5);
#2111=AXIS2_PLACEMENT_3D('',#2112,#2113,#2114);
#2112=CARTESIAN_POINT('',(73.672971,233.660638,0.));
#2113=DIRECTION('',(0.,0.,-1.));
#2114=DIRECTION('',(1.,0.,0.));
#2115=FACE_OUTER_BOUND('',#2116,.T.);
#2116=EDGE_LOOP('',(#4773));
#2117=FACE_OUTER_BOUND('',#2118,.T.);
#2118=EDGE_LOOP('',(#4774));
#2119=CYLINDRICAL_SURFACE('',#2120,2.5);
#2120=AXIS2_PLACEMENT_3D('',#2121,#2122,#2123);
#2121=CARTESIAN_POINT('',(93.757489,226.350466,0.));
#2122=DIRECTION('',(0.,0.,-1.));
#2123=DIRECTION('',(1.,0.,0.));
#2124=FACE_OUTER_BOUND('',#2125,.T.);
#2125=EDGE_LOOP('',(#4775));
#2126=FACE_OUTER_BOUND('',#2127,.T.);
#2127=EDGE_LOOP('',(#4776));
#2128=CYLINDRICAL_SURFACE('',#2129,2.5);
#2129=AXIS2_PLACEMENT_3D('',#2130,#2131,#2132);
#2130=CARTESIAN_POINT('',(113.128457,217.317631,0.));
#2131=DIRECTION('',(0.,0.,-1.));
#2132=DIRECTION('',(1.,0.,0.));
#2133=FACE_OUTER_BOUND('',#2134,.T.);
#2134=EDGE_LOOP('',(#4777));
#2135=FACE_OUTER_BOUND('',#2136,.T.);
#2136=EDGE_LOOP('',(#4778));
#2137=CYLINDRICAL_SURFACE('',#2138,2.5);
#2138=AXIS2_PLACEMENT_3D('',#2139,#2140,#2141);
#2139=CARTESIAN_POINT('',(131.638448,206.630877,0.));
#2140=DIRECTION('',(0.,0.,-1.));
#2141=DIRECTION('',(1.,0.,0.));
#2142=FACE_OUTER_BOUND('',#2143,.T.);
#2143=EDGE_LOOP('',(#4779));
#2144=FACE_OUTER_BOUND('',#2145,.T.);
#2145=EDGE_LOOP('',(#4780));
#2146=CYLINDRICAL_SURFACE('',#2147,2.5);
#2147=AXIS2_PLACEMENT_3D('',#2148,#2149,#2150);
#2148=CARTESIAN_POINT('',(149.146592,194.371537,0.));
#2149=DIRECTION('',(0.,0.,-1.));
#2150=DIRECTION('',(1.,0.,0.));
#2151=FACE_OUTER_BOUND('',#2152,.T.);
#2152=EDGE_LOOP('',(#4781));
#2153=FACE_OUTER_BOUND('',#2154,.T.);
#2154=EDGE_LOOP('',(#4782));
#2155=CYLINDRICAL_SURFACE('',#2156,2.5);
#2156=AXIS2_PLACEMENT_3D('',#2157,#2158,#2159);
#2157=CARTESIAN_POINT('',(165.519639,180.632913,0.));
#2158=DIRECTION('',(0.,0.,-1.));
#2159=DIRECTION('',(1.,0.,0.));
#2160=FACE_OUTER_BOUND('',#2161,.T.);
#2161=EDGE_LOOP('',(#4783));
#2162=FACE_OUTER_BOUND('',#2163,.T.);
#2163=EDGE_LOOP('',(#4784));
#2164=CYLINDRICAL_SURFACE('',#2165,2.5);
#2165=AXIS2_PLACEMENT_3D('',#2166,#2167,#2168);
#2166=CARTESIAN_POINT('',(180.632983,165.519563,0.));
#2167=DIRECTION('',(0.,0.,-1.));
#2168=DIRECTION('',(1.,0.,0.));
#2169=FACE_OUTER_BOUND('',#2170,.T.);
#2170=EDGE_LOOP('',(#4785));
#2171=FACE_OUTER_BOUND('',#2172,.T.);
#2172=EDGE_LOOP('',(#4786));
#2173=CYLINDRICAL_SURFACE('',#2174,2.5);
#2174=AXIS2_PLACEMENT_3D('',#2175,#2176,#2177);
#2175=CARTESIAN_POINT('',(194.3716,149.146509,0.));
#2176=DIRECTION('',(0.,0.,-1.));
#2177=DIRECTION('',(1.,0.,0.));
#2178=FACE_OUTER_BOUND('',#2179,.T.);
#2179=EDGE_LOOP('',(#4787));
#2180=FACE_OUTER_BOUND('',#2181,.T.);
#2181=EDGE_LOOP('',(#4788));
#2182=CYLINDRICAL_SURFACE('',#2183,2.5);
#2183=AXIS2_PLACEMENT_3D('',#2184,#2185,#2186);
#2184=CARTESIAN_POINT('',(206.630933,131.63836,0.));
#2185=DIRECTION('',(0.,0.,-1.));
#2186=DIRECTION('',(1.,0.,0.));
#2187=FACE_OUTER_BOUND('',#2188,.T.);
#2188=EDGE_LOOP('',(#4789));
#2189=FACE_OUTER_BOUND('',#2190,.T.);
#2190=EDGE_LOOP('',(#4790));
#2191=CYLINDRICAL_SURFACE('',#2192,2.5);
#2192=AXIS2_PLACEMENT_3D('',#2193,#2194,#2195);
#2193=CARTESIAN_POINT('',(217.317679,113.128364,0.));
#2194=DIRECTION('',(0.,0.,-1.));
#2195=DIRECTION('',(1.,0.,0.));
#2196=FACE_OUTER_BOUND('',#2197,.T.);
#2197=EDGE_LOOP('',(#4791));
#2198=FACE_OUTER_BOUND('',#2199,.T.);
#2199=EDGE_LOOP('',(#4792));
#2200=CYLINDRICAL_SURFACE('',#2201,2.5);
#2201=AXIS2_PLACEMENT_3D('',#2202,#2203,#2204);
#2202=CARTESIAN_POINT('',(226.350506,93.757393,0.));
#2203=DIRECTION('',(0.,0.,-1.));
#2204=DIRECTION('',(1.,0.,0.));
#2205=FACE_OUTER_BOUND('',#2206,.T.);
#2206=EDGE_LOOP('',(#4793));
#2207=FACE_OUTER_BOUND('',#2208,.T.);
#2208=EDGE_LOOP('',(#4794));
#2209=CYLINDRICAL_SURFACE('',#2210,2.5);
#2210=AXIS2_PLACEMENT_3D('',#2211,#2212,#2213);
#2211=CARTESIAN_POINT('',(233.660669,73.672871,0.));
#2212=DIRECTION('',(0.,0.,-1.));
#2213=DIRECTION('',(1.,0.,0.));
#2214=FACE_OUTER_BOUND('',#2215,.T.);
#2215=EDGE_LOOP('',(#4795));
#2216=FACE_OUTER_BOUND('',#2217,.T.);
#2217=EDGE_LOOP('',(#4796));
#2218=CYLINDRICAL_SURFACE('',#2219,2.5);
#2219=AXIS2_PLACEMENT_3D('',#2220,#2221,#2222);
#2220=CARTESIAN_POINT('',(239.192533,53.027655,0.));
#2221=DIRECTION('',(0.,0.,-1.));
#2222=DIRECTION('',(1.,0.,0.));
#2223=FACE_OUTER_BOUND('',#2224,.T.);
#2224=EDGE_LOOP('',(#4797));
#2225=FACE_OUTER_BOUND('',#2226,.T.);
#2226=EDGE_LOOP('',(#4798));
#2227=CYLINDRICAL_SURFACE('',#2228,2.5);
#2228=AXIS2_PLACEMENT_3D('',#2229,#2230,#2231);
#2229=CARTESIAN_POINT('',(244.766817,10.686698,0.));
#2230=DIRECTION('',(0.,0.,-1.));
#2231=DIRECTION('',(1.,0.,0.));
#2232=FACE_OUTER_BOUND('',#2233,.T.);
#2233=EDGE_LOOP('',(#4799));
#2234=FACE_OUTER_BOUND('',#2235,.T.);
#2235=EDGE_LOOP('',(#4800));
#2236=CYLINDRICAL_SURFACE('',#2237,2.5);
#2237=AXIS2_PLACEMENT_3D('',#2238,#2239,#2240);
#2238=CARTESIAN_POINT('',(244.766812,-10.686802,0.));
#2239=DIRECTION('',(0.,0.,-1.));
#2240=DIRECTION('',(1.,0.,0.));
#2241=FACE_OUTER_BOUND('',#2242,.T.);
#2242=EDGE_LOOP('',(#4801));
#2243=FACE_OUTER_BOUND('',#2244,.T.);
#2244=EDGE_LOOP('',(#4802));
#2245=CYLINDRICAL_SURFACE('',#2246,2.5);
#2246=AXIS2_PLACEMENT_3D('',#2247,#2248,#2249);
#2247=CARTESIAN_POINT('',(242.903985,-31.978969,0.));
#2248=DIRECTION('',(0.,0.,-1.));
#2249=DIRECTION('',(1.,0.,0.));
#2250=FACE_OUTER_BOUND('',#2251,.T.);
#2251=EDGE_LOOP('',(#4803));
#2252=FACE_OUTER_BOUND('',#2253,.T.);
#2253=EDGE_LOOP('',(#4804));
#2254=CYLINDRICAL_SURFACE('',#2255,2.5);
#2255=AXIS2_PLACEMENT_3D('',#2256,#2257,#2258);
#2256=CARTESIAN_POINT('',(239.192511,-53.027756,0.));
#2257=DIRECTION('',(0.,0.,-1.));
#2258=DIRECTION('',(1.,0.,0.));
#2259=FACE_OUTER_BOUND('',#2260,.T.);
#2260=EDGE_LOOP('',(#4805));
#2261=FACE_OUTER_BOUND('',#2262,.T.);
#2262=EDGE_LOOP('',(#4806));
#2263=CYLINDRICAL_SURFACE('',#2264,2.5);
#2264=AXIS2_PLACEMENT_3D('',#2265,#2266,#2267);
#2265=CARTESIAN_POINT('',(233.660638,-73.672971,0.));
#2266=DIRECTION('',(0.,0.,-1.));
#2267=DIRECTION('',(1.,0.,0.));
#2268=FACE_OUTER_BOUND('',#2269,.T.);
#2269=EDGE_LOOP('',(#4807));
#2270=FACE_OUTER_BOUND('',#2271,.T.);
#2271=EDGE_LOOP('',(#4808));
#2272=CYLINDRICAL_SURFACE('',#2273,2.5);
#2273=AXIS2_PLACEMENT_3D('',#2274,#2275,#2276);
#2274=CARTESIAN_POINT('',(226.350466,-93.757489,0.));
#2275=DIRECTION('',(0.,0.,-1.));
#2276=DIRECTION('',(1.,0.,0.));
#2277=FACE_OUTER_BOUND('',#2278,.T.);
#2278=EDGE_LOOP('',(#4809));
#2279=FACE_OUTER_BOUND('',#2280,.T.);
#2280=EDGE_LOOP('',(#4810));
#2281=CYLINDRICAL_SURFACE('',#2282,2.5);
#2282=AXIS2_PLACEMENT_3D('',#2283,#2284,#2285);
#2283=CARTESIAN_POINT('',(217.317631,-113.128457,0.));
#2284=DIRECTION('',(0.,0.,-1.));
#2285=DIRECTION('',(1.,0.,0.));
#2286=FACE_OUTER_BOUND('',#2287,.T.);
#2287=EDGE_LOOP('',(#4811));
#2288=FACE_OUTER_BOUND('',#2289,.T.);
#2289=EDGE_LOOP('',(#4812));
#2290=CYLINDRICAL_SURFACE('',#2291,2.5);
#2291=AXIS2_PLACEMENT_3D('',#2292,#2293,#2294);
#2292=CARTESIAN_POINT('',(206.630877,-131.638448,0.));
#2293=DIRECTION('',(0.,0.,-1.));
#2294=DIRECTION('',(1.,0.,0.));
#2295=FACE_OUTER_BOUND('',#2296,.T.);
#2296=EDGE_LOOP('',(#4813));
#2297=FACE_OUTER_BOUND('',#2298,.T.);
#2298=EDGE_LOOP('',(#4814));
#2299=CYLINDRICAL_SURFACE('',#2300,2.5);
#2300=AXIS2_PLACEMENT_3D('',#2301,#2302,#2303);
#2301=CARTESIAN_POINT('',(194.371537,-149.146592,0.));
#2302=DIRECTION('',(0.,0.,-1.));
#2303=DIRECTION('',(1.,0.,0.));
#2304=FACE_OUTER_BOUND('',#2305,.T.);
#2305=EDGE_LOOP('',(#4815));
#2306=FACE_OUTER_BOUND('',#2307,.T.);
#2307=EDGE_LOOP('',(#4816));
#2308=CYLINDRICAL_SURFACE('',#2309,2.5);
#2309=AXIS2_PLACEMENT_3D('',#2310,#2311,#2312);
#2310=CARTESIAN_POINT('',(180.632913,-165.519639,0.));
#2311=DIRECTION('',(0.,0.,-1.));
#2312=DIRECTION('',(1.,0.,0.));
#2313=FACE_OUTER_BOUND('',#2314,.T.);
#2314=EDGE_LOOP('',(#4817));
#2315=FACE_OUTER_BOUND('',#2316,.T.);
#2316=EDGE_LOOP('',(#4818));
#2317=CYLINDRICAL_SURFACE('',#2318,2.5);
#2318=AXIS2_PLACEMENT_3D('',#2319,#2320,#2321);
#2319=CARTESIAN_POINT('',(165.519563,-180.632983,0.));
#2320=DIRECTION('',(0.,0.,-1.));
#2321=DIRECTION('',(1.,0.,0.));
#2322=FACE_OUTER_BOUND('',#2323,.T.);
#2323=EDGE_LOOP('',(#4819));
#2324=FACE_OUTER_BOUND('',#2325,.T.);
#2325=EDGE_LOOP('',(#4820));
#2326=CYLINDRICAL_SURFACE('',#2327,2.5);
#2327=AXIS2_PLACEMENT_3D('',#2328,#2329,#2330);
#2328=CARTESIAN_POINT('',(149.146509,-194.3716,0.));
#2329=DIRECTION('',(0.,0.,-1.));
#2330=DIRECTION('',(1.,0.,0.));
#2331=FACE_OUTER_BOUND('',#2332,.T.);
#2332=EDGE_LOOP('',(#4821));
#2333=FACE_OUTER_BOUND('',#2334,.T.);
#2334=EDGE_LOOP('',(#4822));
#2335=CYLINDRICAL_SURFACE('',#2336,2.5);
#2336=AXIS2_PLACEMENT_3D('',#2337,#2338,#2339);
#2337=CARTESIAN_POINT('',(131.63836,-206.630933,0.));
#2338=DIRECTION('',(0.,0.,-1.));
#2339=DIRECTION('',(1.,0.,0.));
#2340=FACE_OUTER_BOUND('',#2341,.T.);
#2341=EDGE_LOOP('',(#4823));
#2342=FACE_OUTER_BOUND('',#2343,.T.);
#2343=EDGE_LOOP('',(#4824));
#2344=CYLINDRICAL_SURFACE('',#2345,2.5);
#2345=AXIS2_PLACEMENT_3D('',#2346,#2347,#2348);
#2346=CARTESIAN_POINT('',(113.128364,-217.317679,0.));
#2347=DIRECTION('',(0.,0.,-1.));
#2348=DIRECTION('',(1.,0.,0.));
#2349=FACE_OUTER_BOUND('',#2350,.T.);
#2350=EDGE_LOOP('',(#4825));
#2351=FACE_OUTER_BOUND('',#2352,.T.);
#2352=EDGE_LOOP('',(#4826));
#2353=CYLINDRICAL_SURFACE('',#2354,2.5);
#2354=AXIS2_PLACEMENT_3D('',#2355,#2356,#2357);
#2355=CARTESIAN_POINT('',(93.757393,-226.350506,0.));
#2356=DIRECTION('',(0.,0.,-1.));
#2357=DIRECTION('',(1.,0.,0.));
#2358=FACE_OUTER_BOUND('',#2359,.T.);
#2359=EDGE_LOOP('',(#4827));
#2360=FACE_OUTER_BOUND('',#2361,.T.);
#2361=EDGE_LOOP('',(#4828));
#2362=CYLINDRICAL_SURFACE('',#2363,2.5);
#2363=AXIS2_PLACEMENT_3D('',#2364,#2365,#2366);
#2364=CARTESIAN_POINT('',(73.672871,-233.660669,0.));
#2365=DIRECTION('',(0.,0.,-1.));
#2366=DIRECTION('',(1.,0.,0.));
#2367=FACE_OUTER_BOUND('',#2368,.T.);
#2368=EDGE_LOOP('',(#4829));
#2369=FACE_OUTER_BOUND('',#2370,.T.);
#2370=EDGE_LOOP('',(#4830));
#2371=CYLINDRICAL_SURFACE('',#2372,2.5);
#2372=AXIS2_PLACEMENT_3D('',#2373,#2374,#2375);
#2373=CARTESIAN_POINT('',(53.027655,-239.192533,0.));
#2374=DIRECTION('',(0.,0.,-1.));
#2375=DIRECTION('',(1.,0.,0.));
#2376=FACE_OUTER_BOUND('',#2377,.T.);
#2377=EDGE_LOOP('',(#4831));
#2378=FACE_OUTER_BOUND('',#2379,.T.);
#2379=EDGE_LOOP('',(#4832));
#2380=CYLINDRICAL_SURFACE('',#2381,2.5);
#2381=AXIS2_PLACEMENT_3D('',#2382,#2383,#2384);
#2382=CARTESIAN_POINT('',(93.338019617515,29.698523133119,0.));
#2383=DIRECTION('',(0.,0.,-1.));
#2384=DIRECTION('',(1.,0.,0.));
#2385=FACE_OUTER_BOUND('',#2386,.T.);
#2386=EDGE_LOOP('',(#4833));
#2387=FACE_OUTER_BOUND('',#2388,.T.);
#2388=EDGE_LOOP('',(#4834));
#2389=CYLINDRICAL_SURFACE('',#2390,2.5);
#2390=AXIS2_PLACEMENT_3D('',#2391,#2392,#2393);
#2391=CARTESIAN_POINT('',(82.731422069983,40.305129021182,0.));
#2392=DIRECTION('',(0.,0.,-1.));
#2393=DIRECTION('',(1.,0.,0.));
#2394=FACE_OUTER_BOUND('',#2395,.T.);
#2395=EDGE_LOOP('',(#4835));
#2396=FACE_OUTER_BOUND('',#2397,.T.);
#2397=EDGE_LOOP('',(#4836));
#2398=CYLINDRICAL_SURFACE('',#2399,2.5);
#2399=AXIS2_PLACEMENT_3D('',#2400,#2401,#2402);
#2400=CARTESIAN_POINT('',(72.124824522452,50.911734909246,0.));
#2401=DIRECTION('',(0.,0.,-1.));
#2402=DIRECTION('',(1.,0.,0.));
#2403=FACE_OUTER_BOUND('',#2404,.T.);
#2404=EDGE_LOOP('',(#4837));
#2405=FACE_OUTER_BOUND('',#2406,.T.);
#2406=EDGE_LOOP('',(#4838));
#2407=CYLINDRICAL_SURFACE('',#2408,2.5);
#2408=AXIS2_PLACEMENT_3D('',#2409,#2410,#2411);
#2409=CARTESIAN_POINT('',(50.911608261556,72.124925121835,0.));
#2410=DIRECTION('',(0.,0.,-1.));
#2411=DIRECTION('',(1.,0.,0.));
#2412=FACE_OUTER_BOUND('',#2413,.T.);
#2413=EDGE_LOOP('',(#4839));
#2414=FACE_OUTER_BOUND('',#2415,.T.);
#2415=EDGE_LOOP('',(#4840));
#2416=CYLINDRICAL_SURFACE('',#2417,2.5);
#2417=AXIS2_PLACEMENT_3D('',#2418,#2419,#2420);
#2418=CARTESIAN_POINT('',(40.304989796975,82.731510092824,0.));
#2419=DIRECTION('',(0.,0.,-1.));
#2420=DIRECTION('',(1.,0.,0.));
#2421=FACE_OUTER_BOUND('',#2422,.T.);
#2422=EDGE_LOOP('',(#4841));
#2423=FACE_OUTER_BOUND('',#2424,.T.);
#2424=EDGE_LOOP('',(#4842));
#2425=CYLINDRICAL_SURFACE('',#2426,2.5);
#2426=AXIS2_PLACEMENT_3D('',#2427,#2428,#2429);
#2427=CARTESIAN_POINT('',(29.698371332394,93.338095063813,0.));
#2428=DIRECTION('',(0.,0.,-1.));
#2429=DIRECTION('',(1.,0.,0.));
#2430=FACE_OUTER_BOUND('',#2431,.T.);
#2431=EDGE_LOOP('',(#4843));
#2432=FACE_OUTER_BOUND('',#2433,.T.);
#2433=EDGE_LOOP('',(#4844));
#2434=CYLINDRICAL_SURFACE('',#2435,2.5);
#2435=AXIS2_PLACEMENT_3D('',#2436,#2437,#2438);
#2436=CARTESIAN_POINT('',(-82.73147926172,-40.30509291707,0.));
#2437=DIRECTION('',(0.,0.,-1.));
#2438=DIRECTION('',(1.,0.,0.));
#2439=FACE_OUTER_BOUND('',#2440,.T.);
#2440=EDGE_LOOP('',(#4845));
#2441=FACE_OUTER_BOUND('',#2442,.T.);
#2442=EDGE_LOOP('',(#4846));
#2443=CYLINDRICAL_SURFACE('',#2444,2.5);
#2444=AXIS2_PLACEMENT_3D('',#2445,#2446,#2447);
#2445=CARTESIAN_POINT('',(-72.1248827432,-50.91169983414,0.));
#2446=DIRECTION('',(0.,0.,-1.));
#2447=DIRECTION('',(1.,0.,0.));
#2448=FACE_OUTER_BOUND('',#2449,.T.);
#2449=EDGE_LOOP('',(#4847));
#2450=FACE_OUTER_BOUND('',#2451,.T.);
#2451=EDGE_LOOP('',(#4848));
#2452=CYLINDRICAL_SURFACE('',#2453,2.5);
#2453=AXIS2_PLACEMENT_3D('',#2454,#2455,#2456);
#2454=CARTESIAN_POINT('',(-50.91166943557,-72.124893,0.));
#2455=DIRECTION('',(0.,0.,-1.));
#2456=DIRECTION('',(1.,0.,0.));
#2457=FACE_OUTER_BOUND('',#2458,.T.);
#2458=EDGE_LOOP('',(#4849));
#2459=FACE_OUTER_BOUND('',#2460,.T.);
#2460=EDGE_LOOP('',(#4850));
#2461=CYLINDRICAL_SURFACE('',#2462,2.5);
#2462=AXIS2_PLACEMENT_3D('',#2463,#2464,#2465);
#2463=CARTESIAN_POINT('',(-40.305052,-82.731479,0.));
#2464=DIRECTION('',(0.,0.,-1.));
#2465=DIRECTION('',(1.,0.,0.));
#2466=FACE_OUTER_BOUND('',#2467,.T.);
#2467=EDGE_LOOP('',(#4851));
#2468=FACE_OUTER_BOUND('',#2469,.T.);
#2469=EDGE_LOOP('',(#4852));
#2470=CYLINDRICAL_SURFACE('',#2471,2.5);
#2471=AXIS2_PLACEMENT_3D('',#2472,#2473,#2474);
#2472=CARTESIAN_POINT('',(-29.69843456442,-93.338065,0.));
#2473=DIRECTION('',(0.,0.,-1.));
#2474=DIRECTION('',(1.,0.,0.));
#2475=FACE_OUTER_BOUND('',#2476,.T.);
#2476=EDGE_LOOP('',(#4853));
#2477=FACE_OUTER_BOUND('',#2478,.T.);
#2478=EDGE_LOOP('',(#4854));
#2479=CYLINDRICAL_SURFACE('',#2480,2.5);
#2480=AXIS2_PLACEMENT_3D('',#2481,#2482,#2483);
#2481=CARTESIAN_POINT('',(-242.903998,-31.978866,0.));
#2482=DIRECTION('',(0.,0.,-1.));
#2483=DIRECTION('',(1.,0.,0.));
#2484=FACE_OUTER_BOUND('',#2485,.T.);
#2485=EDGE_LOOP('',(#4855));
#2486=FACE_OUTER_BOUND('',#2487,.T.);
#2487=EDGE_LOOP('',(#4856));
#2488=CYLINDRICAL_SURFACE('',#2489,2.5);
#2489=AXIS2_PLACEMENT_3D('',#2490,#2491,#2492);
#2490=CARTESIAN_POINT('',(-31.978866,242.903998,0.));
#2491=DIRECTION('',(0.,0.,-1.));
#2492=DIRECTION('',(1.,0.,0.));
#2493=FACE_OUTER_BOUND('',#2494,.T.);
#2494=EDGE_LOOP('',(#4857));
#2495=FACE_OUTER_BOUND('',#2496,.T.);
#2496=EDGE_LOOP('',(#4858));
#2497=CYLINDRICAL_SURFACE('',#2498,2.5);
#2498=AXIS2_PLACEMENT_3D('',#2499,#2500,#2501);
#2499=CARTESIAN_POINT('',(242.903998,31.978866,0.));
#2500=DIRECTION('',(0.,0.,-1.));
#2501=DIRECTION('',(1.,0.,0.));
#2502=FACE_OUTER_BOUND('',#2503,.T.);
#2503=EDGE_LOOP('',(#4859));
#2504=FACE_OUTER_BOUND('',#2505,.T.);
#2505=EDGE_LOOP('',(#4860));
#2506=CYLINDRICAL_SURFACE('',#2507,2.5);
#2507=AXIS2_PLACEMENT_3D('',#2508,#2509,#2510);
#2508=CARTESIAN_POINT('',(31.978866,-242.903998,0.));
#2509=DIRECTION('',(0.,0.,-1.));
#2510=DIRECTION('',(1.,0.,0.));
#2511=FACE_OUTER_BOUND('',#2512,.T.);
#2512=EDGE_LOOP('',(#4861));
#2513=FACE_OUTER_BOUND('',#2514,.T.);
#2514=EDGE_LOOP('',(#4862));
#2515=CYLINDRICAL_SURFACE('',#2516,2.5);
#2516=AXIS2_PLACEMENT_3D('',#2517,#2518,#2519);
#2517=CARTESIAN_POINT('',(61.51822697492,61.518340797309,0.));
#2518=DIRECTION('',(0.,0.,-1.));
#2519=DIRECTION('',(1.,0.,0.));
#2520=FACE_OUTER_BOUND('',#2521,.T.);
#2521=EDGE_LOOP('',(#4863));
#2522=FACE_OUTER_BOUND('',#2523,.T.);
#2523=EDGE_LOOP('',(#4864));
#2524=CYLINDRICAL_SURFACE('',#2525,2.5);
#2525=AXIS2_PLACEMENT_3D('',#2526,#2527,#2528);
#2526=CARTESIAN_POINT('',(-61.51828687114,-61.518307,0.));
#2527=DIRECTION('',(0.,0.,-1.));
#2528=DIRECTION('',(1.,0.,0.));
#2529=FACE_OUTER_BOUND('',#2530,.T.);
#2530=EDGE_LOOP('',(#4865));
#2531=FACE_OUTER_BOUND('',#2532,.T.);
#2532=EDGE_LOOP('',(#4866));
#2533=CYLINDRICAL_SURFACE('',#2534,1.5);
#2534=AXIS2_PLACEMENT_3D('',#2535,#2536,#2537);
#2535=CARTESIAN_POINT('',(79.196011851814,-22.627406,0.));
#2536=DIRECTION('',(0.,0.,-1.));
#2537=DIRECTION('',(1.,0.,0.));
#2538=FACE_OUTER_BOUND('',#2539,.T.);
#2539=EDGE_LOOP('',(#4867));
#2540=FACE_OUTER_BOUND('',#2541,.T.);
#2541=EDGE_LOOP('',(#4868));
#2542=CYLINDRICAL_SURFACE('',#2543,1.5);
#2543=AXIS2_PLACEMENT_3D('',#2544,#2545,#2546);
#2544=CARTESIAN_POINT('',(164.048784,-107.48022,0.));
#2545=DIRECTION('',(0.,0.,-1.));
#2546=DIRECTION('',(1.,0.,0.));
#2547=FACE_OUTER_BOUND('',#2548,.T.);
#2548=EDGE_LOOP('',(#4869));
#2549=FACE_OUTER_BOUND('',#2550,.T.);
#2550=EDGE_LOOP('',(#4870));
#2551=CYLINDRICAL_SURFACE('',#2552,1.5);
#2552=AXIS2_PLACEMENT_3D('',#2553,#2554,#2555);
#2553=CARTESIAN_POINT('',(107.480242,-164.048762,0.));
#2554=DIRECTION('',(0.,0.,-1.));
#2555=DIRECTION('',(1.,0.,0.));
#2556=FACE_OUTER_BOUND('',#2557,.T.);
#2557=EDGE_LOOP('',(#4871));
#2558=FACE_OUTER_BOUND('',#2559,.T.);
#2559=EDGE_LOOP('',(#4872));
#2560=CYLINDRICAL_SURFACE('',#2561,1.5);
#2561=AXIS2_PLACEMENT_3D('',#2562,#2563,#2564);
#2562=CARTESIAN_POINT('',(22.627428515229,-79.195948,0.));
#2563=DIRECTION('',(0.,0.,-1.));
#2564=DIRECTION('',(1.,0.,0.));
#2565=FACE_OUTER_BOUND('',#2566,.T.);
#2566=EDGE_LOOP('',(#4873));
#2567=FACE_OUTER_BOUND('',#2568,.T.);
#2568=EDGE_LOOP('',(#4874));
#2569=CYLINDRICAL_SURFACE('',#2570,1.5);
#2570=AXIS2_PLACEMENT_3D('',#2571,#2572,#2573);
#2571=CARTESIAN_POINT('',(-20.568755,-235.101949,0.));
#2572=DIRECTION('',(0.,0.,-1.));
#2573=DIRECTION('',(1.,0.,0.));
#2574=FACE_OUTER_BOUND('',#2575,.T.);
#2575=EDGE_LOOP('',(#4875));
#2576=FACE_OUTER_BOUND('',#2577,.T.);
#2577=EDGE_LOOP('',(#4876));
#2578=CYLINDRICAL_SURFACE('',#2579,1.5);
#2579=AXIS2_PLACEMENT_3D('',#2580,#2581,#2582);
#2580=CARTESIAN_POINT('',(-22.137559,-253.033453,0.));
#2581=DIRECTION('',(0.,0.,-1.));
#2582=DIRECTION('',(1.,0.,0.));
#2583=FACE_OUTER_BOUND('',#2584,.T.);
#2584=EDGE_LOOP('',(#4877));
#2585=FACE_OUTER_BOUND('',#2586,.T.);
#2586=EDGE_LOOP('',(#4878));
#2587=CYLINDRICAL_SURFACE('',#2588,1.5);
#2588=AXIS2_PLACEMENT_3D('',#2589,#2590,#2591);
#2589=CARTESIAN_POINT('',(-40.98097,-232.41463,0.));
#2590=DIRECTION('',(0.,0.,-1.));
#2591=DIRECTION('',(1.,0.,0.));
#2592=FACE_OUTER_BOUND('',#2593,.T.);
#2593=EDGE_LOOP('',(#4879));
#2594=FACE_OUTER_BOUND('',#2595,.T.);
#2595=EDGE_LOOP('',(#4880));
#2596=CYLINDRICAL_SURFACE('',#2597,1.5);
#2597=AXIS2_PLACEMENT_3D('',#2598,#2599,#2600);
#2598=CARTESIAN_POINT('',(-44.106637,-250.141169,0.));
#2599=DIRECTION('',(0.,0.,-1.));
#2600=DIRECTION('',(1.,0.,0.));
#2601=FACE_OUTER_BOUND('',#2602,.T.);
#2602=EDGE_LOOP('',(#4881));
#2603=FACE_OUTER_BOUND('',#2604,.T.);
#2604=EDGE_LOOP('',(#4882));
#2605=CYLINDRICAL_SURFACE('',#2606,1.5);
#2606=AXIS2_PLACEMENT_3D('',#2607,#2608,#2609);
#2607=CARTESIAN_POINT('',(-61.081295,-227.958495,0.));
#2608=DIRECTION('',(0.,0.,-1.));
#2609=DIRECTION('',(1.,0.,0.));
#2610=FACE_OUTER_BOUND('',#2611,.T.);
#2611=EDGE_LOOP('',(#4883));
#2612=FACE_OUTER_BOUND('',#2613,.T.);
#2613=EDGE_LOOP('',(#4884));
#2614=CYLINDRICAL_SURFACE('',#2615,1.5);
#2615=AXIS2_PLACEMENT_3D('',#2616,#2617,#2618);
#2616=CARTESIAN_POINT('',(-65.740037,-245.34516,0.));
#2617=DIRECTION('',(0.,0.,-1.));
#2618=DIRECTION('',(1.,0.,0.));
#2619=FACE_OUTER_BOUND('',#2620,.T.);
#2620=EDGE_LOOP('',(#4885));
#2621=FACE_OUTER_BOUND('',#2622,.T.);
#2622=EDGE_LOOP('',(#4886));
#2623=CYLINDRICAL_SURFACE('',#2624,1.5);
#2624=AXIS2_PLACEMENT_3D('',#2625,#2626,#2627);
#2625=CARTESIAN_POINT('',(-80.716754,-221.767459,0.));
#2626=DIRECTION('',(0.,0.,-1.));
#2627=DIRECTION('',(1.,0.,0.));
#2628=FACE_OUTER_BOUND('',#2629,.T.);
#2629=EDGE_LOOP('',(#4887));
#2630=FACE_OUTER_BOUND('',#2631,.T.);
#2631=EDGE_LOOP('',(#4888));
#2632=CYLINDRICAL_SURFACE('',#2633,1.5);
#2633=AXIS2_PLACEMENT_3D('',#2634,#2635,#2636);
#2634=CARTESIAN_POINT('',(-86.873116,-238.681926,0.));
#2635=DIRECTION('',(0.,0.,-1.));
#2636=DIRECTION('',(1.,0.,0.));
#2637=FACE_OUTER_BOUND('',#2638,.T.);
#2638=EDGE_LOOP('',(#4889));
#2639=FACE_OUTER_BOUND('',#2640,.T.);
#2640=EDGE_LOOP('',(#4890));
#2641=CYLINDRICAL_SURFACE('',#2642,1.5);
#2642=AXIS2_PLACEMENT_3D('',#2643,#2644,#2645);
#2643=CARTESIAN_POINT('',(-99.73791,-213.888638,0.));
#2644=DIRECTION('',(0.,0.,-1.));
#2645=DIRECTION('',(1.,0.,0.));
#2646=FACE_OUTER_BOUND('',#2647,.T.);
#2647=EDGE_LOOP('',(#4891));
#2648=FACE_OUTER_BOUND('',#2649,.T.);
#2649=EDGE_LOOP('',(#4892));
#2650=CYLINDRICAL_SURFACE('',#2651,1.5);
#2651=AXIS2_PLACEMENT_3D('',#2652,#2653,#2654);
#2652=CARTESIAN_POINT('',(-107.345038,-230.202178,0.));
#2653=DIRECTION('',(0.,0.,-1.));
#2654=DIRECTION('',(1.,0.,0.));
#2655=FACE_OUTER_BOUND('',#2656,.T.);
#2656=EDGE_LOOP('',(#4893));
#2657=FACE_OUTER_BOUND('',#2658,.T.);
#2658=EDGE_LOOP('',(#4894));
#2659=CYLINDRICAL_SURFACE('',#2660,1.5);
#2660=AXIS2_PLACEMENT_3D('',#2661,#2662,#2663);
#2661=CARTESIAN_POINT('',(-118.,-204.381995,0.));
#2662=DIRECTION('',(0.,0.,-1.));
#2663=DIRECTION('',(1.,0.,0.));
#2664=FACE_OUTER_BOUND('',#2665,.T.);
#2665=EDGE_LOOP('',(#4895));
#2666=FACE_OUTER_BOUND('',#2667,.T.);
#2667=EDGE_LOOP('',(#4896));
#2668=CYLINDRICAL_SURFACE('',#2669,1.5);
#2669=AXIS2_PLACEMENT_3D('',#2670,#2671,#2672);
#2670=CARTESIAN_POINT('',(-127.,-219.970453,0.));
#2671=DIRECTION('',(0.,0.,-1.));
#2672=DIRECTION('',(1.,0.,0.));
#2673=FACE_OUTER_BOUND('',#2674,.T.);
#2674=EDGE_LOOP('',(#4897));
#2675=FACE_OUTER_BOUND('',#2676,.T.);
#2676=EDGE_LOOP('',(#4898));
#2677=CYLINDRICAL_SURFACE('',#2678,1.5);
#2678=AXIS2_PLACEMENT_3D('',#2679,#2680,#2681);
#2679=CARTESIAN_POINT('',(-135.364039,-193.319882,0.));
#2680=DIRECTION('',(0.,0.,-1.));
#2681=DIRECTION('',(1.,0.,0.));
#2682=FACE_OUTER_BOUND('',#2683,.T.);
#2683=EDGE_LOOP('',(#4899));
#2684=FACE_OUTER_BOUND('',#2685,.T.);
#2685=EDGE_LOOP('',(#4900));
#2686=CYLINDRICAL_SURFACE('',#2687,1.5);
#2687=AXIS2_PLACEMENT_3D('',#2688,#2689,#2690);
#2688=CARTESIAN_POINT('',(-145.688415,-208.064619,0.));
#2689=DIRECTION('',(0.,0.,-1.));
#2690=DIRECTION('',(1.,0.,0.));
#2691=FACE_OUTER_BOUND('',#2692,.T.);
#2692=EDGE_LOOP('',(#4901));
#2693=FACE_OUTER_BOUND('',#2694,.T.);
#2694=EDGE_LOOP('',(#4902));
#2695=CYLINDRICAL_SURFACE('',#2696,1.5);
#2696=AXIS2_PLACEMENT_3D('',#2697,#2698,#2699);
#2697=CARTESIAN_POINT('',(-151.697876,-180.786489,0.));
#2698=DIRECTION('',(0.,0.,-1.));
#2699=DIRECTION('',(1.,0.,0.));
#2700=FACE_OUTER_BOUND('',#2701,.T.);
#2701=EDGE_LOOP('',(#4903));
#2702=FACE_OUTER_BOUND('',#2703,.T.);
#2703=EDGE_LOOP('',(#4904));
#2704=CYLINDRICAL_SURFACE('',#2705,1.5);
#2705=AXIS2_PLACEMENT_3D('',#2706,#2707,#2708);
#2706=CARTESIAN_POINT('',(-163.268053,-194.575289,0.));
#2707=DIRECTION('',(0.,0.,-1.));
#2708=DIRECTION('',(1.,0.,0.));
#2709=FACE_OUTER_BOUND('',#2710,.T.);
#2710=EDGE_LOOP('',(#4905));
#2711=FACE_OUTER_BOUND('',#2712,.T.);
#2712=EDGE_LOOP('',(#4906));
#2713=CYLINDRICAL_SURFACE('',#2714,1.5);
#2714=AXIS2_PLACEMENT_3D('',#2715,#2716,#2717);
#2715=CARTESIAN_POINT('',(-166.8772,-166.8772,0.));
#2716=DIRECTION('',(0.,0.,-1.));
#2717=DIRECTION('',(1.,0.,0.));
#2718=FACE_OUTER_BOUND('',#2719,.T.);
#2719=EDGE_LOOP('',(#4907));
#2720=FACE_OUTER_BOUND('',#2721,.T.);
#2721=EDGE_LOOP('',(#4908));
#2722=CYLINDRICAL_SURFACE('',#2723,1.5);
#2723=AXIS2_PLACEMENT_3D('',#2724,#2725,#2726);
#2724=CARTESIAN_POINT('',(-179.605122,-179.605122,0.));
#2725=DIRECTION('',(0.,0.,-1.));
#2726=DIRECTION('',(1.,0.,0.));
#2727=FACE_OUTER_BOUND('',#2728,.T.);
#2728=EDGE_LOOP('',(#4909));
#2729=FACE_OUTER_BOUND('',#2730,.T.);
#2730=EDGE_LOOP('',(#4910));
#2731=CYLINDRICAL_SURFACE('',#2732,1.5);
#2732=AXIS2_PLACEMENT_3D('',#2733,#2734,#2735);
#2733=CARTESIAN_POINT('',(-180.786489,-151.697876,0.));
#2734=DIRECTION('',(0.,0.,-1.));
#2735=DIRECTION('',(1.,0.,0.));
#2736=FACE_OUTER_BOUND('',#2737,.T.);
#2737=EDGE_LOOP('',(#4911));
#2738=FACE_OUTER_BOUND('',#2739,.T.);
#2739=EDGE_LOOP('',(#4912));
#2740=CYLINDRICAL_SURFACE('',#2741,1.5);
#2741=AXIS2_PLACEMENT_3D('',#2742,#2743,#2744);
#2742=CARTESIAN_POINT('',(-194.575289,-163.268053,0.));
#2743=DIRECTION('',(0.,0.,-1.));
#2744=DIRECTION('',(1.,0.,0.));
#2745=FACE_OUTER_BOUND('',#2746,.T.);
#2746=EDGE_LOOP('',(#4913));
#2747=FACE_OUTER_BOUND('',#2748,.T.);
#2748=EDGE_LOOP('',(#4914));
#2749=CYLINDRICAL_SURFACE('',#2750,1.5);
#2750=AXIS2_PLACEMENT_3D('',#2751,#2752,#2753);
#2751=CARTESIAN_POINT('',(-193.319882,-135.364039,0.));
#2752=DIRECTION('',(0.,0.,-1.));
#2753=DIRECTION('',(1.,0.,0.));
#2754=FACE_OUTER_BOUND('',#2755,.T.);
#2755=EDGE_LOOP('',(#4915));
#2756=FACE_OUTER_BOUND('',#2757,.T.);
#2757=EDGE_LOOP('',(#4916));
#2758=CYLINDRICAL_SURFACE('',#2759,1.5);
#2759=AXIS2_PLACEMENT_3D('',#2760,#2761,#2762);
#2760=CARTESIAN_POINT('',(-208.064619,-145.688415,0.));
#2761=DIRECTION('',(0.,0.,-1.));
#2762=DIRECTION('',(1.,0.,0.));
#2763=FACE_OUTER_BOUND('',#2764,.T.);
#2764=EDGE_LOOP('',(#4917));
#2765=FACE_OUTER_BOUND('',#2766,.T.);
#2766=EDGE_LOOP('',(#4918));
#2767=CYLINDRICAL_SURFACE('',#2768,1.5);
#2768=AXIS2_PLACEMENT_3D('',#2769,#2770,#2771);
#2769=CARTESIAN_POINT('',(-204.381995,-118.,0.));
#2770=DIRECTION('',(0.,0.,-1.));
#2771=DIRECTION('',(1.,0.,0.));
#2772=FACE_OUTER_BOUND('',#2773,.T.);
#2773=EDGE_LOOP('',(#4919));
#2774=FACE_OUTER_BOUND('',#2775,.T.);
#2775=EDGE_LOOP('',(#4920));
#2776=CYLINDRICAL_SURFACE('',#2777,1.5);
#2777=AXIS2_PLACEMENT_3D('',#2778,#2779,#2780);
#2778=CARTESIAN_POINT('',(-219.970453,-127.,0.));
#2779=DIRECTION('',(0.,0.,-1.));
#2780=DIRECTION('',(1.,0.,0.));
#2781=FACE_OUTER_BOUND('',#2782,.T.);
#2782=EDGE_LOOP('',(#4921));
#2783=FACE_OUTER_BOUND('',#2784,.T.);
#2784=EDGE_LOOP('',(#4922));
#2785=CYLINDRICAL_SURFACE('',#2786,1.5);
#2786=AXIS2_PLACEMENT_3D('',#2787,#2788,#2789);
#2787=CARTESIAN_POINT('',(-213.888638,-99.73791,0.));
#2788=DIRECTION('',(0.,0.,-1.));
#2789=DIRECTION('',(1.,0.,0.));
#2790=FACE_OUTER_BOUND('',#2791,.T.);
#2791=EDGE_LOOP('',(#4923));
#2792=FACE_OUTER_BOUND('',#2793,.T.);
#2793=EDGE_LOOP('',(#4924));
#2794=CYLINDRICAL_SURFACE('',#2795,1.5);
#2795=AXIS2_PLACEMENT_3D('',#2796,#2797,#2798);
#2796=CARTESIAN_POINT('',(-230.202178,-107.345038,0.));
#2797=DIRECTION('',(0.,0.,-1.));
#2798=DIRECTION('',(1.,0.,0.));
#2799=FACE_OUTER_BOUND('',#2800,.T.);
#2800=EDGE_LOOP('',(#4925));
#2801=FACE_OUTER_BOUND('',#2802,.T.);
#2802=EDGE_LOOP('',(#4926));
#2803=CYLINDRICAL_SURFACE('',#2804,1.5);
#2804=AXIS2_PLACEMENT_3D('',#2805,#2806,#2807);
#2805=CARTESIAN_POINT('',(-221.767459,-80.716754,0.));
#2806=DIRECTION('',(0.,0.,-1.));
#2807=DIRECTION('',(1.,0.,0.));
#2808=FACE_OUTER_BOUND('',#2809,.T.);
#2809=EDGE_LOOP('',(#4927));
#2810=FACE_OUTER_BOUND('',#2811,.T.);
#2811=EDGE_LOOP('',(#4928));
#2812=CYLINDRICAL_SURFACE('',#2813,1.5);
#2813=AXIS2_PLACEMENT_3D('',#2814,#2815,#2816);
#2814=CARTESIAN_POINT('',(-238.681926,-86.873116,0.));
#2815=DIRECTION('',(0.,0.,-1.));
#2816=DIRECTION('',(1.,0.,0.));
#2817=FACE_OUTER_BOUND('',#2818,.T.);
#2818=EDGE_LOOP('',(#4929));
#2819=FACE_OUTER_BOUND('',#2820,.T.);
#2820=EDGE_LOOP('',(#4930));
#2821=CYLINDRICAL_SURFACE('',#2822,1.5);
#2822=AXIS2_PLACEMENT_3D('',#2823,#2824,#2825);
#2823=CARTESIAN_POINT('',(-227.958495,-61.081295,0.));
#2824=DIRECTION('',(0.,0.,-1.));
#2825=DIRECTION('',(1.,0.,0.));
#2826=FACE_OUTER_BOUND('',#2827,.T.);
#2827=EDGE_LOOP('',(#4931));
#2828=FACE_OUTER_BOUND('',#2829,.T.);
#2829=EDGE_LOOP('',(#4932));
#2830=CYLINDRICAL_SURFACE('',#2831,1.5);
#2831=AXIS2_PLACEMENT_3D('',#2832,#2833,#2834);
#2832=CARTESIAN_POINT('',(-245.34516,-65.740037,0.));
#2833=DIRECTION('',(0.,0.,-1.));
#2834=DIRECTION('',(1.,0.,0.));
#2835=FACE_OUTER_BOUND('',#2836,.T.);
#2836=EDGE_LOOP('',(#4933));
#2837=FACE_OUTER_BOUND('',#2838,.T.);
#2838=EDGE_LOOP('',(#4934));
#2839=CYLINDRICAL_SURFACE('',#2840,1.5);
#2840=AXIS2_PLACEMENT_3D('',#2841,#2842,#2843);
#2841=CARTESIAN_POINT('',(-232.41463,-40.98097,0.));
#2842=DIRECTION('',(0.,0.,-1.));
#2843=DIRECTION('',(1.,0.,0.));
#2844=FACE_OUTER_BOUND('',#2845,.T.);
#2845=EDGE_LOOP('',(#4935));
#2846=FACE_OUTER_BOUND('',#2847,.T.);
#2847=EDGE_LOOP('',(#4936));
#2848=CYLINDRICAL_SURFACE('',#2849,1.5);
#2849=AXIS2_PLACEMENT_3D('',#2850,#2851,#2852);
#2850=CARTESIAN_POINT('',(-250.141169,-44.106637,0.));
#2851=DIRECTION('',(0.,0.,-1.));
#2852=DIRECTION('',(1.,0.,0.));
#2853=FACE_OUTER_BOUND('',#2854,.T.);
#2854=EDGE_LOOP('',(#4937));
#2855=FACE_OUTER_BOUND('',#2856,.T.);
#2856=EDGE_LOOP('',(#4938));
#2857=CYLINDRICAL_SURFACE('',#2858,1.5);
#2858=AXIS2_PLACEMENT_3D('',#2859,#2860,#2861);
#2859=CARTESIAN_POINT('',(-235.101949,-20.568755,0.));
#2860=DIRECTION('',(0.,0.,-1.));
#2861=DIRECTION('',(1.,0.,0.));
#2862=FACE_OUTER_BOUND('',#2863,.T.);
#2863=EDGE_LOOP('',(#4939));
#2864=FACE_OUTER_BOUND('',#2865,.T.);
#2865=EDGE_LOOP('',(#4940));
#2866=CYLINDRICAL_SURFACE('',#2867,1.5);
#2867=AXIS2_PLACEMENT_3D('',#2868,#2869,#2870);
#2868=CARTESIAN_POINT('',(-253.033453,-22.137559,0.));
#2869=DIRECTION('',(0.,0.,-1.));
#2870=DIRECTION('',(1.,0.,0.));
#2871=FACE_OUTER_BOUND('',#2872,.T.);
#2872=EDGE_LOOP('',(#4941));
#2873=FACE_OUTER_BOUND('',#2874,.T.);
#2874=EDGE_LOOP('',(#4942));
#2875=CYLINDRICAL_SURFACE('',#2876,1.5);
#2876=AXIS2_PLACEMENT_3D('',#2877,#2878,#2879);
#2877=CARTESIAN_POINT('',(-254.,0.,0.));
#2878=DIRECTION('',(0.,0.,-1.));
#2879=DIRECTION('',(1.,0.,0.));
#2880=FACE_OUTER_BOUND('',#2881,.T.);
#2881=EDGE_LOOP('',(#4943));
#2882=FACE_OUTER_BOUND('',#2883,.T.);
#2883=EDGE_LOOP('',(#4944));
#2884=CYLINDRICAL_SURFACE('',#2885,1.5);
#2885=AXIS2_PLACEMENT_3D('',#2886,#2887,#2888);
#2886=CARTESIAN_POINT('',(-236.,0.,0.));
#2887=DIRECTION('',(0.,0.,-1.));
#2888=DIRECTION('',(1.,0.,0.));
#2889=FACE_OUTER_BOUND('',#2890,.T.);
#2890=EDGE_LOOP('',(#4945));
#2891=FACE_OUTER_BOUND('',#2892,.T.);
#2892=EDGE_LOOP('',(#4946));
#2893=CYLINDRICAL_SURFACE('',#2894,1.5);
#2894=AXIS2_PLACEMENT_3D('',#2895,#2896,#2897);
#2895=CARTESIAN_POINT('',(-253.033453,22.137559,0.));
#2896=DIRECTION('',(0.,0.,-1.));
#2897=DIRECTION('',(1.,0.,0.));
#2898=FACE_OUTER_BOUND('',#2899,.T.);
#2899=EDGE_LOOP('',(#4947));
#2900=FACE_OUTER_BOUND('',#2901,.T.);
#2901=EDGE_LOOP('',(#4948));
#2902=CYLINDRICAL_SURFACE('',#2903,1.5);
#2903=AXIS2_PLACEMENT_3D('',#2904,#2905,#2906);
#2904=CARTESIAN_POINT('',(-235.101949,20.568755,0.));
#2905=DIRECTION('',(0.,0.,-1.));
#2906=DIRECTION('',(1.,0.,0.));
#2907=FACE_OUTER_BOUND('',#2908,.T.);
#2908=EDGE_LOOP('',(#4949));
#2909=FACE_OUTER_BOUND('',#2910,.T.);
#2910=EDGE_LOOP('',(#4950));
#2911=CYLINDRICAL_SURFACE('',#2912,1.5);
#2912=AXIS2_PLACEMENT_3D('',#2913,#2914,#2915);
#2913=CARTESIAN_POINT('',(-250.141169,44.106637,0.));
#2914=DIRECTION('',(0.,0.,-1.));
#2915=DIRECTION('',(1.,0.,0.));
#2916=FACE_OUTER_BOUND('',#2917,.T.);
#2917=EDGE_LOOP('',(#4951));
#2918=FACE_OUTER_BOUND('',#2919,.T.);
#2919=EDGE_LOOP('',(#4952));
#2920=CYLINDRICAL_SURFACE('',#2921,1.5);
#2921=AXIS2_PLACEMENT_3D('',#2922,#2923,#2924);
#2922=CARTESIAN_POINT('',(-232.41463,40.98097,0.));
#2923=DIRECTION('',(0.,0.,-1.));
#2924=DIRECTION('',(1.,0.,0.));
#2925=FACE_OUTER_BOUND('',#2926,.T.);
#2926=EDGE_LOOP('',(#4953));
#2927=FACE_OUTER_BOUND('',#2928,.T.);
#2928=EDGE_LOOP('',(#4954));
#2929=CYLINDRICAL_SURFACE('',#2930,1.5);
#2930=AXIS2_PLACEMENT_3D('',#2931,#2932,#2933);
#2931=CARTESIAN_POINT('',(-245.34516,65.740037,0.));
#2932=DIRECTION('',(0.,0.,-1.));
#2933=DIRECTION('',(1.,0.,0.));
#2934=FACE_OUTER_BOUND('',#2935,.T.);
#2935=EDGE_LOOP('',(#4955));
#2936=FACE_OUTER_BOUND('',#2937,.T.);
#2937=EDGE_LOOP('',(#4956));
#2938=CYLINDRICAL_SURFACE('',#2939,1.5);
#2939=AXIS2_PLACEMENT_3D('',#2940,#2941,#2942);
#2940=CARTESIAN_POINT('',(-227.958495,61.081295,0.));
#2941=DIRECTION('',(0.,0.,-1.));
#2942=DIRECTION('',(1.,0.,0.));
#2943=FACE_OUTER_BOUND('',#2944,.T.);
#2944=EDGE_LOOP('',(#4957));
#2945=FACE_OUTER_BOUND('',#2946,.T.);
#2946=EDGE_LOOP('',(#4958));
#2947=CYLINDRICAL_SURFACE('',#2948,1.5);
#2948=AXIS2_PLACEMENT_3D('',#2949,#2950,#2951);
#2949=CARTESIAN_POINT('',(-238.681926,86.873116,0.));
#2950=DIRECTION('',(0.,0.,-1.));
#2951=DIRECTION('',(1.,0.,0.));
#2952=FACE_OUTER_BOUND('',#2953,.T.);
#2953=EDGE_LOOP('',(#4959));
#2954=FACE_OUTER_BOUND('',#2955,.T.);
#2955=EDGE_LOOP('',(#4960));
#2956=CYLINDRICAL_SURFACE('',#2957,1.5);
#2957=AXIS2_PLACEMENT_3D('',#2958,#2959,#2960);
#2958=CARTESIAN_POINT('',(-221.767459,80.716754,0.));
#2959=DIRECTION('',(0.,0.,-1.));
#2960=DIRECTION('',(1.,0.,0.));
#2961=FACE_OUTER_BOUND('',#2962,.T.);
#2962=EDGE_LOOP('',(#4961));
#2963=FACE_OUTER_BOUND('',#2964,.T.);
#2964=EDGE_LOOP('',(#4962));
#2965=CYLINDRICAL_SURFACE('',#2966,1.5);
#2966=AXIS2_PLACEMENT_3D('',#2967,#2968,#2969);
#2967=CARTESIAN_POINT('',(-230.202178,107.345038,0.));
#2968=DIRECTION('',(0.,0.,-1.));
#2969=DIRECTION('',(1.,0.,0.));
#2970=FACE_OUTER_BOUND('',#2971,.T.);
#2971=EDGE_LOOP('',(#4963));
#2972=FACE_OUTER_BOUND('',#2973,.T.);
#2973=EDGE_LOOP('',(#4964));
#2974=CYLINDRICAL_SURFACE('',#2975,1.5);
#2975=AXIS2_PLACEMENT_3D('',#2976,#2977,#2978);
#2976=CARTESIAN_POINT('',(-213.888638,99.73791,0.));
#2977=DIRECTION('',(0.,0.,-1.));
#2978=DIRECTION('',(1.,0.,0.));
#2979=FACE_OUTER_BOUND('',#2980,.T.);
#2980=EDGE_LOOP('',(#4965));
#2981=FACE_OUTER_BOUND('',#2982,.T.);
#2982=EDGE_LOOP('',(#4966));
#2983=CYLINDRICAL_SURFACE('',#2984,1.5);
#2984=AXIS2_PLACEMENT_3D('',#2985,#2986,#2987);
#2985=CARTESIAN_POINT('',(-219.970453,127.,0.));
#2986=DIRECTION('',(0.,0.,-1.));
#2987=DIRECTION('',(1.,0.,0.));
#2988=FACE_OUTER_BOUND('',#2989,.T.);
#2989=EDGE_LOOP('',(#4967));
#2990=FACE_OUTER_BOUND('',#2991,.T.);
#2991=EDGE_LOOP('',(#4968));
#2992=CYLINDRICAL_SURFACE('',#2993,1.5);
#2993=AXIS2_PLACEMENT_3D('',#2994,#2995,#2996);
#2994=CARTESIAN_POINT('',(-204.381995,118.,0.));
#2995=DIRECTION('',(0.,0.,-1.));
#2996=DIRECTION('',(1.,0.,0.));
#2997=FACE_OUTER_BOUND('',#2998,.T.);
#2998=EDGE_LOOP('',(#4969));
#2999=FACE_OUTER_BOUND('',#3000,.T.);
#3000=EDGE_LOOP('',(#4970));
#3001=CYLINDRICAL_SURFACE('',#3002,1.5);
#3002=AXIS2_PLACEMENT_3D('',#3003,#3004,#3005);
#3003=CARTESIAN_POINT('',(-208.064619,145.688415,0.));
#3004=DIRECTION('',(0.,0.,-1.));
#3005=DIRECTION('',(1.,0.,0.));
#3006=FACE_OUTER_BOUND('',#3007,.T.);
#3007=EDGE_LOOP('',(#4971));
#3008=FACE_OUTER_BOUND('',#3009,.T.);
#3009=EDGE_LOOP('',(#4972));
#3010=CYLINDRICAL_SURFACE('',#3011,1.5);
#3011=AXIS2_PLACEMENT_3D('',#3012,#3013,#3014);
#3012=CARTESIAN_POINT('',(-193.319882,135.364039,0.));
#3013=DIRECTION('',(0.,0.,-1.));
#3014=DIRECTION('',(1.,0.,0.));
#3015=FACE_OUTER_BOUND('',#3016,.T.);
#3016=EDGE_LOOP('',(#4973));
#3017=FACE_OUTER_BOUND('',#3018,.T.);
#3018=EDGE_LOOP('',(#4974));
#3019=CYLINDRICAL_SURFACE('',#3020,1.5);
#3020=AXIS2_PLACEMENT_3D('',#3021,#3022,#3023);
#3021=CARTESIAN_POINT('',(-194.575289,163.268053,0.));
#3022=DIRECTION('',(0.,0.,-1.));
#3023=DIRECTION('',(1.,0.,0.));
#3024=FACE_OUTER_BOUND('',#3025,.T.);
#3025=EDGE_LOOP('',(#4975));
#3026=FACE_OUTER_BOUND('',#3027,.T.);
#3027=EDGE_LOOP('',(#4976));
#3028=CYLINDRICAL_SURFACE('',#3029,1.5);
#3029=AXIS2_PLACEMENT_3D('',#3030,#3031,#3032);
#3030=CARTESIAN_POINT('',(-180.786489,151.697876,0.));
#3031=DIRECTION('',(0.,0.,-1.));
#3032=DIRECTION('',(1.,0.,0.));
#3033=FACE_OUTER_BOUND('',#3034,.T.);
#3034=EDGE_LOOP('',(#4977));
#3035=FACE_OUTER_BOUND('',#3036,.T.);
#3036=EDGE_LOOP('',(#4978));
#3037=CYLINDRICAL_SURFACE('',#3038,1.5);
#3038=AXIS2_PLACEMENT_3D('',#3039,#3040,#3041);
#3039=CARTESIAN_POINT('',(-179.605122,179.605122,0.));
#3040=DIRECTION('',(0.,0.,-1.));
#3041=DIRECTION('',(1.,0.,0.));
#3042=FACE_OUTER_BOUND('',#3043,.T.);
#3043=EDGE_LOOP('',(#4979));
#3044=FACE_OUTER_BOUND('',#3045,.T.);
#3045=EDGE_LOOP('',(#4980));
#3046=CYLINDRICAL_SURFACE('',#3047,1.5);
#3047=AXIS2_PLACEMENT_3D('',#3048,#3049,#3050);
#3048=CARTESIAN_POINT('',(-166.8772,166.8772,0.));
#3049=DIRECTION('',(0.,0.,-1.));
#3050=DIRECTION('',(1.,0.,0.));
#3051=FACE_OUTER_BOUND('',#3052,.T.);
#3052=EDGE_LOOP('',(#4981));
#3053=FACE_OUTER_BOUND('',#3054,.T.);
#3054=EDGE_LOOP('',(#4982));
#3055=CYLINDRICAL_SURFACE('',#3056,1.5);
#3056=AXIS2_PLACEMENT_3D('',#3057,#3058,#3059);
#3057=CARTESIAN_POINT('',(-163.268053,194.575289,0.));
#3058=DIRECTION('',(0.,0.,-1.));
#3059=DIRECTION('',(1.,0.,0.));
#3060=FACE_OUTER_BOUND('',#3061,.T.);
#3061=EDGE_LOOP('',(#4983));
#3062=FACE_OUTER_BOUND('',#3063,.T.);
#3063=EDGE_LOOP('',(#4984));
#3064=CYLINDRICAL_SURFACE('',#3065,1.5);
#3065=AXIS2_PLACEMENT_3D('',#3066,#3067,#3068);
#3066=CARTESIAN_POINT('',(-151.697876,180.786489,0.));
#3067=DIRECTION('',(0.,0.,-1.));
#3068=DIRECTION('',(1.,0.,0.));
#3069=FACE_OUTER_BOUND('',#3070,.T.);
#3070=EDGE_LOOP('',(#4985));
#3071=FACE_OUTER_BOUND('',#3072,.T.);
#3072=EDGE_LOOP('',(#4986));
#3073=CYLINDRICAL_SURFACE('',#3074,1.5);
#3074=AXIS2_PLACEMENT_3D('',#3075,#3076,#3077);
#3075=CARTESIAN_POINT('',(-145.688415,208.064619,0.));
#3076=DIRECTION('',(0.,0.,-1.));
#3077=DIRECTION('',(1.,0.,0.));
#3078=FACE_OUTER_BOUND('',#3079,.T.);
#3079=EDGE_LOOP('',(#4987));
#3080=FACE_OUTER_BOUND('',#3081,.T.);
#3081=EDGE_LOOP('',(#4988));
#3082=CYLINDRICAL_SURFACE('',#3083,1.5);
#3083=AXIS2_PLACEMENT_3D('',#3084,#3085,#3086);
#3084=CARTESIAN_POINT('',(-135.364039,193.319882,0.));
#3085=DIRECTION('',(0.,0.,-1.));
#3086=DIRECTION('',(1.,0.,0.));
#3087=FACE_OUTER_BOUND('',#3088,.T.);
#3088=EDGE_LOOP('',(#4989));
#3089=FACE_OUTER_BOUND('',#3090,.T.);
#3090=EDGE_LOOP('',(#4990));
#3091=CYLINDRICAL_SURFACE('',#3092,1.5);
#3092=AXIS2_PLACEMENT_3D('',#3093,#3094,#3095);
#3093=CARTESIAN_POINT('',(-127.,219.970453,0.));
#3094=DIRECTION('',(0.,0.,-1.));
#3095=DIRECTION('',(1.,0.,0.));
#3096=FACE_OUTER_BOUND('',#3097,.T.);
#3097=EDGE_LOOP('',(#4991));
#3098=FACE_OUTER_BOUND('',#3099,.T.);
#3099=EDGE_LOOP('',(#4992));
#3100=CYLINDRICAL_SURFACE('',#3101,1.5);
#3101=AXIS2_PLACEMENT_3D('',#3102,#3103,#3104);
#3102=CARTESIAN_POINT('',(-118.,204.381995,0.));
#3103=DIRECTION('',(0.,0.,-1.));
#3104=DIRECTION('',(1.,0.,0.));
#3105=FACE_OUTER_BOUND('',#3106,.T.);
#3106=EDGE_LOOP('',(#4993));
#3107=FACE_OUTER_BOUND('',#3108,.T.);
#3108=EDGE_LOOP('',(#4994));
#3109=CYLINDRICAL_SURFACE('',#3110,1.5);
#3110=AXIS2_PLACEMENT_3D('',#3111,#3112,#3113);
#3111=CARTESIAN_POINT('',(-107.345038,230.202178,0.));
#3112=DIRECTION('',(0.,0.,-1.));
#3113=DIRECTION('',(1.,0.,0.));
#3114=FACE_OUTER_BOUND('',#3115,.T.);
#3115=EDGE_LOOP('',(#4995));
#3116=FACE_OUTER_BOUND('',#3117,.T.);
#3117=EDGE_LOOP('',(#4996));
#3118=CYLINDRICAL_SURFACE('',#3119,1.5);
#3119=AXIS2_PLACEMENT_3D('',#3120,#3121,#3122);
#3120=CARTESIAN_POINT('',(-99.73791,213.888638,0.));
#3121=DIRECTION('',(0.,0.,-1.));
#3122=DIRECTION('',(1.,0.,0.));
#3123=FACE_OUTER_BOUND('',#3124,.T.);
#3124=EDGE_LOOP('',(#4997));
#3125=FACE_OUTER_BOUND('',#3126,.T.);
#3126=EDGE_LOOP('',(#4998));
#3127=CYLINDRICAL_SURFACE('',#3128,1.5);
#3128=AXIS2_PLACEMENT_3D('',#3129,#3130,#3131);
#3129=CARTESIAN_POINT('',(-86.873116,238.681926,0.));
#3130=DIRECTION('',(0.,0.,-1.));
#3131=DIRECTION('',(1.,0.,0.));
#3132=FACE_OUTER_BOUND('',#3133,.T.);
#3133=EDGE_LOOP('',(#4999));
#3134=FACE_OUTER_BOUND('',#3135,.T.);
#3135=EDGE_LOOP('',(#5000));
#3136=CYLINDRICAL_SURFACE('',#3137,1.5);
#3137=AXIS2_PLACEMENT_3D('',#3138,#3139,#3140);
#3138=CARTESIAN_POINT('',(-80.716754,221.767459,0.));
#3139=DIRECTION('',(0.,0.,-1.));
#3140=DIRECTION('',(1.,0.,0.));
#3141=FACE_OUTER_BOUND('',#3142,.T.);
#3142=EDGE_LOOP('',(#5001));
#3143=FACE_OUTER_BOUND('',#3144,.T.);
#3144=EDGE_LOOP('',(#5002));
#3145=CYLINDRICAL_SURFACE('',#3146,1.5);
#3146=AXIS2_PLACEMENT_3D('',#3147,#3148,#3149);
#3147=CARTESIAN_POINT('',(-65.740037,245.34516,0.));
#3148=DIRECTION('',(0.,0.,-1.));
#3149=DIRECTION('',(1.,0.,0.));
#3150=FACE_OUTER_BOUND('',#3151,.T.);
#3151=EDGE_LOOP('',(#5003));
#3152=FACE_OUTER_BOUND('',#3153,.T.);
#3153=EDGE_LOOP('',(#5004));
#3154=CYLINDRICAL_SURFACE('',#3155,1.5);
#3155=AXIS2_PLACEMENT_3D('',#3156,#3157,#3158);
#3156=CARTESIAN_POINT('',(-61.081295,227.958495,0.));
#3157=DIRECTION('',(0.,0.,-1.));
#3158=DIRECTION('',(1.,0.,0.));
#3159=FACE_OUTER_BOUND('',#3160,.T.);
#3160=EDGE_LOOP('',(#5005));
#3161=FACE_OUTER_BOUND('',#3162,.T.);
#3162=EDGE_LOOP('',(#5006));
#3163=CYLINDRICAL_SURFACE('',#3164,1.5);
#3164=AXIS2_PLACEMENT_3D('',#3165,#3166,#3167);
#3165=CARTESIAN_POINT('',(-44.106637,250.141169,0.));
#3166=DIRECTION('',(0.,0.,-1.));
#3167=DIRECTION('',(1.,0.,0.));
#3168=FACE_OUTER_BOUND('',#3169,.T.);
#3169=EDGE_LOOP('',(#5007));
#3170=FACE_OUTER_BOUND('',#3171,.T.);
#3171=EDGE_LOOP('',(#5008));
#3172=CYLINDRICAL_SURFACE('',#3173,1.5);
#3173=AXIS2_PLACEMENT_3D('',#3174,#3175,#3176);
#3174=CARTESIAN_POINT('',(-40.98097,232.41463,0.));
#3175=DIRECTION('',(0.,0.,-1.));
#3176=DIRECTION('',(1.,0.,0.));
#3177=FACE_OUTER_BOUND('',#3178,.T.);
#3178=EDGE_LOOP('',(#5009));
#3179=FACE_OUTER_BOUND('',#3180,.T.);
#3180=EDGE_LOOP('',(#5010));
#3181=CYLINDRICAL_SURFACE('',#3182,1.5);
#3182=AXIS2_PLACEMENT_3D('',#3183,#3184,#3185);
#3183=CARTESIAN_POINT('',(-22.137559,253.033453,0.));
#3184=DIRECTION('',(0.,0.,-1.));
#3185=DIRECTION('',(1.,0.,0.));
#3186=FACE_OUTER_BOUND('',#3187,.T.);
#3187=EDGE_LOOP('',(#5011));
#3188=FACE_OUTER_BOUND('',#3189,.T.);
#3189=EDGE_LOOP('',(#5012));
#3190=CYLINDRICAL_SURFACE('',#3191,1.5);
#3191=AXIS2_PLACEMENT_3D('',#3192,#3193,#3194);
#3192=CARTESIAN_POINT('',(-20.568755,235.101949,0.));
#3193=DIRECTION('',(0.,0.,-1.));
#3194=DIRECTION('',(1.,0.,0.));
#3195=FACE_OUTER_BOUND('',#3196,.T.);
#3196=EDGE_LOOP('',(#5013));
#3197=FACE_OUTER_BOUND('',#3198,.T.);
#3198=EDGE_LOOP('',(#5014));
#3199=CYLINDRICAL_SURFACE('',#3200,1.5);
#3200=AXIS2_PLACEMENT_3D('',#3201,#3202,#3203);
#3201=CARTESIAN_POINT('',(0.,254.,0.));
#3202=DIRECTION('',(0.,0.,-1.));
#3203=DIRECTION('',(1.,0.,0.));
#3204=FACE_OUTER_BOUND('',#3205,.T.);
#3205=EDGE_LOOP('',(#5015));
#3206=FACE_OUTER_BOUND('',#3207,.T.);
#3207=EDGE_LOOP('',(#5016));
#3208=CYLINDRICAL_SURFACE('',#3209,1.5);
#3209=AXIS2_PLACEMENT_3D('',#3210,#3211,#3212);
#3210=CARTESIAN_POINT('',(0.,236.,0.));
#3211=DIRECTION('',(0.,0.,-1.));
#3212=DIRECTION('',(1.,0.,0.));
#3213=FACE_OUTER_BOUND('',#3214,.T.);
#3214=EDGE_LOOP('',(#5017));
#3215=FACE_OUTER_BOUND('',#3216,.T.);
#3216=EDGE_LOOP('',(#5018));
#3217=CYLINDRICAL_SURFACE('',#3218,1.5);
#3218=AXIS2_PLACEMENT_3D('',#3219,#3220,#3221);
#3219=CARTESIAN_POINT('',(22.137559,253.033453,0.));
#3220=DIRECTION('',(0.,0.,-1.));
#3221=DIRECTION('',(1.,0.,0.));
#3222=FACE_OUTER_BOUND('',#3223,.T.);
#3223=EDGE_LOOP('',(#5019));
#3224=FACE_OUTER_BOUND('',#3225,.T.);
#3225=EDGE_LOOP('',(#5020));
#3226=CYLINDRICAL_SURFACE('',#3227,1.5);
#3227=AXIS2_PLACEMENT_3D('',#3228,#3229,#3230);
#3228=CARTESIAN_POINT('',(20.568755,235.101949,0.));
#3229=DIRECTION('',(0.,0.,-1.));
#3230=DIRECTION('',(1.,0.,0.));
#3231=FACE_OUTER_BOUND('',#3232,.T.);
#3232=EDGE_LOOP('',(#5021));
#3233=FACE_OUTER_BOUND('',#3234,.T.);
#3234=EDGE_LOOP('',(#5022));
#3235=CYLINDRICAL_SURFACE('',#3236,1.5);
#3236=AXIS2_PLACEMENT_3D('',#3237,#3238,#3239);
#3237=CARTESIAN_POINT('',(44.106637,250.141169,0.));
#3238=DIRECTION('',(0.,0.,-1.));
#3239=DIRECTION('',(1.,0.,0.));
#3240=FACE_OUTER_BOUND('',#3241,.T.);
#3241=EDGE_LOOP('',(#5023));
#3242=FACE_OUTER_BOUND('',#3243,.T.);
#3243=EDGE_LOOP('',(#5024));
#3244=CYLINDRICAL_SURFACE('',#3245,1.5);
#3245=AXIS2_PLACEMENT_3D('',#3246,#3247,#3248);
#3246=CARTESIAN_POINT('',(40.98097,232.41463,0.));
#3247=DIRECTION('',(0.,0.,-1.));
#3248=DIRECTION('',(1.,0.,0.));
#3249=FACE_OUTER_BOUND('',#3250,.T.);
#3250=EDGE_LOOP('',(#5025));
#3251=FACE_OUTER_BOUND('',#3252,.T.);
#3252=EDGE_LOOP('',(#5026));
#3253=CYLINDRICAL_SURFACE('',#3254,1.5);
#3254=AXIS2_PLACEMENT_3D('',#3255,#3256,#3257);
#3255=CARTESIAN_POINT('',(65.740037,245.34516,0.));
#3256=DIRECTION('',(0.,0.,-1.));
#3257=DIRECTION('',(1.,0.,0.));
#3258=FACE_OUTER_BOUND('',#3259,.T.);
#3259=EDGE_LOOP('',(#5027));
#3260=FACE_OUTER_BOUND('',#3261,.T.);
#3261=EDGE_LOOP('',(#5028));
#3262=CYLINDRICAL_SURFACE('',#3263,1.5);
#3263=AXIS2_PLACEMENT_3D('',#3264,#3265,#3266);
#3264=CARTESIAN_POINT('',(61.081295,227.958495,0.));
#3265=DIRECTION('',(0.,0.,-1.));
#3266=DIRECTION('',(1.,0.,0.));
#3267=FACE_OUTER_BOUND('',#3268,.T.);
#3268=EDGE_LOOP('',(#5029));
#3269=FACE_OUTER_BOUND('',#3270,.T.);
#3270=EDGE_LOOP('',(#5030));
#3271=CYLINDRICAL_SURFACE('',#3272,1.5);
#3272=AXIS2_PLACEMENT_3D('',#3273,#3274,#3275);
#3273=CARTESIAN_POINT('',(86.873116,238.681926,0.));
#3274=DIRECTION('',(0.,0.,-1.));
#3275=DIRECTION('',(1.,0.,0.));
#3276=FACE_OUTER_BOUND('',#3277,.T.);
#3277=EDGE_LOOP('',(#5031));
#3278=FACE_OUTER_BOUND('',#3279,.T.);
#3279=EDGE_LOOP('',(#5032));
#3280=CYLINDRICAL_SURFACE('',#3281,1.5);
#3281=AXIS2_PLACEMENT_3D('',#3282,#3283,#3284);
#3282=CARTESIAN_POINT('',(80.716754,221.767459,0.));
#3283=DIRECTION('',(0.,0.,-1.));
#3284=DIRECTION('',(1.,0.,0.));
#3285=FACE_OUTER_BOUND('',#3286,.T.);
#3286=EDGE_LOOP('',(#5033));
#3287=FACE_OUTER_BOUND('',#3288,.T.);
#3288=EDGE_LOOP('',(#5034));
#3289=CYLINDRICAL_SURFACE('',#3290,1.5);
#3290=AXIS2_PLACEMENT_3D('',#3291,#3292,#3293);
#3291=CARTESIAN_POINT('',(107.345038,230.202178,0.));
#3292=DIRECTION('',(0.,0.,-1.));
#3293=DIRECTION('',(1.,0.,0.));
#3294=FACE_OUTER_BOUND('',#3295,.T.);
#3295=EDGE_LOOP('',(#5035));
#3296=FACE_OUTER_BOUND('',#3297,.T.);
#3297=EDGE_LOOP('',(#5036));
#3298=CYLINDRICAL_SURFACE('',#3299,1.5);
#3299=AXIS2_PLACEMENT_3D('',#3300,#3301,#3302);
#3300=CARTESIAN_POINT('',(99.73791,213.888638,0.));
#3301=DIRECTION('',(0.,0.,-1.));
#3302=DIRECTION('',(1.,0.,0.));
#3303=FACE_OUTER_BOUND('',#3304,.T.);
#3304=EDGE_LOOP('',(#5037));
#3305=FACE_OUTER_BOUND('',#3306,.T.);
#3306=EDGE_LOOP('',(#5038));
#3307=CYLINDRICAL_SURFACE('',#3308,1.5);
#3308=AXIS2_PLACEMENT_3D('',#3309,#3310,#3311);
#3309=CARTESIAN_POINT('',(127.,219.970453,0.));
#3310=DIRECTION('',(0.,0.,-1.));
#3311=DIRECTION('',(1.,0.,0.));
#3312=FACE_OUTER_BOUND('',#3313,.T.);
#3313=EDGE_LOOP('',(#5039));
#3314=FACE_OUTER_BOUND('',#3315,.T.);
#3315=EDGE_LOOP('',(#5040));
#3316=CYLINDRICAL_SURFACE('',#3317,1.5);
#3317=AXIS2_PLACEMENT_3D('',#3318,#3319,#3320);
#3318=CARTESIAN_POINT('',(118.,204.381995,0.));
#3319=DIRECTION('',(0.,0.,-1.));
#3320=DIRECTION('',(1.,0.,0.));
#3321=FACE_OUTER_BOUND('',#3322,.T.);
#3322=EDGE_LOOP('',(#5041));
#3323=FACE_OUTER_BOUND('',#3324,.T.);
#3324=EDGE_LOOP('',(#5042));
#3325=CYLINDRICAL_SURFACE('',#3326,1.5);
#3326=AXIS2_PLACEMENT_3D('',#3327,#3328,#3329);
#3327=CARTESIAN_POINT('',(145.688415,208.064619,0.));
#3328=DIRECTION('',(0.,0.,-1.));
#3329=DIRECTION('',(1.,0.,0.));
#3330=FACE_OUTER_BOUND('',#3331,.T.);
#3331=EDGE_LOOP('',(#5043));
#3332=FACE_OUTER_BOUND('',#3333,.T.);
#3333=EDGE_LOOP('',(#5044));
#3334=CYLINDRICAL_SURFACE('',#3335,1.5);
#3335=AXIS2_PLACEMENT_3D('',#3336,#3337,#3338);
#3336=CARTESIAN_POINT('',(135.364039,193.319882,0.));
#3337=DIRECTION('',(0.,0.,-1.));
#3338=DIRECTION('',(1.,0.,0.));
#3339=FACE_OUTER_BOUND('',#3340,.T.);
#3340=EDGE_LOOP('',(#5045));
#3341=FACE_OUTER_BOUND('',#3342,.T.);
#3342=EDGE_LOOP('',(#5046));
#3343=CYLINDRICAL_SURFACE('',#3344,1.5);
#3344=AXIS2_PLACEMENT_3D('',#3345,#3346,#3347);
#3345=CARTESIAN_POINT('',(163.268053,194.575289,0.));
#3346=DIRECTION('',(0.,0.,-1.));
#3347=DIRECTION('',(1.,0.,0.));
#3348=FACE_OUTER_BOUND('',#3349,.T.);
#3349=EDGE_LOOP('',(#5047));
#3350=FACE_OUTER_BOUND('',#3351,.T.);
#3351=EDGE_LOOP('',(#5048));
#3352=CYLINDRICAL_SURFACE('',#3353,1.5);
#3353=AXIS2_PLACEMENT_3D('',#3354,#3355,#3356);
#3354=CARTESIAN_POINT('',(151.697876,180.786489,0.));
#3355=DIRECTION('',(0.,0.,-1.));
#3356=DIRECTION('',(1.,0.,0.));
#3357=FACE_OUTER_BOUND('',#3358,.T.);
#3358=EDGE_LOOP('',(#5049));
#3359=FACE_OUTER_BOUND('',#3360,.T.);
#3360=EDGE_LOOP('',(#5050));
#3361=CYLINDRICAL_SURFACE('',#3362,1.5);
#3362=AXIS2_PLACEMENT_3D('',#3363,#3364,#3365);
#3363=CARTESIAN_POINT('',(179.605122,179.605122,0.));
#3364=DIRECTION('',(0.,0.,-1.));
#3365=DIRECTION('',(1.,0.,0.));
#3366=FACE_OUTER_BOUND('',#3367,.T.);
#3367=EDGE_LOOP('',(#5051));
#3368=FACE_OUTER_BOUND('',#3369,.T.);
#3369=EDGE_LOOP('',(#5052));
#3370=CYLINDRICAL_SURFACE('',#3371,1.5);
#3371=AXIS2_PLACEMENT_3D('',#3372,#3373,#3374);
#3372=CARTESIAN_POINT('',(166.8772,166.8772,0.));
#3373=DIRECTION('',(0.,0.,-1.));
#3374=DIRECTION('',(1.,0.,0.));
#3375=FACE_OUTER_BOUND('',#3376,.T.);
#3376=EDGE_LOOP('',(#5053));
#3377=FACE_OUTER_BOUND('',#3378,.T.);
#3378=EDGE_LOOP('',(#5054));
#3379=CYLINDRICAL_SURFACE('',#3380,1.5);
#3380=AXIS2_PLACEMENT_3D('',#3381,#3382,#3383);
#3381=CARTESIAN_POINT('',(194.575289,163.268053,0.));
#3382=DIRECTION('',(0.,0.,-1.));
#3383=DIRECTION('',(1.,0.,0.));
#3384=FACE_OUTER_BOUND('',#3385,.T.);
#3385=EDGE_LOOP('',(#5055));
#3386=FACE_OUTER_BOUND('',#3387,.T.);
#3387=EDGE_LOOP('',(#5056));
#3388=CYLINDRICAL_SURFACE('',#3389,1.5);
#3389=AXIS2_PLACEMENT_3D('',#3390,#3391,#3392);
#3390=CARTESIAN_POINT('',(180.786489,151.697876,0.));
#3391=DIRECTION('',(0.,0.,-1.));
#3392=DIRECTION('',(1.,0.,0.));
#3393=FACE_OUTER_BOUND('',#3394,.T.);
#3394=EDGE_LOOP('',(#5057));
#3395=FACE_OUTER_BOUND('',#3396,.T.);
#3396=EDGE_LOOP('',(#5058));
#3397=CYLINDRICAL_SURFACE('',#3398,1.5);
#3398=AXIS2_PLACEMENT_3D('',#3399,#3400,#3401);
#3399=CARTESIAN_POINT('',(208.064619,145.688415,0.));
#3400=DIRECTION('',(0.,0.,-1.));
#3401=DIRECTION('',(1.,0.,0.));
#3402=FACE_OUTER_BOUND('',#3403,.T.);
#3403=EDGE_LOOP('',(#5059));
#3404=FACE_OUTER_BOUND('',#3405,.T.);
#3405=EDGE_LOOP('',(#5060));
#3406=CYLINDRICAL_SURFACE('',#3407,1.5);
#3407=AXIS2_PLACEMENT_3D('',#3408,#3409,#3410);
#3408=CARTESIAN_POINT('',(193.319882,135.364039,0.));
#3409=DIRECTION('',(0.,0.,-1.));
#3410=DIRECTION('',(1.,0.,0.));
#3411=FACE_OUTER_BOUND('',#3412,.T.);
#3412=EDGE_LOOP('',(#5061));
#3413=FACE_OUTER_BOUND('',#3414,.T.);
#3414=EDGE_LOOP('',(#5062));
#3415=CYLINDRICAL_SURFACE('',#3416,1.5);
#3416=AXIS2_PLACEMENT_3D('',#3417,#3418,#3419);
#3417=CARTESIAN_POINT('',(219.970453,127.,0.));
#3418=DIRECTION('',(0.,0.,-1.));
#3419=DIRECTION('',(1.,0.,0.));
#3420=FACE_OUTER_BOUND('',#3421,.T.);
#3421=EDGE_LOOP('',(#5063));
#3422=FACE_OUTER_BOUND('',#3423,.T.);
#3423=EDGE_LOOP('',(#5064));
#3424=CYLINDRICAL_SURFACE('',#3425,1.5);
#3425=AXIS2_PLACEMENT_3D('',#3426,#3427,#3428);
#3426=CARTESIAN_POINT('',(204.381995,118.,0.));
#3427=DIRECTION('',(0.,0.,-1.));
#3428=DIRECTION('',(1.,0.,0.));
#3429=FACE_OUTER_BOUND('',#3430,.T.);
#3430=EDGE_LOOP('',(#5065));
#3431=FACE_OUTER_BOUND('',#3432,.T.);
#3432=EDGE_LOOP('',(#5066));
#3433=CYLINDRICAL_SURFACE('',#3434,1.5);
#3434=AXIS2_PLACEMENT_3D('',#3435,#3436,#3437);
#3435=CARTESIAN_POINT('',(230.202178,107.345038,0.));
#3436=DIRECTION('',(0.,0.,-1.));
#3437=DIRECTION('',(1.,0.,0.));
#3438=FACE_OUTER_BOUND('',#3439,.T.);
#3439=EDGE_LOOP('',(#5067));
#3440=FACE_OUTER_BOUND('',#3441,.T.);
#3441=EDGE_LOOP('',(#5068));
#3442=CYLINDRICAL_SURFACE('',#3443,1.5);
#3443=AXIS2_PLACEMENT_3D('',#3444,#3445,#3446);
#3444=CARTESIAN_POINT('',(213.888638,99.73791,0.));
#3445=DIRECTION('',(0.,0.,-1.));
#3446=DIRECTION('',(1.,0.,0.));
#3447=FACE_OUTER_BOUND('',#3448,.T.);
#3448=EDGE_LOOP('',(#5069));
#3449=FACE_OUTER_BOUND('',#3450,.T.);
#3450=EDGE_LOOP('',(#5070));
#3451=CYLINDRICAL_SURFACE('',#3452,1.5);
#3452=AXIS2_PLACEMENT_3D('',#3453,#3454,#3455);
#3453=CARTESIAN_POINT('',(238.681926,86.873116,0.));
#3454=DIRECTION('',(0.,0.,-1.));
#3455=DIRECTION('',(1.,0.,0.));
#3456=FACE_OUTER_BOUND('',#3457,.T.);
#3457=EDGE_LOOP('',(#5071));
#3458=FACE_OUTER_BOUND('',#3459,.T.);
#3459=EDGE_LOOP('',(#5072));
#3460=CYLINDRICAL_SURFACE('',#3461,1.5);
#3461=AXIS2_PLACEMENT_3D('',#3462,#3463,#3464);
#3462=CARTESIAN_POINT('',(221.767459,80.716754,0.));
#3463=DIRECTION('',(0.,0.,-1.));
#3464=DIRECTION('',(1.,0.,0.));
#3465=FACE_OUTER_BOUND('',#3466,.T.);
#3466=EDGE_LOOP('',(#5073));
#3467=FACE_OUTER_BOUND('',#3468,.T.);
#3468=EDGE_LOOP('',(#5074));
#3469=CYLINDRICAL_SURFACE('',#3470,1.5);
#3470=AXIS2_PLACEMENT_3D('',#3471,#3472,#3473);
#3471=CARTESIAN_POINT('',(245.34516,65.740037,0.));
#3472=DIRECTION('',(0.,0.,-1.));
#3473=DIRECTION('',(1.,0.,0.));
#3474=FACE_OUTER_BOUND('',#3475,.T.);
#3475=EDGE_LOOP('',(#5075));
#3476=FACE_OUTER_BOUND('',#3477,.T.);
#3477=EDGE_LOOP('',(#5076));
#3478=CYLINDRICAL_SURFACE('',#3479,1.5);
#3479=AXIS2_PLACEMENT_3D('',#3480,#3481,#3482);
#3480=CARTESIAN_POINT('',(227.958495,61.081295,0.));
#3481=DIRECTION('',(0.,0.,-1.));
#3482=DIRECTION('',(1.,0.,0.));
#3483=FACE_OUTER_BOUND('',#3484,.T.);
#3484=EDGE_LOOP('',(#5077));
#3485=FACE_OUTER_BOUND('',#3486,.T.);
#3486=EDGE_LOOP('',(#5078));
#3487=CYLINDRICAL_SURFACE('',#3488,1.5);
#3488=AXIS2_PLACEMENT_3D('',#3489,#3490,#3491);
#3489=CARTESIAN_POINT('',(250.141169,44.106637,0.));
#3490=DIRECTION('',(0.,0.,-1.));
#3491=DIRECTION('',(1.,0.,0.));
#3492=FACE_OUTER_BOUND('',#3493,.T.);
#3493=EDGE_LOOP('',(#5079));
#3494=FACE_OUTER_BOUND('',#3495,.T.);
#3495=EDGE_LOOP('',(#5080));
#3496=CYLINDRICAL_SURFACE('',#3497,1.5);
#3497=AXIS2_PLACEMENT_3D('',#3498,#3499,#3500);
#3498=CARTESIAN_POINT('',(232.41463,40.98097,0.));
#3499=DIRECTION('',(0.,0.,-1.));
#3500=DIRECTION('',(1.,0.,0.));
#3501=FACE_OUTER_BOUND('',#3502,.T.);
#3502=EDGE_LOOP('',(#5081));
#3503=FACE_OUTER_BOUND('',#3504,.T.);
#3504=EDGE_LOOP('',(#5082));
#3505=CYLINDRICAL_SURFACE('',#3506,1.5);
#3506=AXIS2_PLACEMENT_3D('',#3507,#3508,#3509);
#3507=CARTESIAN_POINT('',(253.033453,22.137559,0.));
#3508=DIRECTION('',(0.,0.,-1.));
#3509=DIRECTION('',(1.,0.,0.));
#3510=FACE_OUTER_BOUND('',#3511,.T.);
#3511=EDGE_LOOP('',(#5083));
#3512=FACE_OUTER_BOUND('',#3513,.T.);
#3513=EDGE_LOOP('',(#5084));
#3514=CYLINDRICAL_SURFACE('',#3515,1.5);
#3515=AXIS2_PLACEMENT_3D('',#3516,#3517,#3518);
#3516=CARTESIAN_POINT('',(235.101949,20.568755,0.));
#3517=DIRECTION('',(0.,0.,-1.));
#3518=DIRECTION('',(1.,0.,0.));
#3519=FACE_OUTER_BOUND('',#3520,.T.);
#3520=EDGE_LOOP('',(#5085));
#3521=FACE_OUTER_BOUND('',#3522,.T.);
#3522=EDGE_LOOP('',(#5086));
#3523=CYLINDRICAL_SURFACE('',#3524,1.5);
#3524=AXIS2_PLACEMENT_3D('',#3525,#3526,#3527);
#3525=CARTESIAN_POINT('',(236.,0.,0.));
#3526=DIRECTION('',(0.,0.,-1.));
#3527=DIRECTION('',(1.,0.,0.));
#3528=FACE_OUTER_BOUND('',#3529,.T.);
#3529=EDGE_LOOP('',(#5087));
#3530=FACE_OUTER_BOUND('',#3531,.T.);
#3531=EDGE_LOOP('',(#5088));
#3532=CYLINDRICAL_SURFACE('',#3533,1.5);
#3533=AXIS2_PLACEMENT_3D('',#3534,#3535,#3536);
#3534=CARTESIAN_POINT('',(254.,0.,0.));
#3535=DIRECTION('',(0.,0.,-1.));
#3536=DIRECTION('',(1.,0.,0.));
#3537=FACE_OUTER_BOUND('',#3538,.T.);
#3538=EDGE_LOOP('',(#5089));
#3539=FACE_OUTER_BOUND('',#3540,.T.);
#3540=EDGE_LOOP('',(#5090));
#3541=CYLINDRICAL_SURFACE('',#3542,1.5);
#3542=AXIS2_PLACEMENT_3D('',#3543,#3544,#3545);
#3543=CARTESIAN_POINT('',(235.101949,-20.568755,0.));
#3544=DIRECTION('',(0.,0.,-1.));
#3545=DIRECTION('',(1.,0.,0.));
#3546=FACE_OUTER_BOUND('',#3547,.T.);
#3547=EDGE_LOOP('',(#5091));
#3548=FACE_OUTER_BOUND('',#3549,.T.);
#3549=EDGE_LOOP('',(#5092));
#3550=CYLINDRICAL_SURFACE('',#3551,1.5);
#3551=AXIS2_PLACEMENT_3D('',#3552,#3553,#3554);
#3552=CARTESIAN_POINT('',(253.033453,-22.137559,0.));
#3553=DIRECTION('',(0.,0.,-1.));
#3554=DIRECTION('',(1.,0.,0.));
#3555=FACE_OUTER_BOUND('',#3556,.T.);
#3556=EDGE_LOOP('',(#5093));
#3557=FACE_OUTER_BOUND('',#3558,.T.);
#3558=EDGE_LOOP('',(#5094));
#3559=CYLINDRICAL_SURFACE('',#3560,1.5);
#3560=AXIS2_PLACEMENT_3D('',#3561,#3562,#3563);
#3561=CARTESIAN_POINT('',(232.41463,-40.98097,0.));
#3562=DIRECTION('',(0.,0.,-1.));
#3563=DIRECTION('',(1.,0.,0.));
#3564=FACE_OUTER_BOUND('',#3565,.T.);
#3565=EDGE_LOOP('',(#5095));
#3566=FACE_OUTER_BOUND('',#3567,.T.);
#3567=EDGE_LOOP('',(#5096));
#3568=CYLINDRICAL_SURFACE('',#3569,1.5);
#3569=AXIS2_PLACEMENT_3D('',#3570,#3571,#3572);
#3570=CARTESIAN_POINT('',(250.141169,-44.106637,0.));
#3571=DIRECTION('',(0.,0.,-1.));
#3572=DIRECTION('',(1.,0.,0.));
#3573=FACE_OUTER_BOUND('',#3574,.T.);
#3574=EDGE_LOOP('',(#5097));
#3575=FACE_OUTER_BOUND('',#3576,.T.);
#3576=EDGE_LOOP('',(#5098));
#3577=CYLINDRICAL_SURFACE('',#3578,1.5);
#3578=AXIS2_PLACEMENT_3D('',#3579,#3580,#3581);
#3579=CARTESIAN_POINT('',(227.958495,-61.081295,0.));
#3580=DIRECTION('',(0.,0.,-1.));
#3581=DIRECTION('',(1.,0.,0.));
#3582=FACE_OUTER_BOUND('',#3583,.T.);
#3583=EDGE_LOOP('',(#5099));
#3584=FACE_OUTER_BOUND('',#3585,.T.);
#3585=EDGE_LOOP('',(#5100));
#3586=CYLINDRICAL_SURFACE('',#3587,1.5);
#3587=AXIS2_PLACEMENT_3D('',#3588,#3589,#3590);
#3588=CARTESIAN_POINT('',(245.34516,-65.740037,0.));
#3589=DIRECTION('',(0.,0.,-1.));
#3590=DIRECTION('',(1.,0.,0.));
#3591=FACE_OUTER_BOUND('',#3592,.T.);
#3592=EDGE_LOOP('',(#5101));
#3593=FACE_OUTER_BOUND('',#3594,.T.);
#3594=EDGE_LOOP('',(#5102));
#3595=CYLINDRICAL_SURFACE('',#3596,1.5);
#3596=AXIS2_PLACEMENT_3D('',#3597,#3598,#3599);
#3597=CARTESIAN_POINT('',(221.767459,-80.716754,0.));
#3598=DIRECTION('',(0.,0.,-1.));
#3599=DIRECTION('',(1.,0.,0.));
#3600=FACE_OUTER_BOUND('',#3601,.T.);
#3601=EDGE_LOOP('',(#5103));
#3602=FACE_OUTER_BOUND('',#3603,.T.);
#3603=EDGE_LOOP('',(#5104));
#3604=CYLINDRICAL_SURFACE('',#3605,1.5);
#3605=AXIS2_PLACEMENT_3D('',#3606,#3607,#3608);
#3606=CARTESIAN_POINT('',(238.681926,-86.873116,0.));
#3607=DIRECTION('',(0.,0.,-1.));
#3608=DIRECTION('',(1.,0.,0.));
#3609=FACE_OUTER_BOUND('',#3610,.T.);
#3610=EDGE_LOOP('',(#5105));
#3611=FACE_OUTER_BOUND('',#3612,.T.);
#3612=EDGE_LOOP('',(#5106));
#3613=CYLINDRICAL_SURFACE('',#3614,1.5);
#3614=AXIS2_PLACEMENT_3D('',#3615,#3616,#3617);
#3615=CARTESIAN_POINT('',(213.888638,-99.73791,0.));
#3616=DIRECTION('',(0.,0.,-1.));
#3617=DIRECTION('',(1.,0.,0.));
#3618=FACE_OUTER_BOUND('',#3619,.T.);
#3619=EDGE_LOOP('',(#5107));
#3620=FACE_OUTER_BOUND('',#3621,.T.);
#3621=EDGE_LOOP('',(#5108));
#3622=CYLINDRICAL_SURFACE('',#3623,1.5);
#3623=AXIS2_PLACEMENT_3D('',#3624,#3625,#3626);
#3624=CARTESIAN_POINT('',(230.202178,-107.345038,0.));
#3625=DIRECTION('',(0.,0.,-1.));
#3626=DIRECTION('',(1.,0.,0.));
#3627=FACE_OUTER_BOUND('',#3628,.T.);
#3628=EDGE_LOOP('',(#5109));
#3629=FACE_OUTER_BOUND('',#3630,.T.);
#3630=EDGE_LOOP('',(#5110));
#3631=CYLINDRICAL_SURFACE('',#3632,1.5);
#3632=AXIS2_PLACEMENT_3D('',#3633,#3634,#3635);
#3633=CARTESIAN_POINT('',(204.381995,-118.,0.));
#3634=DIRECTION('',(0.,0.,-1.));
#3635=DIRECTION('',(1.,0.,0.));
#3636=FACE_OUTER_BOUND('',#3637,.T.);
#3637=EDGE_LOOP('',(#5111));
#3638=FACE_OUTER_BOUND('',#3639,.T.);
#3639=EDGE_LOOP('',(#5112));
#3640=CYLINDRICAL_SURFACE('',#3641,1.5);
#3641=AXIS2_PLACEMENT_3D('',#3642,#3643,#3644);
#3642=CARTESIAN_POINT('',(219.970453,-127.,0.));
#3643=DIRECTION('',(0.,0.,-1.));
#3644=DIRECTION('',(1.,0.,0.));
#3645=FACE_OUTER_BOUND('',#3646,.T.);
#3646=EDGE_LOOP('',(#5113));
#3647=FACE_OUTER_BOUND('',#3648,.T.);
#3648=EDGE_LOOP('',(#5114));
#3649=CYLINDRICAL_SURFACE('',#3650,1.5);
#3650=AXIS2_PLACEMENT_3D('',#3651,#3652,#3653);
#3651=CARTESIAN_POINT('',(193.319882,-135.364039,0.));
#3652=DIRECTION('',(0.,0.,-1.));
#3653=DIRECTION('',(1.,0.,0.));
#3654=FACE_OUTER_BOUND('',#3655,.T.);
#3655=EDGE_LOOP('',(#5115));
#3656=FACE_OUTER_BOUND('',#3657,.T.);
#3657=EDGE_LOOP('',(#5116));
#3658=CYLINDRICAL_SURFACE('',#3659,1.5);
#3659=AXIS2_PLACEMENT_3D('',#3660,#3661,#3662);
#3660=CARTESIAN_POINT('',(208.064619,-145.688415,0.));
#3661=DIRECTION('',(0.,0.,-1.));
#3662=DIRECTION('',(1.,0.,0.));
#3663=FACE_OUTER_BOUND('',#3664,.T.);
#3664=EDGE_LOOP('',(#5117));
#3665=FACE_OUTER_BOUND('',#3666,.T.);
#3666=EDGE_LOOP('',(#5118));
#3667=CYLINDRICAL_SURFACE('',#3668,1.5);
#3668=AXIS2_PLACEMENT_3D('',#3669,#3670,#3671);
#3669=CARTESIAN_POINT('',(180.786489,-151.697876,0.));
#3670=DIRECTION('',(0.,0.,-1.));
#3671=DIRECTION('',(1.,0.,0.));
#3672=FACE_OUTER_BOUND('',#3673,.T.);
#3673=EDGE_LOOP('',(#5119));
#3674=FACE_OUTER_BOUND('',#3675,.T.);
#3675=EDGE_LOOP('',(#5120));
#3676=CYLINDRICAL_SURFACE('',#3677,1.5);
#3677=AXIS2_PLACEMENT_3D('',#3678,#3679,#3680);
#3678=CARTESIAN_POINT('',(194.575289,-163.268053,0.));
#3679=DIRECTION('',(0.,0.,-1.));
#3680=DIRECTION('',(1.,0.,0.));
#3681=FACE_OUTER_BOUND('',#3682,.T.);
#3682=EDGE_LOOP('',(#5121));
#3683=FACE_OUTER_BOUND('',#3684,.T.);
#3684=EDGE_LOOP('',(#5122));
#3685=CYLINDRICAL_SURFACE('',#3686,1.5);
#3686=AXIS2_PLACEMENT_3D('',#3687,#3688,#3689);
#3687=CARTESIAN_POINT('',(166.8772,-166.8772,0.));
#3688=DIRECTION('',(0.,0.,-1.));
#3689=DIRECTION('',(1.,0.,0.));
#3690=FACE_OUTER_BOUND('',#3691,.T.);
#3691=EDGE_LOOP('',(#5123));
#3692=FACE_OUTER_BOUND('',#3693,.T.);
#3693=EDGE_LOOP('',(#5124));
#3694=CYLINDRICAL_SURFACE('',#3695,1.5);
#3695=AXIS2_PLACEMENT_3D('',#3696,#3697,#3698);
#3696=CARTESIAN_POINT('',(179.605122,-179.605122,0.));
#3697=DIRECTION('',(0.,0.,-1.));
#3698=DIRECTION('',(1.,0.,0.));
#3699=FACE_OUTER_BOUND('',#3700,.T.);
#3700=EDGE_LOOP('',(#5125));
#3701=FACE_OUTER_BOUND('',#3702,.T.);
#3702=EDGE_LOOP('',(#5126));
#3703=CYLINDRICAL_SURFACE('',#3704,1.5);
#3704=AXIS2_PLACEMENT_3D('',#3705,#3706,#3707);
#3705=CARTESIAN_POINT('',(151.697876,-180.786489,0.));
#3706=DIRECTION('',(0.,0.,-1.));
#3707=DIRECTION('',(1.,0.,0.));
#3708=FACE_OUTER_BOUND('',#3709,.T.);
#3709=EDGE_LOOP('',(#5127));
#3710=FACE_OUTER_BOUND('',#3711,.T.);
#3711=EDGE_LOOP('',(#5128));
#3712=CYLINDRICAL_SURFACE('',#3713,1.5);
#3713=AXIS2_PLACEMENT_3D('',#3714,#3715,#3716);
#3714=CARTESIAN_POINT('',(163.268053,-194.575289,0.));
#3715=DIRECTION('',(0.,0.,-1.));
#3716=DIRECTION('',(1.,0.,0.));
#3717=FACE_OUTER_BOUND('',#3718,.T.);
#3718=EDGE_LOOP('',(#5129));
#3719=FACE_OUTER_BOUND('',#3720,.T.);
#3720=EDGE_LOOP('',(#5130));
#3721=CYLINDRICAL_SURFACE('',#3722,1.5);
#3722=AXIS2_PLACEMENT_3D('',#3723,#3724,#3725);
#3723=CARTESIAN_POINT('',(135.364039,-193.319882,0.));
#3724=DIRECTION('',(0.,0.,-1.));
#3725=DIRECTION('',(1.,0.,0.));
#3726=FACE_OUTER_BOUND('',#3727,.T.);
#3727=EDGE_LOOP('',(#5131));
#3728=FACE_OUTER_BOUND('',#3729,.T.);
#3729=EDGE_LOOP('',(#5132));
#3730=CYLINDRICAL_SURFACE('',#3731,1.5);
#3731=AXIS2_PLACEMENT_3D('',#3732,#3733,#3734);
#3732=CARTESIAN_POINT('',(145.688415,-208.064619,0.));
#3733=DIRECTION('',(0.,0.,-1.));
#3734=DIRECTION('',(1.,0.,0.));
#3735=FACE_OUTER_BOUND('',#3736,.T.);
#3736=EDGE_LOOP('',(#5133));
#3737=FACE_OUTER_BOUND('',#3738,.T.);
#3738=EDGE_LOOP('',(#5134));
#3739=CYLINDRICAL_SURFACE('',#3740,1.5);
#3740=AXIS2_PLACEMENT_3D('',#3741,#3742,#3743);
#3741=CARTESIAN_POINT('',(118.,-204.381995,0.));
#3742=DIRECTION('',(0.,0.,-1.));
#3743=DIRECTION('',(1.,0.,0.));
#3744=FACE_OUTER_BOUND('',#3745,.T.);
#3745=EDGE_LOOP('',(#5135));
#3746=FACE_OUTER_BOUND('',#3747,.T.);
#3747=EDGE_LOOP('',(#5136));
#3748=CYLINDRICAL_SURFACE('',#3749,1.5);
#3749=AXIS2_PLACEMENT_3D('',#3750,#3751,#3752);
#3750=CARTESIAN_POINT('',(127.,-219.970453,0.));
#3751=DIRECTION('',(0.,0.,-1.));
#3752=DIRECTION('',(1.,0.,0.));
#3753=FACE_OUTER_BOUND('',#3754,.T.);
#3754=EDGE_LOOP('',(#5137));
#3755=FACE_OUTER_BOUND('',#3756,.T.);
#3756=EDGE_LOOP('',(#5138));
#3757=CYLINDRICAL_SURFACE('',#3758,1.5);
#3758=AXIS2_PLACEMENT_3D('',#3759,#3760,#3761);
#3759=CARTESIAN_POINT('',(99.73791,-213.888638,0.));
#3760=DIRECTION('',(0.,0.,-1.));
#3761=DIRECTION('',(1.,0.,0.));
#3762=FACE_OUTER_BOUND('',#3763,.T.);
#3763=EDGE_LOOP('',(#5139));
#3764=FACE_OUTER_BOUND('',#3765,.T.);
#3765=EDGE_LOOP('',(#5140));
#3766=CYLINDRICAL_SURFACE('',#3767,1.5);
#3767=AXIS2_PLACEMENT_3D('',#3768,#3769,#3770);
#3768=CARTESIAN_POINT('',(107.345038,-230.202178,0.));
#3769=DIRECTION('',(0.,0.,-1.));
#3770=DIRECTION('',(1.,0.,0.));
#3771=FACE_OUTER_BOUND('',#3772,.T.);
#3772=EDGE_LOOP('',(#5141));
#3773=FACE_OUTER_BOUND('',#3774,.T.);
#3774=EDGE_LOOP('',(#5142));
#3775=CYLINDRICAL_SURFACE('',#3776,1.5);
#3776=AXIS2_PLACEMENT_3D('',#3777,#3778,#3779);
#3777=CARTESIAN_POINT('',(80.716754,-221.767459,0.));
#3778=DIRECTION('',(0.,0.,-1.));
#3779=DIRECTION('',(1.,0.,0.));
#3780=FACE_OUTER_BOUND('',#3781,.T.);
#3781=EDGE_LOOP('',(#5143));
#3782=FACE_OUTER_BOUND('',#3783,.T.);
#3783=EDGE_LOOP('',(#5144));
#3784=CYLINDRICAL_SURFACE('',#3785,1.5);
#3785=AXIS2_PLACEMENT_3D('',#3786,#3787,#3788);
#3786=CARTESIAN_POINT('',(86.873116,-238.681926,0.));
#3787=DIRECTION('',(0.,0.,-1.));
#3788=DIRECTION('',(1.,0.,0.));
#3789=FACE_OUTER_BOUND('',#3790,.T.);
#3790=EDGE_LOOP('',(#5145));
#3791=FACE_OUTER_BOUND('',#3792,.T.);
#3792=EDGE_LOOP('',(#5146));
#3793=CYLINDRICAL_SURFACE('',#3794,1.5);
#3794=AXIS2_PLACEMENT_3D('',#3795,#3796,#3797);
#3795=CARTESIAN_POINT('',(61.081295,-227.958495,0.));
#3796=DIRECTION('',(0.,0.,-1.));
#3797=DIRECTION('',(1.,0.,0.));
#3798=FACE_OUTER_BOUND('',#3799,.T.);
#3799=EDGE_LOOP('',(#5147));
#3800=FACE_OUTER_BOUND('',#3801,.T.);
#3801=EDGE_LOOP('',(#5148));
#3802=CYLINDRICAL_SURFACE('',#3803,1.5);
#3803=AXIS2_PLACEMENT_3D('',#3804,#3805,#3806);
#3804=CARTESIAN_POINT('',(65.740037,-245.34516,0.));
#3805=DIRECTION('',(0.,0.,-1.));
#3806=DIRECTION('',(1.,0.,0.));
#3807=FACE_OUTER_BOUND('',#3808,.T.);
#3808=EDGE_LOOP('',(#5149));
#3809=FACE_OUTER_BOUND('',#3810,.T.);
#3810=EDGE_LOOP('',(#5150));
#3811=CYLINDRICAL_SURFACE('',#3812,1.5);
#3812=AXIS2_PLACEMENT_3D('',#3813,#3814,#3815);
#3813=CARTESIAN_POINT('',(40.98097,-232.41463,0.));
#3814=DIRECTION('',(0.,0.,-1.));
#3815=DIRECTION('',(1.,0.,0.));
#3816=FACE_OUTER_BOUND('',#3817,.T.);
#3817=EDGE_LOOP('',(#5151));
#3818=FACE_OUTER_BOUND('',#3819,.T.);
#3819=EDGE_LOOP('',(#5152));
#3820=CYLINDRICAL_SURFACE('',#3821,1.5);
#3821=AXIS2_PLACEMENT_3D('',#3822,#3823,#3824);
#3822=CARTESIAN_POINT('',(44.106637,-250.141169,0.));
#3823=DIRECTION('',(0.,0.,-1.));
#3824=DIRECTION('',(1.,0.,0.));
#3825=FACE_OUTER_BOUND('',#3826,.T.);
#3826=EDGE_LOOP('',(#5153));
#3827=FACE_OUTER_BOUND('',#3828,.T.);
#3828=EDGE_LOOP('',(#5154));
#3829=CYLINDRICAL_SURFACE('',#3830,1.5);
#3830=AXIS2_PLACEMENT_3D('',#3831,#3832,#3833);
#3831=CARTESIAN_POINT('',(20.568755,-235.101949,0.));
#3832=DIRECTION('',(0.,0.,-1.));
#3833=DIRECTION('',(1.,0.,0.));
#3834=FACE_OUTER_BOUND('',#3835,.T.);
#3835=EDGE_LOOP('',(#5155));
#3836=FACE_OUTER_BOUND('',#3837,.T.);
#3837=EDGE_LOOP('',(#5156));
#3838=CYLINDRICAL_SURFACE('',#3839,1.5);
#3839=AXIS2_PLACEMENT_3D('',#3840,#3841,#3842);
#3840=CARTESIAN_POINT('',(22.137559,-253.033453,0.));
#3841=DIRECTION('',(0.,0.,-1.));
#3842=DIRECTION('',(1.,0.,0.));
#3843=FACE_OUTER_BOUND('',#3844,.T.);
#3844=EDGE_LOOP('',(#5157));
#3845=FACE_OUTER_BOUND('',#3846,.T.);
#3846=EDGE_LOOP('',(#5158));
#3847=CYLINDRICAL_SURFACE('',#3848,1.5);
#3848=AXIS2_PLACEMENT_3D('',#3849,#3850,#3851);
#3849=CARTESIAN_POINT('',(0.,-254.,0.));
#3850=DIRECTION('',(0.,0.,-1.));
#3851=DIRECTION('',(1.,0.,0.));
#3852=FACE_OUTER_BOUND('',#3853,.T.);
#3853=EDGE_LOOP('',(#5159));
#3854=FACE_OUTER_BOUND('',#3855,.T.);
#3855=EDGE_LOOP('',(#5160));
#3856=CYLINDRICAL_SURFACE('',#3857,1.5);
#3857=AXIS2_PLACEMENT_3D('',#3858,#3859,#3860);
#3858=CARTESIAN_POINT('',(0.,-254.,0.));
#3859=DIRECTION('',(0.,0.,-1.));
#3860=DIRECTION('',(1.,0.,0.));
#3861=FACE_OUTER_BOUND('',#3862,.T.);
#3862=EDGE_LOOP('',(#5161));
#3863=FACE_OUTER_BOUND('',#3864,.T.);
#3864=EDGE_LOOP('',(#5162));
#3865=CYLINDRICAL_SURFACE('',#3866,1.5);
#3866=AXIS2_PLACEMENT_3D('',#3867,#3868,#3869);
#3867=CARTESIAN_POINT('',(0.,-236.,0.));
#3868=DIRECTION('',(0.,0.,-1.));
#3869=DIRECTION('',(1.,0.,0.));
#3870=FACE_OUTER_BOUND('',#3871,.T.);
#3871=EDGE_LOOP('',(#5163));
#3872=FACE_OUTER_BOUND('',#3873,.T.);
#3873=EDGE_LOOP('',(#5164));
#3874=CYLINDRICAL_SURFACE('',#3875,1.5);
#3875=AXIS2_PLACEMENT_3D('',#3876,#3877,#3878);
#3876=CARTESIAN_POINT('',(0.,-236.,0.));
#3877=DIRECTION('',(0.,0.,-1.));
#3878=DIRECTION('',(1.,0.,0.));
#3879=FACE_OUTER_BOUND('',#3880,.T.);
#3880=EDGE_LOOP('',(#5165));
#3881=FACE_OUTER_BOUND('',#3882,.T.);
#3882=EDGE_LOOP('',(#5166));
#3883=CYLINDRICAL_SURFACE('',#3884,1.5);
#3884=AXIS2_PLACEMENT_3D('',#3885,#3886,#3887);
#3885=CARTESIAN_POINT('',(28.991462753802,85.559876577255,0.));
#3886=DIRECTION('',(0.,0.,-1.));
#3887=DIRECTION('',(1.,0.,0.));
#3888=FACE_OUTER_BOUND('',#3889,.T.);
#3889=EDGE_LOOP('',(#5167));
#3890=FACE_OUTER_BOUND('',#3891,.T.);
#3891=EDGE_LOOP('',(#5168));
#3892=CYLINDRICAL_SURFACE('',#3893,1.5);
#3893=AXIS2_PLACEMENT_3D('',#3894,#3895,#3896);
#3894=CARTESIAN_POINT('',(85.559849387347,28.991415100515,0.));
#3895=DIRECTION('',(0.,0.,-1.));
#3896=DIRECTION('',(1.,0.,0.));
#3897=FACE_OUTER_BOUND('',#3898,.T.);
#3898=EDGE_LOOP('',(#5169));
#3899=FACE_OUTER_BOUND('',#3900,.T.);
#3900=EDGE_LOOP('',(#5170));
#3901=CYLINDRICAL_SURFACE('',#3902,1.5);
#3902=AXIS2_PLACEMENT_3D('',#3903,#3904,#3905);
#3903=CARTESIAN_POINT('',(57.275588593929,57.275697307154,0.));
#3904=DIRECTION('',(0.,0.,-1.));
#3905=DIRECTION('',(1.,0.,0.));
#3906=FACE_OUTER_BOUND('',#3907,.T.);
#3907=EDGE_LOOP('',(#5171));
#3908=FACE_OUTER_BOUND('',#3909,.T.);
#3909=EDGE_LOOP('',(#5172));
#3910=CYLINDRICAL_SURFACE('',#3911,1.5);
#3911=AXIS2_PLACEMENT_3D('',#3912,#3913,#3914);
#3912=CARTESIAN_POINT('',(-28.99133534216,-85.559894,0.));
#3913=DIRECTION('',(0.,0.,-1.));
#3914=DIRECTION('',(1.,0.,0.));
#3915=FACE_OUTER_BOUND('',#3916,.T.);
#3916=EDGE_LOOP('',(#5173));
#3917=FACE_OUTER_BOUND('',#3918,.T.);
#3918=EDGE_LOOP('',(#5174));
#3919=CYLINDRICAL_SURFACE('',#3920,1.5);
#3920=AXIS2_PLACEMENT_3D('',#3921,#3922,#3923);
#3921=CARTESIAN_POINT('',(-57.27564783702,-57.275664,0.));
#3922=DIRECTION('',(0.,0.,-1.));
#3923=DIRECTION('',(1.,0.,0.));
#3924=FACE_OUTER_BOUND('',#3925,.T.);
#3925=EDGE_LOOP('',(#5175));
#3926=FACE_OUTER_BOUND('',#3927,.T.);
#3927=EDGE_LOOP('',(#5176));
#3928=CYLINDRICAL_SURFACE('',#3929,1.5);
#3929=AXIS2_PLACEMENT_3D('',#3930,#3931,#3932);
#3930=CARTESIAN_POINT('',(-85.559905,-28.99137887219,0.));
#3931=DIRECTION('',(0.,0.,-1.));
#3932=DIRECTION('',(1.,0.,0.));
#3933=FACE_OUTER_BOUND('',#3934,.T.);
#3934=EDGE_LOOP('',(#5177));
#3935=FACE_OUTER_BOUND('',#3936,.T.);
#3936=EDGE_LOOP('',(#5178));
#3937=CYLINDRICAL_SURFACE('',#3938,1.5);
#3938=AXIS2_PLACEMENT_3D('',#3939,#3940,#3941);
#3939=CARTESIAN_POINT('',(-15.,-217.,0.));
#3940=DIRECTION('',(0.,0.,-1.));
#3941=DIRECTION('',(1.,0.,0.));
#3942=FACE_OUTER_BOUND('',#3943,.T.);
#3943=EDGE_LOOP('',(#5179));
#3944=FACE_OUTER_BOUND('',#3945,.T.);
#3945=EDGE_LOOP('',(#5180));
#3946=CYLINDRICAL_SURFACE('',#3947,1.5);
#3947=AXIS2_PLACEMENT_3D('',#3948,#3949,#3950);
#3948=CARTESIAN_POINT('',(15.,-217.,0.));
#3949=DIRECTION('',(0.,0.,-1.));
#3950=DIRECTION('',(1.,0.,0.));
#3951=FACE_OUTER_BOUND('',#3952,.T.);
#3952=EDGE_LOOP('',(#5181));
#3953=FACE_OUTER_BOUND('',#3954,.T.);
#3954=EDGE_LOOP('',(#5182));
#3955=CYLINDRICAL_SURFACE('',#3956,1.5);
#3956=AXIS2_PLACEMENT_3D('',#3957,#3958,#3959);
#3957=CARTESIAN_POINT('',(15.,-177.,0.));
#3958=DIRECTION('',(0.,0.,-1.));
#3959=DIRECTION('',(1.,0.,0.));
#3960=FACE_OUTER_BOUND('',#3961,.T.);
#3961=EDGE_LOOP('',(#5183));
#3962=FACE_OUTER_BOUND('',#3963,.T.);
#3963=EDGE_LOOP('',(#5184));
#3964=CYLINDRICAL_SURFACE('',#3965,1.5);
#3965=AXIS2_PLACEMENT_3D('',#3966,#3967,#3968);
#3966=CARTESIAN_POINT('',(-15.,-177.,0.));
#3967=DIRECTION('',(0.,0.,-1.));
#3968=DIRECTION('',(1.,0.,0.));
#3969=FACE_OUTER_BOUND('',#3970,.T.);
#3970=EDGE_LOOP('',(#5185));
#3971=FACE_OUTER_BOUND('',#3972,.T.);
#3972=EDGE_LOOP('',(#5186));
#3973=CYLINDRICAL_SURFACE('',#3974,1.5);
#3974=AXIS2_PLACEMENT_3D('',#3975,#3976,#3977);
#3975=CARTESIAN_POINT('',(-217.,15.,0.));
#3976=DIRECTION('',(0.,0.,-1.));
#3977=DIRECTION('',(1.,0.,0.));
#3978=FACE_OUTER_BOUND('',#3979,.T.);
#3979=EDGE_LOOP('',(#5187));
#3980=FACE_OUTER_BOUND('',#3981,.T.);
#3981=EDGE_LOOP('',(#5188));
#3982=CYLINDRICAL_SURFACE('',#3983,1.5);
#3983=AXIS2_PLACEMENT_3D('',#3984,#3985,#3986);
#3984=CARTESIAN_POINT('',(-217.,-15.,0.));
#3985=DIRECTION('',(0.,0.,-1.));
#3986=DIRECTION('',(1.,0.,0.));
#3987=FACE_OUTER_BOUND('',#3988,.T.);
#3988=EDGE_LOOP('',(#5189));
#3989=FACE_OUTER_BOUND('',#3990,.T.);
#3990=EDGE_LOOP('',(#5190));
#3991=CYLINDRICAL_SURFACE('',#3992,1.5);
#3992=AXIS2_PLACEMENT_3D('',#3993,#3994,#3995);
#3993=CARTESIAN_POINT('',(-177.,-15.,0.));
#3994=DIRECTION('',(0.,0.,-1.));
#3995=DIRECTION('',(1.,0.,0.));
#3996=FACE_OUTER_BOUND('',#3997,.T.);
#3997=EDGE_LOOP('',(#5191));
#3998=FACE_OUTER_BOUND('',#3999,.T.);
#3999=EDGE_LOOP('',(#5192));
#4000=CYLINDRICAL_SURFACE('',#4001,1.5);
#4001=AXIS2_PLACEMENT_3D('',#4002,#4003,#4004);
#4002=CARTESIAN_POINT('',(-177.,15.,0.));
#4003=DIRECTION('',(0.,0.,-1.));
#4004=DIRECTION('',(1.,0.,0.));
#4005=FACE_OUTER_BOUND('',#4006,.T.);
#4006=EDGE_LOOP('',(#5193));
#4007=FACE_OUTER_BOUND('',#4008,.T.);
#4008=EDGE_LOOP('',(#5194));
#4009=CYLINDRICAL_SURFACE('',#4010,1.5);
#4010=AXIS2_PLACEMENT_3D('',#4011,#4012,#4013);
#4011=CARTESIAN_POINT('',(15.,217.,0.));
#4012=DIRECTION('',(0.,0.,-1.));
#4013=DIRECTION('',(1.,0.,0.));
#4014=FACE_OUTER_BOUND('',#4015,.T.);
#4015=EDGE_LOOP('',(#5195));
#4016=FACE_OUTER_BOUND('',#4017,.T.);
#4017=EDGE_LOOP('',(#5196));
#4018=CYLINDRICAL_SURFACE('',#4019,1.5);
#4019=AXIS2_PLACEMENT_3D('',#4020,#4021,#4022);
#4020=CARTESIAN_POINT('',(-15.,217.,0.));
#4021=DIRECTION('',(0.,0.,-1.));
#4022=DIRECTION('',(1.,0.,0.));
#4023=FACE_OUTER_BOUND('',#4024,.T.);
#4024=EDGE_LOOP('',(#5197));
#4025=FACE_OUTER_BOUND('',#4026,.T.);
#4026=EDGE_LOOP('',(#5198));
#4027=CYLINDRICAL_SURFACE('',#4028,1.5);
#4028=AXIS2_PLACEMENT_3D('',#4029,#4030,#4031);
#4029=CARTESIAN_POINT('',(-15.,177.,0.));
#4030=DIRECTION('',(0.,0.,-1.));
#4031=DIRECTION('',(1.,0.,0.));
#4032=FACE_OUTER_BOUND('',#4033,.T.);
#4033=EDGE_LOOP('',(#5199));
#4034=FACE_OUTER_BOUND('',#4035,.T.);
#4035=EDGE_LOOP('',(#5200));
#4036=CYLINDRICAL_SURFACE('',#4037,1.5);
#4037=AXIS2_PLACEMENT_3D('',#4038,#4039,#4040);
#4038=CARTESIAN_POINT('',(15.,177.,0.));
#4039=DIRECTION('',(0.,0.,-1.));
#4040=DIRECTION('',(1.,0.,0.));
#4041=FACE_OUTER_BOUND('',#4042,.T.);
#4042=EDGE_LOOP('',(#5201));
#4043=FACE_OUTER_BOUND('',#4044,.T.);
#4044=EDGE_LOOP('',(#5202));
#4045=CYLINDRICAL_SURFACE('',#4046,1.5);
#4046=AXIS2_PLACEMENT_3D('',#4047,#4048,#4049);
#4047=CARTESIAN_POINT('',(217.,15.,0.));
#4048=DIRECTION('',(0.,0.,-1.));
#4049=DIRECTION('',(1.,0.,0.));
#4050=FACE_OUTER_BOUND('',#4051,.T.);
#4051=EDGE_LOOP('',(#5203));
#4052=FACE_OUTER_BOUND('',#4053,.T.);
#4053=EDGE_LOOP('',(#5204));
#4054=CYLINDRICAL_SURFACE('',#4055,1.5);
#4055=AXIS2_PLACEMENT_3D('',#4056,#4057,#4058);
#4056=CARTESIAN_POINT('',(217.,-15.,0.));
#4057=DIRECTION('',(0.,0.,-1.));
#4058=DIRECTION('',(1.,0.,0.));
#4059=FACE_OUTER_BOUND('',#4060,.T.);
#4060=EDGE_LOOP('',(#5205));
#4061=FACE_OUTER_BOUND('',#4062,.T.);
#4062=EDGE_LOOP('',(#5206));
#4063=CYLINDRICAL_SURFACE('',#4064,1.5);
#4064=AXIS2_PLACEMENT_3D('',#4065,#4066,#4067);
#4065=CARTESIAN_POINT('',(177.,-15.,0.));
#4066=DIRECTION('',(0.,0.,-1.));
#4067=DIRECTION('',(1.,0.,0.));
#4068=FACE_OUTER_BOUND('',#4069,.T.);
#4069=EDGE_LOOP('',(#5207));
#4070=FACE_OUTER_BOUND('',#4071,.T.);
#4071=EDGE_LOOP('',(#5208));
#4072=CYLINDRICAL_SURFACE('',#4073,1.5);
#4073=AXIS2_PLACEMENT_3D('',#4074,#4075,#4076);
#4074=CARTESIAN_POINT('',(177.,15.,0.));
#4075=DIRECTION('',(0.,0.,-1.));
#4076=DIRECTION('',(1.,0.,0.));
#4077=ORIENTED_EDGE('',*,*,#5209,.F.);
#4078=ORIENTED_EDGE('',*,*,#5210,.T.);
#4079=ORIENTED_EDGE('',*,*,#5211,.T.);
#4080=ORIENTED_EDGE('',*,*,#5212,.T.);
#4081=ORIENTED_EDGE('',*,*,#5213,.T.);
#4082=ORIENTED_EDGE('',*,*,#5214,.T.);
#4083=ORIENTED_EDGE('',*,*,#5215,.T.);
#4084=ORIENTED_EDGE('',*,*,#5216,.T.);
#4085=ORIENTED_EDGE('',*,*,#5217,.T.);
#4086=ORIENTED_EDGE('',*,*,#5218,.T.);
#4087=ORIENTED_EDGE('',*,*,#5219,.T.);
#4088=ORIENTED_EDGE('',*,*,#5220,.T.);
#4089=ORIENTED_EDGE('',*,*,#5221,.T.);
#4090=ORIENTED_EDGE('',*,*,#5222,.T.);
#4091=ORIENTED_EDGE('',*,*,#5223,.T.);
#4092=ORIENTED_EDGE('',*,*,#5224,.T.);
#4093=ORIENTED_EDGE('',*,*,#5225,.T.);
#4094=ORIENTED_EDGE('',*,*,#5226,.T.);
#4095=ORIENTED_EDGE('',*,*,#5227,.T.);
#4096=ORIENTED_EDGE('',*,*,#5228,.T.);
#4097=ORIENTED_EDGE('',*,*,#5229,.T.);
#4098=ORIENTED_EDGE('',*,*,#5230,.T.);
#4099=ORIENTED_EDGE('',*,*,#5231,.T.);
#4100=ORIENTED_EDGE('',*,*,#5232,.T.);
#4101=ORIENTED_EDGE('',*,*,#5233,.T.);
#4102=ORIENTED_EDGE('',*,*,#5234,.T.);
#4103=ORIENTED_EDGE('',*,*,#5235,.T.);
#4104=ORIENTED_EDGE('',*,*,#5236,.T.);
#4105=ORIENTED_EDGE('',*,*,#5237,.T.);
#4106=ORIENTED_EDGE('',*,*,#5238,.T.);
#4107=ORIENTED_EDGE('',*,*,#5239,.T.);
#4108=ORIENTED_EDGE('',*,*,#5240,.T.);
#4109=ORIENTED_EDGE('',*,*,#5241,.T.);
#4110=ORIENTED_EDGE('',*,*,#5242,.T.);
#4111=ORIENTED_EDGE('',*,*,#5243,.T.);
#4112=ORIENTED_EDGE('',*,*,#5244,.T.);
#4113=ORIENTED_EDGE('',*,*,#5245,.T.);
#4114=ORIENTED_EDGE('',*,*,#5246,.T.);
#4115=ORIENTED_EDGE('',*,*,#5247,.T.);
#4116=ORIENTED_EDGE('',*,*,#5248,.T.);
#4117=ORIENTED_EDGE('',*,*,#5249,.T.);
#4118=ORIENTED_EDGE('',*,*,#5250,.T.);
#4119=ORIENTED_EDGE('',*,*,#5251,.T.);
#4120=ORIENTED_EDGE('',*,*,#5252,.T.);
#4121=ORIENTED_EDGE('',*,*,#5253,.T.);
#4122=ORIENTED_EDGE('',*,*,#5254,.T.);
#4123=ORIENTED_EDGE('',*,*,#5255,.T.);
#4124=ORIENTED_EDGE('',*,*,#5256,.T.);
#4125=ORIENTED_EDGE('',*,*,#5257,.T.);
#4126=ORIENTED_EDGE('',*,*,#5258,.T.);
#4127=ORIENTED_EDGE('',*,*,#5259,.T.);
#4128=ORIENTED_EDGE('',*,*,#5260,.T.);
#4129=ORIENTED_EDGE('',*,*,#5261,.T.);
#4130=ORIENTED_EDGE('',*,*,#5262,.T.);
#4131=ORIENTED_EDGE('',*,*,#5263,.T.);
#4132=ORIENTED_EDGE('',*,*,#5264,.T.);
#4133=ORIENTED_EDGE('',*,*,#5265,.T.);
#4134=ORIENTED_EDGE('',*,*,#5266,.T.);
#4135=ORIENTED_EDGE('',*,*,#5267,.T.);
#4136=ORIENTED_EDGE('',*,*,#5268,.T.);
#4137=ORIENTED_EDGE('',*,*,#5269,.T.);
#4138=ORIENTED_EDGE('',*,*,#5270,.T.);
#4139=ORIENTED_EDGE('',*,*,#5271,.T.);
#4140=ORIENTED_EDGE('',*,*,#5272,.T.);
#4141=ORIENTED_EDGE('',*,*,#5273,.T.);
#4142=ORIENTED_EDGE('',*,*,#5274,.T.);
#4143=ORIENTED_EDGE('',*,*,#5275,.T.);
#4144=ORIENTED_EDGE('',*,*,#5276,.T.);
#4145=ORIENTED_EDGE('',*,*,#5277,.T.);
#4146=ORIENTED_EDGE('',*,*,#5278,.T.);
#4147=ORIENTED_EDGE('',*,*,#5279,.T.);
#4148=ORIENTED_EDGE('',*,*,#5280,.T.);
#4149=ORIENTED_EDGE('',*,*,#5281,.T.);
#4150=ORIENTED_EDGE('',*,*,#5282,.T.);
#4151=ORIENTED_EDGE('',*,*,#5283,.T.);
#4152=ORIENTED_EDGE('',*,*,#5284,.T.);
#4153=ORIENTED_EDGE('',*,*,#5285,.T.);
#4154=ORIENTED_EDGE('',*,*,#5286,.T.);
#4155=ORIENTED_EDGE('',*,*,#5287,.T.);
#4156=ORIENTED_EDGE('',*,*,#5288,.T.);
#4157=ORIENTED_EDGE('',*,*,#5289,.T.);
#4158=ORIENTED_EDGE('',*,*,#5290,.T.);
#4159=ORIENTED_EDGE('',*,*,#5291,.T.);
#4160=ORIENTED_EDGE('',*,*,#5292,.T.);
#4161=ORIENTED_EDGE('',*,*,#5293,.T.);
#4162=ORIENTED_EDGE('',*,*,#5294,.T.);
#4163=ORIENTED_EDGE('',*,*,#5295,.T.);
#4164=ORIENTED_EDGE('',*,*,#5296,.T.);
#4165=ORIENTED_EDGE('',*,*,#5297,.T.);
#4166=ORIENTED_EDGE('',*,*,#5298,.T.);
#4167=ORIENTED_EDGE('',*,*,#5299,.T.);
#4168=ORIENTED_EDGE('',*,*,#5300,.T.);
#4169=ORIENTED_EDGE('',*,*,#5301,.T.);
#4170=ORIENTED_EDGE('',*,*,#5302,.T.);
#4171=ORIENTED_EDGE('',*,*,#5303,.T.);
#4172=ORIENTED_EDGE('',*,*,#5304,.T.);
#4173=ORIENTED_EDGE('',*,*,#5305,.T.);
#4174=ORIENTED_EDGE('',*,*,#5306,.T.);
#4175=ORIENTED_EDGE('',*,*,#5307,.T.);
#4176=ORIENTED_EDGE('',*,*,#5308,.T.);
#4177=ORIENTED_EDGE('',*,*,#5309,.T.);
#4178=ORIENTED_EDGE('',*,*,#5310,.T.);
#4179=ORIENTED_EDGE('',*,*,#5311,.T.);
#4180=ORIENTED_EDGE('',*,*,#5312,.T.);
#4181=ORIENTED_EDGE('',*,*,#5313,.T.);
#4182=ORIENTED_EDGE('',*,*,#5314,.T.);
#4183=ORIENTED_EDGE('',*,*,#5315,.T.);
#4184=ORIENTED_EDGE('',*,*,#5316,.T.);
#4185=ORIENTED_EDGE('',*,*,#5317,.T.);
#4186=ORIENTED_EDGE('',*,*,#5318,.T.);
#4187=ORIENTED_EDGE('',*,*,#5319,.T.);
#4188=ORIENTED_EDGE('',*,*,#5320,.T.);
#4189=ORIENTED_EDGE('',*,*,#5321,.T.);
#4190=ORIENTED_EDGE('',*,*,#5322,.T.);
#4191=ORIENTED_EDGE('',*,*,#5323,.T.);
#4192=ORIENTED_EDGE('',*,*,#5324,.T.);
#4193=ORIENTED_EDGE('',*,*,#5325,.T.);
#4194=ORIENTED_EDGE('',*,*,#5326,.T.);
#4195=ORIENTED_EDGE('',*,*,#5327,.T.);
#4196=ORIENTED_EDGE('',*,*,#5328,.T.);
#4197=ORIENTED_EDGE('',*,*,#5329,.T.);
#4198=ORIENTED_EDGE('',*,*,#5330,.T.);
#4199=ORIENTED_EDGE('',*,*,#5331,.T.);
#4200=ORIENTED_EDGE('',*,*,#5332,.T.);
#4201=ORIENTED_EDGE('',*,*,#5333,.T.);
#4202=ORIENTED_EDGE('',*,*,#5334,.T.);
#4203=ORIENTED_EDGE('',*,*,#5335,.T.);
#4204=ORIENTED_EDGE('',*,*,#5336,.T.);
#4205=ORIENTED_EDGE('',*,*,#5337,.T.);
#4206=ORIENTED_EDGE('',*,*,#5338,.T.);
#4207=ORIENTED_EDGE('',*,*,#5339,.T.);
#4208=ORIENTED_EDGE('',*,*,#5340,.T.);
#4209=ORIENTED_EDGE('',*,*,#5341,.T.);
#4210=ORIENTED_EDGE('',*,*,#5342,.T.);
#4211=ORIENTED_EDGE('',*,*,#5343,.T.);
#4212=ORIENTED_EDGE('',*,*,#5344,.T.);
#4213=ORIENTED_EDGE('',*,*,#5345,.T.);
#4214=ORIENTED_EDGE('',*,*,#5346,.T.);
#4215=ORIENTED_EDGE('',*,*,#5347,.T.);
#4216=ORIENTED_EDGE('',*,*,#5348,.T.);
#4217=ORIENTED_EDGE('',*,*,#5349,.T.);
#4218=ORIENTED_EDGE('',*,*,#5350,.T.);
#4219=ORIENTED_EDGE('',*,*,#5351,.T.);
#4220=ORIENTED_EDGE('',*,*,#5352,.T.);
#4221=ORIENTED_EDGE('',*,*,#5353,.T.);
#4222=ORIENTED_EDGE('',*,*,#5354,.T.);
#4223=ORIENTED_EDGE('',*,*,#5355,.T.);
#4224=ORIENTED_EDGE('',*,*,#5356,.T.);
#4225=ORIENTED_EDGE('',*,*,#5357,.T.);
#4226=ORIENTED_EDGE('',*,*,#5358,.T.);
#4227=ORIENTED_EDGE('',*,*,#5359,.T.);
#4228=ORIENTED_EDGE('',*,*,#5360,.T.);
#4229=ORIENTED_EDGE('',*,*,#5361,.T.);
#4230=ORIENTED_EDGE('',*,*,#5362,.T.);
#4231=ORIENTED_EDGE('',*,*,#5363,.T.);
#4232=ORIENTED_EDGE('',*,*,#5364,.T.);
#4233=ORIENTED_EDGE('',*,*,#5365,.T.);
#4234=ORIENTED_EDGE('',*,*,#5366,.T.);
#4235=ORIENTED_EDGE('',*,*,#5367,.T.);
#4236=ORIENTED_EDGE('',*,*,#5368,.T.);
#4237=ORIENTED_EDGE('',*,*,#5369,.T.);
#4238=ORIENTED_EDGE('',*,*,#5370,.T.);
#4239=ORIENTED_EDGE('',*,*,#5371,.T.);
#4240=ORIENTED_EDGE('',*,*,#5372,.T.);
#4241=ORIENTED_EDGE('',*,*,#5373,.T.);
#4242=ORIENTED_EDGE('',*,*,#5374,.T.);
#4243=ORIENTED_EDGE('',*,*,#5375,.T.);
#4244=ORIENTED_EDGE('',*,*,#5376,.T.);
#4245=ORIENTED_EDGE('',*,*,#5377,.T.);
#4246=ORIENTED_EDGE('',*,*,#5378,.T.);
#4247=ORIENTED_EDGE('',*,*,#5379,.T.);
#4248=ORIENTED_EDGE('',*,*,#5380,.T.);
#4249=ORIENTED_EDGE('',*,*,#5381,.T.);
#4250=ORIENTED_EDGE('',*,*,#5382,.T.);
#4251=ORIENTED_EDGE('',*,*,#5383,.T.);
#4252=ORIENTED_EDGE('',*,*,#5384,.T.);
#4253=ORIENTED_EDGE('',*,*,#5385,.T.);
#4254=ORIENTED_EDGE('',*,*,#5386,.T.);
#4255=ORIENTED_EDGE('',*,*,#5387,.T.);
#4256=ORIENTED_EDGE('',*,*,#5388,.T.);
#4257=ORIENTED_EDGE('',*,*,#5389,.T.);
#4258=ORIENTED_EDGE('',*,*,#5390,.T.);
#4259=ORIENTED_EDGE('',*,*,#5391,.T.);
#4260=ORIENTED_EDGE('',*,*,#5392,.T.);
#4261=ORIENTED_EDGE('',*,*,#5393,.T.);
#4262=ORIENTED_EDGE('',*,*,#5394,.T.);
#4263=ORIENTED_EDGE('',*,*,#5395,.T.);
#4264=ORIENTED_EDGE('',*,*,#5396,.T.);
#4265=ORIENTED_EDGE('',*,*,#5397,.T.);
#4266=ORIENTED_EDGE('',*,*,#5398,.T.);
#4267=ORIENTED_EDGE('',*,*,#5399,.T.);
#4268=ORIENTED_EDGE('',*,*,#5400,.T.);
#4269=ORIENTED_EDGE('',*,*,#5401,.T.);
#4270=ORIENTED_EDGE('',*,*,#5402,.T.);
#4271=ORIENTED_EDGE('',*,*,#5403,.T.);
#4272=ORIENTED_EDGE('',*,*,#5404,.T.);
#4273=ORIENTED_EDGE('',*,*,#5405,.T.);
#4274=ORIENTED_EDGE('',*,*,#5406,.T.);
#4275=ORIENTED_EDGE('',*,*,#5407,.T.);
#4276=ORIENTED_EDGE('',*,*,#5408,.T.);
#4277=ORIENTED_EDGE('',*,*,#5409,.T.);
#4278=ORIENTED_EDGE('',*,*,#5410,.T.);
#4279=ORIENTED_EDGE('',*,*,#5411,.T.);
#4280=ORIENTED_EDGE('',*,*,#5412,.T.);
#4281=ORIENTED_EDGE('',*,*,#5413,.T.);
#4282=ORIENTED_EDGE('',*,*,#5414,.T.);
#4283=ORIENTED_EDGE('',*,*,#5415,.T.);
#4284=ORIENTED_EDGE('',*,*,#5416,.T.);
#4285=ORIENTED_EDGE('',*,*,#5417,.T.);
#4286=ORIENTED_EDGE('',*,*,#5418,.T.);
#4287=ORIENTED_EDGE('',*,*,#5419,.T.);
#4288=ORIENTED_EDGE('',*,*,#5420,.T.);
#4289=ORIENTED_EDGE('',*,*,#5421,.T.);
#4290=ORIENTED_EDGE('',*,*,#5422,.T.);
#4291=ORIENTED_EDGE('',*,*,#5423,.T.);
#4292=ORIENTED_EDGE('',*,*,#5424,.T.);
#4293=ORIENTED_EDGE('',*,*,#5425,.T.);
#4294=ORIENTED_EDGE('',*,*,#5426,.T.);
#4295=ORIENTED_EDGE('',*,*,#5427,.T.);
#4296=ORIENTED_EDGE('',*,*,#5428,.T.);
#4297=ORIENTED_EDGE('',*,*,#5429,.T.);
#4298=ORIENTED_EDGE('',*,*,#5430,.T.);
#4299=ORIENTED_EDGE('',*,*,#5431,.T.);
#4300=ORIENTED_EDGE('',*,*,#5432,.T.);
#4301=ORIENTED_EDGE('',*,*,#5433,.T.);
#4302=ORIENTED_EDGE('',*,*,#5434,.T.);
#4303=ORIENTED_EDGE('',*,*,#5435,.T.);
#4304=ORIENTED_EDGE('',*,*,#5436,.T.);
#4305=ORIENTED_EDGE('',*,*,#5437,.T.);
#4306=ORIENTED_EDGE('',*,*,#5438,.T.);
#4307=ORIENTED_EDGE('',*,*,#5439,.T.);
#4308=ORIENTED_EDGE('',*,*,#5440,.T.);
#4309=ORIENTED_EDGE('',*,*,#5441,.T.);
#4310=ORIENTED_EDGE('',*,*,#5442,.T.);
#4311=ORIENTED_EDGE('',*,*,#5443,.T.);
#4312=ORIENTED_EDGE('',*,*,#5444,.T.);
#4313=ORIENTED_EDGE('',*,*,#5445,.T.);
#4314=ORIENTED_EDGE('',*,*,#5446,.T.);
#4315=ORIENTED_EDGE('',*,*,#5447,.T.);
#4316=ORIENTED_EDGE('',*,*,#5448,.T.);
#4317=ORIENTED_EDGE('',*,*,#5449,.T.);
#4318=ORIENTED_EDGE('',*,*,#5450,.T.);
#4319=ORIENTED_EDGE('',*,*,#5451,.T.);
#4320=ORIENTED_EDGE('',*,*,#5452,.T.);
#4321=ORIENTED_EDGE('',*,*,#5453,.T.);
#4322=ORIENTED_EDGE('',*,*,#5454,.T.);
#4323=ORIENTED_EDGE('',*,*,#5455,.T.);
#4324=ORIENTED_EDGE('',*,*,#5456,.T.);
#4325=ORIENTED_EDGE('',*,*,#5457,.T.);
#4326=ORIENTED_EDGE('',*,*,#5458,.T.);
#4327=ORIENTED_EDGE('',*,*,#5459,.T.);
#4328=ORIENTED_EDGE('',*,*,#5460,.T.);
#4329=ORIENTED_EDGE('',*,*,#5461,.T.);
#4330=ORIENTED_EDGE('',*,*,#5462,.T.);
#4331=ORIENTED_EDGE('',*,*,#5463,.T.);
#4332=ORIENTED_EDGE('',*,*,#5464,.T.);
#4333=ORIENTED_EDGE('',*,*,#5465,.T.);
#4334=ORIENTED_EDGE('',*,*,#5466,.T.);
#4335=ORIENTED_EDGE('',*,*,#5467,.T.);
#4336=ORIENTED_EDGE('',*,*,#5468,.T.);
#4337=ORIENTED_EDGE('',*,*,#5469,.T.);
#4338=ORIENTED_EDGE('',*,*,#5470,.T.);
#4339=ORIENTED_EDGE('',*,*,#5471,.T.);
#4340=ORIENTED_EDGE('',*,*,#5472,.T.);
#4341=ORIENTED_EDGE('',*,*,#5473,.T.);
#4342=ORIENTED_EDGE('',*,*,#5474,.T.);
#4343=ORIENTED_EDGE('',*,*,#5475,.T.);
#4344=ORIENTED_EDGE('',*,*,#5476,.T.);
#4345=ORIENTED_EDGE('',*,*,#5477,.T.);
#4346=ORIENTED_EDGE('',*,*,#5478,.T.);
#4347=ORIENTED_EDGE('',*,*,#5479,.T.);
#4348=ORIENTED_EDGE('',*,*,#5480,.T.);
#4349=ORIENTED_EDGE('',*,*,#5481,.T.);
#4350=ORIENTED_EDGE('',*,*,#5482,.T.);
#4351=ORIENTED_EDGE('',*,*,#5483,.T.);
#4352=ORIENTED_EDGE('',*,*,#5484,.T.);
#4353=ORIENTED_EDGE('',*,*,#5485,.T.);
#4354=ORIENTED_EDGE('',*,*,#5486,.T.);
#4355=ORIENTED_EDGE('',*,*,#5487,.T.);
#4356=ORIENTED_EDGE('',*,*,#5488,.T.);
#4357=ORIENTED_EDGE('',*,*,#5489,.T.);
#4358=ORIENTED_EDGE('',*,*,#5490,.T.);
#4359=ORIENTED_EDGE('',*,*,#5491,.T.);
#4360=ORIENTED_EDGE('',*,*,#5492,.T.);
#4361=ORIENTED_EDGE('',*,*,#5493,.T.);
#4362=ORIENTED_EDGE('',*,*,#5494,.F.);
#4363=ORIENTED_EDGE('',*,*,#5495,.F.);
#4364=ORIENTED_EDGE('',*,*,#5496,.F.);
#4365=ORIENTED_EDGE('',*,*,#5497,.F.);
#4366=ORIENTED_EDGE('',*,*,#5498,.F.);
#4367=ORIENTED_EDGE('',*,*,#5499,.F.);
#4368=ORIENTED_EDGE('',*,*,#5500,.F.);
#4369=ORIENTED_EDGE('',*,*,#5501,.F.);
#4370=ORIENTED_EDGE('',*,*,#5502,.F.);
#4371=ORIENTED_EDGE('',*,*,#5503,.F.);
#4372=ORIENTED_EDGE('',*,*,#5504,.F.);
#4373=ORIENTED_EDGE('',*,*,#5505,.F.);
#4374=ORIENTED_EDGE('',*,*,#5506,.F.);
#4375=ORIENTED_EDGE('',*,*,#5507,.F.);
#4376=ORIENTED_EDGE('',*,*,#5508,.F.);
#4377=ORIENTED_EDGE('',*,*,#5509,.F.);
#4378=ORIENTED_EDGE('',*,*,#5510,.F.);
#4379=ORIENTED_EDGE('',*,*,#5511,.F.);
#4380=ORIENTED_EDGE('',*,*,#5512,.F.);
#4381=ORIENTED_EDGE('',*,*,#5513,.F.);
#4382=ORIENTED_EDGE('',*,*,#5514,.F.);
#4383=ORIENTED_EDGE('',*,*,#5515,.F.);
#4384=ORIENTED_EDGE('',*,*,#5516,.F.);
#4385=ORIENTED_EDGE('',*,*,#5517,.F.);
#4386=ORIENTED_EDGE('',*,*,#5518,.F.);
#4387=ORIENTED_EDGE('',*,*,#5519,.F.);
#4388=ORIENTED_EDGE('',*,*,#5520,.F.);
#4389=ORIENTED_EDGE('',*,*,#5521,.F.);
#4390=ORIENTED_EDGE('',*,*,#5522,.F.);
#4391=ORIENTED_EDGE('',*,*,#5523,.F.);
#4392=ORIENTED_EDGE('',*,*,#5524,.F.);
#4393=ORIENTED_EDGE('',*,*,#5525,.F.);
#4394=ORIENTED_EDGE('',*,*,#5526,.F.);
#4395=ORIENTED_EDGE('',*,*,#5527,.F.);
#4396=ORIENTED_EDGE('',*,*,#5528,.F.);
#4397=ORIENTED_EDGE('',*,*,#5529,.F.);
#4398=ORIENTED_EDGE('',*,*,#5530,.F.);
#4399=ORIENTED_EDGE('',*,*,#5531,.F.);
#4400=ORIENTED_EDGE('',*,*,#5532,.F.);
#4401=ORIENTED_EDGE('',*,*,#5533,.F.);
#4402=ORIENTED_EDGE('',*,*,#5534,.F.);
#4403=ORIENTED_EDGE('',*,*,#5535,.F.);
#4404=ORIENTED_EDGE('',*,*,#5536,.F.);
#4405=ORIENTED_EDGE('',*,*,#5537,.F.);
#4406=ORIENTED_EDGE('',*,*,#5538,.F.);
#4407=ORIENTED_EDGE('',*,*,#5539,.F.);
#4408=ORIENTED_EDGE('',*,*,#5540,.F.);
#4409=ORIENTED_EDGE('',*,*,#5541,.F.);
#4410=ORIENTED_EDGE('',*,*,#5542,.F.);
#4411=ORIENTED_EDGE('',*,*,#5543,.F.);
#4412=ORIENTED_EDGE('',*,*,#5544,.F.);
#4413=ORIENTED_EDGE('',*,*,#5545,.F.);
#4414=ORIENTED_EDGE('',*,*,#5546,.F.);
#4415=ORIENTED_EDGE('',*,*,#5547,.F.);
#4416=ORIENTED_EDGE('',*,*,#5548,.F.);
#4417=ORIENTED_EDGE('',*,*,#5549,.F.);
#4418=ORIENTED_EDGE('',*,*,#5550,.F.);
#4419=ORIENTED_EDGE('',*,*,#5551,.F.);
#4420=ORIENTED_EDGE('',*,*,#5552,.F.);
#4421=ORIENTED_EDGE('',*,*,#5553,.F.);
#4422=ORIENTED_EDGE('',*,*,#5554,.F.);
#4423=ORIENTED_EDGE('',*,*,#5555,.F.);
#4424=ORIENTED_EDGE('',*,*,#5556,.F.);
#4425=ORIENTED_EDGE('',*,*,#5557,.F.);
#4426=ORIENTED_EDGE('',*,*,#5558,.F.);
#4427=ORIENTED_EDGE('',*,*,#5559,.F.);
#4428=ORIENTED_EDGE('',*,*,#5560,.F.);
#4429=ORIENTED_EDGE('',*,*,#5561,.F.);
#4430=ORIENTED_EDGE('',*,*,#5562,.F.);
#4431=ORIENTED_EDGE('',*,*,#5563,.F.);
#4432=ORIENTED_EDGE('',*,*,#5564,.F.);
#4433=ORIENTED_EDGE('',*,*,#5565,.F.);
#4434=ORIENTED_EDGE('',*,*,#5566,.F.);
#4435=ORIENTED_EDGE('',*,*,#5567,.F.);
#4436=ORIENTED_EDGE('',*,*,#5568,.F.);
#4437=ORIENTED_EDGE('',*,*,#5569,.F.);
#4438=ORIENTED_EDGE('',*,*,#5570,.F.);
#4439=ORIENTED_EDGE('',*,*,#5571,.F.);
#4440=ORIENTED_EDGE('',*,*,#5572,.F.);
#4441=ORIENTED_EDGE('',*,*,#5573,.F.);
#4442=ORIENTED_EDGE('',*,*,#5574,.F.);
#4443=ORIENTED_EDGE('',*,*,#5575,.F.);
#4444=ORIENTED_EDGE('',*,*,#5576,.F.);
#4445=ORIENTED_EDGE('',*,*,#5577,.F.);
#4446=ORIENTED_EDGE('',*,*,#5578,.F.);
#4447=ORIENTED_EDGE('',*,*,#5579,.F.);
#4448=ORIENTED_EDGE('',*,*,#5580,.F.);
#4449=ORIENTED_EDGE('',*,*,#5581,.F.);
#4450=ORIENTED_EDGE('',*,*,#5582,.F.);
#4451=ORIENTED_EDGE('',*,*,#5583,.F.);
#4452=ORIENTED_EDGE('',*,*,#5584,.F.);
#4453=ORIENTED_EDGE('',*,*,#5585,.F.);
#4454=ORIENTED_EDGE('',*,*,#5586,.F.);
#4455=ORIENTED_EDGE('',*,*,#5587,.F.);
#4456=ORIENTED_EDGE('',*,*,#5588,.F.);
#4457=ORIENTED_EDGE('',*,*,#5589,.F.);
#4458=ORIENTED_EDGE('',*,*,#5590,.F.);
#4459=ORIENTED_EDGE('',*,*,#5591,.F.);
#4460=ORIENTED_EDGE('',*,*,#5592,.F.);
#4461=ORIENTED_EDGE('',*,*,#5593,.F.);
#4462=ORIENTED_EDGE('',*,*,#5594,.F.);
#4463=ORIENTED_EDGE('',*,*,#5595,.F.);
#4464=ORIENTED_EDGE('',*,*,#5596,.F.);
#4465=ORIENTED_EDGE('',*,*,#5597,.F.);
#4466=ORIENTED_EDGE('',*,*,#5598,.F.);
#4467=ORIENTED_EDGE('',*,*,#5599,.F.);
#4468=ORIENTED_EDGE('',*,*,#5600,.F.);
#4469=ORIENTED_EDGE('',*,*,#5601,.F.);
#4470=ORIENTED_EDGE('',*,*,#5602,.F.);
#4471=ORIENTED_EDGE('',*,*,#5603,.F.);
#4472=ORIENTED_EDGE('',*,*,#5604,.F.);
#4473=ORIENTED_EDGE('',*,*,#5605,.F.);
#4474=ORIENTED_EDGE('',*,*,#5606,.F.);
#4475=ORIENTED_EDGE('',*,*,#5607,.F.);
#4476=ORIENTED_EDGE('',*,*,#5608,.F.);
#4477=ORIENTED_EDGE('',*,*,#5609,.F.);
#4478=ORIENTED_EDGE('',*,*,#5610,.F.);
#4479=ORIENTED_EDGE('',*,*,#5611,.F.);
#4480=ORIENTED_EDGE('',*,*,#5612,.F.);
#4481=ORIENTED_EDGE('',*,*,#5613,.F.);
#4482=ORIENTED_EDGE('',*,*,#5614,.F.);
#4483=ORIENTED_EDGE('',*,*,#5615,.F.);
#4484=ORIENTED_EDGE('',*,*,#5616,.F.);
#4485=ORIENTED_EDGE('',*,*,#5617,.F.);
#4486=ORIENTED_EDGE('',*,*,#5618,.F.);
#4487=ORIENTED_EDGE('',*,*,#5619,.F.);
#4488=ORIENTED_EDGE('',*,*,#5620,.F.);
#4489=ORIENTED_EDGE('',*,*,#5621,.F.);
#4490=ORIENTED_EDGE('',*,*,#5622,.F.);
#4491=ORIENTED_EDGE('',*,*,#5623,.F.);
#4492=ORIENTED_EDGE('',*,*,#5624,.F.);
#4493=ORIENTED_EDGE('',*,*,#5625,.F.);
#4494=ORIENTED_EDGE('',*,*,#5626,.F.);
#4495=ORIENTED_EDGE('',*,*,#5627,.F.);
#4496=ORIENTED_EDGE('',*,*,#5628,.F.);
#4497=ORIENTED_EDGE('',*,*,#5629,.F.);
#4498=ORIENTED_EDGE('',*,*,#5630,.F.);
#4499=ORIENTED_EDGE('',*,*,#5631,.F.);
#4500=ORIENTED_EDGE('',*,*,#5632,.F.);
#4501=ORIENTED_EDGE('',*,*,#5633,.F.);
#4502=ORIENTED_EDGE('',*,*,#5634,.F.);
#4503=ORIENTED_EDGE('',*,*,#5635,.F.);
#4504=ORIENTED_EDGE('',*,*,#5636,.F.);
#4505=ORIENTED_EDGE('',*,*,#5637,.F.);
#4506=ORIENTED_EDGE('',*,*,#5638,.F.);
#4507=ORIENTED_EDGE('',*,*,#5639,.F.);
#4508=ORIENTED_EDGE('',*,*,#5640,.F.);
#4509=ORIENTED_EDGE('',*,*,#5641,.F.);
#4510=ORIENTED_EDGE('',*,*,#5642,.F.);
#4511=ORIENTED_EDGE('',*,*,#5643,.F.);
#4512=ORIENTED_EDGE('',*,*,#5644,.F.);
#4513=ORIENTED_EDGE('',*,*,#5645,.F.);
#4514=ORIENTED_EDGE('',*,*,#5646,.F.);
#4515=ORIENTED_EDGE('',*,*,#5647,.F.);
#4516=ORIENTED_EDGE('',*,*,#5648,.F.);
#4517=ORIENTED_EDGE('',*,*,#5649,.F.);
#4518=ORIENTED_EDGE('',*,*,#5650,.F.);
#4519=ORIENTED_EDGE('',*,*,#5651,.F.);
#4520=ORIENTED_EDGE('',*,*,#5652,.F.);
#4521=ORIENTED_EDGE('',*,*,#5653,.F.);
#4522=ORIENTED_EDGE('',*,*,#5654,.F.);
#4523=ORIENTED_EDGE('',*,*,#5655,.F.);
#4524=ORIENTED_EDGE('',*,*,#5656,.F.);
#4525=ORIENTED_EDGE('',*,*,#5657,.F.);
#4526=ORIENTED_EDGE('',*,*,#5658,.F.);
#4527=ORIENTED_EDGE('',*,*,#5659,.F.);
#4528=ORIENTED_EDGE('',*,*,#5660,.F.);
#4529=ORIENTED_EDGE('',*,*,#5661,.F.);
#4530=ORIENTED_EDGE('',*,*,#5662,.F.);
#4531=ORIENTED_EDGE('',*,*,#5663,.F.);
#4532=ORIENTED_EDGE('',*,*,#5664,.F.);
#4533=ORIENTED_EDGE('',*,*,#5665,.F.);
#4534=ORIENTED_EDGE('',*,*,#5666,.F.);
#4535=ORIENTED_EDGE('',*,*,#5667,.F.);
#4536=ORIENTED_EDGE('',*,*,#5668,.F.);
#4537=ORIENTED_EDGE('',*,*,#5669,.F.);
#4538=ORIENTED_EDGE('',*,*,#5670,.F.);
#4539=ORIENTED_EDGE('',*,*,#5671,.F.);
#4540=ORIENTED_EDGE('',*,*,#5672,.F.);
#4541=ORIENTED_EDGE('',*,*,#5673,.F.);
#4542=ORIENTED_EDGE('',*,*,#5674,.F.);
#4543=ORIENTED_EDGE('',*,*,#5675,.F.);
#4544=ORIENTED_EDGE('',*,*,#5676,.F.);
#4545=ORIENTED_EDGE('',*,*,#5677,.F.);
#4546=ORIENTED_EDGE('',*,*,#5678,.F.);
#4547=ORIENTED_EDGE('',*,*,#5679,.F.);
#4548=ORIENTED_EDGE('',*,*,#5680,.F.);
#4549=ORIENTED_EDGE('',*,*,#5681,.F.);
#4550=ORIENTED_EDGE('',*,*,#5682,.F.);
#4551=ORIENTED_EDGE('',*,*,#5683,.F.);
#4552=ORIENTED_EDGE('',*,*,#5684,.F.);
#4553=ORIENTED_EDGE('',*,*,#5685,.F.);
#4554=ORIENTED_EDGE('',*,*,#5686,.F.);
#4555=ORIENTED_EDGE('',*,*,#5687,.F.);
#4556=ORIENTED_EDGE('',*,*,#5688,.F.);
#4557=ORIENTED_EDGE('',*,*,#5689,.F.);
#4558=ORIENTED_EDGE('',*,*,#5690,.F.);
#4559=ORIENTED_EDGE('',*,*,#5691,.F.);
#4560=ORIENTED_EDGE('',*,*,#5692,.F.);
#4561=ORIENTED_EDGE('',*,*,#5693,.F.);
#4562=ORIENTED_EDGE('',*,*,#5694,.F.);
#4563=ORIENTED_EDGE('',*,*,#5695,.F.);
#4564=ORIENTED_EDGE('',*,*,#5696,.F.);
#4565=ORIENTED_EDGE('',*,*,#5697,.F.);
#4566=ORIENTED_EDGE('',*,*,#5698,.F.);
#4567=ORIENTED_EDGE('',*,*,#5699,.F.);
#4568=ORIENTED_EDGE('',*,*,#5700,.F.);
#4569=ORIENTED_EDGE('',*,*,#5701,.F.);
#4570=ORIENTED_EDGE('',*,*,#5702,.F.);
#4571=ORIENTED_EDGE('',*,*,#5703,.F.);
#4572=ORIENTED_EDGE('',*,*,#5704,.F.);
#4573=ORIENTED_EDGE('',*,*,#5705,.F.);
#4574=ORIENTED_EDGE('',*,*,#5706,.F.);
#4575=ORIENTED_EDGE('',*,*,#5707,.F.);
#4576=ORIENTED_EDGE('',*,*,#5708,.F.);
#4577=ORIENTED_EDGE('',*,*,#5709,.F.);
#4578=ORIENTED_EDGE('',*,*,#5710,.F.);
#4579=ORIENTED_EDGE('',*,*,#5711,.F.);
#4580=ORIENTED_EDGE('',*,*,#5712,.F.);
#4581=ORIENTED_EDGE('',*,*,#5713,.F.);
#4582=ORIENTED_EDGE('',*,*,#5714,.F.);
#4583=ORIENTED_EDGE('',*,*,#5715,.F.);
#4584=ORIENTED_EDGE('',*,*,#5716,.F.);
#4585=ORIENTED_EDGE('',*,*,#5717,.F.);
#4586=ORIENTED_EDGE('',*,*,#5718,.F.);
#4587=ORIENTED_EDGE('',*,*,#5719,.F.);
#4588=ORIENTED_EDGE('',*,*,#5720,.F.);
#4589=ORIENTED_EDGE('',*,*,#5721,.F.);
#4590=ORIENTED_EDGE('',*,*,#5722,.F.);
#4591=ORIENTED_EDGE('',*,*,#5723,.F.);
#4592=ORIENTED_EDGE('',*,*,#5724,.F.);
#4593=ORIENTED_EDGE('',*,*,#5725,.F.);
#4594=ORIENTED_EDGE('',*,*,#5726,.F.);
#4595=ORIENTED_EDGE('',*,*,#5727,.F.);
#4596=ORIENTED_EDGE('',*,*,#5728,.F.);
#4597=ORIENTED_EDGE('',*,*,#5729,.F.);
#4598=ORIENTED_EDGE('',*,*,#5730,.F.);
#4599=ORIENTED_EDGE('',*,*,#5731,.F.);
#4600=ORIENTED_EDGE('',*,*,#5732,.F.);
#4601=ORIENTED_EDGE('',*,*,#5733,.F.);
#4602=ORIENTED_EDGE('',*,*,#5734,.F.);
#4603=ORIENTED_EDGE('',*,*,#5735,.F.);
#4604=ORIENTED_EDGE('',*,*,#5736,.F.);
#4605=ORIENTED_EDGE('',*,*,#5737,.F.);
#4606=ORIENTED_EDGE('',*,*,#5738,.F.);
#4607=ORIENTED_EDGE('',*,*,#5739,.F.);
#4608=ORIENTED_EDGE('',*,*,#5740,.F.);
#4609=ORIENTED_EDGE('',*,*,#5741,.F.);
#4610=ORIENTED_EDGE('',*,*,#5742,.F.);
#4611=ORIENTED_EDGE('',*,*,#5743,.F.);
#4612=ORIENTED_EDGE('',*,*,#5744,.F.);
#4613=ORIENTED_EDGE('',*,*,#5745,.F.);
#4614=ORIENTED_EDGE('',*,*,#5746,.F.);
#4615=ORIENTED_EDGE('',*,*,#5747,.F.);
#4616=ORIENTED_EDGE('',*,*,#5748,.F.);
#4617=ORIENTED_EDGE('',*,*,#5749,.F.);
#4618=ORIENTED_EDGE('',*,*,#5750,.F.);
#4619=ORIENTED_EDGE('',*,*,#5751,.F.);
#4620=ORIENTED_EDGE('',*,*,#5752,.F.);
#4621=ORIENTED_EDGE('',*,*,#5753,.F.);
#4622=ORIENTED_EDGE('',*,*,#5754,.F.);
#4623=ORIENTED_EDGE('',*,*,#5755,.F.);
#4624=ORIENTED_EDGE('',*,*,#5756,.F.);
#4625=ORIENTED_EDGE('',*,*,#5757,.F.);
#4626=ORIENTED_EDGE('',*,*,#5758,.F.);
#4627=ORIENTED_EDGE('',*,*,#5759,.F.);
#4628=ORIENTED_EDGE('',*,*,#5760,.F.);
#4629=ORIENTED_EDGE('',*,*,#5761,.F.);
#4630=ORIENTED_EDGE('',*,*,#5762,.F.);
#4631=ORIENTED_EDGE('',*,*,#5763,.F.);
#4632=ORIENTED_EDGE('',*,*,#5764,.F.);
#4633=ORIENTED_EDGE('',*,*,#5765,.F.);
#4634=ORIENTED_EDGE('',*,*,#5766,.F.);
#4635=ORIENTED_EDGE('',*,*,#5767,.F.);
#4636=ORIENTED_EDGE('',*,*,#5768,.F.);
#4637=ORIENTED_EDGE('',*,*,#5769,.F.);
#4638=ORIENTED_EDGE('',*,*,#5770,.F.);
#4639=ORIENTED_EDGE('',*,*,#5771,.F.);
#4640=ORIENTED_EDGE('',*,*,#5772,.F.);
#4641=ORIENTED_EDGE('',*,*,#5773,.F.);
#4642=ORIENTED_EDGE('',*,*,#5774,.F.);
#4643=ORIENTED_EDGE('',*,*,#5492,.F.);
#4644=ORIENTED_EDGE('',*,*,#5209,.T.);
#4645=ORIENTED_EDGE('',*,*,#5493,.F.);
#4646=ORIENTED_EDGE('',*,*,#5210,.F.);
#4647=ORIENTED_EDGE('',*,*,#5494,.T.);
#4648=ORIENTED_EDGE('',*,*,#5211,.F.);
#4649=ORIENTED_EDGE('',*,*,#5495,.T.);
#4650=ORIENTED_EDGE('',*,*,#5212,.F.);
#4651=ORIENTED_EDGE('',*,*,#5496,.T.);
#4652=ORIENTED_EDGE('',*,*,#5213,.F.);
#4653=ORIENTED_EDGE('',*,*,#5497,.T.);
#4654=ORIENTED_EDGE('',*,*,#5214,.F.);
#4655=ORIENTED_EDGE('',*,*,#5498,.T.);
#4656=ORIENTED_EDGE('',*,*,#5215,.F.);
#4657=ORIENTED_EDGE('',*,*,#5499,.T.);
#4658=ORIENTED_EDGE('',*,*,#5216,.F.);
#4659=ORIENTED_EDGE('',*,*,#5500,.T.);
#4660=ORIENTED_EDGE('',*,*,#5217,.F.);
#4661=ORIENTED_EDGE('',*,*,#5501,.T.);
#4662=ORIENTED_EDGE('',*,*,#5218,.F.);
#4663=ORIENTED_EDGE('',*,*,#5502,.T.);
#4664=ORIENTED_EDGE('',*,*,#5219,.F.);
#4665=ORIENTED_EDGE('',*,*,#5503,.T.);
#4666=ORIENTED_EDGE('',*,*,#5220,.F.);
#4667=ORIENTED_EDGE('',*,*,#5504,.T.);
#4668=ORIENTED_EDGE('',*,*,#5221,.F.);
#4669=ORIENTED_EDGE('',*,*,#5505,.T.);
#4670=ORIENTED_EDGE('',*,*,#5222,.F.);
#4671=ORIENTED_EDGE('',*,*,#5506,.T.);
#4672=ORIENTED_EDGE('',*,*,#5223,.F.);
#4673=ORIENTED_EDGE('',*,*,#5507,.T.);
#4674=ORIENTED_EDGE('',*,*,#5224,.F.);
#4675=ORIENTED_EDGE('',*,*,#5508,.T.);
#4676=ORIENTED_EDGE('',*,*,#5225,.F.);
#4677=ORIENTED_EDGE('',*,*,#5509,.T.);
#4678=ORIENTED_EDGE('',*,*,#5226,.F.);
#4679=ORIENTED_EDGE('',*,*,#5510,.T.);
#4680=ORIENTED_EDGE('',*,*,#5227,.F.);
#4681=ORIENTED_EDGE('',*,*,#5511,.T.);
#4682=ORIENTED_EDGE('',*,*,#5228,.F.);
#4683=ORIENTED_EDGE('',*,*,#5512,.T.);
#4684=ORIENTED_EDGE('',*,*,#5229,.F.);
#4685=ORIENTED_EDGE('',*,*,#5513,.T.);
#4686=ORIENTED_EDGE('',*,*,#5230,.F.);
#4687=ORIENTED_EDGE('',*,*,#5514,.T.);
#4688=ORIENTED_EDGE('',*,*,#5231,.F.);
#4689=ORIENTED_EDGE('',*,*,#5515,.T.);
#4690=ORIENTED_EDGE('',*,*,#5232,.F.);
#4691=ORIENTED_EDGE('',*,*,#5516,.T.);
#4692=ORIENTED_EDGE('',*,*,#5233,.F.);
#4693=ORIENTED_EDGE('',*,*,#5517,.T.);
#4694=ORIENTED_EDGE('',*,*,#5234,.F.);
#4695=ORIENTED_EDGE('',*,*,#5518,.T.);
#4696=ORIENTED_EDGE('',*,*,#5235,.F.);
#4697=ORIENTED_EDGE('',*,*,#5519,.T.);
#4698=ORIENTED_EDGE('',*,*,#5236,.F.);
#4699=ORIENTED_EDGE('',*,*,#5520,.T.);
#4700=ORIENTED_EDGE('',*,*,#5237,.F.);
#4701=ORIENTED_EDGE('',*,*,#5521,.T.);
#4702=ORIENTED_EDGE('',*,*,#5238,.F.);
#4703=ORIENTED_EDGE('',*,*,#5522,.T.);
#4704=ORIENTED_EDGE('',*,*,#5239,.F.);
#4705=ORIENTED_EDGE('',*,*,#5523,.T.);
#4706=ORIENTED_EDGE('',*,*,#5240,.F.);
#4707=ORIENTED_EDGE('',*,*,#5524,.T.);
#4708=ORIENTED_EDGE('',*,*,#5241,.F.);
#4709=ORIENTED_EDGE('',*,*,#5525,.T.);
#4710=ORIENTED_EDGE('',*,*,#5242,.F.);
#4711=ORIENTED_EDGE('',*,*,#5526,.T.);
#4712=ORIENTED_EDGE('',*,*,#5243,.F.);
#4713=ORIENTED_EDGE('',*,*,#5527,.T.);
#4714=ORIENTED_EDGE('',*,*,#5244,.F.);
#4715=ORIENTED_EDGE('',*,*,#5528,.T.);
#4716=ORIENTED_EDGE('',*,*,#5245,.F.);
#4717=ORIENTED_EDGE('',*,*,#5529,.T.);
#4718=ORIENTED_EDGE('',*,*,#5246,.F.);
#4719=ORIENTED_EDGE('',*,*,#5530,.T.);
#4720=ORIENTED_EDGE('',*,*,#5247,.F.);
#4721=ORIENTED_EDGE('',*,*,#5531,.T.);
#4722=ORIENTED_EDGE('',*,*,#5248,.F.);
#4723=ORIENTED_EDGE('',*,*,#5532,.T.);
#4724=ORIENTED_EDGE('',*,*,#5249,.F.);
#4725=ORIENTED_EDGE('',*,*,#5533,.T.);
#4726=ORIENTED_EDGE('',*,*,#5250,.F.);
#4727=ORIENTED_EDGE('',*,*,#5534,.T.);
#4728=ORIENTED_EDGE('',*,*,#5251,.F.);
#4729=ORIENTED_EDGE('',*,*,#5535,.T.);
#4730=ORIENTED_EDGE('',*,*,#5252,.F.);
#4731=ORIENTED_EDGE('',*,*,#5536,.T.);
#4732=ORIENTED_EDGE('',*,*,#5253,.F.);
#4733=ORIENTED_EDGE('',*,*,#5537,.T.);
#4734=ORIENTED_EDGE('',*,*,#5254,.F.);
#4735=ORIENTED_EDGE('',*,*,#5538,.T.);
#4736=ORIENTED_EDGE('',*,*,#5255,.F.);
#4737=ORIENTED_EDGE('',*,*,#5539,.T.);
#4738=ORIENTED_EDGE('',*,*,#5256,.F.);
#4739=ORIENTED_EDGE('',*,*,#5540,.T.);
#4740=ORIENTED_EDGE('',*,*,#5257,.F.);
#4741=ORIENTED_EDGE('',*,*,#5541,.T.);
#4742=ORIENTED_EDGE('',*,*,#5258,.F.);
#4743=ORIENTED_EDGE('',*,*,#5542,.T.);
#4744=ORIENTED_EDGE('',*,*,#5259,.F.);
#4745=ORIENTED_EDGE('',*,*,#5543,.T.);
#4746=ORIENTED_EDGE('',*,*,#5260,.F.);
#4747=ORIENTED_EDGE('',*,*,#5544,.T.);
#4748=ORIENTED_EDGE('',*,*,#5261,.F.);
#4749=ORIENTED_EDGE('',*,*,#5545,.T.);
#4750=ORIENTED_EDGE('',*,*,#5262,.F.);
#4751=ORIENTED_EDGE('',*,*,#5546,.T.);
#4752=ORIENTED_EDGE('',*,*,#5263,.F.);
#4753=ORIENTED_EDGE('',*,*,#5547,.T.);
#4754=ORIENTED_EDGE('',*,*,#5264,.F.);
#4755=ORIENTED_EDGE('',*,*,#5548,.T.);
#4756=ORIENTED_EDGE('',*,*,#5265,.F.);
#4757=ORIENTED_EDGE('',*,*,#5549,.T.);
#4758=ORIENTED_EDGE('',*,*,#5266,.F.);
#4759=ORIENTED_EDGE('',*,*,#5550,.T.);
#4760=ORIENTED_EDGE('',*,*,#5267,.F.);
#4761=ORIENTED_EDGE('',*,*,#5551,.T.);
#4762=ORIENTED_EDGE('',*,*,#5268,.F.);
#4763=ORIENTED_EDGE('',*,*,#5552,.T.);
#4764=ORIENTED_EDGE('',*,*,#5269,.F.);
#4765=ORIENTED_EDGE('',*,*,#5553,.T.);
#4766=ORIENTED_EDGE('',*,*,#5270,.F.);
#4767=ORIENTED_EDGE('',*,*,#5554,.T.);
#4768=ORIENTED_EDGE('',*,*,#5271,.F.);
#4769=ORIENTED_EDGE('',*,*,#5555,.T.);
#4770=ORIENTED_EDGE('',*,*,#5272,.F.);
#4771=ORIENTED_EDGE('',*,*,#5556,.T.);
#4772=ORIENTED_EDGE('',*,*,#5273,.F.);
#4773=ORIENTED_EDGE('',*,*,#5557,.T.);
#4774=ORIENTED_EDGE('',*,*,#5274,.F.);
#4775=ORIENTED_EDGE('',*,*,#5558,.T.);
#4776=ORIENTED_EDGE('',*,*,#5275,.F.);
#4777=ORIENTED_EDGE('',*,*,#5559,.T.);
#4778=ORIENTED_EDGE('',*,*,#5276,.F.);
#4779=ORIENTED_EDGE('',*,*,#5560,.T.);
#4780=ORIENTED_EDGE('',*,*,#5277,.F.);
#4781=ORIENTED_EDGE('',*,*,#5561,.T.);
#4782=ORIENTED_EDGE('',*,*,#5278,.F.);
#4783=ORIENTED_EDGE('',*,*,#5562,.T.);
#4784=ORIENTED_EDGE('',*,*,#5279,.F.);
#4785=ORIENTED_EDGE('',*,*,#5563,.T.);
#4786=ORIENTED_EDGE('',*,*,#5280,.F.);
#4787=ORIENTED_EDGE('',*,*,#5564,.T.);
#4788=ORIENTED_EDGE('',*,*,#5281,.F.);
#4789=ORIENTED_EDGE('',*,*,#5565,.T.);
#4790=ORIENTED_EDGE('',*,*,#5282,.F.);
#4791=ORIENTED_EDGE('',*,*,#5566,.T.);
#4792=ORIENTED_EDGE('',*,*,#5283,.F.);
#4793=ORIENTED_EDGE('',*,*,#5567,.T.);
#4794=ORIENTED_EDGE('',*,*,#5284,.F.);
#4795=ORIENTED_EDGE('',*,*,#5568,.T.);
#4796=ORIENTED_EDGE('',*,*,#5285,.F.);
#4797=ORIENTED_EDGE('',*,*,#5569,.T.);
#4798=ORIENTED_EDGE('',*,*,#5286,.F.);
#4799=ORIENTED_EDGE('',*,*,#5570,.T.);
#4800=ORIENTED_EDGE('',*,*,#5287,.F.);
#4801=ORIENTED_EDGE('',*,*,#5571,.T.);
#4802=ORIENTED_EDGE('',*,*,#5288,.F.);
#4803=ORIENTED_EDGE('',*,*,#5572,.T.);
#4804=ORIENTED_EDGE('',*,*,#5289,.F.);
#4805=ORIENTED_EDGE('',*,*,#5573,.T.);
#4806=ORIENTED_EDGE('',*,*,#5290,.F.);
#4807=ORIENTED_EDGE('',*,*,#5574,.T.);
#4808=ORIENTED_EDGE('',*,*,#5291,.F.);
#4809=ORIENTED_EDGE('',*,*,#5575,.T.);
#4810=ORIENTED_EDGE('',*,*,#5292,.F.);
#4811=ORIENTED_EDGE('',*,*,#5576,.T.);
#4812=ORIENTED_EDGE('',*,*,#5293,.F.);
#4813=ORIENTED_EDGE('',*,*,#5577,.T.);
#4814=ORIENTED_EDGE('',*,*,#5294,.F.);
#4815=ORIENTED_EDGE('',*,*,#5578,.T.);
#4816=ORIENTED_EDGE('',*,*,#5295,.F.);
#4817=ORIENTED_EDGE('',*,*,#5579,.T.);
#4818=ORIENTED_EDGE('',*,*,#5296,.F.);
#4819=ORIENTED_EDGE('',*,*,#5580,.T.);
#4820=ORIENTED_EDGE('',*,*,#5297,.F.);
#4821=ORIENTED_EDGE('',*,*,#5581,.T.);
#4822=ORIENTED_EDGE('',*,*,#5298,.F.);
#4823=ORIENTED_EDGE('',*,*,#5582,.T.);
#4824=ORIENTED_EDGE('',*,*,#5299,.F.);
#4825=ORIENTED_EDGE('',*,*,#5583,.T.);
#4826=ORIENTED_EDGE('',*,*,#5300,.F.);
#4827=ORIENTED_EDGE('',*,*,#5584,.T.);
#4828=ORIENTED_EDGE('',*,*,#5301,.F.);
#4829=ORIENTED_EDGE('',*,*,#5585,.T.);
#4830=ORIENTED_EDGE('',*,*,#5302,.F.);
#4831=ORIENTED_EDGE('',*,*,#5586,.T.);
#4832=ORIENTED_EDGE('',*,*,#5303,.F.);
#4833=ORIENTED_EDGE('',*,*,#5587,.T.);
#4834=ORIENTED_EDGE('',*,*,#5304,.F.);
#4835=ORIENTED_EDGE('',*,*,#5588,.T.);
#4836=ORIENTED_EDGE('',*,*,#5305,.F.);
#4837=ORIENTED_EDGE('',*,*,#5589,.T.);
#4838=ORIENTED_EDGE('',*,*,#5306,.F.);
#4839=ORIENTED_EDGE('',*,*,#5590,.T.);
#4840=ORIENTED_EDGE('',*,*,#5307,.F.);
#4841=ORIENTED_EDGE('',*,*,#5591,.T.);
#4842=ORIENTED_EDGE('',*,*,#5308,.F.);
#4843=ORIENTED_EDGE('',*,*,#5592,.T.);
#4844=ORIENTED_EDGE('',*,*,#5309,.F.);
#4845=ORIENTED_EDGE('',*,*,#5593,.T.);
#4846=ORIENTED_EDGE('',*,*,#5310,.F.);
#4847=ORIENTED_EDGE('',*,*,#5594,.T.);
#4848=ORIENTED_EDGE('',*,*,#5311,.F.);
#4849=ORIENTED_EDGE('',*,*,#5595,.T.);
#4850=ORIENTED_EDGE('',*,*,#5312,.F.);
#4851=ORIENTED_EDGE('',*,*,#5596,.T.);
#4852=ORIENTED_EDGE('',*,*,#5313,.F.);
#4853=ORIENTED_EDGE('',*,*,#5597,.T.);
#4854=ORIENTED_EDGE('',*,*,#5314,.F.);
#4855=ORIENTED_EDGE('',*,*,#5598,.T.);
#4856=ORIENTED_EDGE('',*,*,#5315,.F.);
#4857=ORIENTED_EDGE('',*,*,#5599,.T.);
#4858=ORIENTED_EDGE('',*,*,#5316,.F.);
#4859=ORIENTED_EDGE('',*,*,#5600,.T.);
#4860=ORIENTED_EDGE('',*,*,#5317,.F.);
#4861=ORIENTED_EDGE('',*,*,#5601,.T.);
#4862=ORIENTED_EDGE('',*,*,#5318,.F.);
#4863=ORIENTED_EDGE('',*,*,#5602,.T.);
#4864=ORIENTED_EDGE('',*,*,#5319,.F.);
#4865=ORIENTED_EDGE('',*,*,#5603,.T.);
#4866=ORIENTED_EDGE('',*,*,#5320,.F.);
#4867=ORIENTED_EDGE('',*,*,#5604,.T.);
#4868=ORIENTED_EDGE('',*,*,#5321,.F.);
#4869=ORIENTED_EDGE('',*,*,#5605,.T.);
#4870=ORIENTED_EDGE('',*,*,#5322,.F.);
#4871=ORIENTED_EDGE('',*,*,#5606,.T.);
#4872=ORIENTED_EDGE('',*,*,#5323,.F.);
#4873=ORIENTED_EDGE('',*,*,#5607,.T.);
#4874=ORIENTED_EDGE('',*,*,#5324,.F.);
#4875=ORIENTED_EDGE('',*,*,#5608,.T.);
#4876=ORIENTED_EDGE('',*,*,#5325,.F.);
#4877=ORIENTED_EDGE('',*,*,#5609,.T.);
#4878=ORIENTED_EDGE('',*,*,#5326,.F.);
#4879=ORIENTED_EDGE('',*,*,#5610,.T.);
#4880=ORIENTED_EDGE('',*,*,#5327,.F.);
#4881=ORIENTED_EDGE('',*,*,#5611,.T.);
#4882=ORIENTED_EDGE('',*,*,#5328,.F.);
#4883=ORIENTED_EDGE('',*,*,#5612,.T.);
#4884=ORIENTED_EDGE('',*,*,#5329,.F.);
#4885=ORIENTED_EDGE('',*,*,#5613,.T.);
#4886=ORIENTED_EDGE('',*,*,#5330,.F.);
#4887=ORIENTED_EDGE('',*,*,#5614,.T.);
#4888=ORIENTED_EDGE('',*,*,#5331,.F.);
#4889=ORIENTED_EDGE('',*,*,#5615,.T.);
#4890=ORIENTED_EDGE('',*,*,#5332,.F.);
#4891=ORIENTED_EDGE('',*,*,#5616,.T.);
#4892=ORIENTED_EDGE('',*,*,#5333,.F.);
#4893=ORIENTED_EDGE('',*,*,#5617,.T.);
#4894=ORIENTED_EDGE('',*,*,#5334,.F.);
#4895=ORIENTED_EDGE('',*,*,#5618,.T.);
#4896=ORIENTED_EDGE('',*,*,#5335,.F.);
#4897=ORIENTED_EDGE('',*,*,#5619,.T.);
#4898=ORIENTED_EDGE('',*,*,#5336,.F.);
#4899=ORIENTED_EDGE('',*,*,#5620,.T.);
#4900=ORIENTED_EDGE('',*,*,#5337,.F.);
#4901=ORIENTED_EDGE('',*,*,#5621,.T.);
#4902=ORIENTED_EDGE('',*,*,#5338,.F.);
#4903=ORIENTED_EDGE('',*,*,#5622,.T.);
#4904=ORIENTED_EDGE('',*,*,#5339,.F.);
#4905=ORIENTED_EDGE('',*,*,#5623,.T.);
#4906=ORIENTED_EDGE('',*,*,#5340,.F.);
#4907=ORIENTED_EDGE('',*,*,#5624,.T.);
#4908=ORIENTED_EDGE('',*,*,#5341,.F.);
#4909=ORIENTED_EDGE('',*,*,#5625,.T.);
#4910=ORIENTED_EDGE('',*,*,#5342,.F.);
#4911=ORIENTED_EDGE('',*,*,#5626,.T.);
#4912=ORIENTED_EDGE('',*,*,#5343,.F.);
#4913=ORIENTED_EDGE('',*,*,#5627,.T.);
#4914=ORIENTED_EDGE('',*,*,#5344,.F.);
#4915=ORIENTED_EDGE('',*,*,#5628,.T.);
#4916=ORIENTED_EDGE('',*,*,#5345,.F.);
#4917=ORIENTED_EDGE('',*,*,#5629,.T.);
#4918=ORIENTED_EDGE('',*,*,#5346,.F.);
#4919=ORIENTED_EDGE('',*,*,#5630,.T.);
#4920=ORIENTED_EDGE('',*,*,#5347,.F.);
#4921=ORIENTED_EDGE('',*,*,#5631,.T.);
#4922=ORIENTED_EDGE('',*,*,#5348,.F.);
#4923=ORIENTED_EDGE('',*,*,#5632,.T.);
#4924=ORIENTED_EDGE('',*,*,#5349,.F.);
#4925=ORIENTED_EDGE('',*,*,#5633,.T.);
#4926=ORIENTED_EDGE('',*,*,#5350,.F.);
#4927=ORIENTED_EDGE('',*,*,#5634,.T.);
#4928=ORIENTED_EDGE('',*,*,#5351,.F.);
#4929=ORIENTED_EDGE('',*,*,#5635,.T.);
#4930=ORIENTED_EDGE('',*,*,#5352,.F.);
#4931=ORIENTED_EDGE('',*,*,#5636,.T.);
#4932=ORIENTED_EDGE('',*,*,#5353,.F.);
#4933=ORIENTED_EDGE('',*,*,#5637,.T.);
#4934=ORIENTED_EDGE('',*,*,#5354,.F.);
#4935=ORIENTED_EDGE('',*,*,#5638,.T.);
#4936=ORIENTED_EDGE('',*,*,#5355,.F.);
#4937=ORIENTED_EDGE('',*,*,#5639,.T.);
#4938=ORIENTED_EDGE('',*,*,#5356,.F.);
#4939=ORIENTED_EDGE('',*,*,#5640,.T.);
#4940=ORIENTED_EDGE('',*,*,#5357,.F.);
#4941=ORIENTED_EDGE('',*,*,#5641,.T.);
#4942=ORIENTED_EDGE('',*,*,#5358,.F.);
#4943=ORIENTED_EDGE('',*,*,#5642,.T.);
#4944=ORIENTED_EDGE('',*,*,#5359,.F.);
#4945=ORIENTED_EDGE('',*,*,#5643,.T.);
#4946=ORIENTED_EDGE('',*,*,#5360,.F.);
#4947=ORIENTED_EDGE('',*,*,#5644,.T.);
#4948=ORIENTED_EDGE('',*,*,#5361,.F.);
#4949=ORIENTED_EDGE('',*,*,#5645,.T.);
#4950=ORIENTED_EDGE('',*,*,#5362,.F.);
#4951=ORIENTED_EDGE('',*,*,#5646,.T.);
#4952=ORIENTED_EDGE('',*,*,#5363,.F.);
#4953=ORIENTED_EDGE('',*,*,#5647,.T.);
#4954=ORIENTED_EDGE('',*,*,#5364,.F.);
#4955=ORIENTED_EDGE('',*,*,#5648,.T.);
#4956=ORIENTED_EDGE('',*,*,#5365,.F.);
#4957=ORIENTED_EDGE('',*,*,#5649,.T.);
#4958=ORIENTED_EDGE('',*,*,#5366,.F.);
#4959=ORIENTED_EDGE('',*,*,#5650,.T.);
#4960=ORIENTED_EDGE('',*,*,#5367,.F.);
#4961=ORIENTED_EDGE('',*,*,#5651,.T.);
#4962=ORIENTED_EDGE('',*,*,#5368,.F.);
#4963=ORIENTED_EDGE('',*,*,#5652,.T.);
#4964=ORIENTED_EDGE('',*,*,#5369,.F.);
#4965=ORIENTED_EDGE('',*,*,#5653,.T.);
#4966=ORIENTED_EDGE('',*,*,#5370,.F.);
#4967=ORIENTED_EDGE('',*,*,#5654,.T.);
#4968=ORIENTED_EDGE('',*,*,#5371,.F.);
#4969=ORIENTED_EDGE('',*,*,#5655,.T.);
#4970=ORIENTED_EDGE('',*,*,#5372,.F.);
#4971=ORIENTED_EDGE('',*,*,#5656,.T.);
#4972=ORIENTED_EDGE('',*,*,#5373,.F.);
#4973=ORIENTED_EDGE('',*,*,#5657,.T.);
#4974=ORIENTED_EDGE('',*,*,#5374,.F.);
#4975=ORIENTED_EDGE('',*,*,#5658,.T.);
#4976=ORIENTED_EDGE('',*,*,#5375,.F.);
#4977=ORIENTED_EDGE('',*,*,#5659,.T.);
#4978=ORIENTED_EDGE('',*,*,#5376,.F.);
#4979=ORIENTED_EDGE('',*,*,#5660,.T.);
#4980=ORIENTED_EDGE('',*,*,#5377,.F.);
#4981=ORIENTED_EDGE('',*,*,#5661,.T.);
#4982=ORIENTED_EDGE('',*,*,#5378,.F.);
#4983=ORIENTED_EDGE('',*,*,#5662,.T.);
#4984=ORIENTED_EDGE('',*,*,#5379,.F.);
#4985=ORIENTED_EDGE('',*,*,#5663,.T.);
#4986=ORIENTED_EDGE('',*,*,#5380,.F.);
#4987=ORIENTED_EDGE('',*,*,#5664,.T.);
#4988=ORIENTED_EDGE('',*,*,#5381,.F.);
#4989=ORIENTED_EDGE('',*,*,#5665,.T.);
#4990=ORIENTED_EDGE('',*,*,#5382,.F.);
#4991=ORIENTED_EDGE('',*,*,#5666,.T.);
#4992=ORIENTED_EDGE('',*,*,#5383,.F.);
#4993=ORIENTED_EDGE('',*,*,#5667,.T.);
#4994=ORIENTED_EDGE('',*,*,#5384,.F.);
#4995=ORIENTED_EDGE('',*,*,#5668,.T.);
#4996=ORIENTED_EDGE('',*,*,#5385,.F.);
#4997=ORIENTED_EDGE('',*,*,#5669,.T.);
#4998=ORIENTED_EDGE('',*,*,#5386,.F.);
#4999=ORIENTED_EDGE('',*,*,#5670,.T.);
#5000=ORIENTED_EDGE('',*,*,#5387,.F.);
#5001=ORIENTED_EDGE('',*,*,#5671,.T.);
#5002=ORIENTED_EDGE('',*,*,#5388,.F.);
#5003=ORIENTED_EDGE('',*,*,#5672,.T.);
#5004=ORIENTED_EDGE('',*,*,#5389,.F.);
#5005=ORIENTED_EDGE('',*,*,#5673,.T.);
#5006=ORIENTED_EDGE('',*,*,#5390,.F.);
#5007=ORIENTED_EDGE('',*,*,#5674,.T.);
#5008=ORIENTED_EDGE('',*,*,#5391,.F.);
#5009=ORIENTED_EDGE('',*,*,#5675,.T.);
#5010=ORIENTED_EDGE('',*,*,#5392,.F.);
#5011=ORIENTED_EDGE('',*,*,#5676,.T.);
#5012=ORIENTED_EDGE('',*,*,#5393,.F.);
#5013=ORIENTED_EDGE('',*,*,#5677,.T.);
#5014=ORIENTED_EDGE('',*,*,#5394,.F.);
#5015=ORIENTED_EDGE('',*,*,#5678,.T.);
#5016=ORIENTED_EDGE('',*,*,#5395,.F.);
#5017=ORIENTED_EDGE('',*,*,#5679,.T.);
#5018=ORIENTED_EDGE('',*,*,#5396,.F.);
#5019=ORIENTED_EDGE('',*,*,#5680,.T.);
#5020=ORIENTED_EDGE('',*,*,#5397,.F.);
#5021=ORIENTED_EDGE('',*,*,#5681,.T.);
#5022=ORIENTED_EDGE('',*,*,#5398,.F.);
#5023=ORIENTED_EDGE('',*,*,#5682,.T.);
#5024=ORIENTED_EDGE('',*,*,#5399,.F.);
#5025=ORIENTED_EDGE('',*,*,#5683,.T.);
#5026=ORIENTED_EDGE('',*,*,#5400,.F.);
#5027=ORIENTED_EDGE('',*,*,#5684,.T.);
#5028=ORIENTED_EDGE('',*,*,#5401,.F.);
#5029=ORIENTED_EDGE('',*,*,#5685,.T.);
#5030=ORIENTED_EDGE('',*,*,#5402,.F.);
#5031=ORIENTED_EDGE('',*,*,#5686,.T.);
#5032=ORIENTED_EDGE('',*,*,#5403,.F.);
#5033=ORIENTED_EDGE('',*,*,#5687,.T.);
#5034=ORIENTED_EDGE('',*,*,#5404,.F.);
#5035=ORIENTED_EDGE('',*,*,#5688,.T.);
#5036=ORIENTED_EDGE('',*,*,#5405,.F.);
#5037=ORIENTED_EDGE('',*,*,#5689,.T.);
#5038=ORIENTED_EDGE('',*,*,#5406,.F.);
#5039=ORIENTED_EDGE('',*,*,#5690,.T.);
#5040=ORIENTED_EDGE('',*,*,#5407,.F.);
#5041=ORIENTED_EDGE('',*,*,#5691,.T.);
#5042=ORIENTED_EDGE('',*,*,#5408,.F.);
#5043=ORIENTED_EDGE('',*,*,#5692,.T.);
#5044=ORIENTED_EDGE('',*,*,#5409,.F.);
#5045=ORIENTED_EDGE('',*,*,#5693,.T.);
#5046=ORIENTED_EDGE('',*,*,#5410,.F.);
#5047=ORIENTED_EDGE('',*,*,#5694,.T.);
#5048=ORIENTED_EDGE('',*,*,#5411,.F.);
#5049=ORIENTED_EDGE('',*,*,#5695,.T.);
#5050=ORIENTED_EDGE('',*,*,#5412,.F.);
#5051=ORIENTED_EDGE('',*,*,#5696,.T.);
#5052=ORIENTED_EDGE('',*,*,#5413,.F.);
#5053=ORIENTED_EDGE('',*,*,#5697,.T.);
#5054=ORIENTED_EDGE('',*,*,#5414,.F.);
#5055=ORIENTED_EDGE('',*,*,#5698,.T.);
#5056=ORIENTED_EDGE('',*,*,#5415,.F.);
#5057=ORIENTED_EDGE('',*,*,#5699,.T.);
#5058=ORIENTED_EDGE('',*,*,#5416,.F.);
#5059=ORIENTED_EDGE('',*,*,#5700,.T.);
#5060=ORIENTED_EDGE('',*,*,#5417,.F.);
#5061=ORIENTED_EDGE('',*,*,#5701,.T.);
#5062=ORIENTED_EDGE('',*,*,#5418,.F.);
#5063=ORIENTED_EDGE('',*,*,#5702,.T.);
#5064=ORIENTED_EDGE('',*,*,#5419,.F.);
#5065=ORIENTED_EDGE('',*,*,#5703,.T.);
#5066=ORIENTED_EDGE('',*,*,#5420,.F.);
#5067=ORIENTED_EDGE('',*,*,#5704,.T.);
#5068=ORIENTED_EDGE('',*,*,#5421,.F.);
#5069=ORIENTED_EDGE('',*,*,#5705,.T.);
#5070=ORIENTED_EDGE('',*,*,#5422,.F.);
#5071=ORIENTED_EDGE('',*,*,#5706,.T.);
#5072=ORIENTED_EDGE('',*,*,#5423,.F.);
#5073=ORIENTED_EDGE('',*,*,#5707,.T.);
#5074=ORIENTED_EDGE('',*,*,#5424,.F.);
#5075=ORIENTED_EDGE('',*,*,#5708,.T.);
#5076=ORIENTED_EDGE('',*,*,#5425,.F.);
#5077=ORIENTED_EDGE('',*,*,#5709,.T.);
#5078=ORIENTED_EDGE('',*,*,#5426,.F.);
#5079=ORIENTED_EDGE('',*,*,#5710,.T.);
#5080=ORIENTED_EDGE('',*,*,#5427,.F.);
#5081=ORIENTED_EDGE('',*,*,#5711,.T.);
#5082=ORIENTED_EDGE('',*,*,#5428,.F.);
#5083=ORIENTED_EDGE('',*,*,#5712,.T.);
#5084=ORIENTED_EDGE('',*,*,#5429,.F.);
#5085=ORIENTED_EDGE('',*,*,#5713,.T.);
#5086=ORIENTED_EDGE('',*,*,#5430,.F.);
#5087=ORIENTED_EDGE('',*,*,#5714,.T.);
#5088=ORIENTED_EDGE('',*,*,#5431,.F.);
#5089=ORIENTED_EDGE('',*,*,#5715,.T.);
#5090=ORIENTED_EDGE('',*,*,#5432,.F.);
#5091=ORIENTED_EDGE('',*,*,#5716,.T.);
#5092=ORIENTED_EDGE('',*,*,#5433,.F.);
#5093=ORIENTED_EDGE('',*,*,#5717,.T.);
#5094=ORIENTED_EDGE('',*,*,#5434,.F.);
#5095=ORIENTED_EDGE('',*,*,#5718,.T.);
#5096=ORIENTED_EDGE('',*,*,#5435,.F.);
#5097=ORIENTED_EDGE('',*,*,#5719,.T.);
#5098=ORIENTED_EDGE('',*,*,#5436,.F.);
#5099=ORIENTED_EDGE('',*,*,#5720,.T.);
#5100=ORIENTED_EDGE('',*,*,#5437,.F.);
#5101=ORIENTED_EDGE('',*,*,#5721,.T.);
#5102=ORIENTED_EDGE('',*,*,#5438,.F.);
#5103=ORIENTED_EDGE('',*,*,#5722,.T.);
#5104=ORIENTED_EDGE('',*,*,#5439,.F.);
#5105=ORIENTED_EDGE('',*,*,#5723,.T.);
#5106=ORIENTED_EDGE('',*,*,#5440,.F.);
#5107=ORIENTED_EDGE('',*,*,#5724,.T.);
#5108=ORIENTED_EDGE('',*,*,#5441,.F.);
#5109=ORIENTED_EDGE('',*,*,#5725,.T.);
#5110=ORIENTED_EDGE('',*,*,#5442,.F.);
#5111=ORIENTED_EDGE('',*,*,#5726,.T.);
#5112=ORIENTED_EDGE('',*,*,#5443,.F.);
#5113=ORIENTED_EDGE('',*,*,#5727,.T.);
#5114=ORIENTED_EDGE('',*,*,#5444,.F.);
#5115=ORIENTED_EDGE('',*,*,#5728,.T.);
#5116=ORIENTED_EDGE('',*,*,#5445,.F.);
#5117=ORIENTED_EDGE('',*,*,#5729,.T.);
#5118=ORIENTED_EDGE('',*,*,#5446,.F.);
#5119=ORIENTED_EDGE('',*,*,#5730,.T.);
#5120=ORIENTED_EDGE('',*,*,#5447,.F.);
#5121=ORIENTED_EDGE('',*,*,#5731,.T.);
#5122=ORIENTED_EDGE('',*,*,#5448,.F.);
#5123=ORIENTED_EDGE('',*,*,#5732,.T.);
#5124=ORIENTED_EDGE('',*,*,#5449,.F.);
#5125=ORIENTED_EDGE('',*,*,#5733,.T.);
#5126=ORIENTED_EDGE('',*,*,#5450,.F.);
#5127=ORIENTED_EDGE('',*,*,#5734,.T.);
#5128=ORIENTED_EDGE('',*,*,#5451,.F.);
#5129=ORIENTED_EDGE('',*,*,#5735,.T.);
#5130=ORIENTED_EDGE('',*,*,#5452,.F.);
#5131=ORIENTED_EDGE('',*,*,#5736,.T.);
#5132=ORIENTED_EDGE('',*,*,#5453,.F.);
#5133=ORIENTED_EDGE('',*,*,#5737,.T.);
#5134=ORIENTED_EDGE('',*,*,#5454,.F.);
#5135=ORIENTED_EDGE('',*,*,#5738,.T.);
#5136=ORIENTED_EDGE('',*,*,#5455,.F.);
#5137=ORIENTED_EDGE('',*,*,#5739,.T.);
#5138=ORIENTED_EDGE('',*,*,#5456,.F.);
#5139=ORIENTED_EDGE('',*,*,#5740,.T.);
#5140=ORIENTED_EDGE('',*,*,#5457,.F.);
#5141=ORIENTED_EDGE('',*,*,#5741,.T.);
#5142=ORIENTED_EDGE('',*,*,#5458,.F.);
#5143=ORIENTED_EDGE('',*,*,#5742,.T.);
#5144=ORIENTED_EDGE('',*,*,#5459,.F.);
#5145=ORIENTED_EDGE('',*,*,#5743,.T.);
#5146=ORIENTED_EDGE('',*,*,#5460,.F.);
#5147=ORIENTED_EDGE('',*,*,#5744,.T.);
#5148=ORIENTED_EDGE('',*,*,#5461,.F.);
#5149=ORIENTED_EDGE('',*,*,#5745,.T.);
#5150=ORIENTED_EDGE('',*,*,#5462,.F.);
#5151=ORIENTED_EDGE('',*,*,#5746,.T.);
#5152=ORIENTED_EDGE('',*,*,#5463,.F.);
#5153=ORIENTED_EDGE('',*,*,#5747,.T.);
#5154=ORIENTED_EDGE('',*,*,#5464,.F.);
#5155=ORIENTED_EDGE('',*,*,#5748,.T.);
#5156=ORIENTED_EDGE('',*,*,#5465,.F.);
#5157=ORIENTED_EDGE('',*,*,#5749,.T.);
#5158=ORIENTED_EDGE('',*,*,#5466,.F.);
#5159=ORIENTED_EDGE('',*,*,#5750,.T.);
#5160=ORIENTED_EDGE('',*,*,#5467,.F.);
#5161=ORIENTED_EDGE('',*,*,#5751,.T.);
#5162=ORIENTED_EDGE('',*,*,#5468,.F.);
#5163=ORIENTED_EDGE('',*,*,#5752,.T.);
#5164=ORIENTED_EDGE('',*,*,#5469,.F.);
#5165=ORIENTED_EDGE('',*,*,#5753,.T.);
#5166=ORIENTED_EDGE('',*,*,#5470,.F.);
#5167=ORIENTED_EDGE('',*,*,#5754,.T.);
#5168=ORIENTED_EDGE('',*,*,#5471,.F.);
#5169=ORIENTED_EDGE('',*,*,#5755,.T.);
#5170=ORIENTED_EDGE('',*,*,#5472,.F.);
#5171=ORIENTED_EDGE('',*,*,#5756,.T.);
#5172=ORIENTED_EDGE('',*,*,#5473,.F.);
#5173=ORIENTED_EDGE('',*,*,#5757,.T.);
#5174=ORIENTED_EDGE('',*,*,#5474,.F.);
#5175=ORIENTED_EDGE('',*,*,#5758,.T.);
#5176=ORIENTED_EDGE('',*,*,#5475,.F.);
#5177=ORIENTED_EDGE('',*,*,#5759,.T.);
#5178=ORIENTED_EDGE('',*,*,#5476,.F.);
#5179=ORIENTED_EDGE('',*,*,#5760,.T.);
#5180=ORIENTED_EDGE('',*,*,#5477,.F.);
#5181=ORIENTED_EDGE('',*,*,#5761,.T.);
#5182=ORIENTED_EDGE('',*,*,#5478,.F.);
#5183=ORIENTED_EDGE('',*,*,#5762,.T.);
#5184=ORIENTED_EDGE('',*,*,#5479,.F.);
#5185=ORIENTED_EDGE('',*,*,#5763,.T.);
#5186=ORIENTED_EDGE('',*,*,#5480,.F.);
#5187=ORIENTED_EDGE('',*,*,#5764,.T.);
#5188=ORIENTED_EDGE('',*,*,#5481,.F.);
#5189=ORIENTED_EDGE('',*,*,#5765,.T.);
#5190=ORIENTED_EDGE('',*,*,#5482,.F.);
#5191=ORIENTED_EDGE('',*,*,#5766,.T.);
#5192=ORIENTED_EDGE('',*,*,#5483,.F.);
#5193=ORIENTED_EDGE('',*,*,#5767,.T.);
#5194=ORIENTED_EDGE('',*,*,#5484,.F.);
#5195=ORIENTED_EDGE('',*,*,#5768,.T.);
#5196=ORIENTED_EDGE('',*,*,#5485,.F.);
#5197=ORIENTED_EDGE('',*,*,#5769,.T.);
#5198=ORIENTED_EDGE('',*,*,#5486,.F.);
#5199=ORIENTED_EDGE('',*,*,#5770,.T.);
#5200=ORIENTED_EDGE('',*,*,#5487,.F.);
#5201=ORIENTED_EDGE('',*,*,#5771,.T.);
#5202=ORIENTED_EDGE('',*,*,#5488,.F.);
#5203=ORIENTED_EDGE('',*,*,#5772,.T.);
#5204=ORIENTED_EDGE('',*,*,#5489,.F.);
#5205=ORIENTED_EDGE('',*,*,#5773,.T.);
#5206=ORIENTED_EDGE('',*,*,#5490,.F.);
#5207=ORIENTED_EDGE('',*,*,#5774,.T.);
#5208=ORIENTED_EDGE('',*,*,#5491,.F.);
#5209=EDGE_CURVE('',#5775,#5775,#5776,.T.);
#5210=EDGE_CURVE('',#5777,#5777,#5778,.T.);
#5211=EDGE_CURVE('',#5779,#5779,#5780,.T.);
#5212=EDGE_CURVE('',#5781,#5781,#5782,.T.);
#5213=EDGE_CURVE('',#5783,#5783,#5784,.T.);
#5214=EDGE_CURVE('',#5785,#5785,#5786,.T.);
#5215=EDGE_CURVE('',#5787,#5787,#5788,.T.);
#5216=EDGE_CURVE('',#5789,#5789,#5790,.T.);
#5217=EDGE_CURVE('',#5791,#5791,#5792,.T.);
#5218=EDGE_CURVE('',#5793,#5793,#5794,.T.);
#5219=EDGE_CURVE('',#5795,#5795,#5796,.T.);
#5220=EDGE_CURVE('',#5797,#5797,#5798,.T.);
#5221=EDGE_CURVE('',#5799,#5799,#5800,.T.);
#5222=EDGE_CURVE('',#5801,#5801,#5802,.T.);
#5223=EDGE_CURVE('',#5803,#5803,#5804,.T.);
#5224=EDGE_CURVE('',#5805,#5805,#5806,.T.);
#5225=EDGE_CURVE('',#5807,#5807,#5808,.T.);
#5226=EDGE_CURVE('',#5809,#5809,#5810,.T.);
#5227=EDGE_CURVE('',#5811,#5811,#5812,.T.);
#5228=EDGE_CURVE('',#5813,#5813,#5814,.T.);
#5229=EDGE_CURVE('',#5815,#5815,#5816,.T.);
#5230=EDGE_CURVE('',#5817,#5817,#5818,.T.);
#5231=EDGE_CURVE('',#5819,#5819,#5820,.T.);
#5232=EDGE_CURVE('',#5821,#5821,#5822,.T.);
#5233=EDGE_CURVE('',#5823,#5823,#5824,.T.);
#5234=EDGE_CURVE('',#5825,#5825,#5826,.T.);
#5235=EDGE_CURVE('',#5827,#5827,#5828,.T.);
#5236=EDGE_CURVE('',#5829,#5829,#5830,.T.);
#5237=EDGE_CURVE('',#5831,#5831,#5832,.T.);
#5238=EDGE_CURVE('',#5833,#5833,#5834,.T.);
#5239=EDGE_CURVE('',#5835,#5835,#5836,.T.);
#5240=EDGE_CURVE('',#5837,#5837,#5838,.T.);
#5241=EDGE_CURVE('',#5839,#5839,#5840,.T.);
#5242=EDGE_CURVE('',#5841,#5841,#5842,.T.);
#5243=EDGE_CURVE('',#5843,#5843,#5844,.T.);
#5244=EDGE_CURVE('',#5845,#5845,#5846,.T.);
#5245=EDGE_CURVE('',#5847,#5847,#5848,.T.);
#5246=EDGE_CURVE('',#5849,#5849,#5850,.T.);
#5247=EDGE_CURVE('',#5851,#5851,#5852,.T.);
#5248=EDGE_CURVE('',#5853,#5853,#5854,.T.);
#5249=EDGE_CURVE('',#5855,#5855,#5856,.T.);
#5250=EDGE_CURVE('',#5857,#5857,#5858,.T.);
#5251=EDGE_CURVE('',#5859,#5859,#5860,.T.);
#5252=EDGE_CURVE('',#5861,#5861,#5862,.T.);
#5253=EDGE_CURVE('',#5863,#5863,#5864,.T.);
#5254=EDGE_CURVE('',#5865,#5865,#5866,.T.);
#5255=EDGE_CURVE('',#5867,#5867,#5868,.T.);
#5256=EDGE_CURVE('',#5869,#5869,#5870,.T.);
#5257=EDGE_CURVE('',#5871,#5871,#5872,.T.);
#5258=EDGE_CURVE('',#5873,#5873,#5874,.T.);
#5259=EDGE_CURVE('',#5875,#5875,#5876,.T.);
#5260=EDGE_CURVE('',#5877,#5877,#5878,.T.);
#5261=EDGE_CURVE('',#5879,#5879,#5880,.T.);
#5262=EDGE_CURVE('',#5881,#5881,#5882,.T.);
#5263=EDGE_CURVE('',#5883,#5883,#5884,.T.);
#5264=EDGE_CURVE('',#5885,#5885,#5886,.T.);
#5265=EDGE_CURVE('',#5887,#5887,#5888,.T.);
#5266=EDGE_CURVE('',#5889,#5889,#5890,.T.);
#5267=EDGE_CURVE('',#5891,#5891,#5892,.T.);
#5268=EDGE_CURVE('',#5893,#5893,#5894,.T.);
#5269=EDGE_CURVE('',#5895,#5895,#5896,.T.);
#5270=EDGE_CURVE('',#5897,#5897,#5898,.T.);
#5271=EDGE_CURVE('',#5899,#5899,#5900,.T.);
#5272=EDGE_CURVE('',#5901,#5901,#5902,.T.);
#5273=EDGE_CURVE('',#5903,#5903,#5904,.T.);
#5274=EDGE_CURVE('',#5905,#5905,#5906,.T.);
#5275=EDGE_CURVE('',#5907,#5907,#5908,.T.);
#5276=EDGE_CURVE('',#5909,#5909,#5910,.T.);
#5277=EDGE_CURVE('',#5911,#5911,#5912,.T.);
#5278=EDGE_CURVE('',#5913,#5913,#5914,.T.);
#5279=EDGE_CURVE('',#5915,#5915,#5916,.T.);
#5280=EDGE_CURVE('',#5917,#5917,#5918,.T.);
#5281=EDGE_CURVE('',#5919,#5919,#5920,.T.);
#5282=EDGE_CURVE('',#5921,#5921,#5922,.T.);
#5283=EDGE_CURVE('',#5923,#5923,#5924,.T.);
#5284=EDGE_CURVE('',#5925,#5925,#5926,.T.);
#5285=EDGE_CURVE('',#5927,#5927,#5928,.T.);
#5286=EDGE_CURVE('',#5929,#5929,#5930,.T.);
#5287=EDGE_CURVE('',#5931,#5931,#5932,.T.);
#5288=EDGE_CURVE('',#5933,#5933,#5934,.T.);
#5289=EDGE_CURVE('',#5935,#5935,#5936,.T.);
#5290=EDGE_CURVE('',#5937,#5937,#5938,.T.);
#5291=EDGE_CURVE('',#5939,#5939,#5940,.T.);
#5292=EDGE_CURVE('',#5941,#5941,#5942,.T.);
#5293=EDGE_CURVE('',#5943,#5943,#5944,.T.);
#5294=EDGE_CURVE('',#5945,#5945,#5946,.T.);
#5295=EDGE_CURVE('',#5947,#5947,#5948,.T.);
#5296=EDGE_CURVE('',#5949,#5949,#5950,.T.);
#5297=EDGE_CURVE('',#5951,#5951,#5952,.T.);
#5298=EDGE_CURVE('',#5953,#5953,#5954,.T.);
#5299=EDGE_CURVE('',#5955,#5955,#5956,.T.);
#5300=EDGE_CURVE('',#5957,#5957,#5958,.T.);
#5301=EDGE_CURVE('',#5959,#5959,#5960,.T.);
#5302=EDGE_CURVE('',#5961,#5961,#5962,.T.);
#5303=EDGE_CURVE('',#5963,#5963,#5964,.T.);
#5304=EDGE_CURVE('',#5965,#5965,#5966,.T.);
#5305=EDGE_CURVE('',#5967,#5967,#5968,.T.);
#5306=EDGE_CURVE('',#5969,#5969,#5970,.T.);
#5307=EDGE_CURVE('',#5971,#5971,#5972,.T.);
#5308=EDGE_CURVE('',#5973,#5973,#5974,.T.);
#5309=EDGE_CURVE('',#5975,#5975,#5976,.T.);
#5310=EDGE_CURVE('',#5977,#5977,#5978,.T.);
#5311=EDGE_CURVE('',#5979,#5979,#5980,.T.);
#5312=EDGE_CURVE('',#5981,#5981,#5982,.T.);
#5313=EDGE_CURVE('',#5983,#5983,#5984,.T.);
#5314=EDGE_CURVE('',#5985,#5985,#5986,.T.);
#5315=EDGE_CURVE('',#5987,#5987,#5988,.T.);
#5316=EDGE_CURVE('',#5989,#5989,#5990,.T.);
#5317=EDGE_CURVE('',#5991,#5991,#5992,.T.);
#5318=EDGE_CURVE('',#5993,#5993,#5994,.T.);
#5319=EDGE_CURVE('',#5995,#5995,#5996,.T.);
#5320=EDGE_CURVE('',#5997,#5997,#5998,.T.);
#5321=EDGE_CURVE('',#5999,#5999,#6000,.T.);
#5322=EDGE_CURVE('',#6001,#6001,#6002,.T.);
#5323=EDGE_CURVE('',#6003,#6003,#6004,.T.);
#5324=EDGE_CURVE('',#6005,#6005,#6006,.T.);
#5325=EDGE_CURVE('',#6007,#6007,#6008,.T.);
#5326=EDGE_CURVE('',#6009,#6009,#6010,.T.);
#5327=EDGE_CURVE('',#6011,#6011,#6012,.T.);
#5328=EDGE_CURVE('',#6013,#6013,#6014,.T.);
#5329=EDGE_CURVE('',#6015,#6015,#6016,.T.);
#5330=EDGE_CURVE('',#6017,#6017,#6018,.T.);
#5331=EDGE_CURVE('',#6019,#6019,#6020,.T.);
#5332=EDGE_CURVE('',#6021,#6021,#6022,.T.);
#5333=EDGE_CURVE('',#6023,#6023,#6024,.T.);
#5334=EDGE_CURVE('',#6025,#6025,#6026,.T.);
#5335=EDGE_CURVE('',#6027,#6027,#6028,.T.);
#5336=EDGE_CURVE('',#6029,#6029,#6030,.T.);
#5337=EDGE_CURVE('',#6031,#6031,#6032,.T.);
#5338=EDGE_CURVE('',#6033,#6033,#6034,.T.);
#5339=EDGE_CURVE('',#6035,#6035,#6036,.T.);
#5340=EDGE_CURVE('',#6037,#6037,#6038,.T.);
#5341=EDGE_CURVE('',#6039,#6039,#6040,.T.);
#5342=EDGE_CURVE('',#6041,#6041,#6042,.T.);
#5343=EDGE_CURVE('',#6043,#6043,#6044,.T.);
#5344=EDGE_CURVE('',#6045,#6045,#6046,.T.);
#5345=EDGE_CURVE('',#6047,#6047,#6048,.T.);
#5346=EDGE_CURVE('',#6049,#6049,#6050,.T.);
#5347=EDGE_CURVE('',#6051,#6051,#6052,.T.);
#5348=EDGE_CURVE('',#6053,#6053,#6054,.T.);
#5349=EDGE_CURVE('',#6055,#6055,#6056,.T.);
#5350=EDGE_CURVE('',#6057,#6057,#6058,.T.);
#5351=EDGE_CURVE('',#6059,#6059,#6060,.T.);
#5352=EDGE_CURVE('',#6061,#6061,#6062,.T.);
#5353=EDGE_CURVE('',#6063,#6063,#6064,.T.);
#5354=EDGE_CURVE('',#6065,#6065,#6066,.T.);
#5355=EDGE_CURVE('',#6067,#6067,#6068,.T.);
#5356=EDGE_CURVE('',#6069,#6069,#6070,.T.);
#5357=EDGE_CURVE('',#6071,#6071,#6072,.T.);
#5358=EDGE_CURVE('',#6073,#6073,#6074,.T.);
#5359=EDGE_CURVE('',#6075,#6075,#6076,.T.);
#5360=EDGE_CURVE('',#6077,#6077,#6078,.T.);
#5361=EDGE_CURVE('',#6079,#6079,#6080,.T.);
#5362=EDGE_CURVE('',#6081,#6081,#6082,.T.);
#5363=EDGE_CURVE('',#6083,#6083,#6084,.T.);
#5364=EDGE_CURVE('',#6085,#6085,#6086,.T.);
#5365=EDGE_CURVE('',#6087,#6087,#6088,.T.);
#5366=EDGE_CURVE('',#6089,#6089,#6090,.T.);
#5367=EDGE_CURVE('',#6091,#6091,#6092,.T.);
#5368=EDGE_CURVE('',#6093,#6093,#6094,.T.);
#5369=EDGE_CURVE('',#6095,#6095,#6096,.T.);
#5370=EDGE_CURVE('',#6097,#6097,#6098,.T.);
#5371=EDGE_CURVE('',#6099,#6099,#6100,.T.);
#5372=EDGE_CURVE('',#6101,#6101,#6102,.T.);
#5373=EDGE_CURVE('',#6103,#6103,#6104,.T.);
#5374=EDGE_CURVE('',#6105,#6105,#6106,.T.);
#5375=EDGE_CURVE('',#6107,#6107,#6108,.T.);
#5376=EDGE_CURVE('',#6109,#6109,#6110,.T.);
#5377=EDGE_CURVE('',#6111,#6111,#6112,.T.);
#5378=EDGE_CURVE('',#6113,#6113,#6114,.T.);
#5379=EDGE_CURVE('',#6115,#6115,#6116,.T.);
#5380=EDGE_CURVE('',#6117,#6117,#6118,.T.);
#5381=EDGE_CURVE('',#6119,#6119,#6120,.T.);
#5382=EDGE_CURVE('',#6121,#6121,#6122,.T.);
#5383=EDGE_CURVE('',#6123,#6123,#6124,.T.);
#5384=EDGE_CURVE('',#6125,#6125,#6126,.T.);
#5385=EDGE_CURVE('',#6127,#6127,#6128,.T.);
#5386=EDGE_CURVE('',#6129,#6129,#6130,.T.);
#5387=EDGE_CURVE('',#6131,#6131,#6132,.T.);
#5388=EDGE_CURVE('',#6133,#6133,#6134,.T.);
#5389=EDGE_CURVE('',#6135,#6135,#6136,.T.);
#5390=EDGE_CURVE('',#6137,#6137,#6138,.T.);
#5391=EDGE_CURVE('',#6139,#6139,#6140,.T.);
#5392=EDGE_CURVE('',#6141,#6141,#6142,.T.);
#5393=EDGE_CURVE('',#6143,#6143,#6144,.T.);
#5394=EDGE_CURVE('',#6145,#6145,#6146,.T.);
#5395=EDGE_CURVE('',#6147,#6147,#6148,.T.);
#5396=EDGE_CURVE('',#6149,#6149,#6150,.T.);
#5397=EDGE_CURVE('',#6151,#6151,#6152,.T.);
#5398=EDGE_CURVE('',#6153,#6153,#6154,.T.);
#5399=EDGE_CURVE('',#6155,#6155,#6156,.T.);
#5400=EDGE_CURVE('',#6157,#6157,#6158,.T.);
#5401=EDGE_CURVE('',#6159,#6159,#6160,.T.);
#5402=EDGE_CURVE('',#6161,#6161,#6162,.T.);
#5403=EDGE_CURVE('',#6163,#6163,#6164,.T.);
#5404=EDGE_CURVE('',#6165,#6165,#6166,.T.);
#5405=EDGE_CURVE('',#6167,#6167,#6168,.T.);
#5406=EDGE_CURVE('',#6169,#6169,#6170,.T.);
#5407=EDGE_CURVE('',#6171,#6171,#6172,.T.);
#5408=EDGE_CURVE('',#6173,#6173,#6174,.T.);
#5409=EDGE_CURVE('',#6175,#6175,#6176,.T.);
#5410=EDGE_CURVE('',#6177,#6177,#6178,.T.);
#5411=EDGE_CURVE('',#6179,#6179,#6180,.T.);
#5412=EDGE_CURVE('',#6181,#6181,#6182,.T.);
#5413=EDGE_CURVE('',#6183,#6183,#6184,.T.);
#5414=EDGE_CURVE('',#6185,#6185,#6186,.T.);
#5415=EDGE_CURVE('',#6187,#6187,#6188,.T.);
#5416=EDGE_CURVE('',#6189,#6189,#6190,.T.);
#5417=EDGE_CURVE('',#6191,#6191,#6192,.T.);
#5418=EDGE_CURVE('',#6193,#6193,#6194,.T.);
#5419=EDGE_CURVE('',#6195,#6195,#6196,.T.);
#5420=EDGE_CURVE('',#6197,#6197,#6198,.T.);
#5421=EDGE_CURVE('',#6199,#6199,#6200,.T.);
#5422=EDGE_CURVE('',#6201,#6201,#6202,.T.);
#5423=EDGE_CURVE('',#6203,#6203,#6204,.T.);
#5424=EDGE_CURVE('',#6205,#6205,#6206,.T.);
#5425=EDGE_CURVE('',#6207,#6207,#6208,.T.);
#5426=EDGE_CURVE('',#6209,#6209,#6210,.T.);
#5427=EDGE_CURVE('',#6211,#6211,#6212,.T.);
#5428=EDGE_CURVE('',#6213,#6213,#6214,.T.);
#5429=EDGE_CURVE('',#6215,#6215,#6216,.T.);
#5430=EDGE_CURVE('',#6217,#6217,#6218,.T.);
#5431=EDGE_CURVE('',#6219,#6219,#6220,.T.);
#5432=EDGE_CURVE('',#6221,#6221,#6222,.T.);
#5433=EDGE_CURVE('',#6223,#6223,#6224,.T.);
#5434=EDGE_CURVE('',#6225,#6225,#6226,.T.);
#5435=EDGE_CURVE('',#6227,#6227,#6228,.T.);
#5436=EDGE_CURVE('',#6229,#6229,#6230,.T.);
#5437=EDGE_CURVE('',#6231,#6231,#6232,.T.);
#5438=EDGE_CURVE('',#6233,#6233,#6234,.T.);
#5439=EDGE_CURVE('',#6235,#6235,#6236,.T.);
#5440=EDGE_CURVE('',#6237,#6237,#6238,.T.);
#5441=EDGE_CURVE('',#6239,#6239,#6240,.T.);
#5442=EDGE_CURVE('',#6241,#6241,#6242,.T.);
#5443=EDGE_CURVE('',#6243,#6243,#6244,.T.);
#5444=EDGE_CURVE('',#6245,#6245,#6246,.T.);
#5445=EDGE_CURVE('',#6247,#6247,#6248,.T.);
#5446=EDGE_CURVE('',#6249,#6249,#6250,.T.);
#5447=EDGE_CURVE('',#6251,#6251,#6252,.T.);
#5448=EDGE_CURVE('',#6253,#6253,#6254,.T.);
#5449=EDGE_CURVE('',#6255,#6255,#6256,.T.);
#5450=EDGE_CURVE('',#6257,#6257,#6258,.T.);
#5451=EDGE_CURVE('',#6259,#6259,#6260,.T.);
#5452=EDGE_CURVE('',#6261,#6261,#6262,.T.);
#5453=EDGE_CURVE('',#6263,#6263,#6264,.T.);
#5454=EDGE_CURVE('',#6265,#6265,#6266,.T.);
#5455=EDGE_CURVE('',#6267,#6267,#6268,.T.);
#5456=EDGE_CURVE('',#6269,#6269,#6270,.T.);
#5457=EDGE_CURVE('',#6271,#6271,#6272,.T.);
#5458=EDGE_CURVE('',#6273,#6273,#6274,.T.);
#5459=EDGE_CURVE('',#6275,#6275,#6276,.T.);
#5460=EDGE_CURVE('',#6277,#6277,#6278,.T.);
#5461=EDGE_CURVE('',#6279,#6279,#6280,.T.);
#5462=EDGE_CURVE('',#6281,#6281,#6282,.T.);
#5463=EDGE_CURVE('',#6283,#6283,#6284,.T.);
#5464=EDGE_CURVE('',#6285,#6285,#6286,.T.);
#5465=EDGE_CURVE('',#6287,#6287,#6288,.T.);
#5466=EDGE_CURVE('',#6289,#6289,#6290,.T.);
#5467=EDGE_CURVE('',#6289,#6289,#6291,.T.);
#5468=EDGE_CURVE('',#6292,#6292,#6293,.T.);
#5469=EDGE_CURVE('',#6292,#6292,#6294,.T.);
#5470=EDGE_CURVE('',#6295,#6295,#6296,.T.);
#5471=EDGE_CURVE('',#6297,#6297,#6298,.T.);
#5472=EDGE_CURVE('',#6299,#6299,#6300,.T.);
#5473=EDGE_CURVE('',#6301,#6301,#6302,.T.);
#5474=EDGE_CURVE('',#6303,#6303,#6304,.T.);
#5475=EDGE_CURVE('',#6305,#6305,#6306,.T.);
#5476=EDGE_CURVE('',#6307,#6307,#6308,.T.);
#5477=EDGE_CURVE('',#6309,#6309,#6310,.T.);
#5478=EDGE_CURVE('',#6311,#6311,#6312,.T.);
#5479=EDGE_CURVE('',#6313,#6313,#6314,.T.);
#5480=EDGE_CURVE('',#6315,#6315,#6316,.T.);
#5481=EDGE_CURVE('',#6317,#6317,#6318,.T.);
#5482=EDGE_CURVE('',#6319,#6319,#6320,.T.);
#5483=EDGE_CURVE('',#6321,#6321,#6322,.T.);
#5484=EDGE_CURVE('',#6323,#6323,#6324,.T.);
#5485=EDGE_CURVE('',#6325,#6325,#6326,.T.);
#5486=EDGE_CURVE('',#6327,#6327,#6328,.T.);
#5487=EDGE_CURVE('',#6329,#6329,#6330,.T.);
#5488=EDGE_CURVE('',#6331,#6331,#6332,.T.);
#5489=EDGE_CURVE('',#6333,#6333,#6334,.T.);
#5490=EDGE_CURVE('',#6335,#6335,#6336,.T.);
#5491=EDGE_CURVE('',#6337,#6337,#6338,.T.);
#5492=EDGE_CURVE('',#6339,#6339,#6340,.T.);
#5493=EDGE_CURVE('',#6341,#6341,#6342,.F.);
#5494=EDGE_CURVE('',#6343,#6343,#6344,.T.);
#5495=EDGE_CURVE('',#6345,#6345,#6346,.T.);
#5496=EDGE_CURVE('',#6347,#6347,#6348,.T.);
#5497=EDGE_CURVE('',#6349,#6349,#6350,.T.);
#5498=EDGE_CURVE('',#6351,#6351,#6352,.T.);
#5499=EDGE_CURVE('',#6353,#6353,#6354,.T.);
#5500=EDGE_CURVE('',#6355,#6355,#6356,.T.);
#5501=EDGE_CURVE('',#6357,#6357,#6358,.T.);
#5502=EDGE_CURVE('',#6359,#6359,#6360,.T.);
#5503=EDGE_CURVE('',#6361,#6361,#6362,.T.);
#5504=EDGE_CURVE('',#6363,#6363,#6364,.T.);
#5505=EDGE_CURVE('',#6365,#6365,#6366,.T.);
#5506=EDGE_CURVE('',#6367,#6367,#6368,.T.);
#5507=EDGE_CURVE('',#6369,#6369,#6370,.T.);
#5508=EDGE_CURVE('',#6371,#6371,#6372,.T.);
#5509=EDGE_CURVE('',#6373,#6373,#6374,.T.);
#5510=EDGE_CURVE('',#6375,#6375,#6376,.T.);
#5511=EDGE_CURVE('',#6377,#6377,#6378,.T.);
#5512=EDGE_CURVE('',#6379,#6379,#6380,.T.);
#5513=EDGE_CURVE('',#6381,#6381,#6382,.T.);
#5514=EDGE_CURVE('',#6383,#6383,#6384,.T.);
#5515=EDGE_CURVE('',#6385,#6385,#6386,.T.);
#5516=EDGE_CURVE('',#6387,#6387,#6388,.T.);
#5517=EDGE_CURVE('',#6389,#6389,#6390,.T.);
#5518=EDGE_CURVE('',#6391,#6391,#6392,.T.);
#5519=EDGE_CURVE('',#6393,#6393,#6394,.T.);
#5520=EDGE_CURVE('',#6395,#6395,#6396,.T.);
#5521=EDGE_CURVE('',#6397,#6397,#6398,.T.);
#5522=EDGE_CURVE('',#6399,#6399,#6400,.T.);
#5523=EDGE_CURVE('',#6401,#6401,#6402,.T.);
#5524=EDGE_CURVE('',#6403,#6403,#6404,.T.);
#5525=EDGE_CURVE('',#6405,#6405,#6406,.T.);
#5526=EDGE_CURVE('',#6407,#6407,#6408,.T.);
#5527=EDGE_CURVE('',#6409,#6409,#6410,.T.);
#5528=EDGE_CURVE('',#6411,#6411,#6412,.T.);
#5529=EDGE_CURVE('',#6413,#6413,#6414,.T.);
#5530=EDGE_CURVE('',#6415,#6415,#6416,.T.);
#5531=EDGE_CURVE('',#6417,#6417,#6418,.T.);
#5532=EDGE_CURVE('',#6419,#6419,#6420,.T.);
#5533=EDGE_CURVE('',#6421,#6421,#6422,.T.);
#5534=EDGE_CURVE('',#6423,#6423,#6424,.T.);
#5535=EDGE_CURVE('',#6425,#6425,#6426,.T.);
#5536=EDGE_CURVE('',#6427,#6427,#6428,.T.);
#5537=EDGE_CURVE('',#6429,#6429,#6430,.T.);
#5538=EDGE_CURVE('',#6431,#6431,#6432,.T.);
#5539=EDGE_CURVE('',#6433,#6433,#6434,.T.);
#5540=EDGE_CURVE('',#6435,#6435,#6436,.T.);
#5541=EDGE_CURVE('',#6437,#6437,#6438,.T.);
#5542=EDGE_CURVE('',#6439,#6439,#6440,.T.);
#5543=EDGE_CURVE('',#6441,#6441,#6442,.T.);
#5544=EDGE_CURVE('',#6443,#6443,#6444,.T.);
#5545=EDGE_CURVE('',#6445,#6445,#6446,.T.);
#5546=EDGE_CURVE('',#6447,#6447,#6448,.T.);
#5547=EDGE_CURVE('',#6449,#6449,#6450,.T.);
#5548=EDGE_CURVE('',#6451,#6451,#6452,.T.);
#5549=EDGE_CURVE('',#6453,#6453,#6454,.T.);
#5550=EDGE_CURVE('',#6455,#6455,#6456,.T.);
#5551=EDGE_CURVE('',#6457,#6457,#6458,.T.);
#5552=EDGE_CURVE('',#6459,#6459,#6460,.T.);
#5553=EDGE_CURVE('',#6461,#6461,#6462,.T.);
#5554=EDGE_CURVE('',#6463,#6463,#6464,.T.);
#5555=EDGE_CURVE('',#6465,#6465,#6466,.T.);
#5556=EDGE_CURVE('',#6467,#6467,#6468,.T.);
#5557=EDGE_CURVE('',#6469,#6469,#6470,.T.);
#5558=EDGE_CURVE('',#6471,#6471,#6472,.T.);
#5559=EDGE_CURVE('',#6473,#6473,#6474,.T.);
#5560=EDGE_CURVE('',#6475,#6475,#6476,.T.);
#5561=EDGE_CURVE('',#6477,#6477,#6478,.T.);
#5562=EDGE_CURVE('',#6479,#6479,#6480,.T.);
#5563=EDGE_CURVE('',#6481,#6481,#6482,.T.);
#5564=EDGE_CURVE('',#6483,#6483,#6484,.T.);
#5565=EDGE_CURVE('',#6485,#6485,#6486,.T.);
#5566=EDGE_CURVE('',#6487,#6487,#6488,.T.);
#5567=EDGE_CURVE('',#6489,#6489,#6490,.T.);
#5568=EDGE_CURVE('',#6491,#6491,#6492,.T.);
#5569=EDGE_CURVE('',#6493,#6493,#6494,.T.);
#5570=EDGE_CURVE('',#6495,#6495,#6496,.T.);
#5571=EDGE_CURVE('',#6497,#6497,#6498,.T.);
#5572=EDGE_CURVE('',#6499,#6499,#6500,.T.);
#5573=EDGE_CURVE('',#6501,#6501,#6502,.T.);
#5574=EDGE_CURVE('',#6503,#6503,#6504,.T.);
#5575=EDGE_CURVE('',#6505,#6505,#6506,.T.);
#5576=EDGE_CURVE('',#6507,#6507,#6508,.T.);
#5577=EDGE_CURVE('',#6509,#6509,#6510,.T.);
#5578=EDGE_CURVE('',#6511,#6511,#6512,.T.);
#5579=EDGE_CURVE('',#6513,#6513,#6514,.T.);
#5580=EDGE_CURVE('',#6515,#6515,#6516,.T.);
#5581=EDGE_CURVE('',#6517,#6517,#6518,.T.);
#5582=EDGE_CURVE('',#6519,#6519,#6520,.T.);
#5583=EDGE_CURVE('',#6521,#6521,#6522,.T.);
#5584=EDGE_CURVE('',#6523,#6523,#6524,.T.);
#5585=EDGE_CURVE('',#6525,#6525,#6526,.T.);
#5586=EDGE_CURVE('',#6527,#6527,#6528,.T.);
#5587=EDGE_CURVE('',#6529,#6529,#6530,.T.);
#5588=EDGE_CURVE('',#6531,#6531,#6532,.T.);
#5589=EDGE_CURVE('',#6533,#6533,#6534,.T.);
#5590=EDGE_CURVE('',#6535,#6535,#6536,.T.);
#5591=EDGE_CURVE('',#6537,#6537,#6538,.T.);
#5592=EDGE_CURVE('',#6539,#6539,#6540,.T.);
#5593=EDGE_CURVE('',#6541,#6541,#6542,.T.);
#5594=EDGE_CURVE('',#6543,#6543,#6544,.T.);
#5595=EDGE_CURVE('',#6545,#6545,#6546,.T.);
#5596=EDGE_CURVE('',#6547,#6547,#6548,.T.);
#5597=EDGE_CURVE('',#6549,#6549,#6550,.T.);
#5598=EDGE_CURVE('',#6551,#6551,#6552,.T.);
#5599=EDGE_CURVE('',#6553,#6553,#6554,.T.);
#5600=EDGE_CURVE('',#6555,#6555,#6556,.T.);
#5601=EDGE_CURVE('',#6557,#6557,#6558,.T.);
#5602=EDGE_CURVE('',#6559,#6559,#6560,.T.);
#5603=EDGE_CURVE('',#6561,#6561,#6562,.T.);
#5604=EDGE_CURVE('',#6563,#6563,#6564,.T.);
#5605=EDGE_CURVE('',#6565,#6565,#6566,.T.);
#5606=EDGE_CURVE('',#6567,#6567,#6568,.T.);
#5607=EDGE_CURVE('',#6569,#6569,#6570,.T.);
#5608=EDGE_CURVE('',#6571,#6571,#6572,.T.);
#5609=EDGE_CURVE('',#6573,#6573,#6574,.T.);
#5610=EDGE_CURVE('',#6575,#6575,#6576,.T.);
#5611=EDGE_CURVE('',#6577,#6577,#6578,.T.);
#5612=EDGE_CURVE('',#6579,#6579,#6580,.T.);
#5613=EDGE_CURVE('',#6581,#6581,#6582,.T.);
#5614=EDGE_CURVE('',#6583,#6583,#6584,.T.);
#5615=EDGE_CURVE('',#6585,#6585,#6586,.T.);
#5616=EDGE_CURVE('',#6587,#6587,#6588,.T.);
#5617=EDGE_CURVE('',#6589,#6589,#6590,.T.);
#5618=EDGE_CURVE('',#6591,#6591,#6592,.T.);
#5619=EDGE_CURVE('',#6593,#6593,#6594,.T.);
#5620=EDGE_CURVE('',#6595,#6595,#6596,.T.);
#5621=EDGE_CURVE('',#6597,#6597,#6598,.T.);
#5622=EDGE_CURVE('',#6599,#6599,#6600,.T.);
#5623=EDGE_CURVE('',#6601,#6601,#6602,.T.);
#5624=EDGE_CURVE('',#6603,#6603,#6604,.T.);
#5625=EDGE_CURVE('',#6605,#6605,#6606,.T.);
#5626=EDGE_CURVE('',#6607,#6607,#6608,.T.);
#5627=EDGE_CURVE('',#6609,#6609,#6610,.T.);
#5628=EDGE_CURVE('',#6611,#6611,#6612,.T.);
#5629=EDGE_CURVE('',#6613,#6613,#6614,.T.);
#5630=EDGE_CURVE('',#6615,#6615,#6616,.T.);
#5631=EDGE_CURVE('',#6617,#6617,#6618,.T.);
#5632=EDGE_CURVE('',#6619,#6619,#6620,.T.);
#5633=EDGE_CURVE('',#6621,#6621,#6622,.T.);
#5634=EDGE_CURVE('',#6623,#6623,#6624,.T.);
#5635=EDGE_CURVE('',#6625,#6625,#6626,.T.);
#5636=EDGE_CURVE('',#6627,#6627,#6628,.T.);
#5637=EDGE_CURVE('',#6629,#6629,#6630,.T.);
#5638=EDGE_CURVE('',#6631,#6631,#6632,.T.);
#5639=EDGE_CURVE('',#6633,#6633,#6634,.T.);
#5640=EDGE_CURVE('',#6635,#6635,#6636,.T.);
#5641=EDGE_CURVE('',#6637,#6637,#6638,.T.);
#5642=EDGE_CURVE('',#6639,#6639,#6640,.T.);
#5643=EDGE_CURVE('',#6641,#6641,#6642,.T.);
#5644=EDGE_CURVE('',#6643,#6643,#6644,.T.);
#5645=EDGE_CURVE('',#6645,#6645,#6646,.T.);
#5646=EDGE_CURVE('',#6647,#6647,#6648,.T.);
#5647=EDGE_CURVE('',#6649,#6649,#6650,.T.);
#5648=EDGE_CURVE('',#6651,#6651,#6652,.T.);
#5649=EDGE_CURVE('',#6653,#6653,#6654,.T.);
#5650=EDGE_CURVE('',#6655,#6655,#6656,.T.);
#5651=EDGE_CURVE('',#6657,#6657,#6658,.T.);
#5652=EDGE_CURVE('',#6659,#6659,#6660,.T.);
#5653=EDGE_CURVE('',#6661,#6661,#6662,.T.);
#5654=EDGE_CURVE('',#6663,#6663,#6664,.T.);
#5655=EDGE_CURVE('',#6665,#6665,#6666,.T.);
#5656=EDGE_CURVE('',#6667,#6667,#6668,.T.);
#5657=EDGE_CURVE('',#6669,#6669,#6670,.T.);
#5658=EDGE_CURVE('',#6671,#6671,#6672,.T.);
#5659=EDGE_CURVE('',#6673,#6673,#6674,.T.);
#5660=EDGE_CURVE('',#6675,#6675,#6676,.T.);
#5661=EDGE_CURVE('',#6677,#6677,#6678,.T.);
#5662=EDGE_CURVE('',#6679,#6679,#6680,.T.);
#5663=EDGE_CURVE('',#6681,#6681,#6682,.T.);
#5664=EDGE_CURVE('',#6683,#6683,#6684,.T.);
#5665=EDGE_CURVE('',#6685,#6685,#6686,.T.);
#5666=EDGE_CURVE('',#6687,#6687,#6688,.T.);
#5667=EDGE_CURVE('',#6689,#6689,#6690,.T.);
#5668=EDGE_CURVE('',#6691,#6691,#6692,.T.);
#5669=EDGE_CURVE('',#6693,#6693,#6694,.T.);
#5670=EDGE_CURVE('',#6695,#6695,#6696,.T.);
#5671=EDGE_CURVE('',#6697,#6697,#6698,.T.);
#5672=EDGE_CURVE('',#6699,#6699,#6700,.T.);
#5673=EDGE_CURVE('',#6701,#6701,#6702,.T.);
#5674=EDGE_CURVE('',#6703,#6703,#6704,.T.);
#5675=EDGE_CURVE('',#6705,#6705,#6706,.T.);
#5676=EDGE_CURVE('',#6707,#6707,#6708,.T.);
#5677=EDGE_CURVE('',#6709,#6709,#6710,.T.);
#5678=EDGE_CURVE('',#6711,#6711,#6712,.T.);
#5679=EDGE_CURVE('',#6713,#6713,#6714,.T.);
#5680=EDGE_CURVE('',#6715,#6715,#6716,.T.);
#5681=EDGE_CURVE('',#6717,#6717,#6718,.T.);
#5682=EDGE_CURVE('',#6719,#6719,#6720,.T.);
#5683=EDGE_CURVE('',#6721,#6721,#6722,.T.);
#5684=EDGE_CURVE('',#6723,#6723,#6724,.T.);
#5685=EDGE_CURVE('',#6725,#6725,#6726,.T.);
#5686=EDGE_CURVE('',#6727,#6727,#6728,.T.);
#5687=EDGE_CURVE('',#6729,#6729,#6730,.T.);
#5688=EDGE_CURVE('',#6731,#6731,#6732,.T.);
#5689=EDGE_CURVE('',#6733,#6733,#6734,.T.);
#5690=EDGE_CURVE('',#6735,#6735,#6736,.T.);
#5691=EDGE_CURVE('',#6737,#6737,#6738,.T.);
#5692=EDGE_CURVE('',#6739,#6739,#6740,.T.);
#5693=EDGE_CURVE('',#6741,#6741,#6742,.T.);
#5694=EDGE_CURVE('',#6743,#6743,#6744,.T.);
#5695=EDGE_CURVE('',#6745,#6745,#6746,.T.);
#5696=EDGE_CURVE('',#6747,#6747,#6748,.T.);
#5697=EDGE_CURVE('',#6749,#6749,#6750,.T.);
#5698=EDGE_CURVE('',#6751,#6751,#6752,.T.);
#5699=EDGE_CURVE('',#6753,#6753,#6754,.T.);
#5700=EDGE_CURVE('',#6755,#6755,#6756,.T.);
#5701=EDGE_CURVE('',#6757,#6757,#6758,.T.);
#5702=EDGE_CURVE('',#6759,#6759,#6760,.T.);
#5703=EDGE_CURVE('',#6761,#6761,#6762,.T.);
#5704=EDGE_CURVE('',#6763,#6763,#6764,.T.);
#5705=EDGE_CURVE('',#6765,#6765,#6766,.T.);
#5706=EDGE_CURVE('',#6767,#6767,#6768,.T.);
#5707=EDGE_CURVE('',#6769,#6769,#6770,.T.);
#5708=EDGE_CURVE('',#6771,#6771,#6772,.T.);
#5709=EDGE_CURVE('',#6773,#6773,#6774,.T.);
#5710=EDGE_CURVE('',#6775,#6775,#6776,.T.);
#5711=EDGE_CURVE('',#6777,#6777,#6778,.T.);
#5712=EDGE_CURVE('',#6779,#6779,#6780,.T.);
#5713=EDGE_CURVE('',#6781,#6781,#6782,.T.);
#5714=EDGE_CURVE('',#6783,#6783,#6784,.T.);
#5715=EDGE_CURVE('',#6785,#6785,#6786,.T.);
#5716=EDGE_CURVE('',#6787,#6787,#6788,.T.);
#5717=EDGE_CURVE('',#6789,#6789,#6790,.T.);
#5718=EDGE_CURVE('',#6791,#6791,#6792,.T.);
#5719=EDGE_CURVE('',#6793,#6793,#6794,.T.);
#5720=EDGE_CURVE('',#6795,#6795,#6796,.T.);
#5721=EDGE_CURVE('',#6797,#6797,#6798,.T.);
#5722=EDGE_CURVE('',#6799,#6799,#6800,.T.);
#5723=EDGE_CURVE('',#6801,#6801,#6802,.T.);
#5724=EDGE_CURVE('',#6803,#6803,#6804,.T.);
#5725=EDGE_CURVE('',#6805,#6805,#6806,.T.);
#5726=EDGE_CURVE('',#6807,#6807,#6808,.T.);
#5727=EDGE_CURVE('',#6809,#6809,#6810,.T.);
#5728=EDGE_CURVE('',#6811,#6811,#6812,.T.);
#5729=EDGE_CURVE('',#6813,#6813,#6814,.T.);
#5730=EDGE_CURVE('',#6815,#6815,#6816,.T.);
#5731=EDGE_CURVE('',#6817,#6817,#6818,.T.);
#5732=EDGE_CURVE('',#6819,#6819,#6820,.T.);
#5733=EDGE_CURVE('',#6821,#6821,#6822,.T.);
#5734=EDGE_CURVE('',#6823,#6823,#6824,.T.);
#5735=EDGE_CURVE('',#6825,#6825,#6826,.T.);
#5736=EDGE_CURVE('',#6827,#6827,#6828,.T.);
#5737=EDGE_CURVE('',#6829,#6829,#6830,.T.);
#5738=EDGE_CURVE('',#6831,#6831,#6832,.T.);
#5739=EDGE_CURVE('',#6833,#6833,#6834,.T.);
#5740=EDGE_CURVE('',#6835,#6835,#6836,.T.);
#5741=EDGE_CURVE('',#6837,#6837,#6838,.T.);
#5742=EDGE_CURVE('',#6839,#6839,#6840,.T.);
#5743=EDGE_CURVE('',#6841,#6841,#6842,.T.);
#5744=EDGE_CURVE('',#6843,#6843,#6844,.T.);
#5745=EDGE_CURVE('',#6845,#6845,#6846,.T.);
#5746=EDGE_CURVE('',#6847,#6847,#6848,.T.);
#5747=EDGE_CURVE('',#6849,#6849,#6850,.T.);
#5748=EDGE_CURVE('',#6851,#6851,#6852,.T.);
#5749=EDGE_CURVE('',#6853,#6853,#6854,.T.);
#5750=EDGE_CURVE('',#6853,#6853,#6855,.T.);
#5751=EDGE_CURVE('',#6856,#6856,#6857,.T.);
#5752=EDGE_CURVE('',#6856,#6856,#6858,.T.);
#5753=EDGE_CURVE('',#6859,#6859,#6860,.T.);
#5754=EDGE_CURVE('',#6861,#6861,#6862,.T.);
#5755=EDGE_CURVE('',#6863,#6863,#6864,.T.);
#5756=EDGE_CURVE('',#6865,#6865,#6866,.T.);
#5757=EDGE_CURVE('',#6867,#6867,#6868,.T.);
#5758=EDGE_CURVE('',#6869,#6869,#6870,.T.);
#5759=EDGE_CURVE('',#6871,#6871,#6872,.T.);
#5760=EDGE_CURVE('',#6873,#6873,#6874,.T.);
#5761=EDGE_CURVE('',#6875,#6875,#6876,.T.);
#5762=EDGE_CURVE('',#6877,#6877,#6878,.T.);
#5763=EDGE_CURVE('',#6879,#6879,#6880,.T.);
#5764=EDGE_CURVE('',#6881,#6881,#6882,.T.);
#5765=EDGE_CURVE('',#6883,#6883,#6884,.T.);
#5766=EDGE_CURVE('',#6885,#6885,#6886,.T.);
#5767=EDGE_CURVE('',#6887,#6887,#6888,.T.);
#5768=EDGE_CURVE('',#6889,#6889,#6890,.T.);
#5769=EDGE_CURVE('',#6891,#6891,#6892,.T.);
#5770=EDGE_CURVE('',#6893,#6893,#6894,.T.);
#5771=EDGE_CURVE('',#6895,#6895,#6896,.T.);
#5772=EDGE_CURVE('',#6897,#6897,#6898,.T.);
#5773=EDGE_CURVE('',#6899,#6899,#6900,.T.);
#5774=EDGE_CURVE('',#6901,#6901,#6902,.T.);
#5775=VERTEX_POINT('',#6903);
#5776=CIRCLE('',#6904,260.);
#5777=VERTEX_POINT('',#6908);
#5778=CIRCLE('',#6909,45.);
#5779=VERTEX_POINT('',#6913);
#5780=CIRCLE('',#6914,4.);
#5781=VERTEX_POINT('',#6918);
#5782=CIRCLE('',#6919,4.);
#5783=VERTEX_POINT('',#6923);
#5784=CIRCLE('',#6924,4.);
#5785=VERTEX_POINT('',#6928);
#5786=CIRCLE('',#6929,4.);
#5787=VERTEX_POINT('',#6933);
#5788=CIRCLE('',#6934,4.);
#5789=VERTEX_POINT('',#6938);
#5790=CIRCLE('',#6939,4.);
#5791=VERTEX_POINT('',#6943);
#5792=CIRCLE('',#6944,4.);
#5793=VERTEX_POINT('',#6948);
#5794=CIRCLE('',#6949,4.);
#5795=VERTEX_POINT('',#6953);
#5796=CIRCLE('',#6954,4.);
#5797=VERTEX_POINT('',#6958);
#5798=CIRCLE('',#6959,4.);
#5799=VERTEX_POINT('',#6963);
#5800=CIRCLE('',#6964,4.);
#5801=VERTEX_POINT('',#6968);
#5802=CIRCLE('',#6969,4.);
#5803=VERTEX_POINT('',#6973);
#5804=CIRCLE('',#6974,4.);
#5805=VERTEX_POINT('',#6978);
#5806=CIRCLE('',#6979,4.);
#5807=VERTEX_POINT('',#6983);
#5808=CIRCLE('',#6984,4.);
#5809=VERTEX_POINT('',#6988);
#5810=CIRCLE('',#6989,4.);
#5811=VERTEX_POINT('',#6993);
#5812=CIRCLE('',#6994,4.);
#5813=VERTEX_POINT('',#6998);
#5814=CIRCLE('',#6999,4.);
#5815=VERTEX_POINT('',#7003);
#5816=CIRCLE('',#7004,4.);
#5817=VERTEX_POINT('',#7008);
#5818=CIRCLE('',#7009,4.);
#5819=VERTEX_POINT('',#7013);
#5820=CIRCLE('',#7014,4.);
#5821=VERTEX_POINT('',#7018);
#5822=CIRCLE('',#7019,4.);
#5823=VERTEX_POINT('',#7023);
#5824=CIRCLE('',#7024,4.);
#5825=VERTEX_POINT('',#7028);
#5826=CIRCLE('',#7029,4.);
#5827=VERTEX_POINT('',#7033);
#5828=CIRCLE('',#7034,2.5);
#5829=VERTEX_POINT('',#7038);
#5830=CIRCLE('',#7039,2.5);
#5831=VERTEX_POINT('',#7043);
#5832=CIRCLE('',#7044,2.5);
#5833=VERTEX_POINT('',#7048);
#5834=CIRCLE('',#7049,2.5);
#5835=VERTEX_POINT('',#7053);
#5836=CIRCLE('',#7054,2.5);
#5837=VERTEX_POINT('',#7058);
#5838=CIRCLE('',#7059,2.5);
#5839=VERTEX_POINT('',#7063);
#5840=CIRCLE('',#7064,2.5);
#5841=VERTEX_POINT('',#7068);
#5842=CIRCLE('',#7069,2.5);
#5843=VERTEX_POINT('',#7073);
#5844=CIRCLE('',#7074,2.5);
#5845=VERTEX_POINT('',#7078);
#5846=CIRCLE('',#7079,2.5);
#5847=VERTEX_POINT('',#7083);
#5848=CIRCLE('',#7084,2.5);
#5849=VERTEX_POINT('',#7088);
#5850=CIRCLE('',#7089,2.5);
#5851=VERTEX_POINT('',#7093);
#5852=CIRCLE('',#7094,2.5);
#5853=VERTEX_POINT('',#7098);
#5854=CIRCLE('',#7099,2.5);
#5855=VERTEX_POINT('',#7103);
#5856=CIRCLE('',#7104,2.5);
#5857=VERTEX_POINT('',#7108);
#5858=CIRCLE('',#7109,2.5);
#5859=VERTEX_POINT('',#7113);
#5860=CIRCLE('',#7114,2.5);
#5861=VERTEX_POINT('',#7118);
#5862=CIRCLE('',#7119,2.5);
#5863=VERTEX_POINT('',#7123);
#5864=CIRCLE('',#7124,2.5);
#5865=VERTEX_POINT('',#7128);
#5866=CIRCLE('',#7129,2.5);
#5867=VERTEX_POINT('',#7133);
#5868=CIRCLE('',#7134,2.5);
#5869=VERTEX_POINT('',#7138);
#5870=CIRCLE('',#7139,2.5);
#5871=VERTEX_POINT('',#7143);
#5872=CIRCLE('',#7144,2.5);
#5873=VERTEX_POINT('',#7148);
#5874=CIRCLE('',#7149,2.5);
#5875=VERTEX_POINT('',#7153);
#5876=CIRCLE('',#7154,2.5);
#5877=VERTEX_POINT('',#7158);
#5878=CIRCLE('',#7159,2.5);
#5879=VERTEX_POINT('',#7163);
#5880=CIRCLE('',#7164,2.5);
#5881=VERTEX_POINT('',#7168);
#5882=CIRCLE('',#7169,2.5);
#5883=VERTEX_POINT('',#7173);
#5884=CIRCLE('',#7174,2.5);
#5885=VERTEX_POINT('',#7178);
#5886=CIRCLE('',#7179,2.5);
#5887=VERTEX_POINT('',#7183);
#5888=CIRCLE('',#7184,2.5);
#5889=VERTEX_POINT('',#7188);
#5890=CIRCLE('',#7189,2.5);
#5891=VERTEX_POINT('',#7193);
#5892=CIRCLE('',#7194,2.5);
#5893=VERTEX_POINT('',#7198);
#5894=CIRCLE('',#7199,2.5);
#5895=VERTEX_POINT('',#7203);
#5896=CIRCLE('',#7204,2.5);
#5897=VERTEX_POINT('',#7208);
#5898=CIRCLE('',#7209,2.5);
#5899=VERTEX_POINT('',#7213);
#5900=CIRCLE('',#7214,2.5);
#5901=VERTEX_POINT('',#7218);
#5902=CIRCLE('',#7219,2.5);
#5903=VERTEX_POINT('',#7223);
#5904=CIRCLE('',#7224,2.5);
#5905=VERTEX_POINT('',#7228);
#5906=CIRCLE('',#7229,2.5);
#5907=VERTEX_POINT('',#7233);
#5908=CIRCLE('',#7234,2.5);
#5909=VERTEX_POINT('',#7238);
#5910=CIRCLE('',#7239,2.5);
#5911=VERTEX_POINT('',#7243);
#5912=CIRCLE('',#7244,2.5);
#5913=VERTEX_POINT('',#7248);
#5914=CIRCLE('',#7249,2.5);
#5915=VERTEX_POINT('',#7253);
#5916=CIRCLE('',#7254,2.5);
#5917=VERTEX_POINT('',#7258);
#5918=CIRCLE('',#7259,2.5);
#5919=VERTEX_POINT('',#7263);
#5920=CIRCLE('',#7264,2.5);
#5921=VERTEX_POINT('',#7268);
#5922=CIRCLE('',#7269,2.5);
#5923=VERTEX_POINT('',#7273);
#5924=CIRCLE('',#7274,2.5);
#5925=VERTEX_POINT('',#7278);
#5926=CIRCLE('',#7279,2.5);
#5927=VERTEX_POINT('',#7283);
#5928=CIRCLE('',#7284,2.5);
#5929=VERTEX_POINT('',#7288);
#5930=CIRCLE('',#7289,2.5);
#5931=VERTEX_POINT('',#7293);
#5932=CIRCLE('',#7294,2.5);
#5933=VERTEX_POINT('',#7298);
#5934=CIRCLE('',#7299,2.5);
#5935=VERTEX_POINT('',#7303);
#5936=CIRCLE('',#7304,2.5);
#5937=VERTEX_POINT('',#7308);
#5938=CIRCLE('',#7309,2.5);
#5939=VERTEX_POINT('',#7313);
#5940=CIRCLE('',#7314,2.5);
#5941=VERTEX_POINT('',#7318);
#5942=CIRCLE('',#7319,2.5);
#5943=VERTEX_POINT('',#7323);
#5944=CIRCLE('',#7324,2.5);
#5945=VERTEX_POINT('',#7328);
#5946=CIRCLE('',#7329,2.5);
#5947=VERTEX_POINT('',#7333);
#5948=CIRCLE('',#7334,2.5);
#5949=VERTEX_POINT('',#7338);
#5950=CIRCLE('',#7339,2.5);
#5951=VERTEX_POINT('',#7343);
#5952=CIRCLE('',#7344,2.5);
#5953=VERTEX_POINT('',#7348);
#5954=CIRCLE('',#7349,2.5);
#5955=VERTEX_POINT('',#7353);
#5956=CIRCLE('',#7354,2.5);
#5957=VERTEX_POINT('',#7358);
#5958=CIRCLE('',#7359,2.5);
#5959=VERTEX_POINT('',#7363);
#5960=CIRCLE('',#7364,2.5);
#5961=VERTEX_POINT('',#7368);
#5962=CIRCLE('',#7369,2.5);
#5963=VERTEX_POINT('',#7373);
#5964=CIRCLE('',#7374,2.5);
#5965=VERTEX_POINT('',#7378);
#5966=CIRCLE('',#7379,2.5);
#5967=VERTEX_POINT('',#7383);
#5968=CIRCLE('',#7384,2.5);
#5969=VERTEX_POINT('',#7388);
#5970=CIRCLE('',#7389,2.5);
#5971=VERTEX_POINT('',#7393);
#5972=CIRCLE('',#7394,2.5);
#5973=VERTEX_POINT('',#7398);
#5974=CIRCLE('',#7399,2.5);
#5975=VERTEX_POINT('',#7403);
#5976=CIRCLE('',#7404,2.5);
#5977=VERTEX_POINT('',#7408);
#5978=CIRCLE('',#7409,2.5);
#5979=VERTEX_POINT('',#7413);
#5980=CIRCLE('',#7414,2.5);
#5981=VERTEX_POINT('',#7418);
#5982=CIRCLE('',#7419,2.5);
#5983=VERTEX_POINT('',#7423);
#5984=CIRCLE('',#7424,2.5);
#5985=VERTEX_POINT('',#7428);
#5986=CIRCLE('',#7429,2.5);
#5987=VERTEX_POINT('',#7433);
#5988=CIRCLE('',#7434,2.5);
#5989=VERTEX_POINT('',#7438);
#5990=CIRCLE('',#7439,2.5);
#5991=VERTEX_POINT('',#7443);
#5992=CIRCLE('',#7444,2.5);
#5993=VERTEX_POINT('',#7448);
#5994=CIRCLE('',#7449,2.5);
#5995=VERTEX_POINT('',#7453);
#5996=CIRCLE('',#7454,2.5);
#5997=VERTEX_POINT('',#7458);
#5998=CIRCLE('',#7459,1.5);
#5999=VERTEX_POINT('',#7463);
#6000=CIRCLE('',#7464,1.5);
#6001=VERTEX_POINT('',#7468);
#6002=CIRCLE('',#7469,1.5);
#6003=VERTEX_POINT('',#7473);
#6004=CIRCLE('',#7474,1.5);
#6005=VERTEX_POINT('',#7478);
#6006=CIRCLE('',#7479,1.5);
#6007=VERTEX_POINT('',#7483);
#6008=CIRCLE('',#7484,1.5);
#6009=VERTEX_POINT('',#7488);
#6010=CIRCLE('',#7489,1.5);
#6011=VERTEX_POINT('',#7493);
#6012=CIRCLE('',#7494,1.5);
#6013=VERTEX_POINT('',#7498);
#6014=CIRCLE('',#7499,1.5);
#6015=VERTEX_POINT('',#7503);
#6016=CIRCLE('',#7504,1.5);
#6017=VERTEX_POINT('',#7508);
#6018=CIRCLE('',#7509,1.5);
#6019=VERTEX_POINT('',#7513);
#6020=CIRCLE('',#7514,1.5);
#6021=VERTEX_POINT('',#7518);
#6022=CIRCLE('',#7519,1.5);
#6023=VERTEX_POINT('',#7523);
#6024=CIRCLE('',#7524,1.5);
#6025=VERTEX_POINT('',#7528);
#6026=CIRCLE('',#7529,1.5);
#6027=VERTEX_POINT('',#7533);
#6028=CIRCLE('',#7534,1.5);
#6029=VERTEX_POINT('',#7538);
#6030=CIRCLE('',#7539,1.5);
#6031=VERTEX_POINT('',#7543);
#6032=CIRCLE('',#7544,1.5);
#6033=VERTEX_POINT('',#7548);
#6034=CIRCLE('',#7549,1.5);
#6035=VERTEX_POINT('',#7553);
#6036=CIRCLE('',#7554,1.5);
#6037=VERTEX_POINT('',#7558);
#6038=CIRCLE('',#7559,1.5);
#6039=VERTEX_POINT('',#7563);
#6040=CIRCLE('',#7564,1.5);
#6041=VERTEX_POINT('',#7568);
#6042=CIRCLE('',#7569,1.5);
#6043=VERTEX_POINT('',#7573);
#6044=CIRCLE('',#7574,1.5);
#6045=VERTEX_POINT('',#7578);
#6046=CIRCLE('',#7579,1.5);
#6047=VERTEX_POINT('',#7583);
#6048=CIRCLE('',#7584,1.5);
#6049=VERTEX_POINT('',#7588);
#6050=CIRCLE('',#7589,1.5);
#6051=VERTEX_POINT('',#7593);
#6052=CIRCLE('',#7594,1.5);
#6053=VERTEX_POINT('',#7598);
#6054=CIRCLE('',#7599,1.5);
#6055=VERTEX_POINT('',#7603);
#6056=CIRCLE('',#7604,1.5);
#6057=VERTEX_POINT('',#7608);
#6058=CIRCLE('',#7609,1.5);
#6059=VERTEX_POINT('',#7613);
#6060=CIRCLE('',#7614,1.5);
#6061=VERTEX_POINT('',#7618);
#6062=CIRCLE('',#7619,1.5);
#6063=VERTEX_POINT('',#7623);
#6064=CIRCLE('',#7624,1.5);
#6065=VERTEX_POINT('',#7628);
#6066=CIRCLE('',#7629,1.5);
#6067=VERTEX_POINT('',#7633);
#6068=CIRCLE('',#7634,1.5);
#6069=VERTEX_POINT('',#7638);
#6070=CIRCLE('',#7639,1.5);
#6071=VERTEX_POINT('',#7643);
#6072=CIRCLE('',#7644,1.5);
#6073=VERTEX_POINT('',#7648);
#6074=CIRCLE('',#7649,1.5);
#6075=VERTEX_POINT('',#7653);
#6076=CIRCLE('',#7654,1.5);
#6077=VERTEX_POINT('',#7658);
#6078=CIRCLE('',#7659,1.5);
#6079=VERTEX_POINT('',#7663);
#6080=CIRCLE('',#7664,1.5);
#6081=VERTEX_POINT('',#7668);
#6082=CIRCLE('',#7669,1.5);
#6083=VERTEX_POINT('',#7673);
#6084=CIRCLE('',#7674,1.5);
#6085=VERTEX_POINT('',#7678);
#6086=CIRCLE('',#7679,1.5);
#6087=VERTEX_POINT('',#7683);
#6088=CIRCLE('',#7684,1.5);
#6089=VERTEX_POINT('',#7688);
#6090=CIRCLE('',#7689,1.5);
#6091=VERTEX_POINT('',#7693);
#6092=CIRCLE('',#7694,1.5);
#6093=VERTEX_POINT('',#7698);
#6094=CIRCLE('',#7699,1.5);
#6095=VERTEX_POINT('',#7703);
#6096=CIRCLE('',#7704,1.5);
#6097=VERTEX_POINT('',#7708);
#6098=CIRCLE('',#7709,1.5);
#6099=VERTEX_POINT('',#7713);
#6100=CIRCLE('',#7714,1.5);
#6101=VERTEX_POINT('',#7718);
#6102=CIRCLE('',#7719,1.5);
#6103=VERTEX_POINT('',#7723);
#6104=CIRCLE('',#7724,1.5);
#6105=VERTEX_POINT('',#7728);
#6106=CIRCLE('',#7729,1.5);
#6107=VERTEX_POINT('',#7733);
#6108=CIRCLE('',#7734,1.5);
#6109=VERTEX_POINT('',#7738);
#6110=CIRCLE('',#7739,1.5);
#6111=VERTEX_POINT('',#7743);
#6112=CIRCLE('',#7744,1.5);
#6113=VERTEX_POINT('',#7748);
#6114=CIRCLE('',#7749,1.5);
#6115=VERTEX_POINT('',#7753);
#6116=CIRCLE('',#7754,1.5);
#6117=VERTEX_POINT('',#7758);
#6118=CIRCLE('',#7759,1.5);
#6119=VERTEX_POINT('',#7763);
#6120=CIRCLE('',#7764,1.5);
#6121=VERTEX_POINT('',#7768);
#6122=CIRCLE('',#7769,1.5);
#6123=VERTEX_POINT('',#7773);
#6124=CIRCLE('',#7774,1.5);
#6125=VERTEX_POINT('',#7778);
#6126=CIRCLE('',#7779,1.5);
#6127=VERTEX_POINT('',#7783);
#6128=CIRCLE('',#7784,1.5);
#6129=VERTEX_POINT('',#7788);
#6130=CIRCLE('',#7789,1.5);
#6131=VERTEX_POINT('',#7793);
#6132=CIRCLE('',#7794,1.5);
#6133=VERTEX_POINT('',#7798);
#6134=CIRCLE('',#7799,1.5);
#6135=VERTEX_POINT('',#7803);
#6136=CIRCLE('',#7804,1.5);
#6137=VERTEX_POINT('',#7808);
#6138=CIRCLE('',#7809,1.5);
#6139=VERTEX_POINT('',#7813);
#6140=CIRCLE('',#7814,1.5);
#6141=VERTEX_POINT('',#7818);
#6142=CIRCLE('',#7819,1.5);
#6143=VERTEX_POINT('',#7823);
#6144=CIRCLE('',#7824,1.5);
#6145=VERTEX_POINT('',#7828);
#6146=CIRCLE('',#7829,1.5);
#6147=VERTEX_POINT('',#7833);
#6148=CIRCLE('',#7834,1.5);
#6149=VERTEX_POINT('',#7838);
#6150=CIRCLE('',#7839,1.5);
#6151=VERTEX_POINT('',#7843);
#6152=CIRCLE('',#7844,1.5);
#6153=VERTEX_POINT('',#7848);
#6154=CIRCLE('',#7849,1.5);
#6155=VERTEX_POINT('',#7853);
#6156=CIRCLE('',#7854,1.5);
#6157=VERTEX_POINT('',#7858);
#6158=CIRCLE('',#7859,1.5);
#6159=VERTEX_POINT('',#7863);
#6160=CIRCLE('',#7864,1.5);
#6161=VERTEX_POINT('',#7868);
#6162=CIRCLE('',#7869,1.5);
#6163=VERTEX_POINT('',#7873);
#6164=CIRCLE('',#7874,1.5);
#6165=VERTEX_POINT('',#7878);
#6166=CIRCLE('',#7879,1.5);
#6167=VERTEX_POINT('',#7883);
#6168=CIRCLE('',#7884,1.5);
#6169=VERTEX_POINT('',#7888);
#6170=CIRCLE('',#7889,1.5);
#6171=VERTEX_POINT('',#7893);
#6172=CIRCLE('',#7894,1.5);
#6173=VERTEX_POINT('',#7898);
#6174=CIRCLE('',#7899,1.5);
#6175=VERTEX_POINT('',#7903);
#6176=CIRCLE('',#7904,1.5);
#6177=VERTEX_POINT('',#7908);
#6178=CIRCLE('',#7909,1.5);
#6179=VERTEX_POINT('',#7913);
#6180=CIRCLE('',#7914,1.5);
#6181=VERTEX_POINT('',#7918);
#6182=CIRCLE('',#7919,1.5);
#6183=VERTEX_POINT('',#7923);
#6184=CIRCLE('',#7924,1.5);
#6185=VERTEX_POINT('',#7928);
#6186=CIRCLE('',#7929,1.5);
#6187=VERTEX_POINT('',#7933);
#6188=CIRCLE('',#7934,1.5);
#6189=VERTEX_POINT('',#7938);
#6190=CIRCLE('',#7939,1.5);
#6191=VERTEX_POINT('',#7943);
#6192=CIRCLE('',#7944,1.5);
#6193=VERTEX_POINT('',#7948);
#6194=CIRCLE('',#7949,1.5);
#6195=VERTEX_POINT('',#7953);
#6196=CIRCLE('',#7954,1.5);
#6197=VERTEX_POINT('',#7958);
#6198=CIRCLE('',#7959,1.5);
#6199=VERTEX_POINT('',#7963);
#6200=CIRCLE('',#7964,1.5);
#6201=VERTEX_POINT('',#7968);
#6202=CIRCLE('',#7969,1.5);
#6203=VERTEX_POINT('',#7973);
#6204=CIRCLE('',#7974,1.5);
#6205=VERTEX_POINT('',#7978);
#6206=CIRCLE('',#7979,1.5);
#6207=VERTEX_POINT('',#7983);
#6208=CIRCLE('',#7984,1.5);
#6209=VERTEX_POINT('',#7988);
#6210=CIRCLE('',#7989,1.5);
#6211=VERTEX_POINT('',#7993);
#6212=CIRCLE('',#7994,1.5);
#6213=VERTEX_POINT('',#7998);
#6214=CIRCLE('',#7999,1.5);
#6215=VERTEX_POINT('',#8003);
#6216=CIRCLE('',#8004,1.5);
#6217=VERTEX_POINT('',#8008);
#6218=CIRCLE('',#8009,1.5);
#6219=VERTEX_POINT('',#8013);
#6220=CIRCLE('',#8014,1.5);
#6221=VERTEX_POINT('',#8018);
#6222=CIRCLE('',#8019,1.5);
#6223=VERTEX_POINT('',#8023);
#6224=CIRCLE('',#8024,1.5);
#6225=VERTEX_POINT('',#8028);
#6226=CIRCLE('',#8029,1.5);
#6227=VERTEX_POINT('',#8033);
#6228=CIRCLE('',#8034,1.5);
#6229=VERTEX_POINT('',#8038);
#6230=CIRCLE('',#8039,1.5);
#6231=VERTEX_POINT('',#8043);
#6232=CIRCLE('',#8044,1.5);
#6233=VERTEX_POINT('',#8048);
#6234=CIRCLE('',#8049,1.5);
#6235=VERTEX_POINT('',#8053);
#6236=CIRCLE('',#8054,1.5);
#6237=VERTEX_POINT('',#8058);
#6238=CIRCLE('',#8059,1.5);
#6239=VERTEX_POINT('',#8063);
#6240=CIRCLE('',#8064,1.5);
#6241=VERTEX_POINT('',#8068);
#6242=CIRCLE('',#8069,1.5);
#6243=VERTEX_POINT('',#8073);
#6244=CIRCLE('',#8074,1.5);
#6245=VERTEX_POINT('',#8078);
#6246=CIRCLE('',#8079,1.5);
#6247=VERTEX_POINT('',#8083);
#6248=CIRCLE('',#8084,1.5);
#6249=VERTEX_POINT('',#8088);
#6250=CIRCLE('',#8089,1.5);
#6251=VERTEX_POINT('',#8093);
#6252=CIRCLE('',#8094,1.5);
#6253=VERTEX_POINT('',#8098);
#6254=CIRCLE('',#8099,1.5);
#6255=VERTEX_POINT('',#8103);
#6256=CIRCLE('',#8104,1.5);
#6257=VERTEX_POINT('',#8108);
#6258=CIRCLE('',#8109,1.5);
#6259=VERTEX_POINT('',#8113);
#6260=CIRCLE('',#8114,1.5);
#6261=VERTEX_POINT('',#8118);
#6262=CIRCLE('',#8119,1.5);
#6263=VERTEX_POINT('',#8123);
#6264=CIRCLE('',#8124,1.5);
#6265=VERTEX_POINT('',#8128);
#6266=CIRCLE('',#8129,1.5);
#6267=VERTEX_POINT('',#8133);
#6268=CIRCLE('',#8134,1.5);
#6269=VERTEX_POINT('',#8138);
#6270=CIRCLE('',#8139,1.5);
#6271=VERTEX_POINT('',#8143);
#6272=CIRCLE('',#8144,1.5);
#6273=VERTEX_POINT('',#8148);
#6274=CIRCLE('',#8149,1.5);
#6275=VERTEX_POINT('',#8153);
#6276=CIRCLE('',#8154,1.5);
#6277=VERTEX_POINT('',#8158);
#6278=CIRCLE('',#8159,1.5);
#6279=VERTEX_POINT('',#8163);
#6280=CIRCLE('',#8164,1.5);
#6281=VERTEX_POINT('',#8168);
#6282=CIRCLE('',#8169,1.5);
#6283=VERTEX_POINT('',#8173);
#6284=CIRCLE('',#8174,1.5);
#6285=VERTEX_POINT('',#8178);
#6286=CIRCLE('',#8179,1.5);
#6287=VERTEX_POINT('',#8183);
#6288=CIRCLE('',#8184,1.5);
#6289=VERTEX_POINT('',#8188);
#6290=CIRCLE('',#8189,1.5);
#6291=CIRCLE('',#8193,1.5);
#6292=VERTEX_POINT('',#8197);
#6293=CIRCLE('',#8198,1.5);
#6294=CIRCLE('',#8202,1.5);
#6295=VERTEX_POINT('',#8206);
#6296=CIRCLE('',#8207,1.5);
#6297=VERTEX_POINT('',#8211);
#6298=CIRCLE('',#8212,1.5);
#6299=VERTEX_POINT('',#8216);
#6300=CIRCLE('',#8217,1.5);
#6301=VERTEX_POINT('',#8221);
#6302=CIRCLE('',#8222,1.5);
#6303=VERTEX_POINT('',#8226);
#6304=CIRCLE('',#8227,1.5);
#6305=VERTEX_POINT('',#8231);
#6306=CIRCLE('',#8232,1.5);
#6307=VERTEX_POINT('',#8236);
#6308=CIRCLE('',#8237,1.5);
#6309=VERTEX_POINT('',#8241);
#6310=CIRCLE('',#8242,1.5);
#6311=VERTEX_POINT('',#8246);
#6312=CIRCLE('',#8247,1.5);
#6313=VERTEX_POINT('',#8251);
#6314=CIRCLE('',#8252,1.5);
#6315=VERTEX_POINT('',#8256);
#6316=CIRCLE('',#8257,1.5);
#6317=VERTEX_POINT('',#8261);
#6318=CIRCLE('',#8262,1.5);
#6319=VERTEX_POINT('',#8266);
#6320=CIRCLE('',#8267,1.5);
#6321=VERTEX_POINT('',#8271);
#6322=CIRCLE('',#8272,1.5);
#6323=VERTEX_POINT('',#8276);
#6324=CIRCLE('',#8277,1.5);
#6325=VERTEX_POINT('',#8281);
#6326=CIRCLE('',#8282,1.5);
#6327=VERTEX_POINT('',#8286);
#6328=CIRCLE('',#8287,1.5);
#6329=VERTEX_POINT('',#8291);
#6330=CIRCLE('',#8292,1.5);
#6331=VERTEX_POINT('',#8296);
#6332=CIRCLE('',#8297,1.5);
#6333=VERTEX_POINT('',#8301);
#6334=CIRCLE('',#8302,1.5);
#6335=VERTEX_POINT('',#8306);
#6336=CIRCLE('',#8307,1.5);
#6337=VERTEX_POINT('',#8311);
#6338=CIRCLE('',#8312,1.5);
#6339=VERTEX_POINT('',#8316);
#6340=CIRCLE('',#8317,260.);
#6341=VERTEX_POINT('',#8321);
#6342=CIRCLE('',#8322,45.);
#6343=VERTEX_POINT('',#8326);
#6344=CIRCLE('',#8327,4.);
#6345=VERTEX_POINT('',#8331);
#6346=CIRCLE('',#8332,4.);
#6347=VERTEX_POINT('',#8336);
#6348=CIRCLE('',#8337,4.);
#6349=VERTEX_POINT('',#8341);
#6350=CIRCLE('',#8342,4.);
#6351=VERTEX_POINT('',#8346);
#6352=CIRCLE('',#8347,4.);
#6353=VERTEX_POINT('',#8351);
#6354=CIRCLE('',#8352,4.);
#6355=VERTEX_POINT('',#8356);
#6356=CIRCLE('',#8357,4.);
#6357=VERTEX_POINT('',#8361);
#6358=CIRCLE('',#8362,4.);
#6359=VERTEX_POINT('',#8366);
#6360=CIRCLE('',#8367,4.);
#6361=VERTEX_POINT('',#8371);
#6362=CIRCLE('',#8372,4.);
#6363=VERTEX_POINT('',#8376);
#6364=CIRCLE('',#8377,4.);
#6365=VERTEX_POINT('',#8381);
#6366=CIRCLE('',#8382,4.);
#6367=VERTEX_POINT('',#8386);
#6368=CIRCLE('',#8387,4.);
#6369=VERTEX_POINT('',#8391);
#6370=CIRCLE('',#8392,4.);
#6371=VERTEX_POINT('',#8396);
#6372=CIRCLE('',#8397,4.);
#6373=VERTEX_POINT('',#8401);
#6374=CIRCLE('',#8402,4.);
#6375=VERTEX_POINT('',#8406);
#6376=CIRCLE('',#8407,4.);
#6377=VERTEX_POINT('',#8411);
#6378=CIRCLE('',#8412,4.);
#6379=VERTEX_POINT('',#8416);
#6380=CIRCLE('',#8417,4.);
#6381=VERTEX_POINT('',#8421);
#6382=CIRCLE('',#8422,4.);
#6383=VERTEX_POINT('',#8426);
#6384=CIRCLE('',#8427,4.);
#6385=VERTEX_POINT('',#8431);
#6386=CIRCLE('',#8432,4.);
#6387=VERTEX_POINT('',#8436);
#6388=CIRCLE('',#8437,4.);
#6389=VERTEX_POINT('',#8441);
#6390=CIRCLE('',#8442,4.);
#6391=VERTEX_POINT('',#8446);
#6392=CIRCLE('',#8447,2.5);
#6393=VERTEX_POINT('',#8451);
#6394=CIRCLE('',#8452,2.5);
#6395=VERTEX_POINT('',#8456);
#6396=CIRCLE('',#8457,2.5);
#6397=VERTEX_POINT('',#8461);
#6398=CIRCLE('',#8462,2.5);
#6399=VERTEX_POINT('',#8466);
#6400=CIRCLE('',#8467,2.5);
#6401=VERTEX_POINT('',#8471);
#6402=CIRCLE('',#8472,2.5);
#6403=VERTEX_POINT('',#8476);
#6404=CIRCLE('',#8477,2.5);
#6405=VERTEX_POINT('',#8481);
#6406=CIRCLE('',#8482,2.5);
#6407=VERTEX_POINT('',#8486);
#6408=CIRCLE('',#8487,2.5);
#6409=VERTEX_POINT('',#8491);
#6410=CIRCLE('',#8492,2.5);
#6411=VERTEX_POINT('',#8496);
#6412=CIRCLE('',#8497,2.5);
#6413=VERTEX_POINT('',#8501);
#6414=CIRCLE('',#8502,2.5);
#6415=VERTEX_POINT('',#8506);
#6416=CIRCLE('',#8507,2.5);
#6417=VERTEX_POINT('',#8511);
#6418=CIRCLE('',#8512,2.5);
#6419=VERTEX_POINT('',#8516);
#6420=CIRCLE('',#8517,2.5);
#6421=VERTEX_POINT('',#8521);
#6422=CIRCLE('',#8522,2.5);
#6423=VERTEX_POINT('',#8526);
#6424=CIRCLE('',#8527,2.5);
#6425=VERTEX_POINT('',#8531);
#6426=CIRCLE('',#8532,2.5);
#6427=VERTEX_POINT('',#8536);
#6428=CIRCLE('',#8537,2.5);
#6429=VERTEX_POINT('',#8541);
#6430=CIRCLE('',#8542,2.5);
#6431=VERTEX_POINT('',#8546);
#6432=CIRCLE('',#8547,2.5);
#6433=VERTEX_POINT('',#8551);
#6434=CIRCLE('',#8552,2.5);
#6435=VERTEX_POINT('',#8556);
#6436=CIRCLE('',#8557,2.5);
#6437=VERTEX_POINT('',#8561);
#6438=CIRCLE('',#8562,2.5);
#6439=VERTEX_POINT('',#8566);
#6440=CIRCLE('',#8567,2.5);
#6441=VERTEX_POINT('',#8571);
#6442=CIRCLE('',#8572,2.5);
#6443=VERTEX_POINT('',#8576);
#6444=CIRCLE('',#8577,2.5);
#6445=VERTEX_POINT('',#8581);
#6446=CIRCLE('',#8582,2.5);
#6447=VERTEX_POINT('',#8586);
#6448=CIRCLE('',#8587,2.5);
#6449=VERTEX_POINT('',#8591);
#6450=CIRCLE('',#8592,2.5);
#6451=VERTEX_POINT('',#8596);
#6452=CIRCLE('',#8597,2.5);
#6453=VERTEX_POINT('',#8601);
#6454=CIRCLE('',#8602,2.5);
#6455=VERTEX_POINT('',#8606);
#6456=CIRCLE('',#8607,2.5);
#6457=VERTEX_POINT('',#8611);
#6458=CIRCLE('',#8612,2.5);
#6459=VERTEX_POINT('',#8616);
#6460=CIRCLE('',#8617,2.5);
#6461=VERTEX_POINT('',#8621);
#6462=CIRCLE('',#8622,2.5);
#6463=VERTEX_POINT('',#8626);
#6464=CIRCLE('',#8627,2.5);
#6465=VERTEX_POINT('',#8631);
#6466=CIRCLE('',#8632,2.5);
#6467=VERTEX_POINT('',#8636);
#6468=CIRCLE('',#8637,2.5);
#6469=VERTEX_POINT('',#8641);
#6470=CIRCLE('',#8642,2.5);
#6471=VERTEX_POINT('',#8646);
#6472=CIRCLE('',#8647,2.5);
#6473=VERTEX_POINT('',#8651);
#6474=CIRCLE('',#8652,2.5);
#6475=VERTEX_POINT('',#8656);
#6476=CIRCLE('',#8657,2.5);
#6477=VERTEX_POINT('',#8661);
#6478=CIRCLE('',#8662,2.5);
#6479=VERTEX_POINT('',#8666);
#6480=CIRCLE('',#8667,2.5);
#6481=VERTEX_POINT('',#8671);
#6482=CIRCLE('',#8672,2.5);
#6483=VERTEX_POINT('',#8676);
#6484=CIRCLE('',#8677,2.5);
#6485=VERTEX_POINT('',#8681);
#6486=CIRCLE('',#8682,2.5);
#6487=VERTEX_POINT('',#8686);
#6488=CIRCLE('',#8687,2.5);
#6489=VERTEX_POINT('',#8691);
#6490=CIRCLE('',#8692,2.5);
#6491=VERTEX_POINT('',#8696);
#6492=CIRCLE('',#8697,2.5);
#6493=VERTEX_POINT('',#8701);
#6494=CIRCLE('',#8702,2.5);
#6495=VERTEX_POINT('',#8706);
#6496=CIRCLE('',#8707,2.5);
#6497=VERTEX_POINT('',#8711);
#6498=CIRCLE('',#8712,2.5);
#6499=VERTEX_POINT('',#8716);
#6500=CIRCLE('',#8717,2.5);
#6501=VERTEX_POINT('',#8721);
#6502=CIRCLE('',#8722,2.5);
#6503=VERTEX_POINT('',#8726);
#6504=CIRCLE('',#8727,2.5);
#6505=VERTEX_POINT('',#8731);
#6506=CIRCLE('',#8732,2.5);
#6507=VERTEX_POINT('',#8736);
#6508=CIRCLE('',#8737,2.5);
#6509=VERTEX_POINT('',#8741);
#6510=CIRCLE('',#8742,2.5);
#6511=VERTEX_POINT('',#8746);
#6512=CIRCLE('',#8747,2.5);
#6513=VERTEX_POINT('',#8751);
#6514=CIRCLE('',#8752,2.5);
#6515=VERTEX_POINT('',#8756);
#6516=CIRCLE('',#8757,2.5);
#6517=VERTEX_POINT('',#8761);
#6518=CIRCLE('',#8762,2.5);
#6519=VERTEX_POINT('',#8766);
#6520=CIRCLE('',#8767,2.5);
#6521=VERTEX_POINT('',#8771);
#6522=CIRCLE('',#8772,2.5);
#6523=VERTEX_POINT('',#8776);
#6524=CIRCLE('',#8777,2.5);
#6525=VERTEX_POINT('',#8781);
#6526=CIRCLE('',#8782,2.5);
#6527=VERTEX_POINT('',#8786);
#6528=CIRCLE('',#8787,2.5);
#6529=VERTEX_POINT('',#8791);
#6530=CIRCLE('',#8792,2.5);
#6531=VERTEX_POINT('',#8796);
#6532=CIRCLE('',#8797,2.5);
#6533=VERTEX_POINT('',#8801);
#6534=CIRCLE('',#8802,2.5);
#6535=VERTEX_POINT('',#8806);
#6536=CIRCLE('',#8807,2.5);
#6537=VERTEX_POINT('',#8811);
#6538=CIRCLE('',#8812,2.5);
#6539=VERTEX_POINT('',#8816);
#6540=CIRCLE('',#8817,2.5);
#6541=VERTEX_POINT('',#8821);
#6542=CIRCLE('',#8822,2.5);
#6543=VERTEX_POINT('',#8826);
#6544=CIRCLE('',#8827,2.5);
#6545=VERTEX_POINT('',#8831);
#6546=CIRCLE('',#8832,2.5);
#6547=VERTEX_POINT('',#8836);
#6548=CIRCLE('',#8837,2.5);
#6549=VERTEX_POINT('',#8841);
#6550=CIRCLE('',#8842,2.5);
#6551=VERTEX_POINT('',#8846);
#6552=CIRCLE('',#8847,2.5);
#6553=VERTEX_POINT('',#8851);
#6554=CIRCLE('',#8852,2.5);
#6555=VERTEX_POINT('',#8856);
#6556=CIRCLE('',#8857,2.5);
#6557=VERTEX_POINT('',#8861);
#6558=CIRCLE('',#8862,2.5);
#6559=VERTEX_POINT('',#8866);
#6560=CIRCLE('',#8867,2.5);
#6561=VERTEX_POINT('',#8871);
#6562=CIRCLE('',#8872,1.5);
#6563=VERTEX_POINT('',#8876);
#6564=CIRCLE('',#8877,1.5);
#6565=VERTEX_POINT('',#8881);
#6566=CIRCLE('',#8882,1.5);
#6567=VERTEX_POINT('',#8886);
#6568=CIRCLE('',#8887,1.5);
#6569=VERTEX_POINT('',#8891);
#6570=CIRCLE('',#8892,1.5);
#6571=VERTEX_POINT('',#8896);
#6572=CIRCLE('',#8897,1.5);
#6573=VERTEX_POINT('',#8901);
#6574=CIRCLE('',#8902,1.5);
#6575=VERTEX_POINT('',#8906);
#6576=CIRCLE('',#8907,1.5);
#6577=VERTEX_POINT('',#8911);
#6578=CIRCLE('',#8912,1.5);
#6579=VERTEX_POINT('',#8916);
#6580=CIRCLE('',#8917,1.5);
#6581=VERTEX_POINT('',#8921);
#6582=CIRCLE('',#8922,1.5);
#6583=VERTEX_POINT('',#8926);
#6584=CIRCLE('',#8927,1.5);
#6585=VERTEX_POINT('',#8931);
#6586=CIRCLE('',#8932,1.5);
#6587=VERTEX_POINT('',#8936);
#6588=CIRCLE('',#8937,1.5);
#6589=VERTEX_POINT('',#8941);
#6590=CIRCLE('',#8942,1.5);
#6591=VERTEX_POINT('',#8946);
#6592=CIRCLE('',#8947,1.5);
#6593=VERTEX_POINT('',#8951);
#6594=CIRCLE('',#8952,1.5);
#6595=VERTEX_POINT('',#8956);
#6596=CIRCLE('',#8957,1.5);
#6597=VERTEX_POINT('',#8961);
#6598=CIRCLE('',#8962,1.5);
#6599=VERTEX_POINT('',#8966);
#6600=CIRCLE('',#8967,1.5);
#6601=VERTEX_POINT('',#8971);
#6602=CIRCLE('',#8972,1.5);
#6603=VERTEX_POINT('',#8976);
#6604=CIRCLE('',#8977,1.5);
#6605=VERTEX_POINT('',#8981);
#6606=CIRCLE('',#8982,1.5);
#6607=VERTEX_POINT('',#8986);
#6608=CIRCLE('',#8987,1.5);
#6609=VERTEX_POINT('',#8991);
#6610=CIRCLE('',#8992,1.5);
#6611=VERTEX_POINT('',#8996);
#6612=CIRCLE('',#8997,1.5);
#6613=VERTEX_POINT('',#9001);
#6614=CIRCLE('',#9002,1.5);
#6615=VERTEX_POINT('',#9006);
#6616=CIRCLE('',#9007,1.5);
#6617=VERTEX_POINT('',#9011);
#6618=CIRCLE('',#9012,1.5);
#6619=VERTEX_POINT('',#9016);
#6620=CIRCLE('',#9017,1.5);
#6621=VERTEX_POINT('',#9021);
#6622=CIRCLE('',#9022,1.5);
#6623=VERTEX_POINT('',#9026);
#6624=CIRCLE('',#9027,1.5);
#6625=VERTEX_POINT('',#9031);
#6626=CIRCLE('',#9032,1.5);
#6627=VERTEX_POINT('',#9036);
#6628=CIRCLE('',#9037,1.5);
#6629=VERTEX_POINT('',#9041);
#6630=CIRCLE('',#9042,1.5);
#6631=VERTEX_POINT('',#9046);
#6632=CIRCLE('',#9047,1.5);
#6633=VERTEX_POINT('',#9051);
#6634=CIRCLE('',#9052,1.5);
#6635=VERTEX_POINT('',#9056);
#6636=CIRCLE('',#9057,1.5);
#6637=VERTEX_POINT('',#9061);
#6638=CIRCLE('',#9062,1.5);
#6639=VERTEX_POINT('',#9066);
#6640=CIRCLE('',#9067,1.5);
#6641=VERTEX_POINT('',#9071);
#6642=CIRCLE('',#9072,1.5);
#6643=VERTEX_POINT('',#9076);
#6644=CIRCLE('',#9077,1.5);
#6645=VERTEX_POINT('',#9081);
#6646=CIRCLE('',#9082,1.5);
#6647=VERTEX_POINT('',#9086);
#6648=CIRCLE('',#9087,1.5);
#6649=VERTEX_POINT('',#9091);
#6650=CIRCLE('',#9092,1.5);
#6651=VERTEX_POINT('',#9096);
#6652=CIRCLE('',#9097,1.5);
#6653=VERTEX_POINT('',#9101);
#6654=CIRCLE('',#9102,1.5);
#6655=VERTEX_POINT('',#9106);
#6656=CIRCLE('',#9107,1.5);
#6657=VERTEX_POINT('',#9111);
#6658=CIRCLE('',#9112,1.5);
#6659=VERTEX_POINT('',#9116);
#6660=CIRCLE('',#9117,1.5);
#6661=VERTEX_POINT('',#9121);
#6662=CIRCLE('',#9122,1.5);
#6663=VERTEX_POINT('',#9126);
#6664=CIRCLE('',#9127,1.5);
#6665=VERTEX_POINT('',#9131);
#6666=CIRCLE('',#9132,1.5);
#6667=VERTEX_POINT('',#9136);
#6668=CIRCLE('',#9137,1.5);
#6669=VERTEX_POINT('',#9141);
#6670=CIRCLE('',#9142,1.5);
#6671=VERTEX_POINT('',#9146);
#6672=CIRCLE('',#9147,1.5);
#6673=VERTEX_POINT('',#9151);
#6674=CIRCLE('',#9152,1.5);
#6675=VERTEX_POINT('',#9156);
#6676=CIRCLE('',#9157,1.5);
#6677=VERTEX_POINT('',#9161);
#6678=CIRCLE('',#9162,1.5);
#6679=VERTEX_POINT('',#9166);
#6680=CIRCLE('',#9167,1.5);
#6681=VERTEX_POINT('',#9171);
#6682=CIRCLE('',#9172,1.5);
#6683=VERTEX_POINT('',#9176);
#6684=CIRCLE('',#9177,1.5);
#6685=VERTEX_POINT('',#9181);
#6686=CIRCLE('',#9182,1.5);
#6687=VERTEX_POINT('',#9186);
#6688=CIRCLE('',#9187,1.5);
#6689=VERTEX_POINT('',#9191);
#6690=CIRCLE('',#9192,1.5);
#6691=VERTEX_POINT('',#9196);
#6692=CIRCLE('',#9197,1.5);
#6693=VERTEX_POINT('',#9201);
#6694=CIRCLE('',#9202,1.5);
#6695=VERTEX_POINT('',#9206);
#6696=CIRCLE('',#9207,1.5);
#6697=VERTEX_POINT('',#9211);
#6698=CIRCLE('',#9212,1.5);
#6699=VERTEX_POINT('',#9216);
#6700=CIRCLE('',#9217,1.5);
#6701=VERTEX_POINT('',#9221);
#6702=CIRCLE('',#9222,1.5);
#6703=VERTEX_POINT('',#9226);
#6704=CIRCLE('',#9227,1.5);
#6705=VERTEX_POINT('',#9231);
#6706=CIRCLE('',#9232,1.5);
#6707=VERTEX_POINT('',#9236);
#6708=CIRCLE('',#9237,1.5);
#6709=VERTEX_POINT('',#9241);
#6710=CIRCLE('',#9242,1.5);
#6711=VERTEX_POINT('',#9246);
#6712=CIRCLE('',#9247,1.5);
#6713=VERTEX_POINT('',#9251);
#6714=CIRCLE('',#9252,1.5);
#6715=VERTEX_POINT('',#9256);
#6716=CIRCLE('',#9257,1.5);
#6717=VERTEX_POINT('',#9261);
#6718=CIRCLE('',#9262,1.5);
#6719=VERTEX_POINT('',#9266);
#6720=CIRCLE('',#9267,1.5);
#6721=VERTEX_POINT('',#9271);
#6722=CIRCLE('',#9272,1.5);
#6723=VERTEX_POINT('',#9276);
#6724=CIRCLE('',#9277,1.5);
#6725=VERTEX_POINT('',#9281);
#6726=CIRCLE('',#9282,1.5);
#6727=VERTEX_POINT('',#9286);
#6728=CIRCLE('',#9287,1.5);
#6729=VERTEX_POINT('',#9291);
#6730=CIRCLE('',#9292,1.5);
#6731=VERTEX_POINT('',#9296);
#6732=CIRCLE('',#9297,1.5);
#6733=VERTEX_POINT('',#9301);
#6734=CIRCLE('',#9302,1.5);
#6735=VERTEX_POINT('',#9306);
#6736=CIRCLE('',#9307,1.5);
#6737=VERTEX_POINT('',#9311);
#6738=CIRCLE('',#9312,1.5);
#6739=VERTEX_POINT('',#9316);
#6740=CIRCLE('',#9317,1.5);
#6741=VERTEX_POINT('',#9321);
#6742=CIRCLE('',#9322,1.5);
#6743=VERTEX_POINT('',#9326);
#6744=CIRCLE('',#9327,1.5);
#6745=VERTEX_POINT('',#9331);
#6746=CIRCLE('',#9332,1.5);
#6747=VERTEX_POINT('',#9336);
#6748=CIRCLE('',#9337,1.5);
#6749=VERTEX_POINT('',#9341);
#6750=CIRCLE('',#9342,1.5);
#6751=VERTEX_POINT('',#9346);
#6752=CIRCLE('',#9347,1.5);
#6753=VERTEX_POINT('',#9351);
#6754=CIRCLE('',#9352,1.5);
#6755=VERTEX_POINT('',#9356);
#6756=CIRCLE('',#9357,1.5);
#6757=VERTEX_POINT('',#9361);
#6758=CIRCLE('',#9362,1.5);
#6759=VERTEX_POINT('',#9366);
#6760=CIRCLE('',#9367,1.5);
#6761=VERTEX_POINT('',#9371);
#6762=CIRCLE('',#9372,1.5);
#6763=VERTEX_POINT('',#9376);
#6764=CIRCLE('',#9377,1.5);
#6765=VERTEX_POINT('',#9381);
#6766=CIRCLE('',#9382,1.5);
#6767=VERTEX_POINT('',#9386);
#6768=CIRCLE('',#9387,1.5);
#6769=VERTEX_POINT('',#9391);
#6770=CIRCLE('',#9392,1.5);
#6771=VERTEX_POINT('',#9396);
#6772=CIRCLE('',#9397,1.5);
#6773=VERTEX_POINT('',#9401);
#6774=CIRCLE('',#9402,1.5);
#6775=VERTEX_POINT('',#9406);
#6776=CIRCLE('',#9407,1.5);
#6777=VERTEX_POINT('',#9411);
#6778=CIRCLE('',#9412,1.5);
#6779=VERTEX_POINT('',#9416);
#6780=CIRCLE('',#9417,1.5);
#6781=VERTEX_POINT('',#9421);
#6782=CIRCLE('',#9422,1.5);
#6783=VERTEX_POINT('',#9426);
#6784=CIRCLE('',#9427,1.5);
#6785=VERTEX_POINT('',#9431);
#6786=CIRCLE('',#9432,1.5);
#6787=VERTEX_POINT('',#9436);
#6788=CIRCLE('',#9437,1.5);
#6789=VERTEX_POINT('',#9441);
#6790=CIRCLE('',#9442,1.5);
#6791=VERTEX_POINT('',#9446);
#6792=CIRCLE('',#9447,1.5);
#6793=VERTEX_POINT('',#9451);
#6794=CIRCLE('',#9452,1.5);
#6795=VERTEX_POINT('',#9456);
#6796=CIRCLE('',#9457,1.5);
#6797=VERTEX_POINT('',#9461);
#6798=CIRCLE('',#9462,1.5);
#6799=VERTEX_POINT('',#9466);
#6800=CIRCLE('',#9467,1.5);
#6801=VERTEX_POINT('',#9471);
#6802=CIRCLE('',#9472,1.5);
#6803=VERTEX_POINT('',#9476);
#6804=CIRCLE('',#9477,1.5);
#6805=VERTEX_POINT('',#9481);
#6806=CIRCLE('',#9482,1.5);
#6807=VERTEX_POINT('',#9486);
#6808=CIRCLE('',#9487,1.5);
#6809=VERTEX_POINT('',#9491);
#6810=CIRCLE('',#9492,1.5);
#6811=VERTEX_POINT('',#9496);
#6812=CIRCLE('',#9497,1.5);
#6813=VERTEX_POINT('',#9501);
#6814=CIRCLE('',#9502,1.5);
#6815=VERTEX_POINT('',#9506);
#6816=CIRCLE('',#9507,1.5);
#6817=VERTEX_POINT('',#9511);
#6818=CIRCLE('',#9512,1.5);
#6819=VERTEX_POINT('',#9516);
#6820=CIRCLE('',#9517,1.5);
#6821=VERTEX_POINT('',#9521);
#6822=CIRCLE('',#9522,1.5);
#6823=VERTEX_POINT('',#9526);
#6824=CIRCLE('',#9527,1.5);
#6825=VERTEX_POINT('',#9531);
#6826=CIRCLE('',#9532,1.5);
#6827=VERTEX_POINT('',#9536);
#6828=CIRCLE('',#9537,1.5);
#6829=VERTEX_POINT('',#9541);
#6830=CIRCLE('',#9542,1.5);
#6831=VERTEX_POINT('',#9546);
#6832=CIRCLE('',#9547,1.5);
#6833=VERTEX_POINT('',#9551);
#6834=CIRCLE('',#9552,1.5);
#6835=VERTEX_POINT('',#9556);
#6836=CIRCLE('',#9557,1.5);
#6837=VERTEX_POINT('',#9561);
#6838=CIRCLE('',#9562,1.5);
#6839=VERTEX_POINT('',#9566);
#6840=CIRCLE('',#9567,1.5);
#6841=VERTEX_POINT('',#9571);
#6842=CIRCLE('',#9572,1.5);
#6843=VERTEX_POINT('',#9576);
#6844=CIRCLE('',#9577,1.5);
#6845=VERTEX_POINT('',#9581);
#6846=CIRCLE('',#9582,1.5);
#6847=VERTEX_POINT('',#9586);
#6848=CIRCLE('',#9587,1.5);
#6849=VERTEX_POINT('',#9591);
#6850=CIRCLE('',#9592,1.5);
#6851=VERTEX_POINT('',#9596);
#6852=CIRCLE('',#9597,1.5);
#6853=VERTEX_POINT('',#9601);
#6854=CIRCLE('',#9602,1.5);
#6855=CIRCLE('',#9606,1.5);
#6856=VERTEX_POINT('',#9610);
#6857=CIRCLE('',#9611,1.5);
#6858=CIRCLE('',#9615,1.5);
#6859=VERTEX_POINT('',#9619);
#6860=CIRCLE('',#9620,1.5);
#6861=VERTEX_POINT('',#9624);
#6862=CIRCLE('',#9625,1.5);
#6863=VERTEX_POINT('',#9629);
#6864=CIRCLE('',#9630,1.5);
#6865=VERTEX_POINT('',#9634);
#6866=CIRCLE('',#9635,1.5);
#6867=VERTEX_POINT('',#9639);
#6868=CIRCLE('',#9640,1.5);
#6869=VERTEX_POINT('',#9644);
#6870=CIRCLE('',#9645,1.5);
#6871=VERTEX_POINT('',#9649);
#6872=CIRCLE('',#9650,1.5);
#6873=VERTEX_POINT('',#9654);
#6874=CIRCLE('',#9655,1.5);
#6875=VERTEX_POINT('',#9659);
#6876=CIRCLE('',#9660,1.5);
#6877=VERTEX_POINT('',#9664);
#6878=CIRCLE('',#9665,1.5);
#6879=VERTEX_POINT('',#9669);
#6880=CIRCLE('',#9670,1.5);
#6881=VERTEX_POINT('',#9674);
#6882=CIRCLE('',#9675,1.5);
#6883=VERTEX_POINT('',#9679);
#6884=CIRCLE('',#9680,1.5);
#6885=VERTEX_POINT('',#9684);
#6886=CIRCLE('',#9685,1.5);
#6887=VERTEX_POINT('',#9689);
#6888=CIRCLE('',#9690,1.5);
#6889=VERTEX_POINT('',#9694);
#6890=CIRCLE('',#9695,1.5);
#6891=VERTEX_POINT('',#9699);
#6892=CIRCLE('',#9700,1.5);
#6893=VERTEX_POINT('',#9704);
#6894=CIRCLE('',#9705,1.5);
#6895=VERTEX_POINT('',#9709);
#6896=CIRCLE('',#9710,1.5);
#6897=VERTEX_POINT('',#9714);
#6898=CIRCLE('',#9715,1.5);
#6899=VERTEX_POINT('',#9719);
#6900=CIRCLE('',#9720,1.5);
#6901=VERTEX_POINT('',#9724);
#6902=CIRCLE('',#9725,1.5);
#6903=CARTESIAN_POINT('',(260.,0.,0.));
#6904=AXIS2_PLACEMENT_3D('',#6905,#6906,#6907);
#6905=CARTESIAN_POINT('',(0.,0.,0.));
#6906=DIRECTION('',(0.,0.,1.));
#6907=DIRECTION('',(1.,0.,0.));
#6908=CARTESIAN_POINT('',(-2.75545529808154E-15,-45.,0.));
#6909=AXIS2_PLACEMENT_3D('',#6910,#6911,#6912);
#6910=CARTESIAN_POINT('',(0.,0.,0.));
#6911=DIRECTION('',(0.,0.,1.));
#6912=DIRECTION('',(6.12323399573677E-17,-1.,0.));
#6913=CARTESIAN_POINT('',(-154.391908,-158.39193,0.));
#6914=AXIS2_PLACEMENT_3D('',#6915,#6916,#6917);
#6915=CARTESIAN_POINT('',(-158.391908,-158.39193,0.));
#6916=DIRECTION('',(0.,0.,1.));
#6917=DIRECTION('',(1.,0.,0.));
#6918=CARTESIAN_POINT('',(-131.764491,-135.764513,0.));
#6919=AXIS2_PLACEMENT_3D('',#6920,#6921,#6922);
#6920=CARTESIAN_POINT('',(-135.764491,-135.764513,0.));
#6921=DIRECTION('',(0.,0.,1.));
#6922=DIRECTION('',(1.,0.,0.));
#6923=CARTESIAN_POINT('',(-109.137074,-113.137096,0.));
#6924=AXIS2_PLACEMENT_3D('',#6925,#6926,#6927);
#6925=CARTESIAN_POINT('',(-113.137074,-113.137096,0.));
#6926=DIRECTION('',(0.,0.,1.));
#6927=DIRECTION('',(1.,0.,0.));
#6928=CARTESIAN_POINT('',(-86.509657,-90.509679,0.));
#6929=AXIS2_PLACEMENT_3D('',#6930,#6931,#6932);
#6930=CARTESIAN_POINT('',(-90.509657,-90.509679,0.));
#6931=DIRECTION('',(0.,0.,1.));
#6932=DIRECTION('',(1.,0.,0.));
#6933=CARTESIAN_POINT('',(-154.39193,158.391908,0.));
#6934=AXIS2_PLACEMENT_3D('',#6935,#6936,#6937);
#6935=CARTESIAN_POINT('',(-158.39193,158.391908,0.));
#6936=DIRECTION('',(0.,0.,1.));
#6937=DIRECTION('',(1.,0.,0.));
#6938=CARTESIAN_POINT('',(-131.764513,135.764491,0.));
#6939=AXIS2_PLACEMENT_3D('',#6940,#6941,#6942);
#6940=CARTESIAN_POINT('',(-135.764513,135.764491,0.));
#6941=DIRECTION('',(0.,0.,1.));
#6942=DIRECTION('',(1.,0.,0.));
#6943=CARTESIAN_POINT('',(-109.137096,113.137074,0.));
#6944=AXIS2_PLACEMENT_3D('',#6945,#6946,#6947);
#6945=CARTESIAN_POINT('',(-113.137096,113.137074,0.));
#6946=DIRECTION('',(0.,0.,1.));
#6947=DIRECTION('',(1.,0.,0.));
#6948=CARTESIAN_POINT('',(-86.509679,90.509657,0.));
#6949=AXIS2_PLACEMENT_3D('',#6950,#6951,#6952);
#6950=CARTESIAN_POINT('',(-90.509679,90.509657,0.));
#6951=DIRECTION('',(0.,0.,1.));
#6952=DIRECTION('',(1.,0.,0.));
#6953=CARTESIAN_POINT('',(-63.882262,67.88224,0.));
#6954=AXIS2_PLACEMENT_3D('',#6955,#6956,#6957);
#6955=CARTESIAN_POINT('',(-67.882262,67.88224,0.));
#6956=DIRECTION('',(0.,0.,1.));
#6957=DIRECTION('',(1.,0.,0.));
#6958=CARTESIAN_POINT('',(-41.254841,45.254827,0.));
#6959=AXIS2_PLACEMENT_3D('',#6960,#6961,#6962);
#6960=CARTESIAN_POINT('',(-45.254841,45.254827,0.));
#6961=DIRECTION('',(0.,0.,1.));
#6962=DIRECTION('',(1.,0.,0.));
#6963=CARTESIAN_POINT('',(162.391908,158.39193,0.));
#6964=AXIS2_PLACEMENT_3D('',#6965,#6966,#6967);
#6965=CARTESIAN_POINT('',(158.391908,158.39193,0.));
#6966=DIRECTION('',(0.,0.,1.));
#6967=DIRECTION('',(1.,0.,0.));
#6968=CARTESIAN_POINT('',(139.764491,135.764513,0.));
#6969=AXIS2_PLACEMENT_3D('',#6970,#6971,#6972);
#6970=CARTESIAN_POINT('',(135.764491,135.764513,0.));
#6971=DIRECTION('',(0.,0.,1.));
#6972=DIRECTION('',(1.,0.,0.));
#6973=CARTESIAN_POINT('',(117.137074,113.137096,0.));
#6974=AXIS2_PLACEMENT_3D('',#6975,#6976,#6977);
#6975=CARTESIAN_POINT('',(113.137074,113.137096,0.));
#6976=DIRECTION('',(0.,0.,1.));
#6977=DIRECTION('',(1.,0.,0.));
#6978=CARTESIAN_POINT('',(94.509657,90.509679,0.));
#6979=AXIS2_PLACEMENT_3D('',#6980,#6981,#6982);
#6980=CARTESIAN_POINT('',(90.509657,90.509679,0.));
#6981=DIRECTION('',(0.,0.,1.));
#6982=DIRECTION('',(1.,0.,0.));
#6983=CARTESIAN_POINT('',(49.254841390463,-45.25482660141,0.));
#6984=AXIS2_PLACEMENT_3D('',#6985,#6986,#6987);
#6985=CARTESIAN_POINT('',(45.254841390463,-45.25482660141,0.));
#6986=DIRECTION('',(0.,0.,1.));
#6987=DIRECTION('',(1.,0.,0.));
#6988=CARTESIAN_POINT('',(71.882262085694,-67.88223990212,0.));
#6989=AXIS2_PLACEMENT_3D('',#6990,#6991,#6992);
#6990=CARTESIAN_POINT('',(67.882262085694,-67.88223990212,0.));
#6991=DIRECTION('',(0.,0.,1.));
#6992=DIRECTION('',(1.,0.,0.));
#6993=CARTESIAN_POINT('',(94.509682780926,-90.50965320282,0.));
#6994=AXIS2_PLACEMENT_3D('',#6995,#6996,#6997);
#6995=CARTESIAN_POINT('',(90.509682780926,-90.50965320282,0.));
#6996=DIRECTION('',(0.,0.,1.));
#6997=DIRECTION('',(1.,0.,0.));
#6998=CARTESIAN_POINT('',(117.13710347615,-113.1370665035,0.));
#6999=AXIS2_PLACEMENT_3D('',#7000,#7001,#7002);
#7000=CARTESIAN_POINT('',(113.13710347615,-113.1370665035,0.));
#7001=DIRECTION('',(0.,0.,1.));
#7002=DIRECTION('',(1.,0.,0.));
#7003=CARTESIAN_POINT('',(139.76452417138,-135.7644798042,0.));
#7004=AXIS2_PLACEMENT_3D('',#7005,#7006,#7007);
#7005=CARTESIAN_POINT('',(135.76452417138,-135.7644798042,0.));
#7006=DIRECTION('',(0.,0.,1.));
#7007=DIRECTION('',(1.,0.,0.));
#7008=CARTESIAN_POINT('',(162.39194486662,-158.3918931049,0.));
#7009=AXIS2_PLACEMENT_3D('',#7010,#7011,#7012);
#7010=CARTESIAN_POINT('',(158.39194486662,-158.3918931049,0.));
#7011=DIRECTION('',(0.,0.,1.));
#7012=DIRECTION('',(1.,0.,0.));
#7013=CARTESIAN_POINT('',(4.,-197.,0.));
#7014=AXIS2_PLACEMENT_3D('',#7015,#7016,#7017);
#7015=CARTESIAN_POINT('',(0.,-197.,0.));
#7016=DIRECTION('',(0.,0.,1.));
#7017=DIRECTION('',(1.,0.,0.));
#7018=CARTESIAN_POINT('',(-193.,0.,0.));
#7019=AXIS2_PLACEMENT_3D('',#7020,#7021,#7022);
#7020=CARTESIAN_POINT('',(-197.,0.,0.));
#7021=DIRECTION('',(0.,0.,1.));
#7022=DIRECTION('',(1.,0.,0.));
#7023=CARTESIAN_POINT('',(4.,197.,0.));
#7024=AXIS2_PLACEMENT_3D('',#7025,#7026,#7027);
#7025=CARTESIAN_POINT('',(0.,197.,0.));
#7026=DIRECTION('',(0.,0.,1.));
#7027=DIRECTION('',(1.,0.,0.));
#7028=CARTESIAN_POINT('',(201.,0.,0.));
#7029=AXIS2_PLACEMENT_3D('',#7030,#7031,#7032);
#7030=CARTESIAN_POINT('',(197.,0.,0.));
#7031=DIRECTION('',(0.,0.,1.));
#7032=DIRECTION('',(1.,0.,0.));
#7033=CARTESIAN_POINT('',(-90.83807578024,-29.698486,0.));
#7034=AXIS2_PLACEMENT_3D('',#7035,#7036,#7037);
#7035=CARTESIAN_POINT('',(-93.33807578024,-29.698486,0.));
#7036=DIRECTION('',(0.,0.,1.));
#7037=DIRECTION('',(1.,0.,0.));
#7038=CARTESIAN_POINT('',(-8.186802,-244.766812,0.));
#7039=AXIS2_PLACEMENT_3D('',#7040,#7041,#7042);
#7040=CARTESIAN_POINT('',(-10.686802,-244.766812,0.));
#7041=DIRECTION('',(0.,0.,1.));
#7042=DIRECTION('',(1.,0.,0.));
#7043=CARTESIAN_POINT('',(-29.478969,-242.903985,0.));
#7044=AXIS2_PLACEMENT_3D('',#7045,#7046,#7047);
#7045=CARTESIAN_POINT('',(-31.978969,-242.903985,0.));
#7046=DIRECTION('',(0.,0.,1.));
#7047=DIRECTION('',(1.,0.,0.));
#7048=CARTESIAN_POINT('',(-50.527756,-239.192511,0.));
#7049=AXIS2_PLACEMENT_3D('',#7050,#7051,#7052);
#7050=CARTESIAN_POINT('',(-53.027756,-239.192511,0.));
#7051=DIRECTION('',(0.,0.,1.));
#7052=DIRECTION('',(1.,0.,0.));
#7053=CARTESIAN_POINT('',(-71.172971,-233.660638,0.));
#7054=AXIS2_PLACEMENT_3D('',#7055,#7056,#7057);
#7055=CARTESIAN_POINT('',(-73.672971,-233.660638,0.));
#7056=DIRECTION('',(0.,0.,1.));
#7057=DIRECTION('',(1.,0.,0.));
#7058=CARTESIAN_POINT('',(-91.257489,-226.350466,0.));
#7059=AXIS2_PLACEMENT_3D('',#7060,#7061,#7062);
#7060=CARTESIAN_POINT('',(-93.757489,-226.350466,0.));
#7061=DIRECTION('',(0.,0.,1.));
#7062=DIRECTION('',(1.,0.,0.));
#7063=CARTESIAN_POINT('',(-110.628457,-217.317631,0.));
#7064=AXIS2_PLACEMENT_3D('',#7065,#7066,#7067);
#7065=CARTESIAN_POINT('',(-113.128457,-217.317631,0.));
#7066=DIRECTION('',(0.,0.,1.));
#7067=DIRECTION('',(1.,0.,0.));
#7068=CARTESIAN_POINT('',(-129.138448,-206.630877,0.));
#7069=AXIS2_PLACEMENT_3D('',#7070,#7071,#7072);
#7070=CARTESIAN_POINT('',(-131.638448,-206.630877,0.));
#7071=DIRECTION('',(0.,0.,1.));
#7072=DIRECTION('',(1.,0.,0.));
#7073=CARTESIAN_POINT('',(-146.646592,-194.371537,0.));
#7074=AXIS2_PLACEMENT_3D('',#7075,#7076,#7077);
#7075=CARTESIAN_POINT('',(-149.146592,-194.371537,0.));
#7076=DIRECTION('',(0.,0.,1.));
#7077=DIRECTION('',(1.,0.,0.));
#7078=CARTESIAN_POINT('',(-163.019639,-180.632913,0.));
#7079=AXIS2_PLACEMENT_3D('',#7080,#7081,#7082);
#7080=CARTESIAN_POINT('',(-165.519639,-180.632913,0.));
#7081=DIRECTION('',(0.,0.,1.));
#7082=DIRECTION('',(1.,0.,0.));
#7083=CARTESIAN_POINT('',(-178.132983,-165.519563,0.));
#7084=AXIS2_PLACEMENT_3D('',#7085,#7086,#7087);
#7085=CARTESIAN_POINT('',(-180.632983,-165.519563,0.));
#7086=DIRECTION('',(0.,0.,1.));
#7087=DIRECTION('',(1.,0.,0.));
#7088=CARTESIAN_POINT('',(-191.8716,-149.146509,0.));
#7089=AXIS2_PLACEMENT_3D('',#7090,#7091,#7092);
#7090=CARTESIAN_POINT('',(-194.3716,-149.146509,0.));
#7091=DIRECTION('',(0.,0.,1.));
#7092=DIRECTION('',(1.,0.,0.));
#7093=CARTESIAN_POINT('',(-204.130933,-131.63836,0.));
#7094=AXIS2_PLACEMENT_3D('',#7095,#7096,#7097);
#7095=CARTESIAN_POINT('',(-206.630933,-131.63836,0.));
#7096=DIRECTION('',(0.,0.,1.));
#7097=DIRECTION('',(1.,0.,0.));
#7098=CARTESIAN_POINT('',(-214.817679,-113.128364,0.));
#7099=AXIS2_PLACEMENT_3D('',#7100,#7101,#7102);
#7100=CARTESIAN_POINT('',(-217.317679,-113.128364,0.));
#7101=DIRECTION('',(0.,0.,1.));
#7102=DIRECTION('',(1.,0.,0.));
#7103=CARTESIAN_POINT('',(-223.850506,-93.757393,0.));
#7104=AXIS2_PLACEMENT_3D('',#7105,#7106,#7107);
#7105=CARTESIAN_POINT('',(-226.350506,-93.757393,0.));
#7106=DIRECTION('',(0.,0.,1.));
#7107=DIRECTION('',(1.,0.,0.));
#7108=CARTESIAN_POINT('',(-231.160669,-73.672871,0.));
#7109=AXIS2_PLACEMENT_3D('',#7110,#7111,#7112);
#7110=CARTESIAN_POINT('',(-233.660669,-73.672871,0.));
#7111=DIRECTION('',(0.,0.,1.));
#7112=DIRECTION('',(1.,0.,0.));
#7113=CARTESIAN_POINT('',(-236.692533,-53.027655,0.));
#7114=AXIS2_PLACEMENT_3D('',#7115,#7116,#7117);
#7115=CARTESIAN_POINT('',(-239.192533,-53.027655,0.));
#7116=DIRECTION('',(0.,0.,1.));
#7117=DIRECTION('',(1.,0.,0.));
#7118=CARTESIAN_POINT('',(-242.266817,-10.686698,0.));
#7119=AXIS2_PLACEMENT_3D('',#7120,#7121,#7122);
#7120=CARTESIAN_POINT('',(-244.766817,-10.686698,0.));
#7121=DIRECTION('',(0.,0.,1.));
#7122=DIRECTION('',(1.,0.,0.));
#7123=CARTESIAN_POINT('',(-242.266812,10.686802,0.));
#7124=AXIS2_PLACEMENT_3D('',#7125,#7126,#7127);
#7125=CARTESIAN_POINT('',(-244.766812,10.686802,0.));
#7126=DIRECTION('',(0.,0.,1.));
#7127=DIRECTION('',(1.,0.,0.));
#7128=CARTESIAN_POINT('',(-240.403985,31.978969,0.));
#7129=AXIS2_PLACEMENT_3D('',#7130,#7131,#7132);
#7130=CARTESIAN_POINT('',(-242.903985,31.978969,0.));
#7131=DIRECTION('',(0.,0.,1.));
#7132=DIRECTION('',(1.,0.,0.));
#7133=CARTESIAN_POINT('',(-236.692511,53.027756,0.));
#7134=AXIS2_PLACEMENT_3D('',#7135,#7136,#7137);
#7135=CARTESIAN_POINT('',(-239.192511,53.027756,0.));
#7136=DIRECTION('',(0.,0.,1.));
#7137=DIRECTION('',(1.,0.,0.));
#7138=CARTESIAN_POINT('',(-231.160638,73.672971,0.));
#7139=AXIS2_PLACEMENT_3D('',#7140,#7141,#7142);
#7140=CARTESIAN_POINT('',(-233.660638,73.672971,0.));
#7141=DIRECTION('',(0.,0.,1.));
#7142=DIRECTION('',(1.,0.,0.));
#7143=CARTESIAN_POINT('',(-223.850466,93.757489,0.));
#7144=AXIS2_PLACEMENT_3D('',#7145,#7146,#7147);
#7145=CARTESIAN_POINT('',(-226.350466,93.757489,0.));
#7146=DIRECTION('',(0.,0.,1.));
#7147=DIRECTION('',(1.,0.,0.));
#7148=CARTESIAN_POINT('',(-214.817631,113.128457,0.));
#7149=AXIS2_PLACEMENT_3D('',#7150,#7151,#7152);
#7150=CARTESIAN_POINT('',(-217.317631,113.128457,0.));
#7151=DIRECTION('',(0.,0.,1.));
#7152=DIRECTION('',(1.,0.,0.));
#7153=CARTESIAN_POINT('',(-204.130877,131.638448,0.));
#7154=AXIS2_PLACEMENT_3D('',#7155,#7156,#7157);
#7155=CARTESIAN_POINT('',(-206.630877,131.638448,0.));
#7156=DIRECTION('',(0.,0.,1.));
#7157=DIRECTION('',(1.,0.,0.));
#7158=CARTESIAN_POINT('',(-191.871537,149.146592,0.));
#7159=AXIS2_PLACEMENT_3D('',#7160,#7161,#7162);
#7160=CARTESIAN_POINT('',(-194.371537,149.146592,0.));
#7161=DIRECTION('',(0.,0.,1.));
#7162=DIRECTION('',(1.,0.,0.));
#7163=CARTESIAN_POINT('',(-178.132913,165.519639,0.));
#7164=AXIS2_PLACEMENT_3D('',#7165,#7166,#7167);
#7165=CARTESIAN_POINT('',(-180.632913,165.519639,0.));
#7166=DIRECTION('',(0.,0.,1.));
#7167=DIRECTION('',(1.,0.,0.));
#7168=CARTESIAN_POINT('',(-163.019563,180.632983,0.));
#7169=AXIS2_PLACEMENT_3D('',#7170,#7171,#7172);
#7170=CARTESIAN_POINT('',(-165.519563,180.632983,0.));
#7171=DIRECTION('',(0.,0.,1.));
#7172=DIRECTION('',(1.,0.,0.));
#7173=CARTESIAN_POINT('',(-146.646509,194.3716,0.));
#7174=AXIS2_PLACEMENT_3D('',#7175,#7176,#7177);
#7175=CARTESIAN_POINT('',(-149.146509,194.3716,0.));
#7176=DIRECTION('',(0.,0.,1.));
#7177=DIRECTION('',(1.,0.,0.));
#7178=CARTESIAN_POINT('',(-129.13836,206.630933,0.));
#7179=AXIS2_PLACEMENT_3D('',#7180,#7181,#7182);
#7180=CARTESIAN_POINT('',(-131.63836,206.630933,0.));
#7181=DIRECTION('',(0.,0.,1.));
#7182=DIRECTION('',(1.,0.,0.));
#7183=CARTESIAN_POINT('',(-110.628364,217.317679,0.));
#7184=AXIS2_PLACEMENT_3D('',#7185,#7186,#7187);
#7185=CARTESIAN_POINT('',(-113.128364,217.317679,0.));
#7186=DIRECTION('',(0.,0.,1.));
#7187=DIRECTION('',(1.,0.,0.));
#7188=CARTESIAN_POINT('',(-91.257393,226.350506,0.));
#7189=AXIS2_PLACEMENT_3D('',#7190,#7191,#7192);
#7190=CARTESIAN_POINT('',(-93.757393,226.350506,0.));
#7191=DIRECTION('',(0.,0.,1.));
#7192=DIRECTION('',(1.,0.,0.));
#7193=CARTESIAN_POINT('',(-71.172871,233.660669,0.));
#7194=AXIS2_PLACEMENT_3D('',#7195,#7196,#7197);
#7195=CARTESIAN_POINT('',(-73.672871,233.660669,0.));
#7196=DIRECTION('',(0.,0.,1.));
#7197=DIRECTION('',(1.,0.,0.));
#7198=CARTESIAN_POINT('',(-50.527655,239.192533,0.));
#7199=AXIS2_PLACEMENT_3D('',#7200,#7201,#7202);
#7200=CARTESIAN_POINT('',(-53.027655,239.192533,0.));
#7201=DIRECTION('',(0.,0.,1.));
#7202=DIRECTION('',(1.,0.,0.));
#7203=CARTESIAN_POINT('',(-8.186698,244.766817,0.));
#7204=AXIS2_PLACEMENT_3D('',#7205,#7206,#7207);
#7205=CARTESIAN_POINT('',(-10.686698,244.766817,0.));
#7206=DIRECTION('',(0.,0.,1.));
#7207=DIRECTION('',(1.,0.,0.));
#7208=CARTESIAN_POINT('',(13.186802,244.766812,0.));
#7209=AXIS2_PLACEMENT_3D('',#7210,#7211,#7212);
#7210=CARTESIAN_POINT('',(10.686802,244.766812,0.));
#7211=DIRECTION('',(0.,0.,1.));
#7212=DIRECTION('',(1.,0.,0.));
#7213=CARTESIAN_POINT('',(34.478969,242.903985,0.));
#7214=AXIS2_PLACEMENT_3D('',#7215,#7216,#7217);
#7215=CARTESIAN_POINT('',(31.978969,242.903985,0.));
#7216=DIRECTION('',(0.,0.,1.));
#7217=DIRECTION('',(1.,0.,0.));
#7218=CARTESIAN_POINT('',(55.527756,239.192511,0.));
#7219=AXIS2_PLACEMENT_3D('',#7220,#7221,#7222);
#7220=CARTESIAN_POINT('',(53.027756,239.192511,0.));
#7221=DIRECTION('',(0.,0.,1.));
#7222=DIRECTION('',(1.,0.,0.));
#7223=CARTESIAN_POINT('',(76.172971,233.660638,0.));
#7224=AXIS2_PLACEMENT_3D('',#7225,#7226,#7227);
#7225=CARTESIAN_POINT('',(73.672971,233.660638,0.));
#7226=DIRECTION('',(0.,0.,1.));
#7227=DIRECTION('',(1.,0.,0.));
#7228=CARTESIAN_POINT('',(96.257489,226.350466,0.));
#7229=AXIS2_PLACEMENT_3D('',#7230,#7231,#7232);
#7230=CARTESIAN_POINT('',(93.757489,226.350466,0.));
#7231=DIRECTION('',(0.,0.,1.));
#7232=DIRECTION('',(1.,0.,0.));
#7233=CARTESIAN_POINT('',(115.628457,217.317631,0.));
#7234=AXIS2_PLACEMENT_3D('',#7235,#7236,#7237);
#7235=CARTESIAN_POINT('',(113.128457,217.317631,0.));
#7236=DIRECTION('',(0.,0.,1.));
#7237=DIRECTION('',(1.,0.,0.));
#7238=CARTESIAN_POINT('',(134.138448,206.630877,0.));
#7239=AXIS2_PLACEMENT_3D('',#7240,#7241,#7242);
#7240=CARTESIAN_POINT('',(131.638448,206.630877,0.));
#7241=DIRECTION('',(0.,0.,1.));
#7242=DIRECTION('',(1.,0.,0.));
#7243=CARTESIAN_POINT('',(151.646592,194.371537,0.));
#7244=AXIS2_PLACEMENT_3D('',#7245,#7246,#7247);
#7245=CARTESIAN_POINT('',(149.146592,194.371537,0.));
#7246=DIRECTION('',(0.,0.,1.));
#7247=DIRECTION('',(1.,0.,0.));
#7248=CARTESIAN_POINT('',(168.019639,180.632913,0.));
#7249=AXIS2_PLACEMENT_3D('',#7250,#7251,#7252);
#7250=CARTESIAN_POINT('',(165.519639,180.632913,0.));
#7251=DIRECTION('',(0.,0.,1.));
#7252=DIRECTION('',(1.,0.,0.));
#7253=CARTESIAN_POINT('',(183.132983,165.519563,0.));
#7254=AXIS2_PLACEMENT_3D('',#7255,#7256,#7257);
#7255=CARTESIAN_POINT('',(180.632983,165.519563,0.));
#7256=DIRECTION('',(0.,0.,1.));
#7257=DIRECTION('',(1.,0.,0.));
#7258=CARTESIAN_POINT('',(196.8716,149.146509,0.));
#7259=AXIS2_PLACEMENT_3D('',#7260,#7261,#7262);
#7260=CARTESIAN_POINT('',(194.3716,149.146509,0.));
#7261=DIRECTION('',(0.,0.,1.));
#7262=DIRECTION('',(1.,0.,0.));
#7263=CARTESIAN_POINT('',(209.130933,131.63836,0.));
#7264=AXIS2_PLACEMENT_3D('',#7265,#7266,#7267);
#7265=CARTESIAN_POINT('',(206.630933,131.63836,0.));
#7266=DIRECTION('',(0.,0.,1.));
#7267=DIRECTION('',(1.,0.,0.));
#7268=CARTESIAN_POINT('',(219.817679,113.128364,0.));
#7269=AXIS2_PLACEMENT_3D('',#7270,#7271,#7272);
#7270=CARTESIAN_POINT('',(217.317679,113.128364,0.));
#7271=DIRECTION('',(0.,0.,1.));
#7272=DIRECTION('',(1.,0.,0.));
#7273=CARTESIAN_POINT('',(228.850506,93.757393,0.));
#7274=AXIS2_PLACEMENT_3D('',#7275,#7276,#7277);
#7275=CARTESIAN_POINT('',(226.350506,93.757393,0.));
#7276=DIRECTION('',(0.,0.,1.));
#7277=DIRECTION('',(1.,0.,0.));
#7278=CARTESIAN_POINT('',(236.160669,73.672871,0.));
#7279=AXIS2_PLACEMENT_3D('',#7280,#7281,#7282);
#7280=CARTESIAN_POINT('',(233.660669,73.672871,0.));
#7281=DIRECTION('',(0.,0.,1.));
#7282=DIRECTION('',(1.,0.,0.));
#7283=CARTESIAN_POINT('',(241.692533,53.027655,0.));
#7284=AXIS2_PLACEMENT_3D('',#7285,#7286,#7287);
#7285=CARTESIAN_POINT('',(239.192533,53.027655,0.));
#7286=DIRECTION('',(0.,0.,1.));
#7287=DIRECTION('',(1.,0.,0.));
#7288=CARTESIAN_POINT('',(247.266817,10.686698,0.));
#7289=AXIS2_PLACEMENT_3D('',#7290,#7291,#7292);
#7290=CARTESIAN_POINT('',(244.766817,10.686698,0.));
#7291=DIRECTION('',(0.,0.,1.));
#7292=DIRECTION('',(1.,0.,0.));
#7293=CARTESIAN_POINT('',(247.266812,-10.686802,0.));
#7294=AXIS2_PLACEMENT_3D('',#7295,#7296,#7297);
#7295=CARTESIAN_POINT('',(244.766812,-10.686802,0.));
#7296=DIRECTION('',(0.,0.,1.));
#7297=DIRECTION('',(1.,0.,0.));
#7298=CARTESIAN_POINT('',(245.403985,-31.978969,0.));
#7299=AXIS2_PLACEMENT_3D('',#7300,#7301,#7302);
#7300=CARTESIAN_POINT('',(242.903985,-31.978969,0.));
#7301=DIRECTION('',(0.,0.,1.));
#7302=DIRECTION('',(1.,0.,0.));
#7303=CARTESIAN_POINT('',(241.692511,-53.027756,0.));
#7304=AXIS2_PLACEMENT_3D('',#7305,#7306,#7307);
#7305=CARTESIAN_POINT('',(239.192511,-53.027756,0.));
#7306=DIRECTION('',(0.,0.,1.));
#7307=DIRECTION('',(1.,0.,0.));
#7308=CARTESIAN_POINT('',(236.160638,-73.672971,0.));
#7309=AXIS2_PLACEMENT_3D('',#7310,#7311,#7312);
#7310=CARTESIAN_POINT('',(233.660638,-73.672971,0.));
#7311=DIRECTION('',(0.,0.,1.));
#7312=DIRECTION('',(1.,0.,0.));
#7313=CARTESIAN_POINT('',(228.850466,-93.757489,0.));
#7314=AXIS2_PLACEMENT_3D('',#7315,#7316,#7317);
#7315=CARTESIAN_POINT('',(226.350466,-93.757489,0.));
#7316=DIRECTION('',(0.,0.,1.));
#7317=DIRECTION('',(1.,0.,0.));
#7318=CARTESIAN_POINT('',(219.817631,-113.128457,0.));
#7319=AXIS2_PLACEMENT_3D('',#7320,#7321,#7322);
#7320=CARTESIAN_POINT('',(217.317631,-113.128457,0.));
#7321=DIRECTION('',(0.,0.,1.));
#7322=DIRECTION('',(1.,0.,0.));
#7323=CARTESIAN_POINT('',(209.130877,-131.638448,0.));
#7324=AXIS2_PLACEMENT_3D('',#7325,#7326,#7327);
#7325=CARTESIAN_POINT('',(206.630877,-131.638448,0.));
#7326=DIRECTION('',(0.,0.,1.));
#7327=DIRECTION('',(1.,0.,0.));
#7328=CARTESIAN_POINT('',(196.871537,-149.146592,0.));
#7329=AXIS2_PLACEMENT_3D('',#7330,#7331,#7332);
#7330=CARTESIAN_POINT('',(194.371537,-149.146592,0.));
#7331=DIRECTION('',(0.,0.,1.));
#7332=DIRECTION('',(1.,0.,0.));
#7333=CARTESIAN_POINT('',(183.132913,-165.519639,0.));
#7334=AXIS2_PLACEMENT_3D('',#7335,#7336,#7337);
#7335=CARTESIAN_POINT('',(180.632913,-165.519639,0.));
#7336=DIRECTION('',(0.,0.,1.));
#7337=DIRECTION('',(1.,0.,0.));
#7338=CARTESIAN_POINT('',(168.019563,-180.632983,0.));
#7339=AXIS2_PLACEMENT_3D('',#7340,#7341,#7342);
#7340=CARTESIAN_POINT('',(165.519563,-180.632983,0.));
#7341=DIRECTION('',(0.,0.,1.));
#7342=DIRECTION('',(1.,0.,0.));
#7343=CARTESIAN_POINT('',(151.646509,-194.3716,0.));
#7344=AXIS2_PLACEMENT_3D('',#7345,#7346,#7347);
#7345=CARTESIAN_POINT('',(149.146509,-194.3716,0.));
#7346=DIRECTION('',(0.,0.,1.));
#7347=DIRECTION('',(1.,0.,0.));
#7348=CARTESIAN_POINT('',(134.13836,-206.630933,0.));
#7349=AXIS2_PLACEMENT_3D('',#7350,#7351,#7352);
#7350=CARTESIAN_POINT('',(131.63836,-206.630933,0.));
#7351=DIRECTION('',(0.,0.,1.));
#7352=DIRECTION('',(1.,0.,0.));
#7353=CARTESIAN_POINT('',(115.628364,-217.317679,0.));
#7354=AXIS2_PLACEMENT_3D('',#7355,#7356,#7357);
#7355=CARTESIAN_POINT('',(113.128364,-217.317679,0.));
#7356=DIRECTION('',(0.,0.,1.));
#7357=DIRECTION('',(1.,0.,0.));
#7358=CARTESIAN_POINT('',(96.257393,-226.350506,0.));
#7359=AXIS2_PLACEMENT_3D('',#7360,#7361,#7362);
#7360=CARTESIAN_POINT('',(93.757393,-226.350506,0.));
#7361=DIRECTION('',(0.,0.,1.));
#7362=DIRECTION('',(1.,0.,0.));
#7363=CARTESIAN_POINT('',(76.172871,-233.660669,0.));
#7364=AXIS2_PLACEMENT_3D('',#7365,#7366,#7367);
#7365=CARTESIAN_POINT('',(73.672871,-233.660669,0.));
#7366=DIRECTION('',(0.,0.,1.));
#7367=DIRECTION('',(1.,0.,0.));
#7368=CARTESIAN_POINT('',(55.527655,-239.192533,0.));
#7369=AXIS2_PLACEMENT_3D('',#7370,#7371,#7372);
#7370=CARTESIAN_POINT('',(53.027655,-239.192533,0.));
#7371=DIRECTION('',(0.,0.,1.));
#7372=DIRECTION('',(1.,0.,0.));
#7373=CARTESIAN_POINT('',(95.838019617515,29.698523133119,0.));
#7374=AXIS2_PLACEMENT_3D('',#7375,#7376,#7377);
#7375=CARTESIAN_POINT('',(93.338019617515,29.698523133119,0.));
#7376=DIRECTION('',(0.,0.,1.));
#7377=DIRECTION('',(1.,0.,0.));
#7378=CARTESIAN_POINT('',(85.231422069983,40.305129021182,0.));
#7379=AXIS2_PLACEMENT_3D('',#7380,#7381,#7382);
#7380=CARTESIAN_POINT('',(82.731422069983,40.305129021182,0.));
#7381=DIRECTION('',(0.,0.,1.));
#7382=DIRECTION('',(1.,0.,0.));
#7383=CARTESIAN_POINT('',(74.624824522452,50.911734909246,0.));
#7384=AXIS2_PLACEMENT_3D('',#7385,#7386,#7387);
#7385=CARTESIAN_POINT('',(72.124824522452,50.911734909246,0.));
#7386=DIRECTION('',(0.,0.,1.));
#7387=DIRECTION('',(1.,0.,0.));
#7388=CARTESIAN_POINT('',(53.411608261556,72.124925121835,0.));
#7389=AXIS2_PLACEMENT_3D('',#7390,#7391,#7392);
#7390=CARTESIAN_POINT('',(50.911608261556,72.124925121835,0.));
#7391=DIRECTION('',(0.,0.,1.));
#7392=DIRECTION('',(1.,0.,0.));
#7393=CARTESIAN_POINT('',(42.804989796975,82.731510092824,0.));
#7394=AXIS2_PLACEMENT_3D('',#7395,#7396,#7397);
#7395=CARTESIAN_POINT('',(40.304989796975,82.731510092824,0.));
#7396=DIRECTION('',(0.,0.,1.));
#7397=DIRECTION('',(1.,0.,0.));
#7398=CARTESIAN_POINT('',(32.198371332394,93.338095063813,0.));
#7399=AXIS2_PLACEMENT_3D('',#7400,#7401,#7402);
#7400=CARTESIAN_POINT('',(29.698371332394,93.338095063813,0.));
#7401=DIRECTION('',(0.,0.,1.));
#7402=DIRECTION('',(1.,0.,0.));
#7403=CARTESIAN_POINT('',(-80.23147926172,-40.30509291707,0.));
#7404=AXIS2_PLACEMENT_3D('',#7405,#7406,#7407);
#7405=CARTESIAN_POINT('',(-82.73147926172,-40.30509291707,0.));
#7406=DIRECTION('',(0.,0.,1.));
#7407=DIRECTION('',(1.,0.,0.));
#7408=CARTESIAN_POINT('',(-69.6248827432,-50.91169983414,0.));
#7409=AXIS2_PLACEMENT_3D('',#7410,#7411,#7412);
#7410=CARTESIAN_POINT('',(-72.1248827432,-50.91169983414,0.));
#7411=DIRECTION('',(0.,0.,1.));
#7412=DIRECTION('',(1.,0.,0.));
#7413=CARTESIAN_POINT('',(-48.41166943557,-72.124893,0.));
#7414=AXIS2_PLACEMENT_3D('',#7415,#7416,#7417);
#7415=CARTESIAN_POINT('',(-50.91166943557,-72.124893,0.));
#7416=DIRECTION('',(0.,0.,1.));
#7417=DIRECTION('',(1.,0.,0.));
#7418=CARTESIAN_POINT('',(-37.805052,-82.731479,0.));
#7419=AXIS2_PLACEMENT_3D('',#7420,#7421,#7422);
#7420=CARTESIAN_POINT('',(-40.305052,-82.731479,0.));
#7421=DIRECTION('',(0.,0.,1.));
#7422=DIRECTION('',(1.,0.,0.));
#7423=CARTESIAN_POINT('',(-27.19843456442,-93.338065,0.));
#7424=AXIS2_PLACEMENT_3D('',#7425,#7426,#7427);
#7425=CARTESIAN_POINT('',(-29.69843456442,-93.338065,0.));
#7426=DIRECTION('',(0.,0.,1.));
#7427=DIRECTION('',(1.,0.,0.));
#7428=CARTESIAN_POINT('',(-240.403998,-31.978866,0.));
#7429=AXIS2_PLACEMENT_3D('',#7430,#7431,#7432);
#7430=CARTESIAN_POINT('',(-242.903998,-31.978866,0.));
#7431=DIRECTION('',(0.,0.,1.));
#7432=DIRECTION('',(1.,0.,0.));
#7433=CARTESIAN_POINT('',(-29.478866,242.903998,0.));
#7434=AXIS2_PLACEMENT_3D('',#7435,#7436,#7437);
#7435=CARTESIAN_POINT('',(-31.978866,242.903998,0.));
#7436=DIRECTION('',(0.,0.,1.));
#7437=DIRECTION('',(1.,0.,0.));
#7438=CARTESIAN_POINT('',(245.403998,31.978866,0.));
#7439=AXIS2_PLACEMENT_3D('',#7440,#7441,#7442);
#7440=CARTESIAN_POINT('',(242.903998,31.978866,0.));
#7441=DIRECTION('',(0.,0.,1.));
#7442=DIRECTION('',(1.,0.,0.));
#7443=CARTESIAN_POINT('',(34.478866,-242.903998,0.));
#7444=AXIS2_PLACEMENT_3D('',#7445,#7446,#7447);
#7445=CARTESIAN_POINT('',(31.978866,-242.903998,0.));
#7446=DIRECTION('',(0.,0.,1.));
#7447=DIRECTION('',(1.,0.,0.));
#7448=CARTESIAN_POINT('',(64.01822697492,61.518340797309,0.));
#7449=AXIS2_PLACEMENT_3D('',#7450,#7451,#7452);
#7450=CARTESIAN_POINT('',(61.51822697492,61.518340797309,0.));
#7451=DIRECTION('',(0.,0.,1.));
#7452=DIRECTION('',(1.,0.,0.));
#7453=CARTESIAN_POINT('',(-59.01828687114,-61.518307,0.));
#7454=AXIS2_PLACEMENT_3D('',#7455,#7456,#7457);
#7455=CARTESIAN_POINT('',(-61.51828687114,-61.518307,0.));
#7456=DIRECTION('',(0.,0.,1.));
#7457=DIRECTION('',(1.,0.,0.));
#7458=CARTESIAN_POINT('',(80.696011851814,-22.627406,0.));
#7459=AXIS2_PLACEMENT_3D('',#7460,#7461,#7462);
#7460=CARTESIAN_POINT('',(79.196011851814,-22.627406,0.));
#7461=DIRECTION('',(0.,0.,1.));
#7462=DIRECTION('',(1.,0.,0.));
#7463=CARTESIAN_POINT('',(165.548784,-107.48022,0.));
#7464=AXIS2_PLACEMENT_3D('',#7465,#7466,#7467);
#7465=CARTESIAN_POINT('',(164.048784,-107.48022,0.));
#7466=DIRECTION('',(0.,0.,1.));
#7467=DIRECTION('',(1.,0.,0.));
#7468=CARTESIAN_POINT('',(108.980242,-164.048762,0.));
#7469=AXIS2_PLACEMENT_3D('',#7470,#7471,#7472);
#7470=CARTESIAN_POINT('',(107.480242,-164.048762,0.));
#7471=DIRECTION('',(0.,0.,1.));
#7472=DIRECTION('',(1.,0.,0.));
#7473=CARTESIAN_POINT('',(24.127428515229,-79.195948,0.));
#7474=AXIS2_PLACEMENT_3D('',#7475,#7476,#7477);
#7475=CARTESIAN_POINT('',(22.627428515229,-79.195948,0.));
#7476=DIRECTION('',(0.,0.,1.));
#7477=DIRECTION('',(1.,0.,0.));
#7478=CARTESIAN_POINT('',(-19.068755,-235.101949,0.));
#7479=AXIS2_PLACEMENT_3D('',#7480,#7481,#7482);
#7480=CARTESIAN_POINT('',(-20.568755,-235.101949,0.));
#7481=DIRECTION('',(0.,0.,1.));
#7482=DIRECTION('',(1.,0.,0.));
#7483=CARTESIAN_POINT('',(-20.637559,-253.033453,0.));
#7484=AXIS2_PLACEMENT_3D('',#7485,#7486,#7487);
#7485=CARTESIAN_POINT('',(-22.137559,-253.033453,0.));
#7486=DIRECTION('',(0.,0.,1.));
#7487=DIRECTION('',(1.,0.,0.));
#7488=CARTESIAN_POINT('',(-39.48097,-232.41463,0.));
#7489=AXIS2_PLACEMENT_3D('',#7490,#7491,#7492);
#7490=CARTESIAN_POINT('',(-40.98097,-232.41463,0.));
#7491=DIRECTION('',(0.,0.,1.));
#7492=DIRECTION('',(1.,0.,0.));
#7493=CARTESIAN_POINT('',(-42.606637,-250.141169,0.));
#7494=AXIS2_PLACEMENT_3D('',#7495,#7496,#7497);
#7495=CARTESIAN_POINT('',(-44.106637,-250.141169,0.));
#7496=DIRECTION('',(0.,0.,1.));
#7497=DIRECTION('',(1.,0.,0.));
#7498=CARTESIAN_POINT('',(-59.581295,-227.958495,0.));
#7499=AXIS2_PLACEMENT_3D('',#7500,#7501,#7502);
#7500=CARTESIAN_POINT('',(-61.081295,-227.958495,0.));
#7501=DIRECTION('',(0.,0.,1.));
#7502=DIRECTION('',(1.,0.,0.));
#7503=CARTESIAN_POINT('',(-64.240037,-245.34516,0.));
#7504=AXIS2_PLACEMENT_3D('',#7505,#7506,#7507);
#7505=CARTESIAN_POINT('',(-65.740037,-245.34516,0.));
#7506=DIRECTION('',(0.,0.,1.));
#7507=DIRECTION('',(1.,0.,0.));
#7508=CARTESIAN_POINT('',(-79.216754,-221.767459,0.));
#7509=AXIS2_PLACEMENT_3D('',#7510,#7511,#7512);
#7510=CARTESIAN_POINT('',(-80.716754,-221.767459,0.));
#7511=DIRECTION('',(0.,0.,1.));
#7512=DIRECTION('',(1.,0.,0.));
#7513=CARTESIAN_POINT('',(-85.373116,-238.681926,0.));
#7514=AXIS2_PLACEMENT_3D('',#7515,#7516,#7517);
#7515=CARTESIAN_POINT('',(-86.873116,-238.681926,0.));
#7516=DIRECTION('',(0.,0.,1.));
#7517=DIRECTION('',(1.,0.,0.));
#7518=CARTESIAN_POINT('',(-98.23791,-213.888638,0.));
#7519=AXIS2_PLACEMENT_3D('',#7520,#7521,#7522);
#7520=CARTESIAN_POINT('',(-99.73791,-213.888638,0.));
#7521=DIRECTION('',(0.,0.,1.));
#7522=DIRECTION('',(1.,0.,0.));
#7523=CARTESIAN_POINT('',(-105.845038,-230.202178,0.));
#7524=AXIS2_PLACEMENT_3D('',#7525,#7526,#7527);
#7525=CARTESIAN_POINT('',(-107.345038,-230.202178,0.));
#7526=DIRECTION('',(0.,0.,1.));
#7527=DIRECTION('',(1.,0.,0.));
#7528=CARTESIAN_POINT('',(-116.5,-204.381995,0.));
#7529=AXIS2_PLACEMENT_3D('',#7530,#7531,#7532);
#7530=CARTESIAN_POINT('',(-118.,-204.381995,0.));
#7531=DIRECTION('',(0.,0.,1.));
#7532=DIRECTION('',(1.,0.,0.));
#7533=CARTESIAN_POINT('',(-125.5,-219.970453,0.));
#7534=AXIS2_PLACEMENT_3D('',#7535,#7536,#7537);
#7535=CARTESIAN_POINT('',(-127.,-219.970453,0.));
#7536=DIRECTION('',(0.,0.,1.));
#7537=DIRECTION('',(1.,0.,0.));
#7538=CARTESIAN_POINT('',(-133.864039,-193.319882,0.));
#7539=AXIS2_PLACEMENT_3D('',#7540,#7541,#7542);
#7540=CARTESIAN_POINT('',(-135.364039,-193.319882,0.));
#7541=DIRECTION('',(0.,0.,1.));
#7542=DIRECTION('',(1.,0.,0.));
#7543=CARTESIAN_POINT('',(-144.188415,-208.064619,0.));
#7544=AXIS2_PLACEMENT_3D('',#7545,#7546,#7547);
#7545=CARTESIAN_POINT('',(-145.688415,-208.064619,0.));
#7546=DIRECTION('',(0.,0.,1.));
#7547=DIRECTION('',(1.,0.,0.));
#7548=CARTESIAN_POINT('',(-150.197876,-180.786489,0.));
#7549=AXIS2_PLACEMENT_3D('',#7550,#7551,#7552);
#7550=CARTESIAN_POINT('',(-151.697876,-180.786489,0.));
#7551=DIRECTION('',(0.,0.,1.));
#7552=DIRECTION('',(1.,0.,0.));
#7553=CARTESIAN_POINT('',(-161.768053,-194.575289,0.));
#7554=AXIS2_PLACEMENT_3D('',#7555,#7556,#7557);
#7555=CARTESIAN_POINT('',(-163.268053,-194.575289,0.));
#7556=DIRECTION('',(0.,0.,1.));
#7557=DIRECTION('',(1.,0.,0.));
#7558=CARTESIAN_POINT('',(-165.3772,-166.8772,0.));
#7559=AXIS2_PLACEMENT_3D('',#7560,#7561,#7562);
#7560=CARTESIAN_POINT('',(-166.8772,-166.8772,0.));
#7561=DIRECTION('',(0.,0.,1.));
#7562=DIRECTION('',(1.,0.,0.));
#7563=CARTESIAN_POINT('',(-178.105122,-179.605122,0.));
#7564=AXIS2_PLACEMENT_3D('',#7565,#7566,#7567);
#7565=CARTESIAN_POINT('',(-179.605122,-179.605122,0.));
#7566=DIRECTION('',(0.,0.,1.));
#7567=DIRECTION('',(1.,0.,0.));
#7568=CARTESIAN_POINT('',(-179.286489,-151.697876,0.));
#7569=AXIS2_PLACEMENT_3D('',#7570,#7571,#7572);
#7570=CARTESIAN_POINT('',(-180.786489,-151.697876,0.));
#7571=DIRECTION('',(0.,0.,1.));
#7572=DIRECTION('',(1.,0.,0.));
#7573=CARTESIAN_POINT('',(-193.075289,-163.268053,0.));
#7574=AXIS2_PLACEMENT_3D('',#7575,#7576,#7577);
#7575=CARTESIAN_POINT('',(-194.575289,-163.268053,0.));
#7576=DIRECTION('',(0.,0.,1.));
#7577=DIRECTION('',(1.,0.,0.));
#7578=CARTESIAN_POINT('',(-191.819882,-135.364039,0.));
#7579=AXIS2_PLACEMENT_3D('',#7580,#7581,#7582);
#7580=CARTESIAN_POINT('',(-193.319882,-135.364039,0.));
#7581=DIRECTION('',(0.,0.,1.));
#7582=DIRECTION('',(1.,0.,0.));
#7583=CARTESIAN_POINT('',(-206.564619,-145.688415,0.));
#7584=AXIS2_PLACEMENT_3D('',#7585,#7586,#7587);
#7585=CARTESIAN_POINT('',(-208.064619,-145.688415,0.));
#7586=DIRECTION('',(0.,0.,1.));
#7587=DIRECTION('',(1.,0.,0.));
#7588=CARTESIAN_POINT('',(-202.881995,-118.,0.));
#7589=AXIS2_PLACEMENT_3D('',#7590,#7591,#7592);
#7590=CARTESIAN_POINT('',(-204.381995,-118.,0.));
#7591=DIRECTION('',(0.,0.,1.));
#7592=DIRECTION('',(1.,0.,0.));
#7593=CARTESIAN_POINT('',(-218.470453,-127.,0.));
#7594=AXIS2_PLACEMENT_3D('',#7595,#7596,#7597);
#7595=CARTESIAN_POINT('',(-219.970453,-127.,0.));
#7596=DIRECTION('',(0.,0.,1.));
#7597=DIRECTION('',(1.,0.,0.));
#7598=CARTESIAN_POINT('',(-212.388638,-99.73791,0.));
#7599=AXIS2_PLACEMENT_3D('',#7600,#7601,#7602);
#7600=CARTESIAN_POINT('',(-213.888638,-99.73791,0.));
#7601=DIRECTION('',(0.,0.,1.));
#7602=DIRECTION('',(1.,0.,0.));
#7603=CARTESIAN_POINT('',(-228.702178,-107.345038,0.));
#7604=AXIS2_PLACEMENT_3D('',#7605,#7606,#7607);
#7605=CARTESIAN_POINT('',(-230.202178,-107.345038,0.));
#7606=DIRECTION('',(0.,0.,1.));
#7607=DIRECTION('',(1.,0.,0.));
#7608=CARTESIAN_POINT('',(-220.267459,-80.716754,0.));
#7609=AXIS2_PLACEMENT_3D('',#7610,#7611,#7612);
#7610=CARTESIAN_POINT('',(-221.767459,-80.716754,0.));
#7611=DIRECTION('',(0.,0.,1.));
#7612=DIRECTION('',(1.,0.,0.));
#7613=CARTESIAN_POINT('',(-237.181926,-86.873116,0.));
#7614=AXIS2_PLACEMENT_3D('',#7615,#7616,#7617);
#7615=CARTESIAN_POINT('',(-238.681926,-86.873116,0.));
#7616=DIRECTION('',(0.,0.,1.));
#7617=DIRECTION('',(1.,0.,0.));
#7618=CARTESIAN_POINT('',(-226.458495,-61.081295,0.));
#7619=AXIS2_PLACEMENT_3D('',#7620,#7621,#7622);
#7620=CARTESIAN_POINT('',(-227.958495,-61.081295,0.));
#7621=DIRECTION('',(0.,0.,1.));
#7622=DIRECTION('',(1.,0.,0.));
#7623=CARTESIAN_POINT('',(-243.84516,-65.740037,0.));
#7624=AXIS2_PLACEMENT_3D('',#7625,#7626,#7627);
#7625=CARTESIAN_POINT('',(-245.34516,-65.740037,0.));
#7626=DIRECTION('',(0.,0.,1.));
#7627=DIRECTION('',(1.,0.,0.));
#7628=CARTESIAN_POINT('',(-230.91463,-40.98097,0.));
#7629=AXIS2_PLACEMENT_3D('',#7630,#7631,#7632);
#7630=CARTESIAN_POINT('',(-232.41463,-40.98097,0.));
#7631=DIRECTION('',(0.,0.,1.));
#7632=DIRECTION('',(1.,0.,0.));
#7633=CARTESIAN_POINT('',(-248.641169,-44.106637,0.));
#7634=AXIS2_PLACEMENT_3D('',#7635,#7636,#7637);
#7635=CARTESIAN_POINT('',(-250.141169,-44.106637,0.));
#7636=DIRECTION('',(0.,0.,1.));
#7637=DIRECTION('',(1.,0.,0.));
#7638=CARTESIAN_POINT('',(-233.601949,-20.568755,0.));
#7639=AXIS2_PLACEMENT_3D('',#7640,#7641,#7642);
#7640=CARTESIAN_POINT('',(-235.101949,-20.568755,0.));
#7641=DIRECTION('',(0.,0.,1.));
#7642=DIRECTION('',(1.,0.,0.));
#7643=CARTESIAN_POINT('',(-251.533453,-22.137559,0.));
#7644=AXIS2_PLACEMENT_3D('',#7645,#7646,#7647);
#7645=CARTESIAN_POINT('',(-253.033453,-22.137559,0.));
#7646=DIRECTION('',(0.,0.,1.));
#7647=DIRECTION('',(1.,0.,0.));
#7648=CARTESIAN_POINT('',(-252.5,0.,0.));
#7649=AXIS2_PLACEMENT_3D('',#7650,#7651,#7652);
#7650=CARTESIAN_POINT('',(-254.,0.,0.));
#7651=DIRECTION('',(0.,0.,1.));
#7652=DIRECTION('',(1.,0.,0.));
#7653=CARTESIAN_POINT('',(-234.5,0.,0.));
#7654=AXIS2_PLACEMENT_3D('',#7655,#7656,#7657);
#7655=CARTESIAN_POINT('',(-236.,0.,0.));
#7656=DIRECTION('',(0.,0.,1.));
#7657=DIRECTION('',(1.,0.,0.));
#7658=CARTESIAN_POINT('',(-251.533453,22.137559,0.));
#7659=AXIS2_PLACEMENT_3D('',#7660,#7661,#7662);
#7660=CARTESIAN_POINT('',(-253.033453,22.137559,0.));
#7661=DIRECTION('',(0.,0.,1.));
#7662=DIRECTION('',(1.,0.,0.));
#7663=CARTESIAN_POINT('',(-233.601949,20.568755,0.));
#7664=AXIS2_PLACEMENT_3D('',#7665,#7666,#7667);
#7665=CARTESIAN_POINT('',(-235.101949,20.568755,0.));
#7666=DIRECTION('',(0.,0.,1.));
#7667=DIRECTION('',(1.,0.,0.));
#7668=CARTESIAN_POINT('',(-248.641169,44.106637,0.));
#7669=AXIS2_PLACEMENT_3D('',#7670,#7671,#7672);
#7670=CARTESIAN_POINT('',(-250.141169,44.106637,0.));
#7671=DIRECTION('',(0.,0.,1.));
#7672=DIRECTION('',(1.,0.,0.));
#7673=CARTESIAN_POINT('',(-230.91463,40.98097,0.));
#7674=AXIS2_PLACEMENT_3D('',#7675,#7676,#7677);
#7675=CARTESIAN_POINT('',(-232.41463,40.98097,0.));
#7676=DIRECTION('',(0.,0.,1.));
#7677=DIRECTION('',(1.,0.,0.));
#7678=CARTESIAN_POINT('',(-243.84516,65.740037,0.));
#7679=AXIS2_PLACEMENT_3D('',#7680,#7681,#7682);
#7680=CARTESIAN_POINT('',(-245.34516,65.740037,0.));
#7681=DIRECTION('',(0.,0.,1.));
#7682=DIRECTION('',(1.,0.,0.));
#7683=CARTESIAN_POINT('',(-226.458495,61.081295,0.));
#7684=AXIS2_PLACEMENT_3D('',#7685,#7686,#7687);
#7685=CARTESIAN_POINT('',(-227.958495,61.081295,0.));
#7686=DIRECTION('',(0.,0.,1.));
#7687=DIRECTION('',(1.,0.,0.));
#7688=CARTESIAN_POINT('',(-237.181926,86.873116,0.));
#7689=AXIS2_PLACEMENT_3D('',#7690,#7691,#7692);
#7690=CARTESIAN_POINT('',(-238.681926,86.873116,0.));
#7691=DIRECTION('',(0.,0.,1.));
#7692=DIRECTION('',(1.,0.,0.));
#7693=CARTESIAN_POINT('',(-220.267459,80.716754,0.));
#7694=AXIS2_PLACEMENT_3D('',#7695,#7696,#7697);
#7695=CARTESIAN_POINT('',(-221.767459,80.716754,0.));
#7696=DIRECTION('',(0.,0.,1.));
#7697=DIRECTION('',(1.,0.,0.));
#7698=CARTESIAN_POINT('',(-228.702178,107.345038,0.));
#7699=AXIS2_PLACEMENT_3D('',#7700,#7701,#7702);
#7700=CARTESIAN_POINT('',(-230.202178,107.345038,0.));
#7701=DIRECTION('',(0.,0.,1.));
#7702=DIRECTION('',(1.,0.,0.));
#7703=CARTESIAN_POINT('',(-212.388638,99.73791,0.));
#7704=AXIS2_PLACEMENT_3D('',#7705,#7706,#7707);
#7705=CARTESIAN_POINT('',(-213.888638,99.73791,0.));
#7706=DIRECTION('',(0.,0.,1.));
#7707=DIRECTION('',(1.,0.,0.));
#7708=CARTESIAN_POINT('',(-218.470453,127.,0.));
#7709=AXIS2_PLACEMENT_3D('',#7710,#7711,#7712);
#7710=CARTESIAN_POINT('',(-219.970453,127.,0.));
#7711=DIRECTION('',(0.,0.,1.));
#7712=DIRECTION('',(1.,0.,0.));
#7713=CARTESIAN_POINT('',(-202.881995,118.,0.));
#7714=AXIS2_PLACEMENT_3D('',#7715,#7716,#7717);
#7715=CARTESIAN_POINT('',(-204.381995,118.,0.));
#7716=DIRECTION('',(0.,0.,1.));
#7717=DIRECTION('',(1.,0.,0.));
#7718=CARTESIAN_POINT('',(-206.564619,145.688415,0.));
#7719=AXIS2_PLACEMENT_3D('',#7720,#7721,#7722);
#7720=CARTESIAN_POINT('',(-208.064619,145.688415,0.));
#7721=DIRECTION('',(0.,0.,1.));
#7722=DIRECTION('',(1.,0.,0.));
#7723=CARTESIAN_POINT('',(-191.819882,135.364039,0.));
#7724=AXIS2_PLACEMENT_3D('',#7725,#7726,#7727);
#7725=CARTESIAN_POINT('',(-193.319882,135.364039,0.));
#7726=DIRECTION('',(0.,0.,1.));
#7727=DIRECTION('',(1.,0.,0.));
#7728=CARTESIAN_POINT('',(-193.075289,163.268053,0.));
#7729=AXIS2_PLACEMENT_3D('',#7730,#7731,#7732);
#7730=CARTESIAN_POINT('',(-194.575289,163.268053,0.));
#7731=DIRECTION('',(0.,0.,1.));
#7732=DIRECTION('',(1.,0.,0.));
#7733=CARTESIAN_POINT('',(-179.286489,151.697876,0.));
#7734=AXIS2_PLACEMENT_3D('',#7735,#7736,#7737);
#7735=CARTESIAN_POINT('',(-180.786489,151.697876,0.));
#7736=DIRECTION('',(0.,0.,1.));
#7737=DIRECTION('',(1.,0.,0.));
#7738=CARTESIAN_POINT('',(-178.105122,179.605122,0.));
#7739=AXIS2_PLACEMENT_3D('',#7740,#7741,#7742);
#7740=CARTESIAN_POINT('',(-179.605122,179.605122,0.));
#7741=DIRECTION('',(0.,0.,1.));
#7742=DIRECTION('',(1.,0.,0.));
#7743=CARTESIAN_POINT('',(-165.3772,166.8772,0.));
#7744=AXIS2_PLACEMENT_3D('',#7745,#7746,#7747);
#7745=CARTESIAN_POINT('',(-166.8772,166.8772,0.));
#7746=DIRECTION('',(0.,0.,1.));
#7747=DIRECTION('',(1.,0.,0.));
#7748=CARTESIAN_POINT('',(-161.768053,194.575289,0.));
#7749=AXIS2_PLACEMENT_3D('',#7750,#7751,#7752);
#7750=CARTESIAN_POINT('',(-163.268053,194.575289,0.));
#7751=DIRECTION('',(0.,0.,1.));
#7752=DIRECTION('',(1.,0.,0.));
#7753=CARTESIAN_POINT('',(-150.197876,180.786489,0.));
#7754=AXIS2_PLACEMENT_3D('',#7755,#7756,#7757);
#7755=CARTESIAN_POINT('',(-151.697876,180.786489,0.));
#7756=DIRECTION('',(0.,0.,1.));
#7757=DIRECTION('',(1.,0.,0.));
#7758=CARTESIAN_POINT('',(-144.188415,208.064619,0.));
#7759=AXIS2_PLACEMENT_3D('',#7760,#7761,#7762);
#7760=CARTESIAN_POINT('',(-145.688415,208.064619,0.));
#7761=DIRECTION('',(0.,0.,1.));
#7762=DIRECTION('',(1.,0.,0.));
#7763=CARTESIAN_POINT('',(-133.864039,193.319882,0.));
#7764=AXIS2_PLACEMENT_3D('',#7765,#7766,#7767);
#7765=CARTESIAN_POINT('',(-135.364039,193.319882,0.));
#7766=DIRECTION('',(0.,0.,1.));
#7767=DIRECTION('',(1.,0.,0.));
#7768=CARTESIAN_POINT('',(-125.5,219.970453,0.));
#7769=AXIS2_PLACEMENT_3D('',#7770,#7771,#7772);
#7770=CARTESIAN_POINT('',(-127.,219.970453,0.));
#7771=DIRECTION('',(0.,0.,1.));
#7772=DIRECTION('',(1.,0.,0.));
#7773=CARTESIAN_POINT('',(-116.5,204.381995,0.));
#7774=AXIS2_PLACEMENT_3D('',#7775,#7776,#7777);
#7775=CARTESIAN_POINT('',(-118.,204.381995,0.));
#7776=DIRECTION('',(0.,0.,1.));
#7777=DIRECTION('',(1.,0.,0.));
#7778=CARTESIAN_POINT('',(-105.845038,230.202178,0.));
#7779=AXIS2_PLACEMENT_3D('',#7780,#7781,#7782);
#7780=CARTESIAN_POINT('',(-107.345038,230.202178,0.));
#7781=DIRECTION('',(0.,0.,1.));
#7782=DIRECTION('',(1.,0.,0.));
#7783=CARTESIAN_POINT('',(-98.23791,213.888638,0.));
#7784=AXIS2_PLACEMENT_3D('',#7785,#7786,#7787);
#7785=CARTESIAN_POINT('',(-99.73791,213.888638,0.));
#7786=DIRECTION('',(0.,0.,1.));
#7787=DIRECTION('',(1.,0.,0.));
#7788=CARTESIAN_POINT('',(-85.373116,238.681926,0.));
#7789=AXIS2_PLACEMENT_3D('',#7790,#7791,#7792);
#7790=CARTESIAN_POINT('',(-86.873116,238.681926,0.));
#7791=DIRECTION('',(0.,0.,1.));
#7792=DIRECTION('',(1.,0.,0.));
#7793=CARTESIAN_POINT('',(-79.216754,221.767459,0.));
#7794=AXIS2_PLACEMENT_3D('',#7795,#7796,#7797);
#7795=CARTESIAN_POINT('',(-80.716754,221.767459,0.));
#7796=DIRECTION('',(0.,0.,1.));
#7797=DIRECTION('',(1.,0.,0.));
#7798=CARTESIAN_POINT('',(-64.240037,245.34516,0.));
#7799=AXIS2_PLACEMENT_3D('',#7800,#7801,#7802);
#7800=CARTESIAN_POINT('',(-65.740037,245.34516,0.));
#7801=DIRECTION('',(0.,0.,1.));
#7802=DIRECTION('',(1.,0.,0.));
#7803=CARTESIAN_POINT('',(-59.581295,227.958495,0.));
#7804=AXIS2_PLACEMENT_3D('',#7805,#7806,#7807);
#7805=CARTESIAN_POINT('',(-61.081295,227.958495,0.));
#7806=DIRECTION('',(0.,0.,1.));
#7807=DIRECTION('',(1.,0.,0.));
#7808=CARTESIAN_POINT('',(-42.606637,250.141169,0.));
#7809=AXIS2_PLACEMENT_3D('',#7810,#7811,#7812);
#7810=CARTESIAN_POINT('',(-44.106637,250.141169,0.));
#7811=DIRECTION('',(0.,0.,1.));
#7812=DIRECTION('',(1.,0.,0.));
#7813=CARTESIAN_POINT('',(-39.48097,232.41463,0.));
#7814=AXIS2_PLACEMENT_3D('',#7815,#7816,#7817);
#7815=CARTESIAN_POINT('',(-40.98097,232.41463,0.));
#7816=DIRECTION('',(0.,0.,1.));
#7817=DIRECTION('',(1.,0.,0.));
#7818=CARTESIAN_POINT('',(-20.637559,253.033453,0.));
#7819=AXIS2_PLACEMENT_3D('',#7820,#7821,#7822);
#7820=CARTESIAN_POINT('',(-22.137559,253.033453,0.));
#7821=DIRECTION('',(0.,0.,1.));
#7822=DIRECTION('',(1.,0.,0.));
#7823=CARTESIAN_POINT('',(-19.068755,235.101949,0.));
#7824=AXIS2_PLACEMENT_3D('',#7825,#7826,#7827);
#7825=CARTESIAN_POINT('',(-20.568755,235.101949,0.));
#7826=DIRECTION('',(0.,0.,1.));
#7827=DIRECTION('',(1.,0.,0.));
#7828=CARTESIAN_POINT('',(1.5,254.,0.));
#7829=AXIS2_PLACEMENT_3D('',#7830,#7831,#7832);
#7830=CARTESIAN_POINT('',(0.,254.,0.));
#7831=DIRECTION('',(0.,0.,1.));
#7832=DIRECTION('',(1.,0.,0.));
#7833=CARTESIAN_POINT('',(1.5,236.,0.));
#7834=AXIS2_PLACEMENT_3D('',#7835,#7836,#7837);
#7835=CARTESIAN_POINT('',(0.,236.,0.));
#7836=DIRECTION('',(0.,0.,1.));
#7837=DIRECTION('',(1.,0.,0.));
#7838=CARTESIAN_POINT('',(23.637559,253.033453,0.));
#7839=AXIS2_PLACEMENT_3D('',#7840,#7841,#7842);
#7840=CARTESIAN_POINT('',(22.137559,253.033453,0.));
#7841=DIRECTION('',(0.,0.,1.));
#7842=DIRECTION('',(1.,0.,0.));
#7843=CARTESIAN_POINT('',(22.068755,235.101949,0.));
#7844=AXIS2_PLACEMENT_3D('',#7845,#7846,#7847);
#7845=CARTESIAN_POINT('',(20.568755,235.101949,0.));
#7846=DIRECTION('',(0.,0.,1.));
#7847=DIRECTION('',(1.,0.,0.));
#7848=CARTESIAN_POINT('',(45.606637,250.141169,0.));
#7849=AXIS2_PLACEMENT_3D('',#7850,#7851,#7852);
#7850=CARTESIAN_POINT('',(44.106637,250.141169,0.));
#7851=DIRECTION('',(0.,0.,1.));
#7852=DIRECTION('',(1.,0.,0.));
#7853=CARTESIAN_POINT('',(42.48097,232.41463,0.));
#7854=AXIS2_PLACEMENT_3D('',#7855,#7856,#7857);
#7855=CARTESIAN_POINT('',(40.98097,232.41463,0.));
#7856=DIRECTION('',(0.,0.,1.));
#7857=DIRECTION('',(1.,0.,0.));
#7858=CARTESIAN_POINT('',(67.240037,245.34516,0.));
#7859=AXIS2_PLACEMENT_3D('',#7860,#7861,#7862);
#7860=CARTESIAN_POINT('',(65.740037,245.34516,0.));
#7861=DIRECTION('',(0.,0.,1.));
#7862=DIRECTION('',(1.,0.,0.));
#7863=CARTESIAN_POINT('',(62.581295,227.958495,0.));
#7864=AXIS2_PLACEMENT_3D('',#7865,#7866,#7867);
#7865=CARTESIAN_POINT('',(61.081295,227.958495,0.));
#7866=DIRECTION('',(0.,0.,1.));
#7867=DIRECTION('',(1.,0.,0.));
#7868=CARTESIAN_POINT('',(88.373116,238.681926,0.));
#7869=AXIS2_PLACEMENT_3D('',#7870,#7871,#7872);
#7870=CARTESIAN_POINT('',(86.873116,238.681926,0.));
#7871=DIRECTION('',(0.,0.,1.));
#7872=DIRECTION('',(1.,0.,0.));
#7873=CARTESIAN_POINT('',(82.216754,221.767459,0.));
#7874=AXIS2_PLACEMENT_3D('',#7875,#7876,#7877);
#7875=CARTESIAN_POINT('',(80.716754,221.767459,0.));
#7876=DIRECTION('',(0.,0.,1.));
#7877=DIRECTION('',(1.,0.,0.));
#7878=CARTESIAN_POINT('',(108.845038,230.202178,0.));
#7879=AXIS2_PLACEMENT_3D('',#7880,#7881,#7882);
#7880=CARTESIAN_POINT('',(107.345038,230.202178,0.));
#7881=DIRECTION('',(0.,0.,1.));
#7882=DIRECTION('',(1.,0.,0.));
#7883=CARTESIAN_POINT('',(101.23791,213.888638,0.));
#7884=AXIS2_PLACEMENT_3D('',#7885,#7886,#7887);
#7885=CARTESIAN_POINT('',(99.73791,213.888638,0.));
#7886=DIRECTION('',(0.,0.,1.));
#7887=DIRECTION('',(1.,0.,0.));
#7888=CARTESIAN_POINT('',(128.5,219.970453,0.));
#7889=AXIS2_PLACEMENT_3D('',#7890,#7891,#7892);
#7890=CARTESIAN_POINT('',(127.,219.970453,0.));
#7891=DIRECTION('',(0.,0.,1.));
#7892=DIRECTION('',(1.,0.,0.));
#7893=CARTESIAN_POINT('',(119.5,204.381995,0.));
#7894=AXIS2_PLACEMENT_3D('',#7895,#7896,#7897);
#7895=CARTESIAN_POINT('',(118.,204.381995,0.));
#7896=DIRECTION('',(0.,0.,1.));
#7897=DIRECTION('',(1.,0.,0.));
#7898=CARTESIAN_POINT('',(147.188415,208.064619,0.));
#7899=AXIS2_PLACEMENT_3D('',#7900,#7901,#7902);
#7900=CARTESIAN_POINT('',(145.688415,208.064619,0.));
#7901=DIRECTION('',(0.,0.,1.));
#7902=DIRECTION('',(1.,0.,0.));
#7903=CARTESIAN_POINT('',(136.864039,193.319882,0.));
#7904=AXIS2_PLACEMENT_3D('',#7905,#7906,#7907);
#7905=CARTESIAN_POINT('',(135.364039,193.319882,0.));
#7906=DIRECTION('',(0.,0.,1.));
#7907=DIRECTION('',(1.,0.,0.));
#7908=CARTESIAN_POINT('',(164.768053,194.575289,0.));
#7909=AXIS2_PLACEMENT_3D('',#7910,#7911,#7912);
#7910=CARTESIAN_POINT('',(163.268053,194.575289,0.));
#7911=DIRECTION('',(0.,0.,1.));
#7912=DIRECTION('',(1.,0.,0.));
#7913=CARTESIAN_POINT('',(153.197876,180.786489,0.));
#7914=AXIS2_PLACEMENT_3D('',#7915,#7916,#7917);
#7915=CARTESIAN_POINT('',(151.697876,180.786489,0.));
#7916=DIRECTION('',(0.,0.,1.));
#7917=DIRECTION('',(1.,0.,0.));
#7918=CARTESIAN_POINT('',(181.105122,179.605122,0.));
#7919=AXIS2_PLACEMENT_3D('',#7920,#7921,#7922);
#7920=CARTESIAN_POINT('',(179.605122,179.605122,0.));
#7921=DIRECTION('',(0.,0.,1.));
#7922=DIRECTION('',(1.,0.,0.));
#7923=CARTESIAN_POINT('',(168.3772,166.8772,0.));
#7924=AXIS2_PLACEMENT_3D('',#7925,#7926,#7927);
#7925=CARTESIAN_POINT('',(166.8772,166.8772,0.));
#7926=DIRECTION('',(0.,0.,1.));
#7927=DIRECTION('',(1.,0.,0.));
#7928=CARTESIAN_POINT('',(196.075289,163.268053,0.));
#7929=AXIS2_PLACEMENT_3D('',#7930,#7931,#7932);
#7930=CARTESIAN_POINT('',(194.575289,163.268053,0.));
#7931=DIRECTION('',(0.,0.,1.));
#7932=DIRECTION('',(1.,0.,0.));
#7933=CARTESIAN_POINT('',(182.286489,151.697876,0.));
#7934=AXIS2_PLACEMENT_3D('',#7935,#7936,#7937);
#7935=CARTESIAN_POINT('',(180.786489,151.697876,0.));
#7936=DIRECTION('',(0.,0.,1.));
#7937=DIRECTION('',(1.,0.,0.));
#7938=CARTESIAN_POINT('',(209.564619,145.688415,0.));
#7939=AXIS2_PLACEMENT_3D('',#7940,#7941,#7942);
#7940=CARTESIAN_POINT('',(208.064619,145.688415,0.));
#7941=DIRECTION('',(0.,0.,1.));
#7942=DIRECTION('',(1.,0.,0.));
#7943=CARTESIAN_POINT('',(194.819882,135.364039,0.));
#7944=AXIS2_PLACEMENT_3D('',#7945,#7946,#7947);
#7945=CARTESIAN_POINT('',(193.319882,135.364039,0.));
#7946=DIRECTION('',(0.,0.,1.));
#7947=DIRECTION('',(1.,0.,0.));
#7948=CARTESIAN_POINT('',(221.470453,127.,0.));
#7949=AXIS2_PLACEMENT_3D('',#7950,#7951,#7952);
#7950=CARTESIAN_POINT('',(219.970453,127.,0.));
#7951=DIRECTION('',(0.,0.,1.));
#7952=DIRECTION('',(1.,0.,0.));
#7953=CARTESIAN_POINT('',(205.881995,118.,0.));
#7954=AXIS2_PLACEMENT_3D('',#7955,#7956,#7957);
#7955=CARTESIAN_POINT('',(204.381995,118.,0.));
#7956=DIRECTION('',(0.,0.,1.));
#7957=DIRECTION('',(1.,0.,0.));
#7958=CARTESIAN_POINT('',(231.702178,107.345038,0.));
#7959=AXIS2_PLACEMENT_3D('',#7960,#7961,#7962);
#7960=CARTESIAN_POINT('',(230.202178,107.345038,0.));
#7961=DIRECTION('',(0.,0.,1.));
#7962=DIRECTION('',(1.,0.,0.));
#7963=CARTESIAN_POINT('',(215.388638,99.73791,0.));
#7964=AXIS2_PLACEMENT_3D('',#7965,#7966,#7967);
#7965=CARTESIAN_POINT('',(213.888638,99.73791,0.));
#7966=DIRECTION('',(0.,0.,1.));
#7967=DIRECTION('',(1.,0.,0.));
#7968=CARTESIAN_POINT('',(240.181926,86.873116,0.));
#7969=AXIS2_PLACEMENT_3D('',#7970,#7971,#7972);
#7970=CARTESIAN_POINT('',(238.681926,86.873116,0.));
#7971=DIRECTION('',(0.,0.,1.));
#7972=DIRECTION('',(1.,0.,0.));
#7973=CARTESIAN_POINT('',(223.267459,80.716754,0.));
#7974=AXIS2_PLACEMENT_3D('',#7975,#7976,#7977);
#7975=CARTESIAN_POINT('',(221.767459,80.716754,0.));
#7976=DIRECTION('',(0.,0.,1.));
#7977=DIRECTION('',(1.,0.,0.));
#7978=CARTESIAN_POINT('',(246.84516,65.740037,0.));
#7979=AXIS2_PLACEMENT_3D('',#7980,#7981,#7982);
#7980=CARTESIAN_POINT('',(245.34516,65.740037,0.));
#7981=DIRECTION('',(0.,0.,1.));
#7982=DIRECTION('',(1.,0.,0.));
#7983=CARTESIAN_POINT('',(229.458495,61.081295,0.));
#7984=AXIS2_PLACEMENT_3D('',#7985,#7986,#7987);
#7985=CARTESIAN_POINT('',(227.958495,61.081295,0.));
#7986=DIRECTION('',(0.,0.,1.));
#7987=DIRECTION('',(1.,0.,0.));
#7988=CARTESIAN_POINT('',(251.641169,44.106637,0.));
#7989=AXIS2_PLACEMENT_3D('',#7990,#7991,#7992);
#7990=CARTESIAN_POINT('',(250.141169,44.106637,0.));
#7991=DIRECTION('',(0.,0.,1.));
#7992=DIRECTION('',(1.,0.,0.));
#7993=CARTESIAN_POINT('',(233.91463,40.98097,0.));
#7994=AXIS2_PLACEMENT_3D('',#7995,#7996,#7997);
#7995=CARTESIAN_POINT('',(232.41463,40.98097,0.));
#7996=DIRECTION('',(0.,0.,1.));
#7997=DIRECTION('',(1.,0.,0.));
#7998=CARTESIAN_POINT('',(254.533453,22.137559,0.));
#7999=AXIS2_PLACEMENT_3D('',#8000,#8001,#8002);
#8000=CARTESIAN_POINT('',(253.033453,22.137559,0.));
#8001=DIRECTION('',(0.,0.,1.));
#8002=DIRECTION('',(1.,0.,0.));
#8003=CARTESIAN_POINT('',(236.601949,20.568755,0.));
#8004=AXIS2_PLACEMENT_3D('',#8005,#8006,#8007);
#8005=CARTESIAN_POINT('',(235.101949,20.568755,0.));
#8006=DIRECTION('',(0.,0.,1.));
#8007=DIRECTION('',(1.,0.,0.));
#8008=CARTESIAN_POINT('',(237.5,0.,0.));
#8009=AXIS2_PLACEMENT_3D('',#8010,#8011,#8012);
#8010=CARTESIAN_POINT('',(236.,0.,0.));
#8011=DIRECTION('',(0.,0.,1.));
#8012=DIRECTION('',(1.,0.,0.));
#8013=CARTESIAN_POINT('',(255.5,0.,0.));
#8014=AXIS2_PLACEMENT_3D('',#8015,#8016,#8017);
#8015=CARTESIAN_POINT('',(254.,0.,0.));
#8016=DIRECTION('',(0.,0.,1.));
#8017=DIRECTION('',(1.,0.,0.));
#8018=CARTESIAN_POINT('',(236.601949,-20.568755,0.));
#8019=AXIS2_PLACEMENT_3D('',#8020,#8021,#8022);
#8020=CARTESIAN_POINT('',(235.101949,-20.568755,0.));
#8021=DIRECTION('',(0.,0.,1.));
#8022=DIRECTION('',(1.,0.,0.));
#8023=CARTESIAN_POINT('',(254.533453,-22.137559,0.));
#8024=AXIS2_PLACEMENT_3D('',#8025,#8026,#8027);
#8025=CARTESIAN_POINT('',(253.033453,-22.137559,0.));
#8026=DIRECTION('',(0.,0.,1.));
#8027=DIRECTION('',(1.,0.,0.));
#8028=CARTESIAN_POINT('',(233.91463,-40.98097,0.));
#8029=AXIS2_PLACEMENT_3D('',#8030,#8031,#8032);
#8030=CARTESIAN_POINT('',(232.41463,-40.98097,0.));
#8031=DIRECTION('',(0.,0.,1.));
#8032=DIRECTION('',(1.,0.,0.));
#8033=CARTESIAN_POINT('',(251.641169,-44.106637,0.));
#8034=AXIS2_PLACEMENT_3D('',#8035,#8036,#8037);
#8035=CARTESIAN_POINT('',(250.141169,-44.106637,0.));
#8036=DIRECTION('',(0.,0.,1.));
#8037=DIRECTION('',(1.,0.,0.));
#8038=CARTESIAN_POINT('',(229.458495,-61.081295,0.));
#8039=AXIS2_PLACEMENT_3D('',#8040,#8041,#8042);
#8040=CARTESIAN_POINT('',(227.958495,-61.081295,0.));
#8041=DIRECTION('',(0.,0.,1.));
#8042=DIRECTION('',(1.,0.,0.));
#8043=CARTESIAN_POINT('',(246.84516,-65.740037,0.));
#8044=AXIS2_PLACEMENT_3D('',#8045,#8046,#8047);
#8045=CARTESIAN_POINT('',(245.34516,-65.740037,0.));
#8046=DIRECTION('',(0.,0.,1.));
#8047=DIRECTION('',(1.,0.,0.));
#8048=CARTESIAN_POINT('',(223.267459,-80.716754,0.));
#8049=AXIS2_PLACEMENT_3D('',#8050,#8051,#8052);
#8050=CARTESIAN_POINT('',(221.767459,-80.716754,0.));
#8051=DIRECTION('',(0.,0.,1.));
#8052=DIRECTION('',(1.,0.,0.));
#8053=CARTESIAN_POINT('',(240.181926,-86.873116,0.));
#8054=AXIS2_PLACEMENT_3D('',#8055,#8056,#8057);
#8055=CARTESIAN_POINT('',(238.681926,-86.873116,0.));
#8056=DIRECTION('',(0.,0.,1.));
#8057=DIRECTION('',(1.,0.,0.));
#8058=CARTESIAN_POINT('',(215.388638,-99.73791,0.));
#8059=AXIS2_PLACEMENT_3D('',#8060,#8061,#8062);
#8060=CARTESIAN_POINT('',(213.888638,-99.73791,0.));
#8061=DIRECTION('',(0.,0.,1.));
#8062=DIRECTION('',(1.,0.,0.));
#8063=CARTESIAN_POINT('',(231.702178,-107.345038,0.));
#8064=AXIS2_PLACEMENT_3D('',#8065,#8066,#8067);
#8065=CARTESIAN_POINT('',(230.202178,-107.345038,0.));
#8066=DIRECTION('',(0.,0.,1.));
#8067=DIRECTION('',(1.,0.,0.));
#8068=CARTESIAN_POINT('',(205.881995,-118.,0.));
#8069=AXIS2_PLACEMENT_3D('',#8070,#8071,#8072);
#8070=CARTESIAN_POINT('',(204.381995,-118.,0.));
#8071=DIRECTION('',(0.,0.,1.));
#8072=DIRECTION('',(1.,0.,0.));
#8073=CARTESIAN_POINT('',(221.470453,-127.,0.));
#8074=AXIS2_PLACEMENT_3D('',#8075,#8076,#8077);
#8075=CARTESIAN_POINT('',(219.970453,-127.,0.));
#8076=DIRECTION('',(0.,0.,1.));
#8077=DIRECTION('',(1.,0.,0.));
#8078=CARTESIAN_POINT('',(194.819882,-135.364039,0.));
#8079=AXIS2_PLACEMENT_3D('',#8080,#8081,#8082);
#8080=CARTESIAN_POINT('',(193.319882,-135.364039,0.));
#8081=DIRECTION('',(0.,0.,1.));
#8082=DIRECTION('',(1.,0.,0.));
#8083=CARTESIAN_POINT('',(209.564619,-145.688415,0.));
#8084=AXIS2_PLACEMENT_3D('',#8085,#8086,#8087);
#8085=CARTESIAN_POINT('',(208.064619,-145.688415,0.));
#8086=DIRECTION('',(0.,0.,1.));
#8087=DIRECTION('',(1.,0.,0.));
#8088=CARTESIAN_POINT('',(182.286489,-151.697876,0.));
#8089=AXIS2_PLACEMENT_3D('',#8090,#8091,#8092);
#8090=CARTESIAN_POINT('',(180.786489,-151.697876,0.));
#8091=DIRECTION('',(0.,0.,1.));
#8092=DIRECTION('',(1.,0.,0.));
#8093=CARTESIAN_POINT('',(196.075289,-163.268053,0.));
#8094=AXIS2_PLACEMENT_3D('',#8095,#8096,#8097);
#8095=CARTESIAN_POINT('',(194.575289,-163.268053,0.));
#8096=DIRECTION('',(0.,0.,1.));
#8097=DIRECTION('',(1.,0.,0.));
#8098=CARTESIAN_POINT('',(168.3772,-166.8772,0.));
#8099=AXIS2_PLACEMENT_3D('',#8100,#8101,#8102);
#8100=CARTESIAN_POINT('',(166.8772,-166.8772,0.));
#8101=DIRECTION('',(0.,0.,1.));
#8102=DIRECTION('',(1.,0.,0.));
#8103=CARTESIAN_POINT('',(181.105122,-179.605122,0.));
#8104=AXIS2_PLACEMENT_3D('',#8105,#8106,#8107);
#8105=CARTESIAN_POINT('',(179.605122,-179.605122,0.));
#8106=DIRECTION('',(0.,0.,1.));
#8107=DIRECTION('',(1.,0.,0.));
#8108=CARTESIAN_POINT('',(153.197876,-180.786489,0.));
#8109=AXIS2_PLACEMENT_3D('',#8110,#8111,#8112);
#8110=CARTESIAN_POINT('',(151.697876,-180.786489,0.));
#8111=DIRECTION('',(0.,0.,1.));
#8112=DIRECTION('',(1.,0.,0.));
#8113=CARTESIAN_POINT('',(164.768053,-194.575289,0.));
#8114=AXIS2_PLACEMENT_3D('',#8115,#8116,#8117);
#8115=CARTESIAN_POINT('',(163.268053,-194.575289,0.));
#8116=DIRECTION('',(0.,0.,1.));
#8117=DIRECTION('',(1.,0.,0.));
#8118=CARTESIAN_POINT('',(136.864039,-193.319882,0.));
#8119=AXIS2_PLACEMENT_3D('',#8120,#8121,#8122);
#8120=CARTESIAN_POINT('',(135.364039,-193.319882,0.));
#8121=DIRECTION('',(0.,0.,1.));
#8122=DIRECTION('',(1.,0.,0.));
#8123=CARTESIAN_POINT('',(147.188415,-208.064619,0.));
#8124=AXIS2_PLACEMENT_3D('',#8125,#8126,#8127);
#8125=CARTESIAN_POINT('',(145.688415,-208.064619,0.));
#8126=DIRECTION('',(0.,0.,1.));
#8127=DIRECTION('',(1.,0.,0.));
#8128=CARTESIAN_POINT('',(119.5,-204.381995,0.));
#8129=AXIS2_PLACEMENT_3D('',#8130,#8131,#8132);
#8130=CARTESIAN_POINT('',(118.,-204.381995,0.));
#8131=DIRECTION('',(0.,0.,1.));
#8132=DIRECTION('',(1.,0.,0.));
#8133=CARTESIAN_POINT('',(128.5,-219.970453,0.));
#8134=AXIS2_PLACEMENT_3D('',#8135,#8136,#8137);
#8135=CARTESIAN_POINT('',(127.,-219.970453,0.));
#8136=DIRECTION('',(0.,0.,1.));
#8137=DIRECTION('',(1.,0.,0.));
#8138=CARTESIAN_POINT('',(101.23791,-213.888638,0.));
#8139=AXIS2_PLACEMENT_3D('',#8140,#8141,#8142);
#8140=CARTESIAN_POINT('',(99.73791,-213.888638,0.));
#8141=DIRECTION('',(0.,0.,1.));
#8142=DIRECTION('',(1.,0.,0.));
#8143=CARTESIAN_POINT('',(108.845038,-230.202178,0.));
#8144=AXIS2_PLACEMENT_3D('',#8145,#8146,#8147);
#8145=CARTESIAN_POINT('',(107.345038,-230.202178,0.));
#8146=DIRECTION('',(0.,0.,1.));
#8147=DIRECTION('',(1.,0.,0.));
#8148=CARTESIAN_POINT('',(82.216754,-221.767459,0.));
#8149=AXIS2_PLACEMENT_3D('',#8150,#8151,#8152);
#8150=CARTESIAN_POINT('',(80.716754,-221.767459,0.));
#8151=DIRECTION('',(0.,0.,1.));
#8152=DIRECTION('',(1.,0.,0.));
#8153=CARTESIAN_POINT('',(88.373116,-238.681926,0.));
#8154=AXIS2_PLACEMENT_3D('',#8155,#8156,#8157);
#8155=CARTESIAN_POINT('',(86.873116,-238.681926,0.));
#8156=DIRECTION('',(0.,0.,1.));
#8157=DIRECTION('',(1.,0.,0.));
#8158=CARTESIAN_POINT('',(62.581295,-227.958495,0.));
#8159=AXIS2_PLACEMENT_3D('',#8160,#8161,#8162);
#8160=CARTESIAN_POINT('',(61.081295,-227.958495,0.));
#8161=DIRECTION('',(0.,0.,1.));
#8162=DIRECTION('',(1.,0.,0.));
#8163=CARTESIAN_POINT('',(67.240037,-245.34516,0.));
#8164=AXIS2_PLACEMENT_3D('',#8165,#8166,#8167);
#8165=CARTESIAN_POINT('',(65.740037,-245.34516,0.));
#8166=DIRECTION('',(0.,0.,1.));
#8167=DIRECTION('',(1.,0.,0.));
#8168=CARTESIAN_POINT('',(42.48097,-232.41463,0.));
#8169=AXIS2_PLACEMENT_3D('',#8170,#8171,#8172);
#8170=CARTESIAN_POINT('',(40.98097,-232.41463,0.));
#8171=DIRECTION('',(0.,0.,1.));
#8172=DIRECTION('',(1.,0.,0.));
#8173=CARTESIAN_POINT('',(45.606637,-250.141169,0.));
#8174=AXIS2_PLACEMENT_3D('',#8175,#8176,#8177);
#8175=CARTESIAN_POINT('',(44.106637,-250.141169,0.));
#8176=DIRECTION('',(0.,0.,1.));
#8177=DIRECTION('',(1.,0.,0.));
#8178=CARTESIAN_POINT('',(22.068755,-235.101949,0.));
#8179=AXIS2_PLACEMENT_3D('',#8180,#8181,#8182);
#8180=CARTESIAN_POINT('',(20.568755,-235.101949,0.));
#8181=DIRECTION('',(0.,0.,1.));
#8182=DIRECTION('',(1.,0.,0.));
#8183=CARTESIAN_POINT('',(23.637559,-253.033453,0.));
#8184=AXIS2_PLACEMENT_3D('',#8185,#8186,#8187);
#8185=CARTESIAN_POINT('',(22.137559,-253.033453,0.));
#8186=DIRECTION('',(0.,0.,1.));
#8187=DIRECTION('',(1.,0.,0.));
#8188=CARTESIAN_POINT('',(1.5,-254.,0.));
#8189=AXIS2_PLACEMENT_3D('',#8190,#8191,#8192);
#8190=CARTESIAN_POINT('',(0.,-254.,0.));
#8191=DIRECTION('',(0.,0.,1.));
#8192=DIRECTION('',(1.,0.,0.));
#8193=AXIS2_PLACEMENT_3D('',#8194,#8195,#8196);
#8194=CARTESIAN_POINT('',(0.,-254.,0.));
#8195=DIRECTION('',(0.,0.,1.));
#8196=DIRECTION('',(1.,0.,0.));
#8197=CARTESIAN_POINT('',(1.5,-236.,0.));
#8198=AXIS2_PLACEMENT_3D('',#8199,#8200,#8201);
#8199=CARTESIAN_POINT('',(0.,-236.,0.));
#8200=DIRECTION('',(0.,0.,1.));
#8201=DIRECTION('',(1.,0.,0.));
#8202=AXIS2_PLACEMENT_3D('',#8203,#8204,#8205);
#8203=CARTESIAN_POINT('',(0.,-236.,0.));
#8204=DIRECTION('',(0.,0.,1.));
#8205=DIRECTION('',(1.,0.,0.));
#8206=CARTESIAN_POINT('',(30.491462753802,85.559876577255,0.));
#8207=AXIS2_PLACEMENT_3D('',#8208,#8209,#8210);
#8208=CARTESIAN_POINT('',(28.991462753802,85.559876577255,0.));
#8209=DIRECTION('',(0.,0.,1.));
#8210=DIRECTION('',(1.,0.,0.));
#8211=CARTESIAN_POINT('',(87.059849387347,28.991415100515,0.));
#8212=AXIS2_PLACEMENT_3D('',#8213,#8214,#8215);
#8213=CARTESIAN_POINT('',(85.559849387347,28.991415100515,0.));
#8214=DIRECTION('',(0.,0.,1.));
#8215=DIRECTION('',(1.,0.,0.));
#8216=CARTESIAN_POINT('',(58.775588593929,57.275697307154,0.));
#8217=AXIS2_PLACEMENT_3D('',#8218,#8219,#8220);
#8218=CARTESIAN_POINT('',(57.275588593929,57.275697307154,0.));
#8219=DIRECTION('',(0.,0.,1.));
#8220=DIRECTION('',(1.,0.,0.));
#8221=CARTESIAN_POINT('',(-27.49133534216,-85.559894,0.));
#8222=AXIS2_PLACEMENT_3D('',#8223,#8224,#8225);
#8223=CARTESIAN_POINT('',(-28.99133534216,-85.559894,0.));
#8224=DIRECTION('',(0.,0.,1.));
#8225=DIRECTION('',(1.,0.,0.));
#8226=CARTESIAN_POINT('',(-55.77564783702,-57.275664,0.));
#8227=AXIS2_PLACEMENT_3D('',#8228,#8229,#8230);
#8228=CARTESIAN_POINT('',(-57.27564783702,-57.275664,0.));
#8229=DIRECTION('',(0.,0.,1.));
#8230=DIRECTION('',(1.,0.,0.));
#8231=CARTESIAN_POINT('',(-84.059905,-28.99137887219,0.));
#8232=AXIS2_PLACEMENT_3D('',#8233,#8234,#8235);
#8233=CARTESIAN_POINT('',(-85.559905,-28.99137887219,0.));
#8234=DIRECTION('',(0.,0.,1.));
#8235=DIRECTION('',(1.,0.,0.));
#8236=CARTESIAN_POINT('',(-13.5,-217.,0.));
#8237=AXIS2_PLACEMENT_3D('',#8238,#8239,#8240);
#8238=CARTESIAN_POINT('',(-15.,-217.,0.));
#8239=DIRECTION('',(0.,0.,1.));
#8240=DIRECTION('',(1.,0.,0.));
#8241=CARTESIAN_POINT('',(16.5,-217.,0.));
#8242=AXIS2_PLACEMENT_3D('',#8243,#8244,#8245);
#8243=CARTESIAN_POINT('',(15.,-217.,0.));
#8244=DIRECTION('',(0.,0.,1.));
#8245=DIRECTION('',(1.,0.,0.));
#8246=CARTESIAN_POINT('',(16.5,-177.,0.));
#8247=AXIS2_PLACEMENT_3D('',#8248,#8249,#8250);
#8248=CARTESIAN_POINT('',(15.,-177.,0.));
#8249=DIRECTION('',(0.,0.,1.));
#8250=DIRECTION('',(1.,0.,0.));
#8251=CARTESIAN_POINT('',(-13.5,-177.,0.));
#8252=AXIS2_PLACEMENT_3D('',#8253,#8254,#8255);
#8253=CARTESIAN_POINT('',(-15.,-177.,0.));
#8254=DIRECTION('',(0.,0.,1.));
#8255=DIRECTION('',(1.,0.,0.));
#8256=CARTESIAN_POINT('',(-215.5,15.,0.));
#8257=AXIS2_PLACEMENT_3D('',#8258,#8259,#8260);
#8258=CARTESIAN_POINT('',(-217.,15.,0.));
#8259=DIRECTION('',(0.,0.,1.));
#8260=DIRECTION('',(1.,0.,0.));
#8261=CARTESIAN_POINT('',(-215.5,-15.,0.));
#8262=AXIS2_PLACEMENT_3D('',#8263,#8264,#8265);
#8263=CARTESIAN_POINT('',(-217.,-15.,0.));
#8264=DIRECTION('',(0.,0.,1.));
#8265=DIRECTION('',(1.,0.,0.));
#8266=CARTESIAN_POINT('',(-175.5,-15.,0.));
#8267=AXIS2_PLACEMENT_3D('',#8268,#8269,#8270);
#8268=CARTESIAN_POINT('',(-177.,-15.,0.));
#8269=DIRECTION('',(0.,0.,1.));
#8270=DIRECTION('',(1.,0.,0.));
#8271=CARTESIAN_POINT('',(-175.5,15.,0.));
#8272=AXIS2_PLACEMENT_3D('',#8273,#8274,#8275);
#8273=CARTESIAN_POINT('',(-177.,15.,0.));
#8274=DIRECTION('',(0.,0.,1.));
#8275=DIRECTION('',(1.,0.,0.));
#8276=CARTESIAN_POINT('',(16.5,217.,0.));
#8277=AXIS2_PLACEMENT_3D('',#8278,#8279,#8280);
#8278=CARTESIAN_POINT('',(15.,217.,0.));
#8279=DIRECTION('',(0.,0.,1.));
#8280=DIRECTION('',(1.,0.,0.));
#8281=CARTESIAN_POINT('',(-13.5,217.,0.));
#8282=AXIS2_PLACEMENT_3D('',#8283,#8284,#8285);
#8283=CARTESIAN_POINT('',(-15.,217.,0.));
#8284=DIRECTION('',(0.,0.,1.));
#8285=DIRECTION('',(1.,0.,0.));
#8286=CARTESIAN_POINT('',(-13.5,177.,0.));
#8287=AXIS2_PLACEMENT_3D('',#8288,#8289,#8290);
#8288=CARTESIAN_POINT('',(-15.,177.,0.));
#8289=DIRECTION('',(0.,0.,1.));
#8290=DIRECTION('',(1.,0.,0.));
#8291=CARTESIAN_POINT('',(16.5,177.,0.));
#8292=AXIS2_PLACEMENT_3D('',#8293,#8294,#8295);
#8293=CARTESIAN_POINT('',(15.,177.,0.));
#8294=DIRECTION('',(0.,0.,1.));
#8295=DIRECTION('',(1.,0.,0.));
#8296=CARTESIAN_POINT('',(218.5,15.,0.));
#8297=AXIS2_PLACEMENT_3D('',#8298,#8299,#8300);
#8298=CARTESIAN_POINT('',(217.,15.,0.));
#8299=DIRECTION('',(0.,0.,1.));
#8300=DIRECTION('',(1.,0.,0.));
#8301=CARTESIAN_POINT('',(218.5,-15.,0.));
#8302=AXIS2_PLACEMENT_3D('',#8303,#8304,#8305);
#8303=CARTESIAN_POINT('',(217.,-15.,0.));
#8304=DIRECTION('',(0.,0.,1.));
#8305=DIRECTION('',(1.,0.,0.));
#8306=CARTESIAN_POINT('',(178.5,-15.,0.));
#8307=AXIS2_PLACEMENT_3D('',#8308,#8309,#8310);
#8308=CARTESIAN_POINT('',(177.,-15.,0.));
#8309=DIRECTION('',(0.,0.,1.));
#8310=DIRECTION('',(1.,0.,0.));
#8311=CARTESIAN_POINT('',(178.5,15.,0.));
#8312=AXIS2_PLACEMENT_3D('',#8313,#8314,#8315);
#8313=CARTESIAN_POINT('',(177.,15.,0.));
#8314=DIRECTION('',(0.,0.,1.));
#8315=DIRECTION('',(1.,0.,0.));
#8316=CARTESIAN_POINT('',(260.,0.,4.));
#8317=AXIS2_PLACEMENT_3D('',#8318,#8319,#8320);
#8318=CARTESIAN_POINT('',(0.,0.,4.));
#8319=DIRECTION('',(0.,0.,1.));
#8320=DIRECTION('',(1.,0.,0.));
#8321=CARTESIAN_POINT('',(-2.75545529808154E-15,-45.,4.));
#8322=AXIS2_PLACEMENT_3D('',#8323,#8324,#8325);
#8323=CARTESIAN_POINT('',(0.,0.,4.));
#8324=DIRECTION('',(0.,0.,1.));
#8325=DIRECTION('',(6.12323399573677E-17,-1.,0.));
#8326=CARTESIAN_POINT('',(-154.391908,-158.39193,4.));
#8327=AXIS2_PLACEMENT_3D('',#8328,#8329,#8330);
#8328=CARTESIAN_POINT('',(-158.391908,-158.39193,4.));
#8329=DIRECTION('',(0.,0.,1.));
#8330=DIRECTION('',(1.,0.,0.));
#8331=CARTESIAN_POINT('',(-131.764491,-135.764513,4.));
#8332=AXIS2_PLACEMENT_3D('',#8333,#8334,#8335);
#8333=CARTESIAN_POINT('',(-135.764491,-135.764513,4.));
#8334=DIRECTION('',(0.,0.,1.));
#8335=DIRECTION('',(1.,0.,0.));
#8336=CARTESIAN_POINT('',(-109.137074,-113.137096,4.));
#8337=AXIS2_PLACEMENT_3D('',#8338,#8339,#8340);
#8338=CARTESIAN_POINT('',(-113.137074,-113.137096,4.));
#8339=DIRECTION('',(0.,0.,1.));
#8340=DIRECTION('',(1.,0.,0.));
#8341=CARTESIAN_POINT('',(-86.509657,-90.509679,4.));
#8342=AXIS2_PLACEMENT_3D('',#8343,#8344,#8345);
#8343=CARTESIAN_POINT('',(-90.509657,-90.509679,4.));
#8344=DIRECTION('',(0.,0.,1.));
#8345=DIRECTION('',(1.,0.,0.));
#8346=CARTESIAN_POINT('',(-154.39193,158.391908,4.));
#8347=AXIS2_PLACEMENT_3D('',#8348,#8349,#8350);
#8348=CARTESIAN_POINT('',(-158.39193,158.391908,4.));
#8349=DIRECTION('',(0.,0.,1.));
#8350=DIRECTION('',(1.,0.,0.));
#8351=CARTESIAN_POINT('',(-131.764513,135.764491,4.));
#8352=AXIS2_PLACEMENT_3D('',#8353,#8354,#8355);
#8353=CARTESIAN_POINT('',(-135.764513,135.764491,4.));
#8354=DIRECTION('',(0.,0.,1.));
#8355=DIRECTION('',(1.,0.,0.));
#8356=CARTESIAN_POINT('',(-109.137096,113.137074,4.));
#8357=AXIS2_PLACEMENT_3D('',#8358,#8359,#8360);
#8358=CARTESIAN_POINT('',(-113.137096,113.137074,4.));
#8359=DIRECTION('',(0.,0.,1.));
#8360=DIRECTION('',(1.,0.,0.));
#8361=CARTESIAN_POINT('',(-86.509679,90.509657,4.));
#8362=AXIS2_PLACEMENT_3D('',#8363,#8364,#8365);
#8363=CARTESIAN_POINT('',(-90.509679,90.509657,4.));
#8364=DIRECTION('',(0.,0.,1.));
#8365=DIRECTION('',(1.,0.,0.));
#8366=CARTESIAN_POINT('',(-63.882262,67.88224,4.));
#8367=AXIS2_PLACEMENT_3D('',#8368,#8369,#8370);
#8368=CARTESIAN_POINT('',(-67.882262,67.88224,4.));
#8369=DIRECTION('',(0.,0.,1.));
#8370=DIRECTION('',(1.,0.,0.));
#8371=CARTESIAN_POINT('',(-41.254841,45.254827,4.));
#8372=AXIS2_PLACEMENT_3D('',#8373,#8374,#8375);
#8373=CARTESIAN_POINT('',(-45.254841,45.254827,4.));
#8374=DIRECTION('',(0.,0.,1.));
#8375=DIRECTION('',(1.,0.,0.));
#8376=CARTESIAN_POINT('',(162.391908,158.39193,4.));
#8377=AXIS2_PLACEMENT_3D('',#8378,#8379,#8380);
#8378=CARTESIAN_POINT('',(158.391908,158.39193,4.));
#8379=DIRECTION('',(0.,0.,1.));
#8380=DIRECTION('',(1.,0.,0.));
#8381=CARTESIAN_POINT('',(139.764491,135.764513,4.));
#8382=AXIS2_PLACEMENT_3D('',#8383,#8384,#8385);
#8383=CARTESIAN_POINT('',(135.764491,135.764513,4.));
#8384=DIRECTION('',(0.,0.,1.));
#8385=DIRECTION('',(1.,0.,0.));
#8386=CARTESIAN_POINT('',(117.137074,113.137096,4.));
#8387=AXIS2_PLACEMENT_3D('',#8388,#8389,#8390);
#8388=CARTESIAN_POINT('',(113.137074,113.137096,4.));
#8389=DIRECTION('',(0.,0.,1.));
#8390=DIRECTION('',(1.,0.,0.));
#8391=CARTESIAN_POINT('',(94.509657,90.509679,4.));
#8392=AXIS2_PLACEMENT_3D('',#8393,#8394,#8395);
#8393=CARTESIAN_POINT('',(90.509657,90.509679,4.));
#8394=DIRECTION('',(0.,0.,1.));
#8395=DIRECTION('',(1.,0.,0.));
#8396=CARTESIAN_POINT('',(49.254841390463,-45.25482660141,4.));
#8397=AXIS2_PLACEMENT_3D('',#8398,#8399,#8400);
#8398=CARTESIAN_POINT('',(45.254841390463,-45.25482660141,4.));
#8399=DIRECTION('',(0.,0.,1.));
#8400=DIRECTION('',(1.,0.,0.));
#8401=CARTESIAN_POINT('',(71.882262085694,-67.88223990212,4.));
#8402=AXIS2_PLACEMENT_3D('',#8403,#8404,#8405);
#8403=CARTESIAN_POINT('',(67.882262085694,-67.88223990212,4.));
#8404=DIRECTION('',(0.,0.,1.));
#8405=DIRECTION('',(1.,0.,0.));
#8406=CARTESIAN_POINT('',(94.509682780926,-90.50965320282,4.));
#8407=AXIS2_PLACEMENT_3D('',#8408,#8409,#8410);
#8408=CARTESIAN_POINT('',(90.509682780926,-90.50965320282,4.));
#8409=DIRECTION('',(0.,0.,1.));
#8410=DIRECTION('',(1.,0.,0.));
#8411=CARTESIAN_POINT('',(117.13710347615,-113.1370665035,4.));
#8412=AXIS2_PLACEMENT_3D('',#8413,#8414,#8415);
#8413=CARTESIAN_POINT('',(113.13710347615,-113.1370665035,4.));
#8414=DIRECTION('',(0.,0.,1.));
#8415=DIRECTION('',(1.,0.,0.));
#8416=CARTESIAN_POINT('',(139.76452417138,-135.7644798042,4.));
#8417=AXIS2_PLACEMENT_3D('',#8418,#8419,#8420);
#8418=CARTESIAN_POINT('',(135.76452417138,-135.7644798042,4.));
#8419=DIRECTION('',(0.,0.,1.));
#8420=DIRECTION('',(1.,0.,0.));
#8421=CARTESIAN_POINT('',(162.39194486662,-158.3918931049,4.));
#8422=AXIS2_PLACEMENT_3D('',#8423,#8424,#8425);
#8423=CARTESIAN_POINT('',(158.39194486662,-158.3918931049,4.));
#8424=DIRECTION('',(0.,0.,1.));
#8425=DIRECTION('',(1.,0.,0.));
#8426=CARTESIAN_POINT('',(4.,-197.,4.));
#8427=AXIS2_PLACEMENT_3D('',#8428,#8429,#8430);
#8428=CARTESIAN_POINT('',(0.,-197.,4.));
#8429=DIRECTION('',(0.,0.,1.));
#8430=DIRECTION('',(1.,0.,0.));
#8431=CARTESIAN_POINT('',(-193.,0.,4.));
#8432=AXIS2_PLACEMENT_3D('',#8433,#8434,#8435);
#8433=CARTESIAN_POINT('',(-197.,0.,4.));
#8434=DIRECTION('',(0.,0.,1.));
#8435=DIRECTION('',(1.,0.,0.));
#8436=CARTESIAN_POINT('',(4.,197.,4.));
#8437=AXIS2_PLACEMENT_3D('',#8438,#8439,#8440);
#8438=CARTESIAN_POINT('',(0.,197.,4.));
#8439=DIRECTION('',(0.,0.,1.));
#8440=DIRECTION('',(1.,0.,0.));
#8441=CARTESIAN_POINT('',(201.,0.,4.));
#8442=AXIS2_PLACEMENT_3D('',#8443,#8444,#8445);
#8443=CARTESIAN_POINT('',(197.,0.,4.));
#8444=DIRECTION('',(0.,0.,1.));
#8445=DIRECTION('',(1.,0.,0.));
#8446=CARTESIAN_POINT('',(-90.83807578024,-29.698486,4.));
#8447=AXIS2_PLACEMENT_3D('',#8448,#8449,#8450);
#8448=CARTESIAN_POINT('',(-93.33807578024,-29.698486,4.));
#8449=DIRECTION('',(0.,0.,1.));
#8450=DIRECTION('',(1.,0.,0.));
#8451=CARTESIAN_POINT('',(-8.186802,-244.766812,4.));
#8452=AXIS2_PLACEMENT_3D('',#8453,#8454,#8455);
#8453=CARTESIAN_POINT('',(-10.686802,-244.766812,4.));
#8454=DIRECTION('',(0.,0.,1.));
#8455=DIRECTION('',(1.,0.,0.));
#8456=CARTESIAN_POINT('',(-29.478969,-242.903985,4.));
#8457=AXIS2_PLACEMENT_3D('',#8458,#8459,#8460);
#8458=CARTESIAN_POINT('',(-31.978969,-242.903985,4.));
#8459=DIRECTION('',(0.,0.,1.));
#8460=DIRECTION('',(1.,0.,0.));
#8461=CARTESIAN_POINT('',(-50.527756,-239.192511,4.));
#8462=AXIS2_PLACEMENT_3D('',#8463,#8464,#8465);
#8463=CARTESIAN_POINT('',(-53.027756,-239.192511,4.));
#8464=DIRECTION('',(0.,0.,1.));
#8465=DIRECTION('',(1.,0.,0.));
#8466=CARTESIAN_POINT('',(-71.172971,-233.660638,4.));
#8467=AXIS2_PLACEMENT_3D('',#8468,#8469,#8470);
#8468=CARTESIAN_POINT('',(-73.672971,-233.660638,4.));
#8469=DIRECTION('',(0.,0.,1.));
#8470=DIRECTION('',(1.,0.,0.));
#8471=CARTESIAN_POINT('',(-91.257489,-226.350466,4.));
#8472=AXIS2_PLACEMENT_3D('',#8473,#8474,#8475);
#8473=CARTESIAN_POINT('',(-93.757489,-226.350466,4.));
#8474=DIRECTION('',(0.,0.,1.));
#8475=DIRECTION('',(1.,0.,0.));
#8476=CARTESIAN_POINT('',(-110.628457,-217.317631,4.));
#8477=AXIS2_PLACEMENT_3D('',#8478,#8479,#8480);
#8478=CARTESIAN_POINT('',(-113.128457,-217.317631,4.));
#8479=DIRECTION('',(0.,0.,1.));
#8480=DIRECTION('',(1.,0.,0.));
#8481=CARTESIAN_POINT('',(-129.138448,-206.630877,4.));
#8482=AXIS2_PLACEMENT_3D('',#8483,#8484,#8485);
#8483=CARTESIAN_POINT('',(-131.638448,-206.630877,4.));
#8484=DIRECTION('',(0.,0.,1.));
#8485=DIRECTION('',(1.,0.,0.));
#8486=CARTESIAN_POINT('',(-146.646592,-194.371537,4.));
#8487=AXIS2_PLACEMENT_3D('',#8488,#8489,#8490);
#8488=CARTESIAN_POINT('',(-149.146592,-194.371537,4.));
#8489=DIRECTION('',(0.,0.,1.));
#8490=DIRECTION('',(1.,0.,0.));
#8491=CARTESIAN_POINT('',(-163.019639,-180.632913,4.));
#8492=AXIS2_PLACEMENT_3D('',#8493,#8494,#8495);
#8493=CARTESIAN_POINT('',(-165.519639,-180.632913,4.));
#8494=DIRECTION('',(0.,0.,1.));
#8495=DIRECTION('',(1.,0.,0.));
#8496=CARTESIAN_POINT('',(-178.132983,-165.519563,4.));
#8497=AXIS2_PLACEMENT_3D('',#8498,#8499,#8500);
#8498=CARTESIAN_POINT('',(-180.632983,-165.519563,4.));
#8499=DIRECTION('',(0.,0.,1.));
#8500=DIRECTION('',(1.,0.,0.));
#8501=CARTESIAN_POINT('',(-191.8716,-149.146509,4.));
#8502=AXIS2_PLACEMENT_3D('',#8503,#8504,#8505);
#8503=CARTESIAN_POINT('',(-194.3716,-149.146509,4.));
#8504=DIRECTION('',(0.,0.,1.));
#8505=DIRECTION('',(1.,0.,0.));
#8506=CARTESIAN_POINT('',(-204.130933,-131.63836,4.));
#8507=AXIS2_PLACEMENT_3D('',#8508,#8509,#8510);
#8508=CARTESIAN_POINT('',(-206.630933,-131.63836,4.));
#8509=DIRECTION('',(0.,0.,1.));
#8510=DIRECTION('',(1.,0.,0.));
#8511=CARTESIAN_POINT('',(-214.817679,-113.128364,4.));
#8512=AXIS2_PLACEMENT_3D('',#8513,#8514,#8515);
#8513=CARTESIAN_POINT('',(-217.317679,-113.128364,4.));
#8514=DIRECTION('',(0.,0.,1.));
#8515=DIRECTION('',(1.,0.,0.));
#8516=CARTESIAN_POINT('',(-223.850506,-93.757393,4.));
#8517=AXIS2_PLACEMENT_3D('',#8518,#8519,#8520);
#8518=CARTESIAN_POINT('',(-226.350506,-93.757393,4.));
#8519=DIRECTION('',(0.,0.,1.));
#8520=DIRECTION('',(1.,0.,0.));
#8521=CARTESIAN_POINT('',(-231.160669,-73.672871,4.));
#8522=AXIS2_PLACEMENT_3D('',#8523,#8524,#8525);
#8523=CARTESIAN_POINT('',(-233.660669,-73.672871,4.));
#8524=DIRECTION('',(0.,0.,1.));
#8525=DIRECTION('',(1.,0.,0.));
#8526=CARTESIAN_POINT('',(-236.692533,-53.027655,4.));
#8527=AXIS2_PLACEMENT_3D('',#8528,#8529,#8530);
#8528=CARTESIAN_POINT('',(-239.192533,-53.027655,4.));
#8529=DIRECTION('',(0.,0.,1.));
#8530=DIRECTION('',(1.,0.,0.));
#8531=CARTESIAN_POINT('',(-242.266817,-10.686698,4.));
#8532=AXIS2_PLACEMENT_3D('',#8533,#8534,#8535);
#8533=CARTESIAN_POINT('',(-244.766817,-10.686698,4.));
#8534=DIRECTION('',(0.,0.,1.));
#8535=DIRECTION('',(1.,0.,0.));
#8536=CARTESIAN_POINT('',(-242.266812,10.686802,4.));
#8537=AXIS2_PLACEMENT_3D('',#8538,#8539,#8540);
#8538=CARTESIAN_POINT('',(-244.766812,10.686802,4.));
#8539=DIRECTION('',(0.,0.,1.));
#8540=DIRECTION('',(1.,0.,0.));
#8541=CARTESIAN_POINT('',(-240.403985,31.978969,4.));
#8542=AXIS2_PLACEMENT_3D('',#8543,#8544,#8545);
#8543=CARTESIAN_POINT('',(-242.903985,31.978969,4.));
#8544=DIRECTION('',(0.,0.,1.));
#8545=DIRECTION('',(1.,0.,0.));
#8546=CARTESIAN_POINT('',(-236.692511,53.027756,4.));
#8547=AXIS2_PLACEMENT_3D('',#8548,#8549,#8550);
#8548=CARTESIAN_POINT('',(-239.192511,53.027756,4.));
#8549=DIRECTION('',(0.,0.,1.));
#8550=DIRECTION('',(1.,0.,0.));
#8551=CARTESIAN_POINT('',(-231.160638,73.672971,4.));
#8552=AXIS2_PLACEMENT_3D('',#8553,#8554,#8555);
#8553=CARTESIAN_POINT('',(-233.660638,73.672971,4.));
#8554=DIRECTION('',(0.,0.,1.));
#8555=DIRECTION('',(1.,0.,0.));
#8556=CARTESIAN_POINT('',(-223.850466,93.757489,4.));
#8557=AXIS2_PLACEMENT_3D('',#8558,#8559,#8560);
#8558=CARTESIAN_POINT('',(-226.350466,93.757489,4.));
#8559=DIRECTION('',(0.,0.,1.));
#8560=DIRECTION('',(1.,0.,0.));
#8561=CARTESIAN_POINT('',(-214.817631,113.128457,4.));
#8562=AXIS2_PLACEMENT_3D('',#8563,#8564,#8565);
#8563=CARTESIAN_POINT('',(-217.317631,113.128457,4.));
#8564=DIRECTION('',(0.,0.,1.));
#8565=DIRECTION('',(1.,0.,0.));
#8566=CARTESIAN_POINT('',(-204.130877,131.638448,4.));
#8567=AXIS2_PLACEMENT_3D('',#8568,#8569,#8570);
#8568=CARTESIAN_POINT('',(-206.630877,131.638448,4.));
#8569=DIRECTION('',(0.,0.,1.));
#8570=DIRECTION('',(1.,0.,0.));
#8571=CARTESIAN_POINT('',(-191.871537,149.146592,4.));
#8572=AXIS2_PLACEMENT_3D('',#8573,#8574,#8575);
#8573=CARTESIAN_POINT('',(-194.371537,149.146592,4.));
#8574=DIRECTION('',(0.,0.,1.));
#8575=DIRECTION('',(1.,0.,0.));
#8576=CARTESIAN_POINT('',(-178.132913,165.519639,4.));
#8577=AXIS2_PLACEMENT_3D('',#8578,#8579,#8580);
#8578=CARTESIAN_POINT('',(-180.632913,165.519639,4.));
#8579=DIRECTION('',(0.,0.,1.));
#8580=DIRECTION('',(1.,0.,0.));
#8581=CARTESIAN_POINT('',(-163.019563,180.632983,4.));
#8582=AXIS2_PLACEMENT_3D('',#8583,#8584,#8585);
#8583=CARTESIAN_POINT('',(-165.519563,180.632983,4.));
#8584=DIRECTION('',(0.,0.,1.));
#8585=DIRECTION('',(1.,0.,0.));
#8586=CARTESIAN_POINT('',(-146.646509,194.3716,4.));
#8587=AXIS2_PLACEMENT_3D('',#8588,#8589,#8590);
#8588=CARTESIAN_POINT('',(-149.146509,194.3716,4.));
#8589=DIRECTION('',(0.,0.,1.));
#8590=DIRECTION('',(1.,0.,0.));
#8591=CARTESIAN_POINT('',(-129.13836,206.630933,4.));
#8592=AXIS2_PLACEMENT_3D('',#8593,#8594,#8595);
#8593=CARTESIAN_POINT('',(-131.63836,206.630933,4.));
#8594=DIRECTION('',(0.,0.,1.));
#8595=DIRECTION('',(1.,0.,0.));
#8596=CARTESIAN_POINT('',(-110.628364,217.317679,4.));
#8597=AXIS2_PLACEMENT_3D('',#8598,#8599,#8600);
#8598=CARTESIAN_POINT('',(-113.128364,217.317679,4.));
#8599=DIRECTION('',(0.,0.,1.));
#8600=DIRECTION('',(1.,0.,0.));
#8601=CARTESIAN_POINT('',(-91.257393,226.350506,4.));
#8602=AXIS2_PLACEMENT_3D('',#8603,#8604,#8605);
#8603=CARTESIAN_POINT('',(-93.757393,226.350506,4.));
#8604=DIRECTION('',(0.,0.,1.));
#8605=DIRECTION('',(1.,0.,0.));
#8606=CARTESIAN_POINT('',(-71.172871,233.660669,4.));
#8607=AXIS2_PLACEMENT_3D('',#8608,#8609,#8610);
#8608=CARTESIAN_POINT('',(-73.672871,233.660669,4.));
#8609=DIRECTION('',(0.,0.,1.));
#8610=DIRECTION('',(1.,0.,0.));
#8611=CARTESIAN_POINT('',(-50.527655,239.192533,4.));
#8612=AXIS2_PLACEMENT_3D('',#8613,#8614,#8615);
#8613=CARTESIAN_POINT('',(-53.027655,239.192533,4.));
#8614=DIRECTION('',(0.,0.,1.));
#8615=DIRECTION('',(1.,0.,0.));
#8616=CARTESIAN_POINT('',(-8.186698,244.766817,4.));
#8617=AXIS2_PLACEMENT_3D('',#8618,#8619,#8620);
#8618=CARTESIAN_POINT('',(-10.686698,244.766817,4.));
#8619=DIRECTION('',(0.,0.,1.));
#8620=DIRECTION('',(1.,0.,0.));
#8621=CARTESIAN_POINT('',(13.186802,244.766812,4.));
#8622=AXIS2_PLACEMENT_3D('',#8623,#8624,#8625);
#8623=CARTESIAN_POINT('',(10.686802,244.766812,4.));
#8624=DIRECTION('',(0.,0.,1.));
#8625=DIRECTION('',(1.,0.,0.));
#8626=CARTESIAN_POINT('',(34.478969,242.903985,4.));
#8627=AXIS2_PLACEMENT_3D('',#8628,#8629,#8630);
#8628=CARTESIAN_POINT('',(31.978969,242.903985,4.));
#8629=DIRECTION('',(0.,0.,1.));
#8630=DIRECTION('',(1.,0.,0.));
#8631=CARTESIAN_POINT('',(55.527756,239.192511,4.));
#8632=AXIS2_PLACEMENT_3D('',#8633,#8634,#8635);
#8633=CARTESIAN_POINT('',(53.027756,239.192511,4.));
#8634=DIRECTION('',(0.,0.,1.));
#8635=DIRECTION('',(1.,0.,0.));
#8636=CARTESIAN_POINT('',(76.172971,233.660638,4.));
#8637=AXIS2_PLACEMENT_3D('',#8638,#8639,#8640);
#8638=CARTESIAN_POINT('',(73.672971,233.660638,4.));
#8639=DIRECTION('',(0.,0.,1.));
#8640=DIRECTION('',(1.,0.,0.));
#8641=CARTESIAN_POINT('',(96.257489,226.350466,4.));
#8642=AXIS2_PLACEMENT_3D('',#8643,#8644,#8645);
#8643=CARTESIAN_POINT('',(93.757489,226.350466,4.));
#8644=DIRECTION('',(0.,0.,1.));
#8645=DIRECTION('',(1.,0.,0.));
#8646=CARTESIAN_POINT('',(115.628457,217.317631,4.));
#8647=AXIS2_PLACEMENT_3D('',#8648,#8649,#8650);
#8648=CARTESIAN_POINT('',(113.128457,217.317631,4.));
#8649=DIRECTION('',(0.,0.,1.));
#8650=DIRECTION('',(1.,0.,0.));
#8651=CARTESIAN_POINT('',(134.138448,206.630877,4.));
#8652=AXIS2_PLACEMENT_3D('',#8653,#8654,#8655);
#8653=CARTESIAN_POINT('',(131.638448,206.630877,4.));
#8654=DIRECTION('',(0.,0.,1.));
#8655=DIRECTION('',(1.,0.,0.));
#8656=CARTESIAN_POINT('',(151.646592,194.371537,4.));
#8657=AXIS2_PLACEMENT_3D('',#8658,#8659,#8660);
#8658=CARTESIAN_POINT('',(149.146592,194.371537,4.));
#8659=DIRECTION('',(0.,0.,1.));
#8660=DIRECTION('',(1.,0.,0.));
#8661=CARTESIAN_POINT('',(168.019639,180.632913,4.));
#8662=AXIS2_PLACEMENT_3D('',#8663,#8664,#8665);
#8663=CARTESIAN_POINT('',(165.519639,180.632913,4.));
#8664=DIRECTION('',(0.,0.,1.));
#8665=DIRECTION('',(1.,0.,0.));
#8666=CARTESIAN_POINT('',(183.132983,165.519563,4.));
#8667=AXIS2_PLACEMENT_3D('',#8668,#8669,#8670);
#8668=CARTESIAN_POINT('',(180.632983,165.519563,4.));
#8669=DIRECTION('',(0.,0.,1.));
#8670=DIRECTION('',(1.,0.,0.));
#8671=CARTESIAN_POINT('',(196.8716,149.146509,4.));
#8672=AXIS2_PLACEMENT_3D('',#8673,#8674,#8675);
#8673=CARTESIAN_POINT('',(194.3716,149.146509,4.));
#8674=DIRECTION('',(0.,0.,1.));
#8675=DIRECTION('',(1.,0.,0.));
#8676=CARTESIAN_POINT('',(209.130933,131.63836,4.));
#8677=AXIS2_PLACEMENT_3D('',#8678,#8679,#8680);
#8678=CARTESIAN_POINT('',(206.630933,131.63836,4.));
#8679=DIRECTION('',(0.,0.,1.));
#8680=DIRECTION('',(1.,0.,0.));
#8681=CARTESIAN_POINT('',(219.817679,113.128364,4.));
#8682=AXIS2_PLACEMENT_3D('',#8683,#8684,#8685);
#8683=CARTESIAN_POINT('',(217.317679,113.128364,4.));
#8684=DIRECTION('',(0.,0.,1.));
#8685=DIRECTION('',(1.,0.,0.));
#8686=CARTESIAN_POINT('',(228.850506,93.757393,4.));
#8687=AXIS2_PLACEMENT_3D('',#8688,#8689,#8690);
#8688=CARTESIAN_POINT('',(226.350506,93.757393,4.));
#8689=DIRECTION('',(0.,0.,1.));
#8690=DIRECTION('',(1.,0.,0.));
#8691=CARTESIAN_POINT('',(236.160669,73.672871,4.));
#8692=AXIS2_PLACEMENT_3D('',#8693,#8694,#8695);
#8693=CARTESIAN_POINT('',(233.660669,73.672871,4.));
#8694=DIRECTION('',(0.,0.,1.));
#8695=DIRECTION('',(1.,0.,0.));
#8696=CARTESIAN_POINT('',(241.692533,53.027655,4.));
#8697=AXIS2_PLACEMENT_3D('',#8698,#8699,#8700);
#8698=CARTESIAN_POINT('',(239.192533,53.027655,4.));
#8699=DIRECTION('',(0.,0.,1.));
#8700=DIRECTION('',(1.,0.,0.));
#8701=CARTESIAN_POINT('',(247.266817,10.686698,4.));
#8702=AXIS2_PLACEMENT_3D('',#8703,#8704,#8705);
#8703=CARTESIAN_POINT('',(244.766817,10.686698,4.));
#8704=DIRECTION('',(0.,0.,1.));
#8705=DIRECTION('',(1.,0.,0.));
#8706=CARTESIAN_POINT('',(247.266812,-10.686802,4.));
#8707=AXIS2_PLACEMENT_3D('',#8708,#8709,#8710);
#8708=CARTESIAN_POINT('',(244.766812,-10.686802,4.));
#8709=DIRECTION('',(0.,0.,1.));
#8710=DIRECTION('',(1.,0.,0.));
#8711=CARTESIAN_POINT('',(245.403985,-31.978969,4.));
#8712=AXIS2_PLACEMENT_3D('',#8713,#8714,#8715);
#8713=CARTESIAN_POINT('',(242.903985,-31.978969,4.));
#8714=DIRECTION('',(0.,0.,1.));
#8715=DIRECTION('',(1.,0.,0.));
#8716=CARTESIAN_POINT('',(241.692511,-53.027756,4.));
#8717=AXIS2_PLACEMENT_3D('',#8718,#8719,#8720);
#8718=CARTESIAN_POINT('',(239.192511,-53.027756,4.));
#8719=DIRECTION('',(0.,0.,1.));
#8720=DIRECTION('',(1.,0.,0.));
#8721=CARTESIAN_POINT('',(236.160638,-73.672971,4.));
#8722=AXIS2_PLACEMENT_3D('',#8723,#8724,#8725);
#8723=CARTESIAN_POINT('',(233.660638,-73.672971,4.));
#8724=DIRECTION('',(0.,0.,1.));
#8725=DIRECTION('',(1.,0.,0.));
#8726=CARTESIAN_POINT('',(228.850466,-93.757489,4.));
#8727=AXIS2_PLACEMENT_3D('',#8728,#8729,#8730);
#8728=CARTESIAN_POINT('',(226.350466,-93.757489,4.));
#8729=DIRECTION('',(0.,0.,1.));
#8730=DIRECTION('',(1.,0.,0.));
#8731=CARTESIAN_POINT('',(219.817631,-113.128457,4.));
#8732=AXIS2_PLACEMENT_3D('',#8733,#8734,#8735);
#8733=CARTESIAN_POINT('',(217.317631,-113.128457,4.));
#8734=DIRECTION('',(0.,0.,1.));
#8735=DIRECTION('',(1.,0.,0.));
#8736=CARTESIAN_POINT('',(209.130877,-131.638448,4.));
#8737=AXIS2_PLACEMENT_3D('',#8738,#8739,#8740);
#8738=CARTESIAN_POINT('',(206.630877,-131.638448,4.));
#8739=DIRECTION('',(0.,0.,1.));
#8740=DIRECTION('',(1.,0.,0.));
#8741=CARTESIAN_POINT('',(196.871537,-149.146592,4.));
#8742=AXIS2_PLACEMENT_3D('',#8743,#8744,#8745);
#8743=CARTESIAN_POINT('',(194.371537,-149.146592,4.));
#8744=DIRECTION('',(0.,0.,1.));
#8745=DIRECTION('',(1.,0.,0.));
#8746=CARTESIAN_POINT('',(183.132913,-165.519639,4.));
#8747=AXIS2_PLACEMENT_3D('',#8748,#8749,#8750);
#8748=CARTESIAN_POINT('',(180.632913,-165.519639,4.));
#8749=DIRECTION('',(0.,0.,1.));
#8750=DIRECTION('',(1.,0.,0.));
#8751=CARTESIAN_POINT('',(168.019563,-180.632983,4.));
#8752=AXIS2_PLACEMENT_3D('',#8753,#8754,#8755);
#8753=CARTESIAN_POINT('',(165.519563,-180.632983,4.));
#8754=DIRECTION('',(0.,0.,1.));
#8755=DIRECTION('',(1.,0.,0.));
#8756=CARTESIAN_POINT('',(151.646509,-194.3716,4.));
#8757=AXIS2_PLACEMENT_3D('',#8758,#8759,#8760);
#8758=CARTESIAN_POINT('',(149.146509,-194.3716,4.));
#8759=DIRECTION('',(0.,0.,1.));
#8760=DIRECTION('',(1.,0.,0.));
#8761=CARTESIAN_POINT('',(134.13836,-206.630933,4.));
#8762=AXIS2_PLACEMENT_3D('',#8763,#8764,#8765);
#8763=CARTESIAN_POINT('',(131.63836,-206.630933,4.));
#8764=DIRECTION('',(0.,0.,1.));
#8765=DIRECTION('',(1.,0.,0.));
#8766=CARTESIAN_POINT('',(115.628364,-217.317679,4.));
#8767=AXIS2_PLACEMENT_3D('',#8768,#8769,#8770);
#8768=CARTESIAN_POINT('',(113.128364,-217.317679,4.));
#8769=DIRECTION('',(0.,0.,1.));
#8770=DIRECTION('',(1.,0.,0.));
#8771=CARTESIAN_POINT('',(96.257393,-226.350506,4.));
#8772=AXIS2_PLACEMENT_3D('',#8773,#8774,#8775);
#8773=CARTESIAN_POINT('',(93.757393,-226.350506,4.));
#8774=DIRECTION('',(0.,0.,1.));
#8775=DIRECTION('',(1.,0.,0.));
#8776=CARTESIAN_POINT('',(76.172871,-233.660669,4.));
#8777=AXIS2_PLACEMENT_3D('',#8778,#8779,#8780);
#8778=CARTESIAN_POINT('',(73.672871,-233.660669,4.));
#8779=DIRECTION('',(0.,0.,1.));
#8780=DIRECTION('',(1.,0.,0.));
#8781=CARTESIAN_POINT('',(55.527655,-239.192533,4.));
#8782=AXIS2_PLACEMENT_3D('',#8783,#8784,#8785);
#8783=CARTESIAN_POINT('',(53.027655,-239.192533,4.));
#8784=DIRECTION('',(0.,0.,1.));
#8785=DIRECTION('',(1.,0.,0.));
#8786=CARTESIAN_POINT('',(95.838019617515,29.698523133119,4.));
#8787=AXIS2_PLACEMENT_3D('',#8788,#8789,#8790);
#8788=CARTESIAN_POINT('',(93.338019617515,29.698523133119,4.));
#8789=DIRECTION('',(0.,0.,1.));
#8790=DIRECTION('',(1.,0.,0.));
#8791=CARTESIAN_POINT('',(85.231422069983,40.305129021182,4.));
#8792=AXIS2_PLACEMENT_3D('',#8793,#8794,#8795);
#8793=CARTESIAN_POINT('',(82.731422069983,40.305129021182,4.));
#8794=DIRECTION('',(0.,0.,1.));
#8795=DIRECTION('',(1.,0.,0.));
#8796=CARTESIAN_POINT('',(74.624824522452,50.911734909246,4.));
#8797=AXIS2_PLACEMENT_3D('',#8798,#8799,#8800);
#8798=CARTESIAN_POINT('',(72.124824522452,50.911734909246,4.));
#8799=DIRECTION('',(0.,0.,1.));
#8800=DIRECTION('',(1.,0.,0.));
#8801=CARTESIAN_POINT('',(53.411608261556,72.124925121835,4.));
#8802=AXIS2_PLACEMENT_3D('',#8803,#8804,#8805);
#8803=CARTESIAN_POINT('',(50.911608261556,72.124925121835,4.));
#8804=DIRECTION('',(0.,0.,1.));
#8805=DIRECTION('',(1.,0.,0.));
#8806=CARTESIAN_POINT('',(42.804989796975,82.731510092824,4.));
#8807=AXIS2_PLACEMENT_3D('',#8808,#8809,#8810);
#8808=CARTESIAN_POINT('',(40.304989796975,82.731510092824,4.));
#8809=DIRECTION('',(0.,0.,1.));
#8810=DIRECTION('',(1.,0.,0.));
#8811=CARTESIAN_POINT('',(32.198371332394,93.338095063813,4.));
#8812=AXIS2_PLACEMENT_3D('',#8813,#8814,#8815);
#8813=CARTESIAN_POINT('',(29.698371332394,93.338095063813,4.));
#8814=DIRECTION('',(0.,0.,1.));
#8815=DIRECTION('',(1.,0.,0.));
#8816=CARTESIAN_POINT('',(-80.23147926172,-40.30509291707,4.));
#8817=AXIS2_PLACEMENT_3D('',#8818,#8819,#8820);
#8818=CARTESIAN_POINT('',(-82.73147926172,-40.30509291707,4.));
#8819=DIRECTION('',(0.,0.,1.));
#8820=DIRECTION('',(1.,0.,0.));
#8821=CARTESIAN_POINT('',(-69.6248827432,-50.91169983414,4.));
#8822=AXIS2_PLACEMENT_3D('',#8823,#8824,#8825);
#8823=CARTESIAN_POINT('',(-72.1248827432,-50.91169983414,4.));
#8824=DIRECTION('',(0.,0.,1.));
#8825=DIRECTION('',(1.,0.,0.));
#8826=CARTESIAN_POINT('',(-48.41166943557,-72.124893,4.));
#8827=AXIS2_PLACEMENT_3D('',#8828,#8829,#8830);
#8828=CARTESIAN_POINT('',(-50.91166943557,-72.124893,4.));
#8829=DIRECTION('',(0.,0.,1.));
#8830=DIRECTION('',(1.,0.,0.));
#8831=CARTESIAN_POINT('',(-37.805052,-82.731479,4.));
#8832=AXIS2_PLACEMENT_3D('',#8833,#8834,#8835);
#8833=CARTESIAN_POINT('',(-40.305052,-82.731479,4.));
#8834=DIRECTION('',(0.,0.,1.));
#8835=DIRECTION('',(1.,0.,0.));
#8836=CARTESIAN_POINT('',(-27.19843456442,-93.338065,4.));
#8837=AXIS2_PLACEMENT_3D('',#8838,#8839,#8840);
#8838=CARTESIAN_POINT('',(-29.69843456442,-93.338065,4.));
#8839=DIRECTION('',(0.,0.,1.));
#8840=DIRECTION('',(1.,0.,0.));
#8841=CARTESIAN_POINT('',(-240.403998,-31.978866,4.));
#8842=AXIS2_PLACEMENT_3D('',#8843,#8844,#8845);
#8843=CARTESIAN_POINT('',(-242.903998,-31.978866,4.));
#8844=DIRECTION('',(0.,0.,1.));
#8845=DIRECTION('',(1.,0.,0.));
#8846=CARTESIAN_POINT('',(-29.478866,242.903998,4.));
#8847=AXIS2_PLACEMENT_3D('',#8848,#8849,#8850);
#8848=CARTESIAN_POINT('',(-31.978866,242.903998,4.));
#8849=DIRECTION('',(0.,0.,1.));
#8850=DIRECTION('',(1.,0.,0.));
#8851=CARTESIAN_POINT('',(245.403998,31.978866,4.));
#8852=AXIS2_PLACEMENT_3D('',#8853,#8854,#8855);
#8853=CARTESIAN_POINT('',(242.903998,31.978866,4.));
#8854=DIRECTION('',(0.,0.,1.));
#8855=DIRECTION('',(1.,0.,0.));
#8856=CARTESIAN_POINT('',(34.478866,-242.903998,4.));
#8857=AXIS2_PLACEMENT_3D('',#8858,#8859,#8860);
#8858=CARTESIAN_POINT('',(31.978866,-242.903998,4.));
#8859=DIRECTION('',(0.,0.,1.));
#8860=DIRECTION('',(1.,0.,0.));
#8861=CARTESIAN_POINT('',(64.01822697492,61.518340797309,4.));
#8862=AXIS2_PLACEMENT_3D('',#8863,#8864,#8865);
#8863=CARTESIAN_POINT('',(61.51822697492,61.518340797309,4.));
#8864=DIRECTION('',(0.,0.,1.));
#8865=DIRECTION('',(1.,0.,0.));
#8866=CARTESIAN_POINT('',(-59.01828687114,-61.518307,4.));
#8867=AXIS2_PLACEMENT_3D('',#8868,#8869,#8870);
#8868=CARTESIAN_POINT('',(-61.51828687114,-61.518307,4.));
#8869=DIRECTION('',(0.,0.,1.));
#8870=DIRECTION('',(1.,0.,0.));
#8871=CARTESIAN_POINT('',(80.696011851814,-22.627406,4.));
#8872=AXIS2_PLACEMENT_3D('',#8873,#8874,#8875);
#8873=CARTESIAN_POINT('',(79.196011851814,-22.627406,4.));
#8874=DIRECTION('',(0.,0.,1.));
#8875=DIRECTION('',(1.,0.,0.));
#8876=CARTESIAN_POINT('',(165.548784,-107.48022,4.));
#8877=AXIS2_PLACEMENT_3D('',#8878,#8879,#8880);
#8878=CARTESIAN_POINT('',(164.048784,-107.48022,4.));
#8879=DIRECTION('',(0.,0.,1.));
#8880=DIRECTION('',(1.,0.,0.));
#8881=CARTESIAN_POINT('',(108.980242,-164.048762,4.));
#8882=AXIS2_PLACEMENT_3D('',#8883,#8884,#8885);
#8883=CARTESIAN_POINT('',(107.480242,-164.048762,4.));
#8884=DIRECTION('',(0.,0.,1.));
#8885=DIRECTION('',(1.,0.,0.));
#8886=CARTESIAN_POINT('',(24.127428515229,-79.195948,4.));
#8887=AXIS2_PLACEMENT_3D('',#8888,#8889,#8890);
#8888=CARTESIAN_POINT('',(22.627428515229,-79.195948,4.));
#8889=DIRECTION('',(0.,0.,1.));
#8890=DIRECTION('',(1.,0.,0.));
#8891=CARTESIAN_POINT('',(-19.068755,-235.101949,4.));
#8892=AXIS2_PLACEMENT_3D('',#8893,#8894,#8895);
#8893=CARTESIAN_POINT('',(-20.568755,-235.101949,4.));
#8894=DIRECTION('',(0.,0.,1.));
#8895=DIRECTION('',(1.,0.,0.));
#8896=CARTESIAN_POINT('',(-20.637559,-253.033453,4.));
#8897=AXIS2_PLACEMENT_3D('',#8898,#8899,#8900);
#8898=CARTESIAN_POINT('',(-22.137559,-253.033453,4.));
#8899=DIRECTION('',(0.,0.,1.));
#8900=DIRECTION('',(1.,0.,0.));
#8901=CARTESIAN_POINT('',(-39.48097,-232.41463,4.));
#8902=AXIS2_PLACEMENT_3D('',#8903,#8904,#8905);
#8903=CARTESIAN_POINT('',(-40.98097,-232.41463,4.));
#8904=DIRECTION('',(0.,0.,1.));
#8905=DIRECTION('',(1.,0.,0.));
#8906=CARTESIAN_POINT('',(-42.606637,-250.141169,4.));
#8907=AXIS2_PLACEMENT_3D('',#8908,#8909,#8910);
#8908=CARTESIAN_POINT('',(-44.106637,-250.141169,4.));
#8909=DIRECTION('',(0.,0.,1.));
#8910=DIRECTION('',(1.,0.,0.));
#8911=CARTESIAN_POINT('',(-59.581295,-227.958495,4.));
#8912=AXIS2_PLACEMENT_3D('',#8913,#8914,#8915);
#8913=CARTESIAN_POINT('',(-61.081295,-227.958495,4.));
#8914=DIRECTION('',(0.,0.,1.));
#8915=DIRECTION('',(1.,0.,0.));
#8916=CARTESIAN_POINT('',(-64.240037,-245.34516,4.));
#8917=AXIS2_PLACEMENT_3D('',#8918,#8919,#8920);
#8918=CARTESIAN_POINT('',(-65.740037,-245.34516,4.));
#8919=DIRECTION('',(0.,0.,1.));
#8920=DIRECTION('',(1.,0.,0.));
#8921=CARTESIAN_POINT('',(-79.216754,-221.767459,4.));
#8922=AXIS2_PLACEMENT_3D('',#8923,#8924,#8925);
#8923=CARTESIAN_POINT('',(-80.716754,-221.767459,4.));
#8924=DIRECTION('',(0.,0.,1.));
#8925=DIRECTION('',(1.,0.,0.));
#8926=CARTESIAN_POINT('',(-85.373116,-238.681926,4.));
#8927=AXIS2_PLACEMENT_3D('',#8928,#8929,#8930);
#8928=CARTESIAN_POINT('',(-86.873116,-238.681926,4.));
#8929=DIRECTION('',(0.,0.,1.));
#8930=DIRECTION('',(1.,0.,0.));
#8931=CARTESIAN_POINT('',(-98.23791,-213.888638,4.));
#8932=AXIS2_PLACEMENT_3D('',#8933,#8934,#8935);
#8933=CARTESIAN_POINT('',(-99.73791,-213.888638,4.));
#8934=DIRECTION('',(0.,0.,1.));
#8935=DIRECTION('',(1.,0.,0.));
#8936=CARTESIAN_POINT('',(-105.845038,-230.202178,4.));
#8937=AXIS2_PLACEMENT_3D('',#8938,#8939,#8940);
#8938=CARTESIAN_POINT('',(-107.345038,-230.202178,4.));
#8939=DIRECTION('',(0.,0.,1.));
#8940=DIRECTION('',(1.,0.,0.));
#8941=CARTESIAN_POINT('',(-116.5,-204.381995,4.));
#8942=AXIS2_PLACEMENT_3D('',#8943,#8944,#8945);
#8943=CARTESIAN_POINT('',(-118.,-204.381995,4.));
#8944=DIRECTION('',(0.,0.,1.));
#8945=DIRECTION('',(1.,0.,0.));
#8946=CARTESIAN_POINT('',(-125.5,-219.970453,4.));
#8947=AXIS2_PLACEMENT_3D('',#8948,#8949,#8950);
#8948=CARTESIAN_POINT('',(-127.,-219.970453,4.));
#8949=DIRECTION('',(0.,0.,1.));
#8950=DIRECTION('',(1.,0.,0.));
#8951=CARTESIAN_POINT('',(-133.864039,-193.319882,4.));
#8952=AXIS2_PLACEMENT_3D('',#8953,#8954,#8955);
#8953=CARTESIAN_POINT('',(-135.364039,-193.319882,4.));
#8954=DIRECTION('',(0.,0.,1.));
#8955=DIRECTION('',(1.,0.,0.));
#8956=CARTESIAN_POINT('',(-144.188415,-208.064619,4.));
#8957=AXIS2_PLACEMENT_3D('',#8958,#8959,#8960);
#8958=CARTESIAN_POINT('',(-145.688415,-208.064619,4.));
#8959=DIRECTION('',(0.,0.,1.));
#8960=DIRECTION('',(1.,0.,0.));
#8961=CARTESIAN_POINT('',(-150.197876,-180.786489,4.));
#8962=AXIS2_PLACEMENT_3D('',#8963,#8964,#8965);
#8963=CARTESIAN_POINT('',(-151.697876,-180.786489,4.));
#8964=DIRECTION('',(0.,0.,1.));
#8965=DIRECTION('',(1.,0.,0.));
#8966=CARTESIAN_POINT('',(-161.768053,-194.575289,4.));
#8967=AXIS2_PLACEMENT_3D('',#8968,#8969,#8970);
#8968=CARTESIAN_POINT('',(-163.268053,-194.575289,4.));
#8969=DIRECTION('',(0.,0.,1.));
#8970=DIRECTION('',(1.,0.,0.));
#8971=CARTESIAN_POINT('',(-165.3772,-166.8772,4.));
#8972=AXIS2_PLACEMENT_3D('',#8973,#8974,#8975);
#8973=CARTESIAN_POINT('',(-166.8772,-166.8772,4.));
#8974=DIRECTION('',(0.,0.,1.));
#8975=DIRECTION('',(1.,0.,0.));
#8976=CARTESIAN_POINT('',(-178.105122,-179.605122,4.));
#8977=AXIS2_PLACEMENT_3D('',#8978,#8979,#8980);
#8978=CARTESIAN_POINT('',(-179.605122,-179.605122,4.));
#8979=DIRECTION('',(0.,0.,1.));
#8980=DIRECTION('',(1.,0.,0.));
#8981=CARTESIAN_POINT('',(-179.286489,-151.697876,4.));
#8982=AXIS2_PLACEMENT_3D('',#8983,#8984,#8985);
#8983=CARTESIAN_POINT('',(-180.786489,-151.697876,4.));
#8984=DIRECTION('',(0.,0.,1.));
#8985=DIRECTION('',(1.,0.,0.));
#8986=CARTESIAN_POINT('',(-193.075289,-163.268053,4.));
#8987=AXIS2_PLACEMENT_3D('',#8988,#8989,#8990);
#8988=CARTESIAN_POINT('',(-194.575289,-163.268053,4.));
#8989=DIRECTION('',(0.,0.,1.));
#8990=DIRECTION('',(1.,0.,0.));
#8991=CARTESIAN_POINT('',(-191.819882,-135.364039,4.));
#8992=AXIS2_PLACEMENT_3D('',#8993,#8994,#8995);
#8993=CARTESIAN_POINT('',(-193.319882,-135.364039,4.));
#8994=DIRECTION('',(0.,0.,1.));
#8995=DIRECTION('',(1.,0.,0.));
#8996=CARTESIAN_POINT('',(-206.564619,-145.688415,4.));
#8997=AXIS2_PLACEMENT_3D('',#8998,#8999,#9000);
#8998=CARTESIAN_POINT('',(-208.064619,-145.688415,4.));
#8999=DIRECTION('',(0.,0.,1.));
#9000=DIRECTION('',(1.,0.,0.));
#9001=CARTESIAN_POINT('',(-202.881995,-118.,4.));
#9002=AXIS2_PLACEMENT_3D('',#9003,#9004,#9005);
#9003=CARTESIAN_POINT('',(-204.381995,-118.,4.));
#9004=DIRECTION('',(0.,0.,1.));
#9005=DIRECTION('',(1.,0.,0.));
#9006=CARTESIAN_POINT('',(-218.470453,-127.,4.));
#9007=AXIS2_PLACEMENT_3D('',#9008,#9009,#9010);
#9008=CARTESIAN_POINT('',(-219.970453,-127.,4.));
#9009=DIRECTION('',(0.,0.,1.));
#9010=DIRECTION('',(1.,0.,0.));
#9011=CARTESIAN_POINT('',(-212.388638,-99.73791,4.));
#9012=AXIS2_PLACEMENT_3D('',#9013,#9014,#9015);
#9013=CARTESIAN_POINT('',(-213.888638,-99.73791,4.));
#9014=DIRECTION('',(0.,0.,1.));
#9015=DIRECTION('',(1.,0.,0.));
#9016=CARTESIAN_POINT('',(-228.702178,-107.345038,4.));
#9017=AXIS2_PLACEMENT_3D('',#9018,#9019,#9020);
#9018=CARTESIAN_POINT('',(-230.202178,-107.345038,4.));
#9019=DIRECTION('',(0.,0.,1.));
#9020=DIRECTION('',(1.,0.,0.));
#9021=CARTESIAN_POINT('',(-220.267459,-80.716754,4.));
#9022=AXIS2_PLACEMENT_3D('',#9023,#9024,#9025);
#9023=CARTESIAN_POINT('',(-221.767459,-80.716754,4.));
#9024=DIRECTION('',(0.,0.,1.));
#9025=DIRECTION('',(1.,0.,0.));
#9026=CARTESIAN_POINT('',(-237.181926,-86.873116,4.));
#9027=AXIS2_PLACEMENT_3D('',#9028,#9029,#9030);
#9028=CARTESIAN_POINT('',(-238.681926,-86.873116,4.));
#9029=DIRECTION('',(0.,0.,1.));
#9030=DIRECTION('',(1.,0.,0.));
#9031=CARTESIAN_POINT('',(-226.458495,-61.081295,4.));
#9032=AXIS2_PLACEMENT_3D('',#9033,#9034,#9035);
#9033=CARTESIAN_POINT('',(-227.958495,-61.081295,4.));
#9034=DIRECTION('',(0.,0.,1.));
#9035=DIRECTION('',(1.,0.,0.));
#9036=CARTESIAN_POINT('',(-243.84516,-65.740037,4.));
#9037=AXIS2_PLACEMENT_3D('',#9038,#9039,#9040);
#9038=CARTESIAN_POINT('',(-245.34516,-65.740037,4.));
#9039=DIRECTION('',(0.,0.,1.));
#9040=DIRECTION('',(1.,0.,0.));
#9041=CARTESIAN_POINT('',(-230.91463,-40.98097,4.));
#9042=AXIS2_PLACEMENT_3D('',#9043,#9044,#9045);
#9043=CARTESIAN_POINT('',(-232.41463,-40.98097,4.));
#9044=DIRECTION('',(0.,0.,1.));
#9045=DIRECTION('',(1.,0.,0.));
#9046=CARTESIAN_POINT('',(-248.641169,-44.106637,4.));
#9047=AXIS2_PLACEMENT_3D('',#9048,#9049,#9050);
#9048=CARTESIAN_POINT('',(-250.141169,-44.106637,4.));
#9049=DIRECTION('',(0.,0.,1.));
#9050=DIRECTION('',(1.,0.,0.));
#9051=CARTESIAN_POINT('',(-233.601949,-20.568755,4.));
#9052=AXIS2_PLACEMENT_3D('',#9053,#9054,#9055);
#9053=CARTESIAN_POINT('',(-235.101949,-20.568755,4.));
#9054=DIRECTION('',(0.,0.,1.));
#9055=DIRECTION('',(1.,0.,0.));
#9056=CARTESIAN_POINT('',(-251.533453,-22.137559,4.));
#9057=AXIS2_PLACEMENT_3D('',#9058,#9059,#9060);
#9058=CARTESIAN_POINT('',(-253.033453,-22.137559,4.));
#9059=DIRECTION('',(0.,0.,1.));
#9060=DIRECTION('',(1.,0.,0.));
#9061=CARTESIAN_POINT('',(-252.5,0.,4.));
#9062=AXIS2_PLACEMENT_3D('',#9063,#9064,#9065);
#9063=CARTESIAN_POINT('',(-254.,0.,4.));
#9064=DIRECTION('',(0.,0.,1.));
#9065=DIRECTION('',(1.,0.,0.));
#9066=CARTESIAN_POINT('',(-234.5,0.,4.));
#9067=AXIS2_PLACEMENT_3D('',#9068,#9069,#9070);
#9068=CARTESIAN_POINT('',(-236.,0.,4.));
#9069=DIRECTION('',(0.,0.,1.));
#9070=DIRECTION('',(1.,0.,0.));
#9071=CARTESIAN_POINT('',(-251.533453,22.137559,4.));
#9072=AXIS2_PLACEMENT_3D('',#9073,#9074,#9075);
#9073=CARTESIAN_POINT('',(-253.033453,22.137559,4.));
#9074=DIRECTION('',(0.,0.,1.));
#9075=DIRECTION('',(1.,0.,0.));
#9076=CARTESIAN_POINT('',(-233.601949,20.568755,4.));
#9077=AXIS2_PLACEMENT_3D('',#9078,#9079,#9080);
#9078=CARTESIAN_POINT('',(-235.101949,20.568755,4.));
#9079=DIRECTION('',(0.,0.,1.));
#9080=DIRECTION('',(1.,0.,0.));
#9081=CARTESIAN_POINT('',(-248.641169,44.106637,4.));
#9082=AXIS2_PLACEMENT_3D('',#9083,#9084,#9085);
#9083=CARTESIAN_POINT('',(-250.141169,44.106637,4.));
#9084=DIRECTION('',(0.,0.,1.));
#9085=DIRECTION('',(1.,0.,0.));
#9086=CARTESIAN_POINT('',(-230.91463,40.98097,4.));
#9087=AXIS2_PLACEMENT_3D('',#9088,#9089,#9090);
#9088=CARTESIAN_POINT('',(-232.41463,40.98097,4.));
#9089=DIRECTION('',(0.,0.,1.));
#9090=DIRECTION('',(1.,0.,0.));
#9091=CARTESIAN_POINT('',(-243.84516,65.740037,4.));
#9092=AXIS2_PLACEMENT_3D('',#9093,#9094,#9095);
#9093=CARTESIAN_POINT('',(-245.34516,65.740037,4.));
#9094=DIRECTION('',(0.,0.,1.));
#9095=DIRECTION('',(1.,0.,0.));
#9096=CARTESIAN_POINT('',(-226.458495,61.081295,4.));
#9097=AXIS2_PLACEMENT_3D('',#9098,#9099,#9100);
#9098=CARTESIAN_POINT('',(-227.958495,61.081295,4.));
#9099=DIRECTION('',(0.,0.,1.));
#9100=DIRECTION('',(1.,0.,0.));
#9101=CARTESIAN_POINT('',(-237.181926,86.873116,4.));
#9102=AXIS2_PLACEMENT_3D('',#9103,#9104,#9105);
#9103=CARTESIAN_POINT('',(-238.681926,86.873116,4.));
#9104=DIRECTION('',(0.,0.,1.));
#9105=DIRECTION('',(1.,0.,0.));
#9106=CARTESIAN_POINT('',(-220.267459,80.716754,4.));
#9107=AXIS2_PLACEMENT_3D('',#9108,#9109,#9110);
#9108=CARTESIAN_POINT('',(-221.767459,80.716754,4.));
#9109=DIRECTION('',(0.,0.,1.));
#9110=DIRECTION('',(1.,0.,0.));
#9111=CARTESIAN_POINT('',(-228.702178,107.345038,4.));
#9112=AXIS2_PLACEMENT_3D('',#9113,#9114,#9115);
#9113=CARTESIAN_POINT('',(-230.202178,107.345038,4.));
#9114=DIRECTION('',(0.,0.,1.));
#9115=DIRECTION('',(1.,0.,0.));
#9116=CARTESIAN_POINT('',(-212.388638,99.73791,4.));
#9117=AXIS2_PLACEMENT_3D('',#9118,#9119,#9120);
#9118=CARTESIAN_POINT('',(-213.888638,99.73791,4.));
#9119=DIRECTION('',(0.,0.,1.));
#9120=DIRECTION('',(1.,0.,0.));
#9121=CARTESIAN_POINT('',(-218.470453,127.,4.));
#9122=AXIS2_PLACEMENT_3D('',#9123,#9124,#9125);
#9123=CARTESIAN_POINT('',(-219.970453,127.,4.));
#9124=DIRECTION('',(0.,0.,1.));
#9125=DIRECTION('',(1.,0.,0.));
#9126=CARTESIAN_POINT('',(-202.881995,118.,4.));
#9127=AXIS2_PLACEMENT_3D('',#9128,#9129,#9130);
#9128=CARTESIAN_POINT('',(-204.381995,118.,4.));
#9129=DIRECTION('',(0.,0.,1.));
#9130=DIRECTION('',(1.,0.,0.));
#9131=CARTESIAN_POINT('',(-206.564619,145.688415,4.));
#9132=AXIS2_PLACEMENT_3D('',#9133,#9134,#9135);
#9133=CARTESIAN_POINT('',(-208.064619,145.688415,4.));
#9134=DIRECTION('',(0.,0.,1.));
#9135=DIRECTION('',(1.,0.,0.));
#9136=CARTESIAN_POINT('',(-191.819882,135.364039,4.));
#9137=AXIS2_PLACEMENT_3D('',#9138,#9139,#9140);
#9138=CARTESIAN_POINT('',(-193.319882,135.364039,4.));
#9139=DIRECTION('',(0.,0.,1.));
#9140=DIRECTION('',(1.,0.,0.));
#9141=CARTESIAN_POINT('',(-193.075289,163.268053,4.));
#9142=AXIS2_PLACEMENT_3D('',#9143,#9144,#9145);
#9143=CARTESIAN_POINT('',(-194.575289,163.268053,4.));
#9144=DIRECTION('',(0.,0.,1.));
#9145=DIRECTION('',(1.,0.,0.));
#9146=CARTESIAN_POINT('',(-179.286489,151.697876,4.));
#9147=AXIS2_PLACEMENT_3D('',#9148,#9149,#9150);
#9148=CARTESIAN_POINT('',(-180.786489,151.697876,4.));
#9149=DIRECTION('',(0.,0.,1.));
#9150=DIRECTION('',(1.,0.,0.));
#9151=CARTESIAN_POINT('',(-178.105122,179.605122,4.));
#9152=AXIS2_PLACEMENT_3D('',#9153,#9154,#9155);
#9153=CARTESIAN_POINT('',(-179.605122,179.605122,4.));
#9154=DIRECTION('',(0.,0.,1.));
#9155=DIRECTION('',(1.,0.,0.));
#9156=CARTESIAN_POINT('',(-165.3772,166.8772,4.));
#9157=AXIS2_PLACEMENT_3D('',#9158,#9159,#9160);
#9158=CARTESIAN_POINT('',(-166.8772,166.8772,4.));
#9159=DIRECTION('',(0.,0.,1.));
#9160=DIRECTION('',(1.,0.,0.));
#9161=CARTESIAN_POINT('',(-161.768053,194.575289,4.));
#9162=AXIS2_PLACEMENT_3D('',#9163,#9164,#9165);
#9163=CARTESIAN_POINT('',(-163.268053,194.575289,4.));
#9164=DIRECTION('',(0.,0.,1.));
#9165=DIRECTION('',(1.,0.,0.));
#9166=CARTESIAN_POINT('',(-150.197876,180.786489,4.));
#9167=AXIS2_PLACEMENT_3D('',#9168,#9169,#9170);
#9168=CARTESIAN_POINT('',(-151.697876,180.786489,4.));
#9169=DIRECTION('',(0.,0.,1.));
#9170=DIRECTION('',(1.,0.,0.));
#9171=CARTESIAN_POINT('',(-144.188415,208.064619,4.));
#9172=AXIS2_PLACEMENT_3D('',#9173,#9174,#9175);
#9173=CARTESIAN_POINT('',(-145.688415,208.064619,4.));
#9174=DIRECTION('',(0.,0.,1.));
#9175=DIRECTION('',(1.,0.,0.));
#9176=CARTESIAN_POINT('',(-133.864039,193.319882,4.));
#9177=AXIS2_PLACEMENT_3D('',#9178,#9179,#9180);
#9178=CARTESIAN_POINT('',(-135.364039,193.319882,4.));
#9179=DIRECTION('',(0.,0.,1.));
#9180=DIRECTION('',(1.,0.,0.));
#9181=CARTESIAN_POINT('',(-125.5,219.970453,4.));
#9182=AXIS2_PLACEMENT_3D('',#9183,#9184,#9185);
#9183=CARTESIAN_POINT('',(-127.,219.970453,4.));
#9184=DIRECTION('',(0.,0.,1.));
#9185=DIRECTION('',(1.,0.,0.));
#9186=CARTESIAN_POINT('',(-116.5,204.381995,4.));
#9187=AXIS2_PLACEMENT_3D('',#9188,#9189,#9190);
#9188=CARTESIAN_POINT('',(-118.,204.381995,4.));
#9189=DIRECTION('',(0.,0.,1.));
#9190=DIRECTION('',(1.,0.,0.));
#9191=CARTESIAN_POINT('',(-105.845038,230.202178,4.));
#9192=AXIS2_PLACEMENT_3D('',#9193,#9194,#9195);
#9193=CARTESIAN_POINT('',(-107.345038,230.202178,4.));
#9194=DIRECTION('',(0.,0.,1.));
#9195=DIRECTION('',(1.,0.,0.));
#9196=CARTESIAN_POINT('',(-98.23791,213.888638,4.));
#9197=AXIS2_PLACEMENT_3D('',#9198,#9199,#9200);
#9198=CARTESIAN_POINT('',(-99.73791,213.888638,4.));
#9199=DIRECTION('',(0.,0.,1.));
#9200=DIRECTION('',(1.,0.,0.));
#9201=CARTESIAN_POINT('',(-85.373116,238.681926,4.));
#9202=AXIS2_PLACEMENT_3D('',#9203,#9204,#9205);
#9203=CARTESIAN_POINT('',(-86.873116,238.681926,4.));
#9204=DIRECTION('',(0.,0.,1.));
#9205=DIRECTION('',(1.,0.,0.));
#9206=CARTESIAN_POINT('',(-79.216754,221.767459,4.));
#9207=AXIS2_PLACEMENT_3D('',#9208,#9209,#9210);
#9208=CARTESIAN_POINT('',(-80.716754,221.767459,4.));
#9209=DIRECTION('',(0.,0.,1.));
#9210=DIRECTION('',(1.,0.,0.));
#9211=CARTESIAN_POINT('',(-64.240037,245.34516,4.));
#9212=AXIS2_PLACEMENT_3D('',#9213,#9214,#9215);
#9213=CARTESIAN_POINT('',(-65.740037,245.34516,4.));
#9214=DIRECTION('',(0.,0.,1.));
#9215=DIRECTION('',(1.,0.,0.));
#9216=CARTESIAN_POINT('',(-59.581295,227.958495,4.));
#9217=AXIS2_PLACEMENT_3D('',#9218,#9219,#9220);
#9218=CARTESIAN_POINT('',(-61.081295,227.958495,4.));
#9219=DIRECTION('',(0.,0.,1.));
#9220=DIRECTION('',(1.,0.,0.));
#9221=CARTESIAN_POINT('',(-42.606637,250.141169,4.));
#9222=AXIS2_PLACEMENT_3D('',#9223,#9224,#9225);
#9223=CARTESIAN_POINT('',(-44.106637,250.141169,4.));
#9224=DIRECTION('',(0.,0.,1.));
#9225=DIRECTION('',(1.,0.,0.));
#9226=CARTESIAN_POINT('',(-39.48097,232.41463,4.));
#9227=AXIS2_PLACEMENT_3D('',#9228,#9229,#9230);
#9228=CARTESIAN_POINT('',(-40.98097,232.41463,4.));
#9229=DIRECTION('',(0.,0.,1.));
#9230=DIRECTION('',(1.,0.,0.));
#9231=CARTESIAN_POINT('',(-20.637559,253.033453,4.));
#9232=AXIS2_PLACEMENT_3D('',#9233,#9234,#9235);
#9233=CARTESIAN_POINT('',(-22.137559,253.033453,4.));
#9234=DIRECTION('',(0.,0.,1.));
#9235=DIRECTION('',(1.,0.,0.));
#9236=CARTESIAN_POINT('',(-19.068755,235.101949,4.));
#9237=AXIS2_PLACEMENT_3D('',#9238,#9239,#9240);
#9238=CARTESIAN_POINT('',(-20.568755,235.101949,4.));
#9239=DIRECTION('',(0.,0.,1.));
#9240=DIRECTION('',(1.,0.,0.));
#9241=CARTESIAN_POINT('',(1.5,254.,4.));
#9242=AXIS2_PLACEMENT_3D('',#9243,#9244,#9245);
#9243=CARTESIAN_POINT('',(0.,254.,4.));
#9244=DIRECTION('',(0.,0.,1.));
#9245=DIRECTION('',(1.,0.,0.));
#9246=CARTESIAN_POINT('',(1.5,236.,4.));
#9247=AXIS2_PLACEMENT_3D('',#9248,#9249,#9250);
#9248=CARTESIAN_POINT('',(0.,236.,4.));
#9249=DIRECTION('',(0.,0.,1.));
#9250=DIRECTION('',(1.,0.,0.));
#9251=CARTESIAN_POINT('',(23.637559,253.033453,4.));
#9252=AXIS2_PLACEMENT_3D('',#9253,#9254,#9255);
#9253=CARTESIAN_POINT('',(22.137559,253.033453,4.));
#9254=DIRECTION('',(0.,0.,1.));
#9255=DIRECTION('',(1.,0.,0.));
#9256=CARTESIAN_POINT('',(22.068755,235.101949,4.));
#9257=AXIS2_PLACEMENT_3D('',#9258,#9259,#9260);
#9258=CARTESIAN_POINT('',(20.568755,235.101949,4.));
#9259=DIRECTION('',(0.,0.,1.));
#9260=DIRECTION('',(1.,0.,0.));
#9261=CARTESIAN_POINT('',(45.606637,250.141169,4.));
#9262=AXIS2_PLACEMENT_3D('',#9263,#9264,#9265);
#9263=CARTESIAN_POINT('',(44.106637,250.141169,4.));
#9264=DIRECTION('',(0.,0.,1.));
#9265=DIRECTION('',(1.,0.,0.));
#9266=CARTESIAN_POINT('',(42.48097,232.41463,4.));
#9267=AXIS2_PLACEMENT_3D('',#9268,#9269,#9270);
#9268=CARTESIAN_POINT('',(40.98097,232.41463,4.));
#9269=DIRECTION('',(0.,0.,1.));
#9270=DIRECTION('',(1.,0.,0.));
#9271=CARTESIAN_POINT('',(67.240037,245.34516,4.));
#9272=AXIS2_PLACEMENT_3D('',#9273,#9274,#9275);
#9273=CARTESIAN_POINT('',(65.740037,245.34516,4.));
#9274=DIRECTION('',(0.,0.,1.));
#9275=DIRECTION('',(1.,0.,0.));
#9276=CARTESIAN_POINT('',(62.581295,227.958495,4.));
#9277=AXIS2_PLACEMENT_3D('',#9278,#9279,#9280);
#9278=CARTESIAN_POINT('',(61.081295,227.958495,4.));
#9279=DIRECTION('',(0.,0.,1.));
#9280=DIRECTION('',(1.,0.,0.));
#9281=CARTESIAN_POINT('',(88.373116,238.681926,4.));
#9282=AXIS2_PLACEMENT_3D('',#9283,#9284,#9285);
#9283=CARTESIAN_POINT('',(86.873116,238.681926,4.));
#9284=DIRECTION('',(0.,0.,1.));
#9285=DIRECTION('',(1.,0.,0.));
#9286=CARTESIAN_POINT('',(82.216754,221.767459,4.));
#9287=AXIS2_PLACEMENT_3D('',#9288,#9289,#9290);
#9288=CARTESIAN_POINT('',(80.716754,221.767459,4.));
#9289=DIRECTION('',(0.,0.,1.));
#9290=DIRECTION('',(1.,0.,0.));
#9291=CARTESIAN_POINT('',(108.845038,230.202178,4.));
#9292=AXIS2_PLACEMENT_3D('',#9293,#9294,#9295);
#9293=CARTESIAN_POINT('',(107.345038,230.202178,4.));
#9294=DIRECTION('',(0.,0.,1.));
#9295=DIRECTION('',(1.,0.,0.));
#9296=CARTESIAN_POINT('',(101.23791,213.888638,4.));
#9297=AXIS2_PLACEMENT_3D('',#9298,#9299,#9300);
#9298=CARTESIAN_POINT('',(99.73791,213.888638,4.));
#9299=DIRECTION('',(0.,0.,1.));
#9300=DIRECTION('',(1.,0.,0.));
#9301=CARTESIAN_POINT('',(128.5,219.970453,4.));
#9302=AXIS2_PLACEMENT_3D('',#9303,#9304,#9305);
#9303=CARTESIAN_POINT('',(127.,219.970453,4.));
#9304=DIRECTION('',(0.,0.,1.));
#9305=DIRECTION('',(1.,0.,0.));
#9306=CARTESIAN_POINT('',(119.5,204.381995,4.));
#9307=AXIS2_PLACEMENT_3D('',#9308,#9309,#9310);
#9308=CARTESIAN_POINT('',(118.,204.381995,4.));
#9309=DIRECTION('',(0.,0.,1.));
#9310=DIRECTION('',(1.,0.,0.));
#9311=CARTESIAN_POINT('',(147.188415,208.064619,4.));
#9312=AXIS2_PLACEMENT_3D('',#9313,#9314,#9315);
#9313=CARTESIAN_POINT('',(145.688415,208.064619,4.));
#9314=DIRECTION('',(0.,0.,1.));
#9315=DIRECTION('',(1.,0.,0.));
#9316=CARTESIAN_POINT('',(136.864039,193.319882,4.));
#9317=AXIS2_PLACEMENT_3D('',#9318,#9319,#9320);
#9318=CARTESIAN_POINT('',(135.364039,193.319882,4.));
#9319=DIRECTION('',(0.,0.,1.));
#9320=DIRECTION('',(1.,0.,0.));
#9321=CARTESIAN_POINT('',(164.768053,194.575289,4.));
#9322=AXIS2_PLACEMENT_3D('',#9323,#9324,#9325);
#9323=CARTESIAN_POINT('',(163.268053,194.575289,4.));
#9324=DIRECTION('',(0.,0.,1.));
#9325=DIRECTION('',(1.,0.,0.));
#9326=CARTESIAN_POINT('',(153.197876,180.786489,4.));
#9327=AXIS2_PLACEMENT_3D('',#9328,#9329,#9330);
#9328=CARTESIAN_POINT('',(151.697876,180.786489,4.));
#9329=DIRECTION('',(0.,0.,1.));
#9330=DIRECTION('',(1.,0.,0.));
#9331=CARTESIAN_POINT('',(181.105122,179.605122,4.));
#9332=AXIS2_PLACEMENT_3D('',#9333,#9334,#9335);
#9333=CARTESIAN_POINT('',(179.605122,179.605122,4.));
#9334=DIRECTION('',(0.,0.,1.));
#9335=DIRECTION('',(1.,0.,0.));
#9336=CARTESIAN_POINT('',(168.3772,166.8772,4.));
#9337=AXIS2_PLACEMENT_3D('',#9338,#9339,#9340);
#9338=CARTESIAN_POINT('',(166.8772,166.8772,4.));
#9339=DIRECTION('',(0.,0.,1.));
#9340=DIRECTION('',(1.,0.,0.));
#9341=CARTESIAN_POINT('',(196.075289,163.268053,4.));
#9342=AXIS2_PLACEMENT_3D('',#9343,#9344,#9345);
#9343=CARTESIAN_POINT('',(194.575289,163.268053,4.));
#9344=DIRECTION('',(0.,0.,1.));
#9345=DIRECTION('',(1.,0.,0.));
#9346=CARTESIAN_POINT('',(182.286489,151.697876,4.));
#9347=AXIS2_PLACEMENT_3D('',#9348,#9349,#9350);
#9348=CARTESIAN_POINT('',(180.786489,151.697876,4.));
#9349=DIRECTION('',(0.,0.,1.));
#9350=DIRECTION('',(1.,0.,0.));
#9351=CARTESIAN_POINT('',(209.564619,145.688415,4.));
#9352=AXIS2_PLACEMENT_3D('',#9353,#9354,#9355);
#9353=CARTESIAN_POINT('',(208.064619,145.688415,4.));
#9354=DIRECTION('',(0.,0.,1.));
#9355=DIRECTION('',(1.,0.,0.));
#9356=CARTESIAN_POINT('',(194.819882,135.364039,4.));
#9357=AXIS2_PLACEMENT_3D('',#9358,#9359,#9360);
#9358=CARTESIAN_POINT('',(193.319882,135.364039,4.));
#9359=DIRECTION('',(0.,0.,1.));
#9360=DIRECTION('',(1.,0.,0.));
#9361=CARTESIAN_POINT('',(221.470453,127.,4.));
#9362=AXIS2_PLACEMENT_3D('',#9363,#9364,#9365);
#9363=CARTESIAN_POINT('',(219.970453,127.,4.));
#9364=DIRECTION('',(0.,0.,1.));
#9365=DIRECTION('',(1.,0.,0.));
#9366=CARTESIAN_POINT('',(205.881995,118.,4.));
#9367=AXIS2_PLACEMENT_3D('',#9368,#9369,#9370);
#9368=CARTESIAN_POINT('',(204.381995,118.,4.));
#9369=DIRECTION('',(0.,0.,1.));
#9370=DIRECTION('',(1.,0.,0.));
#9371=CARTESIAN_POINT('',(231.702178,107.345038,4.));
#9372=AXIS2_PLACEMENT_3D('',#9373,#9374,#9375);
#9373=CARTESIAN_POINT('',(230.202178,107.345038,4.));
#9374=DIRECTION('',(0.,0.,1.));
#9375=DIRECTION('',(1.,0.,0.));
#9376=CARTESIAN_POINT('',(215.388638,99.73791,4.));
#9377=AXIS2_PLACEMENT_3D('',#9378,#9379,#9380);
#9378=CARTESIAN_POINT('',(213.888638,99.73791,4.));
#9379=DIRECTION('',(0.,0.,1.));
#9380=DIRECTION('',(1.,0.,0.));
#9381=CARTESIAN_POINT('',(240.181926,86.873116,4.));
#9382=AXIS2_PLACEMENT_3D('',#9383,#9384,#9385);
#9383=CARTESIAN_POINT('',(238.681926,86.873116,4.));
#9384=DIRECTION('',(0.,0.,1.));
#9385=DIRECTION('',(1.,0.,0.));
#9386=CARTESIAN_POINT('',(223.267459,80.716754,4.));
#9387=AXIS2_PLACEMENT_3D('',#9388,#9389,#9390);
#9388=CARTESIAN_POINT('',(221.767459,80.716754,4.));
#9389=DIRECTION('',(0.,0.,1.));
#9390=DIRECTION('',(1.,0.,0.));
#9391=CARTESIAN_POINT('',(246.84516,65.740037,4.));
#9392=AXIS2_PLACEMENT_3D('',#9393,#9394,#9395);
#9393=CARTESIAN_POINT('',(245.34516,65.740037,4.));
#9394=DIRECTION('',(0.,0.,1.));
#9395=DIRECTION('',(1.,0.,0.));
#9396=CARTESIAN_POINT('',(229.458495,61.081295,4.));
#9397=AXIS2_PLACEMENT_3D('',#9398,#9399,#9400);
#9398=CARTESIAN_POINT('',(227.958495,61.081295,4.));
#9399=DIRECTION('',(0.,0.,1.));
#9400=DIRECTION('',(1.,0.,0.));
#9401=CARTESIAN_POINT('',(251.641169,44.106637,4.));
#9402=AXIS2_PLACEMENT_3D('',#9403,#9404,#9405);
#9403=CARTESIAN_POINT('',(250.141169,44.106637,4.));
#9404=DIRECTION('',(0.,0.,1.));
#9405=DIRECTION('',(1.,0.,0.));
#9406=CARTESIAN_POINT('',(233.91463,40.98097,4.));
#9407=AXIS2_PLACEMENT_3D('',#9408,#9409,#9410);
#9408=CARTESIAN_POINT('',(232.41463,40.98097,4.));
#9409=DIRECTION('',(0.,0.,1.));
#9410=DIRECTION('',(1.,0.,0.));
#9411=CARTESIAN_POINT('',(254.533453,22.137559,4.));
#9412=AXIS2_PLACEMENT_3D('',#9413,#9414,#9415);
#9413=CARTESIAN_POINT('',(253.033453,22.137559,4.));
#9414=DIRECTION('',(0.,0.,1.));
#9415=DIRECTION('',(1.,0.,0.));
#9416=CARTESIAN_POINT('',(236.601949,20.568755,4.));
#9417=AXIS2_PLACEMENT_3D('',#9418,#9419,#9420);
#9418=CARTESIAN_POINT('',(235.101949,20.568755,4.));
#9419=DIRECTION('',(0.,0.,1.));
#9420=DIRECTION('',(1.,0.,0.));
#9421=CARTESIAN_POINT('',(237.5,0.,4.));
#9422=AXIS2_PLACEMENT_3D('',#9423,#9424,#9425);
#9423=CARTESIAN_POINT('',(236.,0.,4.));
#9424=DIRECTION('',(0.,0.,1.));
#9425=DIRECTION('',(1.,0.,0.));
#9426=CARTESIAN_POINT('',(255.5,0.,4.));
#9427=AXIS2_PLACEMENT_3D('',#9428,#9429,#9430);
#9428=CARTESIAN_POINT('',(254.,0.,4.));
#9429=DIRECTION('',(0.,0.,1.));
#9430=DIRECTION('',(1.,0.,0.));
#9431=CARTESIAN_POINT('',(236.601949,-20.568755,4.));
#9432=AXIS2_PLACEMENT_3D('',#9433,#9434,#9435);
#9433=CARTESIAN_POINT('',(235.101949,-20.568755,4.));
#9434=DIRECTION('',(0.,0.,1.));
#9435=DIRECTION('',(1.,0.,0.));
#9436=CARTESIAN_POINT('',(254.533453,-22.137559,4.));
#9437=AXIS2_PLACEMENT_3D('',#9438,#9439,#9440);
#9438=CARTESIAN_POINT('',(253.033453,-22.137559,4.));
#9439=DIRECTION('',(0.,0.,1.));
#9440=DIRECTION('',(1.,0.,0.));
#9441=CARTESIAN_POINT('',(233.91463,-40.98097,4.));
#9442=AXIS2_PLACEMENT_3D('',#9443,#9444,#9445);
#9443=CARTESIAN_POINT('',(232.41463,-40.98097,4.));
#9444=DIRECTION('',(0.,0.,1.));
#9445=DIRECTION('',(1.,0.,0.));
#9446=CARTESIAN_POINT('',(251.641169,-44.106637,4.));
#9447=AXIS2_PLACEMENT_3D('',#9448,#9449,#9450);
#9448=CARTESIAN_POINT('',(250.141169,-44.106637,4.));
#9449=DIRECTION('',(0.,0.,1.));
#9450=DIRECTION('',(1.,0.,0.));
#9451=CARTESIAN_POINT('',(229.458495,-61.081295,4.));
#9452=AXIS2_PLACEMENT_3D('',#9453,#9454,#9455);
#9453=CARTESIAN_POINT('',(227.958495,-61.081295,4.));
#9454=DIRECTION('',(0.,0.,1.));
#9455=DIRECTION('',(1.,0.,0.));
#9456=CARTESIAN_POINT('',(246.84516,-65.740037,4.));
#9457=AXIS2_PLACEMENT_3D('',#9458,#9459,#9460);
#9458=CARTESIAN_POINT('',(245.34516,-65.740037,4.));
#9459=DIRECTION('',(0.,0.,1.));
#9460=DIRECTION('',(1.,0.,0.));
#9461=CARTESIAN_POINT('',(223.267459,-80.716754,4.));
#9462=AXIS2_PLACEMENT_3D('',#9463,#9464,#9465);
#9463=CARTESIAN_POINT('',(221.767459,-80.716754,4.));
#9464=DIRECTION('',(0.,0.,1.));
#9465=DIRECTION('',(1.,0.,0.));
#9466=CARTESIAN_POINT('',(240.181926,-86.873116,4.));
#9467=AXIS2_PLACEMENT_3D('',#9468,#9469,#9470);
#9468=CARTESIAN_POINT('',(238.681926,-86.873116,4.));
#9469=DIRECTION('',(0.,0.,1.));
#9470=DIRECTION('',(1.,0.,0.));
#9471=CARTESIAN_POINT('',(215.388638,-99.73791,4.));
#9472=AXIS2_PLACEMENT_3D('',#9473,#9474,#9475);
#9473=CARTESIAN_POINT('',(213.888638,-99.73791,4.));
#9474=DIRECTION('',(0.,0.,1.));
#9475=DIRECTION('',(1.,0.,0.));
#9476=CARTESIAN_POINT('',(231.702178,-107.345038,4.));
#9477=AXIS2_PLACEMENT_3D('',#9478,#9479,#9480);
#9478=CARTESIAN_POINT('',(230.202178,-107.345038,4.));
#9479=DIRECTION('',(0.,0.,1.));
#9480=DIRECTION('',(1.,0.,0.));
#9481=CARTESIAN_POINT('',(205.881995,-118.,4.));
#9482=AXIS2_PLACEMENT_3D('',#9483,#9484,#9485);
#9483=CARTESIAN_POINT('',(204.381995,-118.,4.));
#9484=DIRECTION('',(0.,0.,1.));
#9485=DIRECTION('',(1.,0.,0.));
#9486=CARTESIAN_POINT('',(221.470453,-127.,4.));
#9487=AXIS2_PLACEMENT_3D('',#9488,#9489,#9490);
#9488=CARTESIAN_POINT('',(219.970453,-127.,4.));
#9489=DIRECTION('',(0.,0.,1.));
#9490=DIRECTION('',(1.,0.,0.));
#9491=CARTESIAN_POINT('',(194.819882,-135.364039,4.));
#9492=AXIS2_PLACEMENT_3D('',#9493,#9494,#9495);
#9493=CARTESIAN_POINT('',(193.319882,-135.364039,4.));
#9494=DIRECTION('',(0.,0.,1.));
#9495=DIRECTION('',(1.,0.,0.));
#9496=CARTESIAN_POINT('',(209.564619,-145.688415,4.));
#9497=AXIS2_PLACEMENT_3D('',#9498,#9499,#9500);
#9498=CARTESIAN_POINT('',(208.064619,-145.688415,4.));
#9499=DIRECTION('',(0.,0.,1.));
#9500=DIRECTION('',(1.,0.,0.));
#9501=CARTESIAN_POINT('',(182.286489,-151.697876,4.));
#9502=AXIS2_PLACEMENT_3D('',#9503,#9504,#9505);
#9503=CARTESIAN_POINT('',(180.786489,-151.697876,4.));
#9504=DIRECTION('',(0.,0.,1.));
#9505=DIRECTION('',(1.,0.,0.));
#9506=CARTESIAN_POINT('',(196.075289,-163.268053,4.));
#9507=AXIS2_PLACEMENT_3D('',#9508,#9509,#9510);
#9508=CARTESIAN_POINT('',(194.575289,-163.268053,4.));
#9509=DIRECTION('',(0.,0.,1.));
#9510=DIRECTION('',(1.,0.,0.));
#9511=CARTESIAN_POINT('',(168.3772,-166.8772,4.));
#9512=AXIS2_PLACEMENT_3D('',#9513,#9514,#9515);
#9513=CARTESIAN_POINT('',(166.8772,-166.8772,4.));
#9514=DIRECTION('',(0.,0.,1.));
#9515=DIRECTION('',(1.,0.,0.));
#9516=CARTESIAN_POINT('',(181.105122,-179.605122,4.));
#9517=AXIS2_PLACEMENT_3D('',#9518,#9519,#9520);
#9518=CARTESIAN_POINT('',(179.605122,-179.605122,4.));
#9519=DIRECTION('',(0.,0.,1.));
#9520=DIRECTION('',(1.,0.,0.));
#9521=CARTESIAN_POINT('',(153.197876,-180.786489,4.));
#9522=AXIS2_PLACEMENT_3D('',#9523,#9524,#9525);
#9523=CARTESIAN_POINT('',(151.697876,-180.786489,4.));
#9524=DIRECTION('',(0.,0.,1.));
#9525=DIRECTION('',(1.,0.,0.));
#9526=CARTESIAN_POINT('',(164.768053,-194.575289,4.));
#9527=AXIS2_PLACEMENT_3D('',#9528,#9529,#9530);
#9528=CARTESIAN_POINT('',(163.268053,-194.575289,4.));
#9529=DIRECTION('',(0.,0.,1.));
#9530=DIRECTION('',(1.,0.,0.));
#9531=CARTESIAN_POINT('',(136.864039,-193.319882,4.));
#9532=AXIS2_PLACEMENT_3D('',#9533,#9534,#9535);
#9533=CARTESIAN_POINT('',(135.364039,-193.319882,4.));
#9534=DIRECTION('',(0.,0.,1.));
#9535=DIRECTION('',(1.,0.,0.));
#9536=CARTESIAN_POINT('',(147.188415,-208.064619,4.));
#9537=AXIS2_PLACEMENT_3D('',#9538,#9539,#9540);
#9538=CARTESIAN_POINT('',(145.688415,-208.064619,4.));
#9539=DIRECTION('',(0.,0.,1.));
#9540=DIRECTION('',(1.,0.,0.));
#9541=CARTESIAN_POINT('',(119.5,-204.381995,4.));
#9542=AXIS2_PLACEMENT_3D('',#9543,#9544,#9545);
#9543=CARTESIAN_POINT('',(118.,-204.381995,4.));
#9544=DIRECTION('',(0.,0.,1.));
#9545=DIRECTION('',(1.,0.,0.));
#9546=CARTESIAN_POINT('',(128.5,-219.970453,4.));
#9547=AXIS2_PLACEMENT_3D('',#9548,#9549,#9550);
#9548=CARTESIAN_POINT('',(127.,-219.970453,4.));
#9549=DIRECTION('',(0.,0.,1.));
#9550=DIRECTION('',(1.,0.,0.));
#9551=CARTESIAN_POINT('',(101.23791,-213.888638,4.));
#9552=AXIS2_PLACEMENT_3D('',#9553,#9554,#9555);
#9553=CARTESIAN_POINT('',(99.73791,-213.888638,4.));
#9554=DIRECTION('',(0.,0.,1.));
#9555=DIRECTION('',(1.,0.,0.));
#9556=CARTESIAN_POINT('',(108.845038,-230.202178,4.));
#9557=AXIS2_PLACEMENT_3D('',#9558,#9559,#9560);
#9558=CARTESIAN_POINT('',(107.345038,-230.202178,4.));
#9559=DIRECTION('',(0.,0.,1.));
#9560=DIRECTION('',(1.,0.,0.));
#9561=CARTESIAN_POINT('',(82.216754,-221.767459,4.));
#9562=AXIS2_PLACEMENT_3D('',#9563,#9564,#9565);
#9563=CARTESIAN_POINT('',(80.716754,-221.767459,4.));
#9564=DIRECTION('',(0.,0.,1.));
#9565=DIRECTION('',(1.,0.,0.));
#9566=CARTESIAN_POINT('',(88.373116,-238.681926,4.));
#9567=AXIS2_PLACEMENT_3D('',#9568,#9569,#9570);
#9568=CARTESIAN_POINT('',(86.873116,-238.681926,4.));
#9569=DIRECTION('',(0.,0.,1.));
#9570=DIRECTION('',(1.,0.,0.));
#9571=CARTESIAN_POINT('',(62.581295,-227.958495,4.));
#9572=AXIS2_PLACEMENT_3D('',#9573,#9574,#9575);
#9573=CARTESIAN_POINT('',(61.081295,-227.958495,4.));
#9574=DIRECTION('',(0.,0.,1.));
#9575=DIRECTION('',(1.,0.,0.));
#9576=CARTESIAN_POINT('',(67.240037,-245.34516,4.));
#9577=AXIS2_PLACEMENT_3D('',#9578,#9579,#9580);
#9578=CARTESIAN_POINT('',(65.740037,-245.34516,4.));
#9579=DIRECTION('',(0.,0.,1.));
#9580=DIRECTION('',(1.,0.,0.));
#9581=CARTESIAN_POINT('',(42.48097,-232.41463,4.));
#9582=AXIS2_PLACEMENT_3D('',#9583,#9584,#9585);
#9583=CARTESIAN_POINT('',(40.98097,-232.41463,4.));
#9584=DIRECTION('',(0.,0.,1.));
#9585=DIRECTION('',(1.,0.,0.));
#9586=CARTESIAN_POINT('',(45.606637,-250.141169,4.));
#9587=AXIS2_PLACEMENT_3D('',#9588,#9589,#9590);
#9588=CARTESIAN_POINT('',(44.106637,-250.141169,4.));
#9589=DIRECTION('',(0.,0.,1.));
#9590=DIRECTION('',(1.,0.,0.));
#9591=CARTESIAN_POINT('',(22.068755,-235.101949,4.));
#9592=AXIS2_PLACEMENT_3D('',#9593,#9594,#9595);
#9593=CARTESIAN_POINT('',(20.568755,-235.101949,4.));
#9594=DIRECTION('',(0.,0.,1.));
#9595=DIRECTION('',(1.,0.,0.));
#9596=CARTESIAN_POINT('',(23.637559,-253.033453,4.));
#9597=AXIS2_PLACEMENT_3D('',#9598,#9599,#9600);
#9598=CARTESIAN_POINT('',(22.137559,-253.033453,4.));
#9599=DIRECTION('',(0.,0.,1.));
#9600=DIRECTION('',(1.,0.,0.));
#9601=CARTESIAN_POINT('',(1.5,-254.,4.));
#9602=AXIS2_PLACEMENT_3D('',#9603,#9604,#9605);
#9603=CARTESIAN_POINT('',(0.,-254.,4.));
#9604=DIRECTION('',(0.,0.,1.));
#9605=DIRECTION('',(1.,0.,0.));
#9606=AXIS2_PLACEMENT_3D('',#9607,#9608,#9609);
#9607=CARTESIAN_POINT('',(0.,-254.,4.));
#9608=DIRECTION('',(0.,0.,1.));
#9609=DIRECTION('',(1.,0.,0.));
#9610=CARTESIAN_POINT('',(1.5,-236.,4.));
#9611=AXIS2_PLACEMENT_3D('',#9612,#9613,#9614);
#9612=CARTESIAN_POINT('',(0.,-236.,4.));
#9613=DIRECTION('',(0.,0.,1.));
#9614=DIRECTION('',(1.,0.,0.));
#9615=AXIS2_PLACEMENT_3D('',#9616,#9617,#9618);
#9616=CARTESIAN_POINT('',(0.,-236.,4.));
#9617=DIRECTION('',(0.,0.,1.));
#9618=DIRECTION('',(1.,0.,0.));
#9619=CARTESIAN_POINT('',(30.491462753802,85.559876577255,4.));
#9620=AXIS2_PLACEMENT_3D('',#9621,#9622,#9623);
#9621=CARTESIAN_POINT('',(28.991462753802,85.559876577255,4.));
#9622=DIRECTION('',(0.,0.,1.));
#9623=DIRECTION('',(1.,0.,0.));
#9624=CARTESIAN_POINT('',(87.059849387347,28.991415100515,4.));
#9625=AXIS2_PLACEMENT_3D('',#9626,#9627,#9628);
#9626=CARTESIAN_POINT('',(85.559849387347,28.991415100515,4.));
#9627=DIRECTION('',(0.,0.,1.));
#9628=DIRECTION('',(1.,0.,0.));
#9629=CARTESIAN_POINT('',(58.775588593929,57.275697307154,4.));
#9630=AXIS2_PLACEMENT_3D('',#9631,#9632,#9633);
#9631=CARTESIAN_POINT('',(57.275588593929,57.275697307154,4.));
#9632=DIRECTION('',(0.,0.,1.));
#9633=DIRECTION('',(1.,0.,0.));
#9634=CARTESIAN_POINT('',(-27.49133534216,-85.559894,4.));
#9635=AXIS2_PLACEMENT_3D('',#9636,#9637,#9638);
#9636=CARTESIAN_POINT('',(-28.99133534216,-85.559894,4.));
#9637=DIRECTION('',(0.,0.,1.));
#9638=DIRECTION('',(1.,0.,0.));
#9639=CARTESIAN_POINT('',(-55.77564783702,-57.275664,4.));
#9640=AXIS2_PLACEMENT_3D('',#9641,#9642,#9643);
#9641=CARTESIAN_POINT('',(-57.27564783702,-57.275664,4.));
#9642=DIRECTION('',(0.,0.,1.));
#9643=DIRECTION('',(1.,0.,0.));
#9644=CARTESIAN_POINT('',(-84.059905,-28.99137887219,4.));
#9645=AXIS2_PLACEMENT_3D('',#9646,#9647,#9648);
#9646=CARTESIAN_POINT('',(-85.559905,-28.99137887219,4.));
#9647=DIRECTION('',(0.,0.,1.));
#9648=DIRECTION('',(1.,0.,0.));
#9649=CARTESIAN_POINT('',(-13.5,-217.,4.));
#9650=AXIS2_PLACEMENT_3D('',#9651,#9652,#9653);
#9651=CARTESIAN_POINT('',(-15.,-217.,4.));
#9652=DIRECTION('',(0.,0.,1.));
#9653=DIRECTION('',(1.,0.,0.));
#9654=CARTESIAN_POINT('',(16.5,-217.,4.));
#9655=AXIS2_PLACEMENT_3D('',#9656,#9657,#9658);
#9656=CARTESIAN_POINT('',(15.,-217.,4.));
#9657=DIRECTION('',(0.,0.,1.));
#9658=DIRECTION('',(1.,0.,0.));
#9659=CARTESIAN_POINT('',(16.5,-177.,4.));
#9660=AXIS2_PLACEMENT_3D('',#9661,#9662,#9663);
#9661=CARTESIAN_POINT('',(15.,-177.,4.));
#9662=DIRECTION('',(0.,0.,1.));
#9663=DIRECTION('',(1.,0.,0.));
#9664=CARTESIAN_POINT('',(-13.5,-177.,4.));
#9665=AXIS2_PLACEMENT_3D('',#9666,#9667,#9668);
#9666=CARTESIAN_POINT('',(-15.,-177.,4.));
#9667=DIRECTION('',(0.,0.,1.));
#9668=DIRECTION('',(1.,0.,0.));
#9669=CARTESIAN_POINT('',(-215.5,15.,4.));
#9670=AXIS2_PLACEMENT_3D('',#9671,#9672,#9673);
#9671=CARTESIAN_POINT('',(-217.,15.,4.));
#9672=DIRECTION('',(0.,0.,1.));
#9673=DIRECTION('',(1.,0.,0.));
#9674=CARTESIAN_POINT('',(-215.5,-15.,4.));
#9675=AXIS2_PLACEMENT_3D('',#9676,#9677,#9678);
#9676=CARTESIAN_POINT('',(-217.,-15.,4.));
#9677=DIRECTION('',(0.,0.,1.));
#9678=DIRECTION('',(1.,0.,0.));
#9679=CARTESIAN_POINT('',(-175.5,-15.,4.));
#9680=AXIS2_PLACEMENT_3D('',#9681,#9682,#9683);
#9681=CARTESIAN_POINT('',(-177.,-15.,4.));
#9682=DIRECTION('',(0.,0.,1.));
#9683=DIRECTION('',(1.,0.,0.));
#9684=CARTESIAN_POINT('',(-175.5,15.,4.));
#9685=AXIS2_PLACEMENT_3D('',#9686,#9687,#9688);
#9686=CARTESIAN_POINT('',(-177.,15.,4.));
#9687=DIRECTION('',(0.,0.,1.));
#9688=DIRECTION('',(1.,0.,0.));
#9689=CARTESIAN_POINT('',(16.5,217.,4.));
#9690=AXIS2_PLACEMENT_3D('',#9691,#9692,#9693);
#9691=CARTESIAN_POINT('',(15.,217.,4.));
#9692=DIRECTION('',(0.,0.,1.));
#9693=DIRECTION('',(1.,0.,0.));
#9694=CARTESIAN_POINT('',(-13.5,217.,4.));
#9695=AXIS2_PLACEMENT_3D('',#9696,#9697,#9698);
#9696=CARTESIAN_POINT('',(-15.,217.,4.));
#9697=DIRECTION('',(0.,0.,1.));
#9698=DIRECTION('',(1.,0.,0.));
#9699=CARTESIAN_POINT('',(-13.5,177.,4.));
#9700=AXIS2_PLACEMENT_3D('',#9701,#9702,#9703);
#9701=CARTESIAN_POINT('',(-15.,177.,4.));
#9702=DIRECTION('',(0.,0.,1.));
#9703=DIRECTION('',(1.,0.,0.));
#9704=CARTESIAN_POINT('',(16.5,177.,4.));
#9705=AXIS2_PLACEMENT_3D('',#9706,#9707,#9708);
#9706=CARTESIAN_POINT('',(15.,177.,4.));
#9707=DIRECTION('',(0.,0.,1.));
#9708=DIRECTION('',(1.,0.,0.));
#9709=CARTESIAN_POINT('',(218.5,15.,4.));
#9710=AXIS2_PLACEMENT_3D('',#9711,#9712,#9713);
#9711=CARTESIAN_POINT('',(217.,15.,4.));
#9712=DIRECTION('',(0.,0.,1.));
#9713=DIRECTION('',(1.,0.,0.));
#9714=CARTESIAN_POINT('',(218.5,-15.,4.));
#9715=AXIS2_PLACEMENT_3D('',#9716,#9717,#9718);
#9716=CARTESIAN_POINT('',(217.,-15.,4.));
#9717=DIRECTION('',(0.,0.,1.));
#9718=DIRECTION('',(1.,0.,0.));
#9719=CARTESIAN_POINT('',(178.5,-15.,4.));
#9720=AXIS2_PLACEMENT_3D('',#9721,#9722,#9723);
#9721=CARTESIAN_POINT('',(177.,-15.,4.));
#9722=DIRECTION('',(0.,0.,1.));
#9723=DIRECTION('',(1.,0.,0.));
#9724=CARTESIAN_POINT('',(178.5,15.,4.));
#9725=AXIS2_PLACEMENT_3D('',#9726,#9727,#9728);
#9726=CARTESIAN_POINT('',(177.,15.,4.));
#9727=DIRECTION('',(0.,0.,1.));
#9728=DIRECTION('',(1.,0.,0.));
ENDSEC;
END-ISO-10303-21;
