  0
SECTION
  2
HEADER
  9
$ACADVER
  1
AC1032
  9
$ACADMAINTVER
 90
       55
  9
$DWGCODEPAGE
  3
ANSI_1251
  9
$LASTSAVEDBY
  1
User
  9
$REQUIREDVERSIONS
160
                 0
  9
$INSBASE
 10
0.0
 20
0.0
 30
0.0
  9
$EXTMIN
 10
-158.7832082867866
 20
-99.63354400885544
 30
0.0
  9
$EXTMAX
 10
361.2167917132134
 20
420.3664559911446
 30
0.0
  9
$LIMMIN
 10
0.0
 20
0.0
  9
$LIMMAX
 10
420.0
 20
297.0
  9
$ORTHOMODE
 70
     0
  9
$REGENMODE
 70
     1
  9
$FILLMODE
 70
     1
  9
$QTEXTMODE
 70
     0
  9
$MIRRTEXT
 70
     1
  9
$LTSCALE
 40
1.0
  9
$ATTMODE
 70
     1
  9
$TEXTSIZE
 40
2.5
  9
$TRACEWID
 40
1.0
  9
$TEXTSTYLE
  7
Standard
  9
$CLAYER
  8
0
  9
$CELTYPE
  6
ByLayer
  9
$CECOLOR
 62
   256
  9
$CELTSCALE
 40
1.0
  9
$DISPSILH
 70
     0
  9
$DIMSCALE
 40
1.0
  9
$DIMASZ
 40
2.5
  9
$DIMEXO
 40
0.625
  9
$DIMDLI
 40
3.75
  9
$DIMRND
 40
0.0
  9
$DIMDLE
 40
0.0
  9
$DIMEXE
 40
1.25
  9
$DIMTP
 40
0.0
  9
$DIMTM
 40
0.0
  9
$DIMTXT
 40
2.5
  9
$DIMCEN
 40
2.5
  9
$DIMTSZ
 40
0.0
  9
$DIMTOL
 70
     0
  9
$DIMLIM
 70
     0
  9
$DIMTIH
 70
     0
  9
$DIMTOH
 70
     0
  9
$DIMSE1
 70
     0
  9
$DIMSE2
 70
     0
  9
$DIMTAD
 70
     1
  9
$DIMZIN
 70
     8
  9
$DIMBLK
  1

  9
$DIMASO
 70
     1
  9
$DIMSHO
 70
     1
  9
$DIMPOST
  1

  9
$DIMAPOST
  1

  9
$DIMALT
 70
     0
  9
$DIMALTD
 70
     3
  9
$DIMALTF
 40
0.03937007874016
  9
$DIMLFAC
 40
1.0
  9
$DIMTOFL
 70
     1
  9
$DIMTVP
 40
0.0
  9
$DIMTIX
 70
     0
  9
$DIMSOXD
 70
     0
  9
$DIMSAH
 70
     0
  9
$DIMBLK1
  1

  9
$DIMBLK2
  1

  9
$DIMSTYLE
  2
ISO-25
  9
$DIMCLRD
 70
     0
  9
$DIMCLRE
 70
     0
  9
$DIMCLRT
 70
     0
  9
$DIMTFAC
 40
1.0
  9
$DIMGAP
 40
0.625
  9
$DIMJUST
 70
     0
  9
$DIMSD1
 70
     0
  9
$DIMSD2
 70
     0
  9
$DIMTOLJ
 70
     0
  9
$DIMTZIN
 70
     8
  9
$DIMALTZ
 70
     0
  9
$DIMALTTZ
 70
     0
  9
$DIMUPT
 70
     0
  9
$DIMDEC
 70
     2
  9
$DIMTDEC
 70
     2
  9
$DIMALTU
 70
     2
  9
$DIMALTTD
 70
     3
  9
$DIMTXSTY
  7
Standard
  9
$DIMAUNIT
 70
     0
  9
$DIMADEC
 70
     0
  9
$DIMALTRND
 40
0.0
  9
$DIMAZIN
 70
     0
  9
$DIMDSEP
 70
    44
  9
$DIMATFIT
 70
     3
  9
$DIMFRAC
 70
     0
  9
$DIMLDRBLK
  1

  9
$DIMLUNIT
 70
     2
  9
$DIMLWD
 70
    -2
  9
$DIMLWE
 70
    -2
  9
$DIMTMOVE
 70
     0
  9
$DIMFXL
 40
1.0
  9
$DIMFXLON
 70
     0
  9
$DIMJOGANG
 40
0.7853981633974483
  9
$DIMTFILL
 70
     0
  9
$DIMTFILLCLR
 70
     0
  9
$DIMARCSYM
 70
     0
  9
$DIMLTYPE
  6

  9
$DIMLTEX1
  6

  9
$DIMLTEX2
  6

  9
$DIMTXTDIRECTION
 70
     0
  9
$LUNITS
 70
     2
  9
$LUPREC
 70
     4
  9
$SKETCHINC
 40
1.0
  9
$FILLETRAD
 40
0.0
  9
$AUNITS
 70
     0
  9
$AUPREC
 70
     0
  9
$MENU
  1
.
  9
$ELEVATION
 40
0.0
  9
$PELEVATION
 40
0.0
  9
$THICKNESS
 40
0.0
  9
$LIMCHECK
 70
     0
  9
$CHAMFERA
 40
0.0
  9
$CHAMFERB
 40
0.0
  9
$CHAMFERC
 40
0.0
  9
$CHAMFERD
 40
0.0
  9
$SKPOLY
 70
     0
  9
$TDCREATE
 40
2460983.690545428
  9
$TDUCREATE
 40
2460983.565545428
  9
$TDUPDATE
 40
2460983.690546158
  9
$TDUUPDATE
 40
2460983.565546158
  9
$TDINDWG
 40
0.0000000116
  9
$TDUSRTIMER
 40
0.0000000116
  9
$USRTIMER
 70
     1
  9
$ANGBASE
 50
0.0
  9
$ANGDIR
 70
     0
  9
$PDMODE
 70
     0
  9
$PDSIZE
 40
0.0
  9
$PLINEWID
 40
0.0
  9
$SPLFRAME
 70
     0
  9
$SPLINETYPE
 70
     6
  9
$SPLINESEGS
 70
     8
  9
$HANDSEED
  5
1C6
  9
$SURFTAB1
 70
     6
  9
$SURFTAB2
 70
     6
  9
$SURFTYPE
 70
     6
  9
$SURFU
 70
     6
  9
$SURFV
 70
     6
  9
$UCSBASE
  2

  9
$UCSNAME
  2

  9
$UCSORG
 10
0.0
 20
0.0
 30
0.0
  9
$UCSXDIR
 10
1.0
 20
0.0
 30
0.0
  9
$UCSYDIR
 10
0.0
 20
1.0
 30
0.0
  9
$UCSORTHOREF
  2

  9
$UCSORTHOVIEW
 70
     0
  9
$UCSORGTOP
 10
0.0
 20
0.0
 30
0.0
  9
$UCSORGBOTTOM
 10
0.0
 20
0.0
 30
0.0
  9
$UCSORGLEFT
 10
0.0
 20
0.0
 30
0.0
  9
$UCSORGRIGHT
 10
0.0
 20
0.0
 30
0.0
  9
$UCSORGFRONT
 10
0.0
 20
0.0
 30
0.0
  9
$UCSORGBACK
 10
0.0
 20
0.0
 30
0.0
  9
$PUCSBASE
  2

  9
$PUCSNAME
  2

  9
$PUCSORG
 10
0.0
 20
0.0
 30
0.0
  9
$PUCSXDIR
 10
1.0
 20
0.0
 30
0.0
  9
$PUCSYDIR
 10
0.0
 20
1.0
 30
0.0
  9
$PUCSORTHOREF
  2

  9
$PUCSORTHOVIEW
 70
     0
  9
$PUCSORGTOP
 10
0.0
 20
0.0
 30
0.0
  9
$PUCSORGBOTTOM
 10
0.0
 20
0.0
 30
0.0
  9
$PUCSORGLEFT
 10
0.0
 20
0.0
 30
0.0
  9
$PUCSORGRIGHT
 10
0.0
 20
0.0
 30
0.0
  9
$PUCSORGFRONT
 10
0.0
 20
0.0
 30
0.0
  9
$PUCSORGBACK
 10
0.0
 20
0.0
 30
0.0
  9
$USERI1
 70
     0
  9
$USERI2
 70
     0
  9
$USERI3
 70
     0
  9
$USERI4
 70
     0
  9
$USERI5
 70
     0
  9
$USERR1
 40
0.0
  9
$USERR2
 40
0.0
  9
$USERR3
 40
0.0
  9
$USERR4
 40
0.0
  9
$USERR5
 40
0.0
  9
$WORLDVIEW
 70
     1
  9
$SHADEDGE
 70
     3
  9
$SHADEDIF
 70
    70
  9
$TILEMODE
 70
     1
  9
$MAXACTVP
 70
    64
  9
$PINSBASE
 10
0.0
 20
0.0
 30
0.0
  9
$PLIMCHECK
 70
     0
  9
$PEXTMIN
 10
1.000000000000000E+20
 20
1.000000000000000E+20
 30
1.000000000000000E+20
  9
$PEXTMAX
 10
-1.000000000000000E+20
 20
-1.000000000000000E+20
 30
-1.000000000000000E+20
  9
$PLIMMIN
 10
0.0
 20
0.0
  9
$PLIMMAX
 10
420.0
 20
297.0
  9
$UNITMODE
 70
     0
  9
$VISRETAIN
 70
     1
  9
$PLINEGEN
 70
     0
  9
$PSLTSCALE
 70
     1
  9
$TREEDEPTH
 70
  3020
  9
$CMLSTYLE
  2
Standard
  9
$CMLJUST
 70
     0
  9
$CMLSCALE
 40
20.0
  9
$PROXYGRAPHICS
 70
     1
  9
$MEASUREMENT
 70
     1
  9
$CELWEIGHT
370
    -1
  9
$ENDCAPS
280
     0
  9
$JOINSTYLE
280
     0
  9
$LWDISPLAY
290
     0
  9
$INSUNITS
 70
     4
  9
$HYPERLINKBASE
  1

  9
$STYLESHEET
  1

  9
$XEDIT
290
     1
  9
$CEPSNTYPE
380
     0
  9
$PSTYLEMODE
290
     1
  9
$FINGERPRINTGUID
  2
{8ce31154-a162-45e4-835d-b3708e5c1099}
  9
$VERSIONGUID
  2
{FAEB1C32-E019-11D5-929B-00C0DF256EC4}
  9
$EXTNAMES
290
     1
  9
$PSVPSCALE
 40
0.0
  9
$OLESTARTUP
290
     0
  9
$SORTENTS
280
   127
  9
$INDEXCTL
280
     0
  9
$HIDETEXT
280
     1
  9
$XCLIPFRAME
280
     2
  9
$HALOGAP
280
     0
  9
$OBSCOLOR
 70
   257
  9
$OBSLTYPE
280
     0
  9
$INTERSECTIONDISPLAY
280
     0
  9
$INTERSECTIONCOLOR
 70
   257
  9
$DIMASSOC
280
     2
  9
$PROJECTNAME
  1

  9
$CAMERADISPLAY
290
     0
  9
$LENSLENGTH
 40
50.0
  9
$CAMERAHEIGHT
 40
0.0
  9
$STEPSPERSEC
 40
2.0
  9
$STEPSIZE
 40
6.0
  9
$3DDWFPREC
 40
2.0
  9
$PSOLWIDTH
 40
5.0
  9
$PSOLHEIGHT
 40
80.0
  9
$LOFTANG1
 40
1.570796326794897
  9
$LOFTANG2
 40
1.570796326794897
  9
$LOFTMAG1
 40
0.0
  9
$LOFTMAG2
 40
0.0
  9
$LOFTPARAM
 70
     7
  9
$LOFTNORMALS
280
     1
  9
$LATITUDE
 40
37.795
  9
$LONGITUDE
 40
-122.394
  9
$NORTHDIRECTION
 40
0.0
  9
$TIMEZONE
 70
 -8000
  9
$LIGHTGLYPHDISPLAY
280
     1
  9
$TILEMODELIGHTSYNCH
280
     1
  9
$CMATERIAL
347
44
  9
$SOLIDHIST
280
     0
  9
$SHOWHIST
280
     1
  9
$DWFFRAME
280
     2
  9
$DGNFRAME
280
     2
  9
$REALWORLDSCALE
290
     1
  9
$INTERFERECOLOR
 62
   256
  9
$CSHADOW
280
     0
  9
$SHADOWPLANELOCATION
 40
0.0
  0
ENDSEC
  0
SECTION
  2
CLASSES
  0
CLASS
  1
ACDBDICTIONARYWDFLT
  2
AcDbDictionaryWithDefault
  3
ObjectDBX Classes
 90
        0
 91
        3
280
     0
281
     0
  0
CLASS
  1
VISUALSTYLE
  2
AcDbVisualStyle
  3
ObjectDBX Classes
 90
     4095
 91
        3
280
     0
281
     0
  0
CLASS
  1
MATERIAL
  2
AcDbMaterial
  3
ObjectDBX Classes
 90
     1153
 91
        3
280
     0
281
     0
  0
CLASS
  1
SCALE
  2
AcDbScale
  3
ObjectDBX Classes
 90
     1153
 91
        3
280
     0
281
     0
  0
CLASS
  1
TABLESTYLE
  2
AcDbTableStyle
  3
ObjectDBX Classes
 90
     4095
 91
        3
280
     0
281
     0
  0
CLASS
  1
MLEADERSTYLE
  2
AcDbMLeaderStyle
  3
ACDB_MLEADERSTYLE_CLASS
 90
     4095
 91
        3
280
     0
281
     0
  0
CLASS
  1
SUN
  2
AcDbSun
  3
SCENEOE
 90
     1153
 91
        3
280
     0
281
     0
  0
CLASS
  1
DICTIONARYVAR
  2
AcDbDictionaryVar
  3
ObjectDBX Classes
 90
        0
 91
        3
280
     0
281
     0
  0
CLASS
  1
CELLSTYLEMAP
  2
AcDbCellStyleMap
  3
ObjectDBX Classes
 90
     1152
 91
        3
280
     0
281
     0
  0
ENDSEC
  0
SECTION
  2
TABLES
  0
TABLE
  2
VPORT
  5
8
330
0
100
AcDbSymbolTable
 70
     1
  0
VPORT
  5
29
330
8
100
AcDbSymbolTableRecord
100
AcDbViewportTableRecord
  2
*Active
 70
     0
 10
0.0
 20
0.0
 11
1.0
 21
1.0
 12
101.2167917132135
 22
160.3664559911446
 13
0.0
 23
0.0
 14
10.0
 24
10.0
 15
10.0
 25
10.0
 16
0.0
 26
0.0
 36
1.0
 17
0.0
 27
0.0
 37
0.0
 40
530.4
 41
1.0
 42
50.0
 43
0.0
 44
0.0
 50
0.0
 51
0.0
 71
     0
 72
   100
 73
     1
 74
     3
 75
     0
 76
     0
 77
     0
 78
     0
281
     0
 65
     1
110
0.0
120
0.0
130
0.0
111
1.0
121
0.0
131
0.0
112
0.0
122
1.0
132
0.0
 79
     0
146
0.0
348
2F
 60
     3
 61
     5
292
     1
282
     1
141
0.0
142
0.0
 63
   250
361
5D
  0
ENDTAB
  0
TABLE
  2
LTYPE
  5
5
330
0
100
AcDbSymbolTable
 70
     2
  0
LTYPE
  5
14
330
5
100
AcDbSymbolTableRecord
100
AcDbLinetypeTableRecord
  2
ByBlock
 70
     0
  3

 72
    65
 73
     0
 40
0.0
  0
LTYPE
  5
15
330
5
100
AcDbSymbolTableRecord
100
AcDbLinetypeTableRecord
  2
ByLayer
 70
     0
  3

 72
    65
 73
     0
 40
0.0
  0
LTYPE
  5
16
330
5
100
AcDbSymbolTableRecord
100
AcDbLinetypeTableRecord
  2
Continuous
 70
     0
  3
Solid line
 72
    65
 73
     0
 40
0.0
  0
LTYPE
  5
61
330
5
100
AcDbSymbolTableRecord
100
AcDbLinetypeTableRecord
  2
K5LT_BASIC
 70
     0
  3

 72
    65
 73
     0
 40
0.0
  0
ENDTAB
  0
TABLE
  2
LAYER
  5
2
330
0
100
AcDbSymbolTable
 70
     3
  0
LAYER
  5
10
330
2
100
AcDbSymbolTableRecord
100
AcDbLayerTableRecord
  2
0
 70
     0
 62
     7
  6
Continuous
370
    -3
390
F
347
46
348
0
  0
LAYER
  5
5F
330
2
100
AcDbSymbolTableRecord
100
AcDbLayerTableRecord
  2
Системный слой
 70
     0
 62
     7
  6
Continuous
370
    -3
390
F
347
46
348
0
  0
LAYER
  5
60
330
2
100
AcDbSymbolTableRecord
100
AcDbLayerTableRecord
  2
Системный слой (1)
 70
     0
 62
   251
420
  7105644
  6
Continuous
370
    -3
390
F
347
46
348
0
  0
ENDTAB
  0
TABLE
  2
STYLE
  5
3
330
0
100
AcDbSymbolTable
 70
     1
  0
STYLE
  5
11
330
3
100
AcDbSymbolTableRecord
100
AcDbTextStyleTableRecord
  2
Standard
 70
     0
 40
0.0
 41
1.0
 50
0.0
 71
     0
 42
2.5
  3
txt
  4

  0
ENDTAB
  0
TABLE
  2
VIEW
  5
6
330
0
100
AcDbSymbolTable
 70
     0
  0
ENDTAB
  0
TABLE
  2
UCS
  5
7
330
0
100
AcDbSymbolTable
 70
     0
  0
ENDTAB
  0
TABLE
  2
APPID
  5
9
330
0
100
AcDbSymbolTable
 70
     2
  0
APPID
  5
12
330
9
100
AcDbSymbolTableRecord
100
AcDbRegAppTableRecord
  2
ACAD
 70
     0
  0
APPID
  5
5E
330
9
100
AcDbSymbolTableRecord
100
AcDbRegAppTableRecord
  2
KOMPAS
 70
     0
  0
ENDTAB
  0
TABLE
  2
DIMSTYLE
  5
A
330
0
100
AcDbSymbolTable
 70
     1
100
AcDbDimStyleTable
  0
DIMSTYLE
105
27
330
A
100
AcDbSymbolTableRecord
100
AcDbDimStyleTableRecord
  2
ISO-25
 70
     0
 41
2.5
 42
0.625
 43
3.75
 44
1.25
 73
     0
 74
     0
 77
     1
 78
     8
140
2.5
141
2.5
143
0.03937007874016
147
0.625
171
     3
172
     1
178
     0
271
     2
272
     2
274
     3
278
    44
283
     0
284
     8
340
11
  0
ENDTAB
  0
TABLE
  2
BLOCK_RECORD
  5
1
330
0
100
AcDbSymbolTable
 70
     1
  0
BLOCK_RECORD
  5
1F
330
1
100
AcDbSymbolTableRecord
100
AcDbBlockTableRecord
  2
*Model_Space
340
22
 70
     0
280
     1
281
     0
  0
BLOCK_RECORD
  5
1B
330
1
100
AcDbSymbolTableRecord
100
AcDbBlockTableRecord
  2
*Paper_Space
340
1E
 70
     0
280
     1
281
     0
  0
BLOCK_RECORD
  5
23
330
1
100
AcDbSymbolTableRecord
100
AcDbBlockTableRecord
  2
*Paper_Space0
340
26
 70
     0
280
     1
281
     0
  0
ENDTAB
  0
ENDSEC
  0
SECTION
  2
BLOCKS
  0
BLOCK
  5
20
330
1F
100
AcDbEntity
  8
0
100
AcDbBlockBegin
  2
*Model_Space
 70
     0
 10
0.0
 20
0.0
 30
0.0
  3
*Model_Space
  1

  0
ENDBLK
  5
21
330
1F
100
AcDbEntity
  8
0
100
AcDbBlockEnd
  0
BLOCK
  5
1C
330
1B
100
AcDbEntity
 67
     1
  8
0
100
AcDbBlockBegin
  2
*Paper_Space
 70
     0
 10
0.0
 20
0.0
 30
0.0
  3
*Paper_Space
  1

  0
ENDBLK
  5
1D
330
1B
100
AcDbEntity
 67
     1
  8
0
100
AcDbBlockEnd
  0
BLOCK
  5
24
330
23
100
AcDbEntity
  8
0
100
AcDbBlockBegin
  2
*Paper_Space0
 70
     0
 10
0.0
 20
0.0
 30
0.0
  3
*Paper_Space0
  1

  0
ENDBLK
  5
25
330
23
100
AcDbEntity
  8
0
100
AcDbBlockEnd
  0
ENDSEC
  0
SECTION
  2
ENTITIES
  0
CIRCLE
  5
62
330
1F
100
AcDbEntity
  8
Системный слой (1)
  6
K5LT_BASIC
 62
   150
420
    33023
370
    60
100
AcDbCircle
 10
-134.7832080944266
 20
160.3664560156145
 30
0.0
 40
1.5
  0
CIRCLE
  5
63
330
1F
100
AcDbEntity
  8
Системный слой (1)
  6
K5LT_BASIC
 62
   150
420
    33023
370
    60
100
AcDbCircle
 10
183.9481867541054
 20
98.84809374679651
 30
0.0
 40
1.5
  0
CIRCLE
  5
64
330
1F
100
AcDbEntity
  8
Системный слой (1)
  6
K5LT_BASIC
 62
   150
420
    33023
370
    60
100
AcDbCircle
 10
246.9051759055734
 20
368.4310950156145
 30
0.0
 40
1.5
  0
CIRCLE
  5
65
330
1F
100
AcDbEntity
  8
Системный слой (1)
  6
K5LT_BASIC
 62
   150
420
    33023
370
    60
100
AcDbCircle
 10
281.8496909055734
 20
325.8861070156145
 30
0.0
 40
4.0
  0
CIRCLE
  5
66
330
1F
100
AcDbEntity
  8
Системный слой (1)
  6
K5LT_BASIC
 62
   150
420
    33023
370
    60
100
AcDbCircle
 10
-120.5506670944266
 20
241.0832100156145
 30
0.0
 40
1.5
  0
CIRCLE
  5
67
330
1F
100
AcDbEntity
  8
Системный слой (1)
  6
K5LT_BASIC
 62
   150
420
    33023
370
    60
100
AcDbCircle
 10
-75.78320809442658
 20
175.3664560156145
 30
0.0
 40
1.5
  0
CIRCLE
  5
68
330
1F
100
AcDbEntity
  8
Системный слой (1)
  6
K5LT_BASIC
 62
   150
420
    33023
370
    60
100
AcDbCircle
 10
294.5366739055734
 20
295.7304950156145
 30
0.0
 40
1.5
  0
CIRCLE
  5
69
330
1F
100
AcDbEntity
  8
Системный слой (1)
  6
K5LT_BASIC
 62
   150
420
    33023
370
    60
100
AcDbCircle
 10
86.21679190557342
 20
-16.63354398438548
 30
0.0
 40
1.5
  0
CIRCLE
  5
6A
330
1F
100
AcDbEntity
  8
Системный слой (1)
  6
K5LT_BASIC
 62
   150
420
    33023
370
    60
100
AcDbCircle
 10
200.9547019055734
 20
-53.52218198438547
 30
0.0
 40
1.5
  0
CIRCLE
  5
6B
330
1F
100
AcDbEntity
  8
Системный слой (1)
  6
K5LT_BASIC
 62
   150
420
    33023
370
    60
100
AcDbCircle
 10
188.0900439055734
 20
-78.31540598438548
 30
0.0
 40
1.5
  0
CIRCLE
  5
6C
330
1F
100
AcDbEntity
  8
Системный слой (1)
  6
K5LT_BASIC
 62
   150
420
    33023
370
    60
100
AcDbCircle
 10
331.4189379055734
 20
267.7115530156145
 30
0.0
 40
1.5
  0
CIRCLE
  5
6D
330
1F
100
AcDbEntity
  8
Системный слой (1)
  6
K5LT_BASIC
 62
   150
420
    33023
370
    60
100
AcDbCircle
 10
344.1207859055734
 20
128.3876200156145
 30
0.0
 40
4.0
  0
CIRCLE
  5
6E
330
1F
100
AcDbEntity
  8
Системный слой (1)
  6
K5LT_BASIC
 62
   150
420
    33023
370
    60
100
AcDbCircle
 10
133.1956509055734
 20
403.2704550156145
 30
0.0
 40
4.0
  0
CIRCLE
  5
6F
330
1F
100
AcDbEntity
  8
Системный слой (1)
  6
K5LT_BASIC
 62
   150
420
    33023
370
    60
100
AcDbCircle
 10
-131.1978380944266
 20
201.3474260156145
 30
0.0
 40
1.5
  0
CIRCLE
  5
70
330
1F
100
AcDbEntity
  8
Системный слой (1)
  6
K5LT_BASIC
 62
   150
420
    33023
370
    60
100
AcDbCircle
 10
334.8774609055735
 20
86.69361701561452
 30
0.0
 40
4.0
  0
CIRCLE
  5
71
330
1F
100
AcDbEntity
  8
Системный слой (1)
  6
K5LT_BASIC
 62
   150
420
    33023
370
    60
100
AcDbCircle
 10
345.9836019055734
 20
149.6797870156145
 30
0.0
 40
4.0
  0
CIRCLE
  5
72
330
1F
100
AcDbEntity
  8
Системный слой (1)
  6
K5LT_BASIC
 62
   150
420
    33023
370
    60
100
AcDbCircle
 10
315.1054299055734
 20
260.1043660156145
 30
0.0
 40
1.5
  0
CIRCLE
  5
73
330
1F
100
AcDbEntity
  8
Системный слой (1)
  6
K5LT_BASIC
 62
   150
420
    33023
370
    60
100
AcDbCircle
 10
322.9842509055734
 20
241.0832100156145
 30
0.0
 40
1.5
  0
CIRCLE
  5
74
330
1F
100
AcDbEntity
  8
Системный слой (1)
  6
K5LT_BASIC
 62
   150
420
    33023
370
    60
100
AcDbCircle
 10
-105.4141740944266
 20
292.0047580156145
 30
0.0
 40
4.0
  0
CIRCLE
  5
75
330
1F
100
AcDbEntity
  8
Системный слой (1)
  6
K5LT_BASIC
 62
   150
420
    33023
370
    60
100
AcDbCircle
 10
-126.7417030944266
 20
99.28516101561452
 30
0.0
 40
1.5
  0
LINE
  5
76
330
1F
100
AcDbEntity
  8
Системный слой (1)
  6
K5LT_BASIC
 62
   150
420
    33023
370
    60
100
AcDbLine
 10
89.21679190557342
 20
81.36645601561452
 30
0.0
 11
89.21679190557342
 21
75.36645601561452
 31
0.0
  0
CIRCLE
  5
77
330
1F
100
AcDbEntity
  8
Системный слой (1)
  6
K5LT_BASIC
 62
   150
420
    33023
370
    60
100
AcDbCircle
 10
268.0939919055734
 20
327.2436560156145
 30
0.0
 40
1.5
  0
CIRCLE
  5
78
330
1F
100
AcDbEntity
  8
Системный слой (1)
  6
K5LT_BASIC
 62
   150
420
    33023
370
    60
100
AcDbCircle
 10
-103.1652030944266
 20
278.3664560156145
 30
0.0
 40
1.5
  0
CIRCLE
  5
79
330
1F
100
AcDbEntity
  8
Системный слой (1)
  6
K5LT_BASIC
 62
   150
420
    33023
370
    60
100
AcDbCircle
 10
101.2167919055734
 20
414.3664560156145
 30
0.0
 40
1.5
  0
CIRCLE
  5
7A
330
1F
100
AcDbEntity
  8
Системный слой (1)
  6
K5LT_BASIC
 62
   150
420
    33023
370
    60
100
AcDbCircle
 10
35.47645090557342
 20
405.7115340156145
 30
0.0
 40
1.5
  0
CIRCLE
  5
7B
330
1F
100
AcDbEntity
  8
Системный слой (1)
  6
K5LT_BASIC
 62
   150
420
    33023
370
    60
100
AcDbCircle
 10
18.48485390557342
 20
264.3114510156145
 30
0.0
 40
4.0
  0
CIRCLE
  5
7C
330
1F
100
AcDbEntity
  8
Системный слой (1)
  6
K5LT_BASIC
 62
   150
420
    33023
370
    60
100
AcDbCircle
 10
101.2167919055734
 20
357.3664560156145
 30
0.0
 40
4.0
  0
CIRCLE
  5
7D
330
1F
100
AcDbEntity
  8
Системный слой (1)
  6
K5LT_BASIC
 62
   150
420
    33023
370
    60
100
AcDbCircle
 10
194.5551135582154
 20
67.02803934791251
 30
0.0
 40
1.5
  0
CIRCLE
  5
7E
330
1F
100
AcDbEntity
  8
Системный слой (1)
  6
K5LT_BASIC
 62
   150
420
    33023
370
    60
100
AcDbCircle
 10
116.2167919055734
 20
377.3664560156145
 30
0.0
 40
1.5
  0
CIRCLE
  5
7F
330
1F
100
AcDbEntity
  8
Системный слой (1)
  6
K5LT_BASIC
 62
   150
420
    33023
370
    60
100
AcDbCircle
 10
188.0898889055734
 20
399.0483880156145
 30
0.0
 40
1.5
  0
CIRCLE
  5
80
330
1F
100
AcDbEntity
  8
Системный слой (1)
  6
K5LT_BASIC
 62
   150
420
    33023
370
    60
100
AcDbCircle
 10
-132.4438900944266
 20
234.0392670156145
 30
0.0
 40
4.0
  0
LINE
  5
81
330
1F
100
AcDbEntity
  8
Системный слой (1)
  6
K5LT_BASIC
 62
   150
420
    33023
370
    60
100
AcDbLine
 10
43.86228890557341
 20
120.6895990156145
 30
0.0
 11
61.53994990557342
 21
103.0119550156145
 31
0.0
  0
CIRCLE
  5
82
330
1F
100
AcDbEntity
  8
Системный слой (1)
  6
K5LT_BASIC
 62
   150
420
    33023
370
    60
100
AcDbCircle
 10
69.23773690557343
 20
403.2704290156145
 30
0.0
 40
4.0
  0
CIRCLE
  5
83
330
1F
100
AcDbEntity
  8
Системный слой (1)
  6
K5LT_BASIC
 62
   150
420
    33023
370
    60
100
AcDbCircle
 10
236.5808309055734
 20
-32.95342598438549
 30
0.0
 40
1.5
  0
CIRCLE
  5
84
330
1F
100
AcDbEntity
  8
Системный слой (1)
  6
K5LT_BASIC
 62
   150
420
    33023
370
    60
100
AcDbCircle
 10
340.4092919055734
 20
213.3942360156145
 30
0.0
 40
4.0
  0
CIRCLE
  5
85
330
1F
100
AcDbEntity
  8
Системный слой (1)
  6
K5LT_BASIC
 62
   150
420
    33023
370
    60
100
AcDbCircle
 10
266.7363409055735
 20
340.9994490156145
 30
0.0
 40
4.0
  0
CIRCLE
  5
86
330
1F
100
AcDbEntity
  8
Системный слой (1)
  6
K5LT_BASIC
 62
   150
420
    33023
370
    60
100
AcDbCircle
 10
-143.5500200944266
 20
171.0530960156145
 30
0.0
 40
4.0
  0
CIRCLE
  5
87
330
1F
100
AcDbEntity
  8
Системный слой (1)
  6
K5LT_BASIC
 62
   150
420
    33023
370
    60
100
AcDbCircle
 10
-50.48108409442659
 20
341.1529450156145
 30
0.0
 40
1.5
  0
CIRCLE
  5
88
330
1F
100
AcDbEntity
  8
Системный слой (1)
  6
K5LT_BASIC
 62
   150
420
    33023
370
    60
100
AcDbCircle
 10
123.3543449055734
 20
413.3999100156145
 30
0.0
 40
1.5
  0
CIRCLE
  5
89
330
1F
100
AcDbEntity
  8
Системный слой (1)
  6
K5LT_BASIC
 62
   150
420
    33023
370
    60
100
AcDbCircle
 10
194.9743089055734
 20
-65.98398298438548
 30
0.0
 40
4.0
  0
CIRCLE
  5
8A
330
1F
100
AcDbEntity
  8
Системный слой (1)
  6
K5LT_BASIC
 62
   150
420
    33023
370
    60
100
AcDbCircle
 10
162.2980869055734
 20
-67.59203898438548
 30
0.0
 40
1.5
  0
CIRCLE
  5
8B
330
1F
100
AcDbEntity
  8
Системный слой (1)
  6
K5LT_BASIC
 62
   150
420
    33023
370
    60
100
AcDbCircle
 10
-116.1008060944266
 20
47.23796101561452
 30
0.0
 40
4.0
  0
CIRCLE
  5
8C
330
1F
100
AcDbEntity
  8
Системный слой (1)
  6
K5LT_BASIC
 62
   150
420
    33023
370
    60
100
AcDbCircle
 10
336.3187409055734
 20
139.7977010156145
 30
0.0
 40
1.5
  0
CIRCLE
  5
8D
330
1F
100
AcDbEntity
  8
Системный слой (1)
  6
K5LT_BASIC
 62
   150
420
    33023
370
    60
100
AcDbCircle
 10
250.3632879055734
 20
354.7380640156146
 30
0.0
 40
4.0
  0
CIRCLE
  5
8E
330
1F
100
AcDbEntity
  8
Системный слой (1)
  6
K5LT_BASIC
 62
   150
420
    33023
370
    60
100
AcDbCircle
 10
-137.9756990944266
 20
107.3386500156145
 30
0.0
 40
4.0
  0
CIRCLE
  5
8F
330
1F
100
AcDbEntity
  8
Системный слой (1)
  6
K5LT_BASIC
 62
   150
420
    33023
370
    60
100
AcDbCircle
 10
305.5987869055734
 20
278.3664560156145
 30
0.0
 40
1.5
  0
CIRCLE
  5
90
330
1F
100
AcDbEntity
  8
Системный слой (1)
  6
K5LT_BASIC
 62
   150
420
    33023
370
    60
100
AcDbCircle
 10
-118.7537920944266
 20
287.3662210156145
 30
0.0
 40
1.5
  0
LINE
  5
91
330
1F
100
AcDbEntity
  8
Системный слой (1)
  6
K5LT_BASIC
 62
   150
420
    33023
370
    60
100
AcDbLine
 10
101.2167919055734
 20
75.36645601561452
 30
0.0
 11
101.2167919055734
 21
81.36645601561452
 31
0.0
  0
CIRCLE
  5
92
330
1F
100
AcDbEntity
  8
Системный слой (1)
  6
K5LT_BASIC
 62
   150
420
    33023
370
    60
100
AcDbCircle
 10
327.5672449055734
 20
254.1239650156145
 30
0.0
 40
4.0
  0
CIRCLE
  5
93
330
1F
100
AcDbEntity
  8
Системный слой (1)
  6
K5LT_BASIC
 62
   150
420
    33023
370
    60
100
AcDbCircle
 10
252.9146679055734
 20
341.1529450156145
 30
0.0
 40
1.5
  0
CIRCLE
  5
94
330
1F
100
AcDbEntity
  8
Системный слой (1)
  6
K5LT_BASIC
 62
   150
420
    33023
370
    60
100
AcDbCircle
 10
72.22538390557341
 20
245.9263760156145
 30
0.0
 40
1.5
  0
CIRCLE
  5
95
330
1F
100
AcDbEntity
  8
Системный слой (1)
  6
K5LT_BASIC
 62
   150
420
    33023
370
    60
100
AcDbCircle
 10
205.1613025515334
 20
120.0616229497935
 30
0.0
 40
1.5
  0
LINE
  5
96
330
1F
100
AcDbEntity
  8
Системный слой (1)
  6
K5LT_BASIC
 62
   150
420
    33023
370
    60
100
AcDbLine
 10
113.2167919055734
 20
239.3664560156145
 30
0.0
 11
113.2167919055734
 21
245.3664560156145
 31
0.0
  0
CIRCLE
  5
97
330
1F
100
AcDbEntity
  8
Системный слой (1)
  6
K5LT_BASIC
 62
   150
420
    33023
370
    60
100
AcDbCircle
 10
-6.128073094426583
 20
-69.83578798438549
 30
0.0
 40
1.5
  0
CIRCLE
  5
98
330
1F
100
AcDbEntity
  8
Системный слой (1)
  6
K5LT_BASIC
 62
   150
420
    33023
370
    60
100
AcDbCircle
 10
-11.91173409442658
 20
377.6840490156145
 30
0.0
 40
4.0
  0
CIRCLE
  5
99
330
1F
100
AcDbEntity
  8
Системный слой (1)
  6
K5LT_BASIC
 62
   150
420
    33023
370
    60
100
AcDbCircle
 10
43.94109879338342
 20
217.6421186328845
 30
0.0
 40
1.5
  0
CIRCLE
  5
9A
330
1F
100
AcDbEntity
  8
Системный слой (1)
  6
K5LT_BASIC
 62
   150
420
    33023
370
    60
100
AcDbCircle
 10
-44.4714570944266
 20
-47.69826398438548
 30
0.0
 40
1.5
  0
CIRCLE
  5
9B
330
1F
100
AcDbEntity
  8
Системный слой (1)
  6
K5LT_BASIC
 62
   150
420
    33023
370
    60
100
AcDbCircle
 10
280.8219969055734
 20
-19.23856698438547
 30
0.0
 40
1.5
  0
LINE
  5
9C
330
1F
100
AcDbEntity
  8
Системный слой (1)
  6
K5LT_BASIC
 62
   150
420
    33023
370
    60
100
AcDbLine
 10
118.8944390971764
 20
71.97811869584552
 30
0.0
 11
189.6051389055734
 21
142.6887950156145
 31
0.0
  0
CIRCLE
  5
9D
330
1F
100
AcDbEntity
  8
Системный слой (1)
  6
K5LT_BASIC
 62
   150
420
    33023
370
    60
100
AcDbCircle
 10
-34.14724709442658
 20
353.6863380156145
 30
0.0
 40
1.5
  0
CIRCLE
  5
9E
330
1F
100
AcDbEntity
  8
Системный слой (1)
  6
K5LT_BASIC
 62
   150
420
    33023
370
    60
100
AcDbCircle
 10
60.23582190557342
 20
-72.04817398438547
 30
0.0
 40
1.5
  0
CIRCLE
  5
9F
330
1F
100
AcDbEntity
  8
Системный слой (1)
  6
K5LT_BASIC
 62
   150
420
    33023
370
    60
100
AcDbCircle
 10
278.2167919055734
 20
145.3664560156145
 30
0.0
 40
1.5
  0
CIRCLE
  5
A0
330
1F
100
AcDbEntity
  8
Системный слой (1)
  6
K5LT_BASIC
 62
   150
420
    33023
370
    60
100
AcDbCircle
 10
-75.78320809442658
 20
145.3664560156145
 30
0.0
 40
1.5
  0
LINE
  5
A1
330
1F
100
AcDbEntity
  8
Системный слой (1)
  6
K5LT_BASIC
 62
   150
420
    33023
370
    60
100
AcDbLine
 10
22.21679190557342
 20
160.3664630156145
 30
0.0
 11
16.21679190557342
 21
160.3664630156145
 31
0.0
  0
CIRCLE
  5
A2
330
1F
100
AcDbEntity
  8
Системный слой (1)
  6
K5LT_BASIC
 62
   150
420
    33023
370
    60
100
AcDbCircle
 10
183.9482189568694
 20
77.63475174675452
 30
0.0
 40
2.5
  0
CIRCLE
  5
A3
330
1F
100
AcDbEntity
  8
Системный слой (1)
  6
K5LT_BASIC
 62
   150
420
    33023
370
    60
100
AcDbCircle
 10
166.9569739055734
 20
-84.9786509843855
 30
0.0
 40
1.5
  0
LINE
  5
A4
330
1F
100
AcDbEntity
  8
Системный слой (1)
  6
K5LT_BASIC
 62
   150
420
    33023
370
    60
100
AcDbLine
 10
180.2167919055734
 20
172.3664560156145
 30
0.0
 11
180.2167919055734
 21
160.3664560156145
 31
0.0
  0
CIRCLE
  5
A5
330
1F
100
AcDbEntity
  8
Системный слой (1)
  6
K5LT_BASIC
 62
   150
420
    33023
370
    60
100
AcDbCircle
 10
43.86226390557341
 20
129.1749100156145
 30
0.0
 40
1.5
  0
CIRCLE
  5
A6
330
1F
100
AcDbEntity
  8
Системный слой (1)
  6
K5LT_BASIC
 62
   150
420
    33023
370
    60
100
AcDbCircle
 10
27.54374190557341
 20
394.0270680156145
 30
0.0
 40
4.0
  0
CIRCLE
  5
A7
330
1F
100
AcDbEntity
  8
Системный слой (1)
  6
K5LT_BASIC
 62
   150
420
    33023
370
    60
100
AcDbCircle
 10
282.0032809055734
 20
312.0643320156145
 30
0.0
 40
1.5
  0
CIRCLE
  5
A8
330
1F
100
AcDbEntity
  8
Системный слой (1)
  6
K5LT_BASIC
 62
   150
420
    33023
370
    60
100
AcDbCircle
 10
101.2167919055734
 20
-75.63353690238549
 30
0.0
 40
1.5
  0
CIRCLE
  5
A9
330
1F
100
AcDbEntity
  8
Системный слой (1)
  6
K5LT_BASIC
 62
   150
420
    33023
370
    60
100
AcDbCircle
 10
214.3451449055734
 20
377.6841390156145
 30
0.0
 40
4.0
  0
CIRCLE
  5
AA
330
1F
100
AcDbEntity
  8
Системный слой (1)
  6
K5LT_BASIC
 62
   150
420
    33023
370
    60
100
AcDbCircle
 10
-144.1283000944266
 20
94.62620101561451
 30
0.0
 40
1.5
  0
CIRCLE
  5
AB
330
1F
100
AcDbEntity
  8
Системный слой (1)
  6
K5LT_BASIC
 62
   150
420
    33023
370
    60
100
AcDbCircle
 10
-118.7535440944266
 20
33.36627601561452
 30
0.0
 40
1.5
  0
CIRCLE
  5
AC
330
1F
100
AcDbEntity
  8
Системный слой (1)
  6
K5LT_BASIC
 62
   150
420
    33023
370
    60
100
AcDbCircle
 10
111.9034849055734
 20
405.1332730156145
 30
0.0
 40
4.0
  0
CIRCLE
  5
AD
330
1F
100
AcDbEntity
  8
Системный слой (1)
  6
K5LT_BASIC
 62
   150
420
    33023
370
    60
100
AcDbCircle
 10
60.23582190557342
 20
392.7810860156145
 30
0.0
 40
1.5
  0
CIRCLE
  5
AE
330
1F
100
AcDbEntity
  8
Системный слой (1)
  6
K5LT_BASIC
 62
   150
420
    33023
370
    60
100
AcDbCircle
 10
-44.4718630944266
 20
368.4309050156145
 30
0.0
 40
1.5
  0
CIRCLE
  5
AF
330
1F
100
AcDbEntity
  8
Системный слой (1)
  6
K5LT_BASIC
 62
   150
420
    33023
370
    60
100
AcDbCircle
 10
208.5618069055734
 20
390.5686440156145
 30
0.0
 40
1.5
  0
CIRCLE
  5
B0
330
1F
100
AcDbEntity
  8
Системный слой (1)
  6
K5LT_BASIC
 62
   150
420
    33023
370
    60
100
AcDbCircle
 10
145.3234189055734
 20
410.5076270156145
 30
0.0
 40
1.5
  0
CIRCLE
  5
B1
330
1F
100
AcDbEntity
  8
Системный слой (1)
  6
K5LT_BASIC
 62
   150
420
    33023
370
    60
100
AcDbCircle
 10
40.13549690557342
 20
-67.59203898438548
 30
0.0
 40
1.5
  0
LINE
  5
B2
330
1F
100
AcDbEntity
  8
Системный слой (1)
  6
K5LT_BASIC
 62
   150
420
    33023
370
    60
100
AcDbLine
 10
186.2167919055734
 20
172.3664560156145
 30
0.0
 11
180.2167919055734
 21
172.3664560156145
 31
0.0
  0
CIRCLE
  5
B3
330
1F
100
AcDbEntity
  8
Системный слой (1)
  6
K5LT_BASIC
 62
   150
420
    33023
370
    60
100
AcDbCircle
 10
307.8476539055735
 20
292.0049200156145
 30
0.0
 40
4.0
  0
CIRCLE
  5
B4
330
1F
100
AcDbEntity
  8
Системный слой (1)
  6
K5LT_BASIC
 62
   150
420
    33023
370
    60
100
AcDbCircle
 10
50.30517190557342
 20
253.7044540156145
 30
0.0
 40
4.0
  0
CIRCLE
  5
B5
330
1F
100
AcDbEntity
  8
Системный слой (1)
  6
K5LT_BASIC
 62
   150
420
    33023
370
    60
100
AcDbCircle
 10
-143.5500100944266
 20
149.6795990156145
 30
0.0
 40
4.0
  0
CIRCLE
  5
B6
330
1F
100
AcDbEntity
  8
Системный слой (1)
  6
K5LT_BASIC
 62
   150
420
    33023
370
    60
100
AcDbCircle
 10
101.2167919055734
 20
-36.63354398438548
 30
0.0
 40
4.0
  0
CIRCLE
  5
B7
330
1F
100
AcDbEntity
  8
Системный слой (1)
  6
K5LT_BASIC
 62
   150
420
    33023
370
    60
100
AcDbCircle
 10
318.5344759055735
 20
47.23812501561451
 30
0.0
 40
4.0
  0
CIRCLE
  5
B8
330
1F
100
AcDbEntity
  8
Системный слой (1)
  6
K5LT_BASIC
 62
   150
420
    33023
370
    60
100
AcDbCircle
 10
-106.8476980944266
 20
14.67787601561452
 30
0.0
 40
1.5
  0
CIRCLE
  5
B9
330
1F
100
AcDbEntity
  8
Системный слой (1)
  6
K5LT_BASIC
 62
   150
420
    33023
370
    60
100
AcDbCircle
 10
295.5884029055734
 20
11.21998101561451
 30
0.0
 40
4.0
  0
CIRCLE
  5
BA
330
1F
100
AcDbEntity
  8
Системный слой (1)
  6
K5LT_BASIC
 62
   150
420
    33023
370
    60
100
AcDbCircle
 10
-105.4140490944266
 20
28.72797301561451
 30
0.0
 40
4.0
  0
CIRCLE
  5
BB
330
1F
100
AcDbEntity
  8
Системный слой (1)
  6
K5LT_BASIC
 62
   150
420
    33023
370
    60
100
AcDbCircle
 10
90.53013190557341
 20
-84.40034798438549
 30
0.0
 40
4.0
  0
CIRCLE
  5
BC
330
1F
100
AcDbEntity
  8
Системный слой (1)
  6
K5LT_BASIC
 62
   150
420
    33023
370
    60
100
AcDbCircle
 10
-25.78303809442659
 20
-59.60407998438549
 30
0.0
 40
1.5
  0
CIRCLE
  5
BD
330
1F
100
AcDbEntity
  8
Системный слой (1)
  6
K5LT_BASIC
 62
   150
420
    33023
370
    60
100
AcDbCircle
 10
-128.9854940944266
 20
267.7112530156145
 30
0.0
 40
1.5
  0
CIRCLE
  5
BE
330
1F
100
AcDbEntity
  8
Системный слой (1)
  6
K5LT_BASIC
 62
   150
420
    33023
370
    60
100
AcDbCircle
 10
-151.8166330944266
 20
138.2286630156145
 30
0.0
 40
1.5
  0
CIRCLE
  5
BF
330
1F
100
AcDbEntity
  8
Системный слой (1)
  6
K5LT_BASIC
 62
   150
420
    33023
370
    60
100
AcDbCircle
 10
-79.56969709442657
 20
312.0643320156145
 30
0.0
 40
1.5
  0
CIRCLE
  5
C0
330
1F
100
AcDbEntity
  8
Системный слой (1)
  6
K5LT_BASIC
 62
   150
420
    33023
370
    60
100
AcDbCircle
 10
-112.6718460944266
 20
60.62854601561452
 30
0.0
 40
1.5
  0
CIRCLE
  5
C1
330
1F
100
AcDbEntity
  8
Системный слой (1)
  6
K5LT_BASIC
 62
   150
420
    33023
370
    60
100
AcDbCircle
 10
219.2167919055734
 20
364.7484510156145
 30
0.0
 40
1.5
  0
CIRCLE
  5
C2
330
1F
100
AcDbEntity
  8
Системный слой (1)
  6
K5LT_BASIC
 62
   150
420
    33023
370
    60
100
AcDbCircle
 10
145.3235819055734
 20
-89.77467198438549
 30
0.0
 40
1.5
  0
CIRCLE
  5
C3
330
1F
100
AcDbEntity
  8
Системный слой (1)
  6
K5LT_BASIC
 62
   150
420
    33023
370
    60
100
AcDbCircle
 10
17.69931290557342
 20
103.0119500156145
 30
0.0
 40
1.5
  0
LINE
  5
C4
330
1F
100
AcDbEntity
  8
Системный слой (1)
  6
K5LT_BASIC
 62
   150
420
    33023
370
    60
100
AcDbLine
 10
101.2167919055734
 20
245.3664560156145
 30
0.0
 11
101.2167919055734
 21
239.3664560156145
 31
0.0
  0
CIRCLE
  5
C5
330
1F
100
AcDbEntity
  8
Системный слой (1)
  6
K5LT_BASIC
 62
   150
420
    33023
370
    60
100
AcDbCircle
 10
351.3579419055734
 20
204.4731710156145
 30
0.0
 40
1.5
  0
CIRCLE
  5
C6
330
1F
100
AcDbEntity
  8
Системный слой (1)
  6
K5LT_BASIC
 62
   150
420
    33023
370
    60
100
AcDbCircle
 10
266.7364479055734
 20
-20.26642398438548
 30
0.0
 40
4.0
  0
CIRCLE
  5
C7
330
1F
100
AcDbEntity
  8
Системный слой (1)
  6
K5LT_BASIC
 62
   150
420
    33023
370
    60
100
AcDbCircle
 10
35.47692890557342
 20
-84.97873598438548
 30
0.0
 40
1.5
  0
CIRCLE
  5
C8
330
1F
100
AcDbEntity
  8
Системный слой (1)
  6
K5LT_BASIC
 62
   150
420
    33023
370
    60
100
AcDbCircle
 10
29.09185090557341
 20
253.7046450156145
 30
0.0
 40
2.5
  0
CIRCLE
  5
C9
330
1F
100
AcDbEntity
  8
Системный слой (1)
  6
K5LT_BASIC
 62
   150
420
    33023
370
    60
100
AcDbCircle
 10
-137.4650490944266
 20
73.49313401561452
 30
0.0
 40
1.5
  0
CIRCLE
  5
CA
330
1F
100
AcDbEntity
  8
Системный слой (1)
  6
K5LT_BASIC
 62
   150
420
    33023
370
    60
100
AcDbCircle
 10
354.2502459055734
 20
138.2289920156145
 30
0.0
 40
1.5
  0
CIRCLE
  5
CB
330
1F
100
AcDbEntity
  8
Системный слой (1)
  6
K5LT_BASIC
 62
   150
420
    33023
370
    60
100
AcDbCircle
 10
29.09186990557342
 20
232.4913480156145
 30
0.0
 40
4.0
  0
CIRCLE
  5
CC
330
1F
100
AcDbEntity
  8
Системный слой (1)
  6
K5LT_BASIC
 62
   150
420
    33023
370
    60
100
AcDbCircle
 10
-148.9243290944266
 20
116.2595920156145
 30
0.0
 40
1.5
  0
CIRCLE
  5
CD
330
1F
100
AcDbEntity
  8
Системный слой (1)
  6
K5LT_BASIC
 62
   150
420
    33023
370
    60
100
AcDbCircle
 10
264.4849389055734
 20
-34.2087369843855
 30
0.0
 40
1.5
  0
CIRCLE
  5
CE
330
1F
100
AcDbEntity
  8
Системный слой (1)
  6
K5LT_BASIC
 62
   150
420
    33023
370
    60
100
AcDbCircle
 10
7.459441905573414
 20
-65.98405198438547
 30
0.0
 40
4.0
  0
CIRCLE
  5
CF
330
1F
100
AcDbEntity
  8
Системный слой (1)
  6
K5LT_BASIC
 62
   150
420
    33023
370
    60
100
AcDbCircle
 10
79.07940290557342
 20
-92.66699798438549
 30
0.0
 40
1.5
  0
CIRCLE
  5
D0
330
1F
100
AcDbEntity
  8
Системный слой (1)
  6
K5LT_BASIC
 62
   150
420
    33023
370
    60
100
AcDbCircle
 10
142.1977619055734
 20
392.7810860156145
 30
0.0
 40
1.5
  0
CIRCLE
  5
D1
330
1F
100
AcDbEntity
  8
Системный слой (1)
  6
K5LT_BASIC
 62
   150
420
    33023
370
    60
100
AcDbCircle
 10
-2.728233094426585
 20
243.0983640156145
 30
0.0
 40
4.0
  0
CIRCLE
  5
D2
330
1F
100
AcDbEntity
  8
Системный слой (1)
  6
K5LT_BASIC
 62
   150
420
    33023
370
    60
100
AcDbCircle
 10
101.2167917132134
 20
160.3664559911446
 30
0.0
 40
260.0
  0
CIRCLE
  5
D3
330
1F
100
AcDbEntity
  8
Системный слой (1)
  6
K5LT_BASIC
 62
   150
420
    33023
370
    60
100
AcDbCircle
 10
174.8897929055734
 20
-73.2941569843855
 30
0.0
 40
4.0
  0
CIRCLE
  5
D4
330
1F
100
AcDbEntity
  8
Системный слой (1)
  6
K5LT_BASIC
 62
   150
420
    33023
370
    60
100
AcDbCircle
 10
27.54396290557342
 20
-73.29421098438547
 30
0.0
 40
4.0
  0
CIRCLE
  5
D5
330
1F
100
AcDbEntity
  8
Системный слой (1)
  6
K5LT_BASIC
 62
   150
420
    33023
370
    60
100
AcDbCircle
 10
40.13549690557342
 20
388.3249510156145
 30
0.0
 40
1.5
  0
CIRCLE
  5
D6
330
1F
100
AcDbEntity
  8
Системный слой (1)
  6
K5LT_BASIC
 62
   150
420
    33023
370
    60
100
AcDbCircle
 10
-137.9757490944266
 20
213.3940500156145
 30
0.0
 40
4.0
  0
CIRCLE
  5
D7
330
1F
100
AcDbEntity
  8
Системный слой (1)
  6
K5LT_BASIC
 62
   150
420
    33023
370
    60
100
AcDbCircle
 10
246.9053119055734
 20
-47.69807398438547
 30
0.0
 40
1.5
  0
CIRCLE
  5
D8
330
1F
100
AcDbEntity
  8
Системный слой (1)
  6
K5LT_BASIC
 62
   150
420
    33023
370
    60
100
AcDbCircle
 10
345.9835959055735
 20
171.0532850156145
 30
0.0
 40
4.0
  0
CIRCLE
  5
D9
330
1F
100
AcDbEntity
  8
Системный слой (1)
  6
K5LT_BASIC
 62
   150
420
    33023
370
    60
100
AcDbCircle
 10
183.9481215512104
 20
120.0613027468705
 30
0.0
 40
2.5
  0
CIRCLE
  5
DA
330
1F
100
AcDbEntity
  8
Системный слой (1)
  6
K5LT_BASIC
 62
   150
420
    33023
370
    60
100
AcDbCircle
 10
194.5546579498774
 20
130.6680183483905
 30
0.0
 40
2.5
  0
CIRCLE
  5
DB
330
1F
100
AcDbEntity
  8
Системный слой (1)
  6
K5LT_BASIC
 62
   150
420
    33023
370
    60
100
AcDbCircle
 10
-64.30290009442658
 20
340.9993180156145
 30
0.0
 40
4.0
  0
LINE
  5
DC
330
1F
100
AcDbEntity
  8
Системный слой (1)
  6
K5LT_BASIC
 62
   150
420
    33023
370
    60
100
AcDbLine
 10
16.21679190557342
 20
148.3664630156145
 30
0.0
 11
16.21679190557342
 21
160.3664630156145
 31
0.0
  0
CIRCLE
  5
DD
330
1F
100
AcDbEntity
  8
Системный слой (1)
  6
K5LT_BASIC
 62
   150
420
    33023
370
    60
100
AcDbCircle
 10
-132.4438210944266
 20
86.69343901561452
 30
0.0
 40
4.0
  0
CIRCLE
  5
DE
330
1F
100
AcDbEntity
  8
Системный слой (1)
  6
K5LT_BASIC
 62
   150
420
    33023
370
    60
100
AcDbCircle
 10
337.2167919055734
 20
160.3664560156145
 30
0.0
 40
1.5
  0
CIRCLE
  5
DF
330
1F
100
AcDbEntity
  8
Системный слой (1)
  6
K5LT_BASIC
 62
   150
420
    33023
370
    60
100
AcDbCircle
 10
-93.1548480944266
 20
309.5129080156145
 30
0.0
 40
4.0
  0
CIRCLE
  5
E0
330
1F
100
AcDbEntity
  8
Системный слой (1)
  6
K5LT_BASIC
 62
   150
420
    33023
370
    60
100
AcDbCircle
 10
194.9741749055734
 20
386.7169650156145
 30
0.0
 40
4.0
  0
CIRCLE
  5
E1
330
1F
100
AcDbEntity
  8
Системный слой (1)
  6
K5LT_BASIC
 62
   150
420
    33023
370
    60
100
AcDbCircle
 10
-125.1336450944266
 20
66.60892401561452
 30
0.0
 40
4.0
  0
CIRCLE
  5
E2
330
1F
100
AcDbEntity
  8
Системный слой (1)
  6
K5LT_BASIC
 62
   150
420
    33023
370
    60
100
AcDbCircle
 10
-79.41608109442657
 20
-5.153208984385486
 30
0.0
 40
4.0
  0
CIRCLE
  5
E3
330
1F
100
AcDbEntity
  8
Системный слой (1)
  6
K5LT_BASIC
 62
   150
420
    33023
370
    60
100
AcDbCircle
 10
57.10983990557342
 20
410.5075700156145
 30
0.0
 40
1.5
  0
CIRCLE
  5
E4
330
1F
100
AcDbEntity
  8
Системный слой (1)
  6
K5LT_BASIC
 62
   150
420
    33023
370
    60
100
AcDbCircle
 10
309.2814709055734
 20
14.67814601561452
 30
0.0
 40
1.5
  0
CIRCLE
  5
E5
330
1F
100
AcDbEntity
  8
Системный слой (1)
  6
K5LT_BASIC
 62
   150
420
    33023
370
    60
100
AcDbCircle
 10
181.9335459055734
 20
382.1339150156145
 30
0.0
 40
1.5
  0
LINE
  5
E6
330
1F
100
AcDbEntity
  8
Системный слой (1)
  6
K5LT_BASIC
 62
   150
420
    33023
370
    60
100
AcDbLine
 10
22.21679190557342
 20
148.3664630156145
 30
0.0
 11
22.21679190557342
 21
160.3664630156145
 31
0.0
  0
CIRCLE
  5
E7
330
1F
100
AcDbEntity
  8
Системный слой (1)
  6
K5LT_BASIC
 62
   150
420
    33023
370
    60
100
AcDbCircle
 10
298.2167919055734
 20
160.3664560156145
 30
0.0
 40
4.0
  0
CIRCLE
  5
E8
330
1F
100
AcDbEntity
  8
Системный слой (1)
  6
K5LT_BASIC
 62
   150
420
    33023
370
    60
100
AcDbCircle
 10
-144.1284290944266
 20
226.1062460156145
 30
0.0
 40
1.5
  0
CIRCLE
  5
E9
330
1F
100
AcDbEntity
  8
Системный слой (1)
  6
K5LT_BASIC
 62
   150
420
    33023
370
    60
100
AcDbCircle
 10
214.3452739055734
 20
-56.95114598438548
 30
0.0
 40
4.0
  0
CIRCLE
  5
EA
330
1F
100
AcDbEntity
  8
Системный слой (1)
  6
K5LT_BASIC
 62
   150
420
    33023
370
    60
100
AcDbCircle
 10
219.2167919055734
 20
-44.01553898438547
 30
0.0
 40
1.5
  0
CIRCLE
  5
EB
330
1F
100
AcDbEntity
  8
Системный слой (1)
  6
K5LT_BASIC
 62
   150
420
    33023
370
    60
100
AcDbCircle
 10
-16.78320809442658
 20
364.7484510156145
 30
0.0
 40
1.5
  0
CIRCLE
  5
EC
330
1F
100
AcDbEntity
  8
Системный слой (1)
  6
K5LT_BASIC
 62
   150
420
    33023
370
    60
100
AcDbCircle
 10
132.4083690977714
 20
217.7209571944745
 30
0.0
 40
1.5
  0
CIRCLE
  5
ED
330
1F
100
AcDbEntity
  8
Системный слой (1)
  6
K5LT_BASIC
 62
   150
420
    33023
370
    60
100
AcDbCircle
 10
154.2444389055734
 20
399.5589910156145
 30
0.0
 40
4.0
  0
CIRCLE
  5
EE
330
1F
100
AcDbEntity
  8
Системный слой (1)
  6
K5LT_BASIC
 62
   150
420
    33023
370
    60
100
AcDbCircle
 10
-34.14724709442658
 20
-32.95342598438549
 30
0.0
 40
1.5
  0
CIRCLE
  5
EF
330
1F
100
AcDbEntity
  8
Системный слой (1)
  6
K5LT_BASIC
 62
   150
420
    33023
370
    60
100
AcDbCircle
 10
48.18895290557342
 20
399.5589480156145
 30
0.0
 40
4.0
  0
CIRCLE
  5
F0
330
1F
100
AcDbEntity
  8
Системный слой (1)
  6
K5LT_BASIC
 62
   150
420
    33023
370
    60
100
AcDbCircle
 10
-92.10309009442659
 20
25.00241701561453
 30
0.0
 40
1.5
  0
CIRCLE
  5
F1
330
1F
100
AcDbEntity
  8
Системный слой (1)
  6
K5LT_BASIC
 62
   150
420
    33023
370
    60
100
AcDbCircle
 10
-103.1652030944266
 20
42.36645601561452
 30
0.0
 40
1.5
  0
CIRCLE
  5
F2
330
1F
100
AcDbEntity
  8
Системный слой (1)
  6
K5LT_BASIC
 62
   150
420
    33023
370
    60
100
AcDbCircle
 10
321.1872109055734
 20
287.3665070156145
 30
0.0
 40
1.5
  0
CIRCLE
  5
F3
330
1F
100
AcDbEntity
  8
Системный слой (1)
  6
K5LT_BASIC
 62
   150
420
    33023
370
    60
100
AcDbCircle
 10
228.2169079055734
 20
-59.60391498438548
 30
0.0
 40
1.5
  0
CIRCLE
  5
F4
330
1F
100
AcDbEntity
  8
Системный слой (1)
  6
K5LT_BASIC
 62
   150
420
    33023
370
    60
100
AcDbCircle
 10
318.2167919055734
 20
175.3664560156145
 30
0.0
 40
1.5
  0
CIRCLE
  5
F5
330
1F
100
AcDbEntity
  8
Системный слой (1)
  6
K5LT_BASIC
 62
   150
420
    33023
370
    60
100
AcDbCircle
 10
79.07890890557341
 20
413.3998810156145
 30
0.0
 40
1.5
  0
CIRCLE
  5
F6
330
1F
100
AcDbEntity
  8
Системный слой (1)
  6
K5LT_BASIC
 62
   150
420
    33023
370
    60
100
AcDbCircle
 10
121.7855510961594
 20
395.4684008368145
 30
0.0
 40
1.5
  0
CIRCLE
  5
F7
330
1F
100
AcDbEntity
  8
Системный слой (1)
  6
K5LT_BASIC
 62
   150
420
    33023
370
    60
100
AcDbCircle
 10
-137.4652180944266
 20
247.2393270156145
 30
0.0
 40
1.5
  0
CIRCLE
  5
F8
330
1F
100
AcDbEntity
  8
Системный слой (1)
  6
K5LT_BASIC
 62
   150
420
    33023
370
    60
100
AcDbCircle
 10
228.2167649055734
 20
380.3369230156145
 30
0.0
 40
1.5
  0
CIRCLE
  5
F9
330
1F
100
AcDbEntity
  8
Системный слой (1)
  6
K5LT_BASIC
 62
   150
420
    33023
370
    60
100
AcDbCircle
 10
158.4923545308044
 20
103.0907505911125
 30
0.0
 40
1.5
  0
LINE
  5
FA
330
1F
100
AcDbEntity
  8
Системный слой (1)
  6
K5LT_BASIC
 62
   150
420
    33023
370
    60
100
AcDbLine
 10
180.2167919055734
 20
160.3664560156145
 30
0.0
 11
186.2167919055734
 21
160.3664560156145
 31
0.0
  0
LINE
  5
FB
330
1F
100
AcDbEntity
  8
Системный слой (1)
  6
K5LT_BASIC
 62
   150
420
    33023
370
    60
100
AcDbLine
 10
89.21679190557342
 20
75.36645601561452
 30
0.0
 11
101.2167919055734
 21
75.36645601561452
 31
0.0
  0
CIRCLE
  5
FC
330
1F
100
AcDbEntity
  8
Системный слой (1)
  6
K5LT_BASIC
 62
   150
420
    33023
370
    60
100
AcDbCircle
 10
69.23796590557342
 20
-82.53753298438548
 30
0.0
 40
4.0
  0
CIRCLE
  5
FD
330
1F
100
AcDbEntity
  8
Системный слой (1)
  6
K5LT_BASIC
 62
   150
420
    33023
370
    60
100
AcDbCircle
 10
86.21679190557342
 20
377.3664560156145
 30
0.0
 40
1.5
  0
CIRCLE
  5
FE
330
1F
100
AcDbEntity
  8
Системный слой (1)
  6
K5LT_BASIC
 62
   150
420
    33023
370
    60
100
AcDbCircle
 10
346.5619269055734
 20
226.1065650156145
 30
0.0
 40
1.5
  0
CIRCLE
  5
FF
330
1F
100
AcDbEntity
  8
Системный слой (1)
  6
K5LT_BASIC
 62
   150
420
    33023
370
    60
100
AcDbCircle
 10
121.7855469055734
 20
-74.73549298438547
 30
0.0
 40
1.5
  0
CIRCLE
  5
100
330
1F
100
AcDbEntity
  8
Системный слой (1)
  6
K5LT_BASIC
 62
   150
420
    33023
370
    60
100
AcDbCircle
 10
166.9568139055734
 20
405.7116200156145
 30
0.0
 40
1.5
  0
CIRCLE
  5
101
330
1F
100
AcDbEntity
  8
Системный слой (1)
  6
K5LT_BASIC
 62
   150
420
    33023
370
    60
100
AcDbCircle
 10
-115.7832080944266
 20
175.3664560156145
 30
0.0
 40
1.5
  0
CIRCLE
  5
102
330
1F
100
AcDbEntity
  8
Системный слой (1)
  6
K5LT_BASIC
 62
   150
420
    33023
370
    60
100
AcDbCircle
 10
186.7766396429954
 20
131.3750079738405
 30
0.0
 40
1.5
  0
LINE
  5
103
330
1F
100
AcDbEntity
  8
Системный слой (1)
  6
K5LT_BASIC
 62
   150
420
    33023
370
    60
100
AcDbLine
 10
26.18461990557341
 20
103.0119290156145
 30
0.0
 11
43.86228890557341
 21
120.6895990156145
 31
0.0
  0
CIRCLE
  5
104
330
1F
100
AcDbEntity
  8
Системный слой (1)
  6
K5LT_BASIC
 62
   150
420
    33023
370
    60
100
AcDbCircle
 10
318.5344089055734
 20
273.4949300156145
 30
0.0
 40
4.0
  0
CIRCLE
  5
105
330
1F
100
AcDbEntity
  8
Системный слой (1)
  6
K5LT_BASIC
 62
   150
420
    33023
370
    60
100
AcDbCircle
 10
268.0939919055734
 20
-6.510743984385471
 30
0.0
 40
1.5
  0
CIRCLE
  5
106
330
1F
100
AcDbEntity
  8
Системный слой (1)
  6
K5LT_BASIC
 62
   150
420
    33023
370
    60
100
AcDbCircle
 10
344.1207669055734
 20
192.3454500156145
 30
0.0
 40
4.0
  0
CIRCLE
  5
107
330
1F
100
AcDbEntity
  8
Системный слой (1)
  6
K5LT_BASIC
 62
   150
420
    33023
370
    60
100
AcDbCircle
 10
-128.9852840944266
 20
53.02122401561452
 30
0.0
 40
1.5
  0
CIRCLE
  5
108
330
1F
100
AcDbEntity
  8
Системный слой (1)
  6
K5LT_BASIC
 62
   150
420
    33023
370
    60
100
AcDbCircle
 10
86.21679190557342
 20
337.3664560156145
 30
0.0
 40
1.5
  0
CIRCLE
  5
109
330
1F
100
AcDbEntity
  8
Системный слой (1)
  6
K5LT_BASIC
 62
   150
420
    33023
370
    60
100
AcDbCircle
 10
158.5713157267134
 20
243.8839123733345
 30
0.0
 40
1.5
  0
CIRCLE
  5
10A
330
1F
100
AcDbEntity
  8
Системный слой (1)
  6
K5LT_BASIC
 62
   150
420
    33023
370
    60
100
AcDbCircle
 10
346.5619699055734
 20
94.62652101561451
 30
0.0
 40
1.5
  0
CIRCLE
  5
10B
330
1F
100
AcDbEntity
  8
Системный слой (1)
  6
K5LT_BASIC
 62
   150
420
    33023
370
    60
100
AcDbCircle
 10
281.8497889055734
 20
-5.153073984385486
 30
0.0
 40
4.0
  0
LINE
  5
10C
330
1F
100
AcDbEntity
  8
Системный слой (1)
  6
K5LT_BASIC
 62
   150
420
    33023
370
    60
100
AcDbLine
 10
61.53994990557342
 20
103.0119550156145
 30
0.0
 11
43.86229690557342
 21
85.33426901561452
 31
0.0
  0
CIRCLE
  5
10D
330
1F
100
AcDbEntity
  8
Системный слой (1)
  6
K5LT_BASIC
 62
   150
420
    33023
370
    60
100
AcDbCircle
 10
318.2167919055734
 20
145.3664560156145
 30
0.0
 40
1.5
  0
CIRCLE
  5
10E
330
1F
100
AcDbEntity
  8
Системный слой (1)
  6
K5LT_BASIC
 62
   150
420
    33023
370
    60
100
AcDbCircle
 10
7.878422905573416
 20
253.7049130156145
 30
0.0
 40
1.5
  0
CIRCLE
  5
10F
330
1F
100
AcDbEntity
  8
Системный слой (1)
  6
K5LT_BASIC
 62
   150
420
    33023
370
    60
100
AcDbCircle
 10
295.5883149055734
 20
309.5130610156145
 30
0.0
 40
4.0
  0
CIRCLE
  5
110
330
1F
100
AcDbEntity
  8
Системный слой (1)
  6
K5LT_BASIC
 62
   150
420
    33023
370
    60
100
AcDbCircle
 10
337.2167919055734
 20
160.3664560156145
 30
0.0
 40
1.5
  0
CIRCLE
  5
111
330
1F
100
AcDbEntity
  8
Системный слой (1)
  6
K5LT_BASIC
 62
   150
420
    33023
370
    60
100
AcDbCircle
 10
50.30498990557341
 20
232.4914210156145
 30
0.0
 40
2.5
  0
LINE
  5
112
330
1F
100
AcDbEntity
  8
Системный слой (1)
  6
K5LT_BASIC
 62
   150
420
    33023
370
    60
100
AcDbLine
 10
83.53917390557342
 20
248.7548644480045
 30
0.0
 11
12.82842790557342
 21
178.0442337780945
 31
0.0
  0
CIRCLE
  5
113
330
1F
100
AcDbEntity
  8
Системный слой (1)
  6
K5LT_BASIC
 62
   150
420
    33023
370
    60
100
AcDbCircle
 10
282.0032809055734
 20
8.66858001561451
 30
0.0
 40
1.5
  0
CIRCLE
  5
114
330
1F
100
AcDbEntity
  8
Системный слой (1)
  6
K5LT_BASIC
 62
   150
420
    33023
370
    60
100
AcDbCircle
 10
331.4190079055734
 20
53.02152301561452
 30
0.0
 40
1.5
  0
CIRCLE
  5
115
330
1F
100
AcDbEntity
  8
Системный слой (1)
  6
K5LT_BASIC
 62
   150
420
    33023
370
    60
100
AcDbCircle
 10
295.7921519055734
 20
-2.901493984385496
 30
0.0
 40
1.5
  0
CIRCLE
  5
116
330
1F
100
AcDbEntity
  8
Системный слой (1)
  6
K5LT_BASIC
 62
   150
420
    33023
370
    60
100
AcDbCircle
 10
1.478881905573417
 20
-53.52218198438547
 30
0.0
 40
1.5
  0
CIRCLE
  5
117
330
1F
100
AcDbEntity
  8
Системный слой (1)
  6
K5LT_BASIC
 62
   150
420
    33023
370
    60
100
AcDbCircle
 10
173.3415693555644
 20
88.24150714535652
 30
0.0
 40
4.0
  0
CIRCLE
  5
118
330
1F
100
AcDbEntity
  8
Системный слой (1)
  6
K5LT_BASIC
 62
   150
420
    33023
370
    60
100
AcDbCircle
 10
162.7349777541204
 20
98.84811954390253
 30
0.0
 40
2.5
  0
CIRCLE
  5
119
330
1F
100
AcDbEntity
  8
Системный слой (1)
  6
K5LT_BASIC
 62
   150
420
    33023
370
    60
100
AcDbCircle
 10
-126.7417030944266
 20
221.4477510156145
 30
0.0
 40
1.5
  0
CIRCLE
  5
11A
330
1F
100
AcDbEntity
  8
Системный слой (1)
  6
K5LT_BASIC
 62
   150
420
    33023
370
    60
100
AcDbCircle
 10
7.459227905573414
 20
386.7168900156145
 30
0.0
 40
4.0
  0
CIRCLE
  5
11B
330
1F
100
AcDbEntity
  8
Системный слой (1)
  6
K5LT_BASIC
 62
   150
420
    33023
370
    60
100
AcDbCircle
 10
-79.56969709442657
 20
8.66858001561451
 30
0.0
 40
1.5
  0
CIRCLE
  5
11C
330
1F
100
AcDbEntity
  8
Системный слой (1)
  6
K5LT_BASIC
 62
   150
420
    33023
370
    60
100
AcDbCircle
 10
333.6314219055734
 20
201.3474260156145
 30
0.0
 40
1.5
  0
CIRCLE
  5
11D
330
1F
100
AcDbEntity
  8
Системный слой (1)
  6
K5LT_BASIC
 62
   150
420
    33023
370
    60
100
AcDbCircle
 10
236.5808309055734
 20
353.6863380156145
 30
0.0
 40
1.5
  0
CIRCLE
  5
11E
330
1F
100
AcDbEntity
  8
Системный слой (1)
  6
K5LT_BASIC
 62
   150
420
    33023
370
    60
100
AcDbCircle
 10
158.5713157267134
 20
191.5580020156145
 30
0.0
 40
1.5
  0
CIRCLE
  5
11F
330
1F
100
AcDbEntity
  8
Системный слой (1)
  6
K5LT_BASIC
 62
   150
420
    33023
370
    60
100
AcDbCircle
 10
305.5987869055734
 20
42.36645601561452
 30
0.0
 40
1.5
  0
CIRCLE
  5
120
330
1F
100
AcDbEntity
  8
Системный слой (1)
  6
K5LT_BASIC
 62
   150
420
    33023
370
    60
100
AcDbCircle
 10
333.6314219055734
 20
119.3854860156145
 30
0.0
 40
1.5
  0
CIRCLE
  5
121
330
1F
100
AcDbEntity
  8
Системный слой (1)
  6
K5LT_BASIC
 62
   150
420
    33023
370
    60
100
AcDbCircle
 10
101.2169569055734
 20
-93.63352998438549
 30
0.0
 40
1.5
  0
CIRCLE
  5
122
330
1F
100
AcDbEntity
  8
Системный слой (1)
  6
K5LT_BASIC
 62
   150
420
    33023
370
    60
100
AcDbCircle
 10
71.51840190557341
 20
253.7043950156145
 30
0.0
 40
2.5
  0
CIRCLE
  5
123
330
1F
100
AcDbEntity
  8
Системный слой (1)
  6
K5LT_BASIC
 62
   150
420
    33023
370
    60
100
AcDbCircle
 10
321.1872929055734
 20
33.36656201561452
 30
0.0
 40
1.5
  0
CIRCLE
  5
124
330
1F
100
AcDbEntity
  8
Системный слой (1)
  6
K5LT_BASIC
 62
   150
420
    33023
370
    60
100
AcDbCircle
 10
334.8774169055735
 20
234.0394480156145
 30
0.0
 40
4.0
  0
CIRCLE
  5
125
330
1F
100
AcDbEntity
  8
Системный слой (1)
  6
K5LT_BASIC
 62
   150
420
    33023
370
    60
100
AcDbCircle
 10
315.1054299055734
 20
60.62854601561452
 30
0.0
 40
1.5
  0
CIRCLE
  5
126
330
1F
100
AcDbEntity
  8
Системный слой (1)
  6
K5LT_BASIC
 62
   150
420
    33023
370
    60
100
AcDbCircle
 10
154.2445809055734
 20
-78.82603298438548
 30
0.0
 40
4.0
  0
CIRCLE
  5
127
330
1F
100
AcDbEntity
  8
Системный слой (1)
  6
K5LT_BASIC
 62
   150
420
    33023
370
    60
100
AcDbCircle
 10
60.91201690557342
 20
264.3110500156145
 30
0.0
 40
1.5
  0
LINE
  5
128
330
1F
100
AcDbEntity
  8
Системный слой (1)
  6
K5LT_BASIC
 62
   150
420
    33023
370
    60
100
AcDbLine
 10
101.2167919055734
 20
245.3664560156145
 30
0.0
 11
113.2167919055734
 21
245.3664560156145
 31
0.0
  0
CIRCLE
  5
129
330
1F
100
AcDbEntity
  8
Системный слой (1)
  6
K5LT_BASIC
 62
   150
420
    33023
370
    60
100
AcDbCircle
 10
111.9036309055734
 20
-84.40033998438548
 30
0.0
 40
4.0
  0
CIRCLE
  5
12A
330
1F
100
AcDbEntity
  8
Системный слой (1)
  6
K5LT_BASIC
 62
   150
420
    33023
370
    60
100
AcDbCircle
 10
295.7920459055734
 20
323.6345470156145
 30
0.0
 40
1.5
  0
CIRCLE
  5
12B
330
1F
100
AcDbEntity
  8
Системный слой (1)
  6
K5LT_BASIC
 62
   150
420
    33023
370
    60
100
AcDbCircle
 10
-112.6718460944266
 20
260.1043660156145
 30
0.0
 40
1.5
  0
CIRCLE
  5
12C
330
1F
100
AcDbEntity
  8
Системный слой (1)
  6
K5LT_BASIC
 62
   150
420
    33023
370
    60
100
AcDbCircle
 10
80.64803690557342
 20
-74.73549298438547
 30
0.0
 40
1.5
  0
CIRCLE
  5
12D
330
1F
100
AcDbEntity
  8
Системный слой (1)
  6
K5LT_BASIC
 62
   150
420
    33023
370
    60
100
AcDbCircle
 10
-116.1009130944266
 20
273.4947600156145
 30
0.0
 40
4.0
  0
CIRCLE
  5
12E
330
1F
100
AcDbEntity
  8
Системный слой (1)
  6
K5LT_BASIC
 62
   150
420
    33023
370
    60
100
AcDbCircle
 10
322.9842509055734
 20
79.64970201561452
 30
0.0
 40
1.5
  0
CIRCLE
  5
12F
330
1F
100
AcDbEntity
  8
Системный слой (1)
  6
K5LT_BASIC
 62
   150
420
    33023
370
    60
100
AcDbCircle
 10
-11.91152909442658
 20
-56.95122998438549
 30
0.0
 40
4.0
  0
CIRCLE
  5
130
330
1F
100
AcDbEntity
  8
Системный слой (1)
  6
K5LT_BASIC
 62
   150
420
    33023
370
    60
100
AcDbCircle
 10
14.34338490557342
 20
399.0482750156145
 30
0.0
 40
1.5
  0
CIRCLE
  5
131
330
1F
100
AcDbEntity
  8
Системный слой (1)
  6
K5LT_BASIC
 62
   150
420
    33023
370
    60
100
AcDbCircle
 10
329.1752869055734
 20
99.28516101561452
 30
0.0
 40
1.5
  0
CIRCLE
  5
132
330
1F
100
AcDbEntity
  8
Системный слой (1)
  6
K5LT_BASIC
 62
   150
420
    33023
370
    60
100
AcDbCircle
 10
-65.66040809442657
 20
-6.510743984385471
 30
0.0
 40
1.5
  0
CIRCLE
  5
133
330
1F
100
AcDbEntity
  8
Системный слой (1)
  6
K5LT_BASIC
 62
   150
420
    33023
370
    60
100
AcDbCircle
 10
20.50003790557342
 20
-61.40100298438549
 30
0.0
 40
1.5
  0
CIRCLE
  5
134
330
1F
100
AcDbEntity
  8
Системный слой (1)
  6
K5LT_BASIC
 62
   150
420
    33023
370
    60
100
AcDbCircle
 10
174.8896539055734
 20
394.0271270156145
 30
0.0
 40
4.0
  0
CIRCLE
  5
135
330
1F
100
AcDbEntity
  8
Системный слой (1)
  6
K5LT_BASIC
 62
   150
420
    33023
370
    60
100
AcDbCircle
 10
250.3634029055734
 20
-34.0050489843855
 30
0.0
 40
4.0
  0
LINE
  5
136
330
1F
100
AcDbEntity
  8
Системный слой (1)
  6
K5LT_BASIC
 62
   150
420
    33023
370
    60
100
AcDbLine
 10
89.21679190557342
 20
81.36645601561452
 30
0.0
 11
101.2167919055734
 21
81.36645601561452
 31
0.0
  0
CIRCLE
  5
137
330
1F
100
AcDbEntity
  8
Системный слой (1)
  6
K5LT_BASIC
 62
   150
420
    33023
370
    60
100
AcDbCircle
 10
-152.7832010944266
 20
160.3662150156145
 30
0.0
 40
1.5
  0
CIRCLE
  5
138
330
1F
100
AcDbEntity
  8
Системный слой (1)
  6
K5LT_BASIC
 62
   150
420
    33023
370
    60
100
AcDbCircle
 10
339.8986889055734
 20
247.2396370156145
 30
0.0
 40
1.5
  0
CIRCLE
  5
139
330
1F
100
AcDbEntity
  8
Системный слой (1)
  6
K5LT_BASIC
 62
   150
420
    33023
370
    60
100
AcDbCircle
 10
252.9146679055734
 20
-20.42003298438547
 30
0.0
 40
1.5
  0
CIRCLE
  5
13A
330
1F
100
AcDbEntity
  8
Системный слой (1)
  6
K5LT_BASIC
 62
   150
420
    33023
370
    60
100
AcDbCircle
 10
340.4093229055734
 20
107.3388320156145
 30
0.0
 40
4.0
  0
LINE
  5
13B
330
1F
100
AcDbEntity
  8
Системный слой (1)
  6
K5LT_BASIC
 62
   150
420
    33023
370
    60
100
AcDbLine
 10
101.2167919055734
 20
239.3664560156145
 30
0.0
 11
113.2167919055734
 21
239.3664560156145
 31
0.0
  0
CIRCLE
  5
13C
330
1F
100
AcDbEntity
  8
Системный слой (1)
  6
K5LT_BASIC
 62
   150
420
    33023
370
    60
100
AcDbCircle
 10
-16.78320809442658
 20
-44.01553898438547
 30
0.0
 40
1.5
  0
CIRCLE
  5
13D
330
1F
100
AcDbEntity
  8
Системный слой (1)
  6
K5LT_BASIC
 62
   150
420
    33023
370
    60
100
AcDbCircle
 10
329.1752869055734
 20
221.4477510156145
 30
0.0
 40
1.5
  0
CIRCLE
  5
13E
330
1F
100
AcDbEntity
  8
Системный слой (1)
  6
K5LT_BASIC
 62
   150
420
    33023
370
    60
100
AcDbCircle
 10
354.2502309055734
 20
182.5040990156145
 30
0.0
 40
1.5
  0
CIRCLE
  5
13F
330
1F
100
AcDbEntity
  8
Системный слой (1)
  6
K5LT_BASIC
 62
   150
420
    33023
370
    60
100
AcDbCircle
 10
116.2167919055734
 20
337.3664560156145
 30
0.0
 40
1.5
  0
CIRCLE
  5
140
330
1F
100
AcDbEntity
  8
Системный слой (1)
  6
K5LT_BASIC
 62
   150
420
    33023
370
    60
100
AcDbCircle
 10
309.2813769055734
 20
306.0549150156145
 30
0.0
 40
1.5
  0
CIRCLE
  5
141
330
1F
100
AcDbEntity
  8
Системный слой (1)
  6
K5LT_BASIC
 62
   150
420
    33023
370
    60
100
AcDbCircle
 10
173.7167919055734
 20
232.8664560156145
 30
0.0
 40
1.5
  0
CIRCLE
  5
142
330
1F
100
AcDbEntity
  8
Системный слой (1)
  6
K5LT_BASIC
 62
   150
420
    33023
370
    60
100
AcDbCircle
 10
-6.128522094426586
 20
390.5685050156145
 30
0.0
 40
1.5
  0
LINE
  5
143
330
1F
100
AcDbEntity
  8
Системный слой (1)
  6
K5LT_BASIC
 62
   150
420
    33023
370
    60
100
AcDbLine
 10
16.21679190557342
 20
148.3664630156145
 30
0.0
 11
22.21679190557342
 21
148.3664630156145
 31
0.0
  0
CIRCLE
  5
144
330
1F
100
AcDbEntity
  8
Системный слой (1)
  6
K5LT_BASIC
 62
   150
420
    33023
370
    60
100
AcDbCircle
 10
-93.35835509442657
 20
-2.901746984385483
 30
0.0
 40
1.5
  0
CIRCLE
  5
145
330
1F
100
AcDbEntity
  8
Системный слой (1)
  6
K5LT_BASIC
 62
   150
420
    33023
370
    60
100
AcDbCircle
 10
-115.7832080944266
 20
145.3664560156145
 30
0.0
 40
1.5
  0
CIRCLE
  5
146
330
1F
100
AcDbEntity
  8
Системный слой (1)
  6
K5LT_BASIC
 62
   150
420
    33023
370
    60
100
AcDbCircle
 10
57.11032790557341
 20
-89.77472898438549
 30
0.0
 40
1.5
  0
CIRCLE
  5
147
330
1F
100
AcDbEntity
  8
Системный слой (1)
  6
K5LT_BASIC
 62
   150
420
    33023
370
    60
100
AcDbCircle
 10
-25.78346709442658
 20
380.3367580156145
 30
0.0
 40
1.5
  0
CIRCLE
  5
148
330
1F
100
AcDbEntity
  8
Системный слой (1)
  6
K5LT_BASIC
 62
   150
420
    33023
370
    60
100
AcDbCircle
 10
-64.30272909442658
 20
-20.26654798438548
 30
0.0
 40
4.0
  0
CIRCLE
  5
149
330
1F
100
AcDbEntity
  8
Системный слой (1)
  6
K5LT_BASIC
 62
   150
420
    33023
370
    60
100
AcDbCircle
 10
-133.8851570944266
 20
139.7977010156145
 30
0.0
 40
1.5
  0
CIRCLE
  5
14A
330
1F
100
AcDbEntity
  8
Системный слой (1)
  6
K5LT_BASIC
 62
   150
420
    33023
370
    60
100
AcDbCircle
 10
60.91167590557342
 20
243.0978690156145
 30
0.0
 40
2.5
  0
LINE
  5
14B
330
1F
100
AcDbEntity
  8
Системный слой (1)
  6
K5LT_BASIC
 62
   150
420
    33023
370
    60
100
AcDbLine
 10
189.6051389055734
 20
142.6887950156145
 30
0.0
 11
83.53917390557342
 21
248.7548644480045
 31
0.0
  0
CIRCLE
  5
14C
330
1F
100
AcDbEntity
  8
Системный слой (1)
  6
K5LT_BASIC
 62
   150
420
    33023
370
    60
100
AcDbCircle
 10
-141.6872070944266
 20
192.3452620156145
 30
0.0
 40
4.0
  0
CIRCLE
  5
14D
330
1F
100
AcDbEntity
  8
Системный слой (1)
  6
K5LT_BASIC
 62
   150
420
    33023
370
    60
100
AcDbCircle
 10
-62.0511020944266
 20
-34.20894998438547
 30
0.0
 40
1.5
  0
CIRCLE
  5
14E
330
1F
100
AcDbEntity
  8
Системный слой (1)
  6
K5LT_BASIC
 62
   150
420
    33023
370
    60
100
AcDbCircle
 10
123.3545099055734
 20
-92.66696898438548
 30
0.0
 40
1.5
  0
CIRCLE
  5
14F
330
1F
100
AcDbEntity
  8
Системный слой (1)
  6
K5LT_BASIC
 62
   150
420
    33023
370
    60
100
AcDbCircle
 10
14.34384990557342
 20
-78.31551898438548
 30
0.0
 40
1.5
  0
CIRCLE
  5
150
330
1F
100
AcDbEntity
  8
Системный слой (1)
  6
K5LT_BASIC
 62
   150
420
    33023
370
    60
100
AcDbCircle
 10
-50.48108409442659
 20
-20.42003298438547
 30
0.0
 40
1.5
  0
CIRCLE
  5
151
330
1F
100
AcDbEntity
  8
Системный слой (1)
  6
K5LT_BASIC
 62
   150
420
    33023
370
    60
100
AcDbCircle
 10
-151.8166760944266
 20
182.5037700156145
 30
0.0
 40
1.5
  0
CIRCLE
  5
152
330
1F
100
AcDbEntity
  8
Системный слой (1)
  6
K5LT_BASIC
 62
   150
420
    33023
370
    60
100
AcDbCircle
 10
208.5619559055734
 20
-69.83564798438547
 30
0.0
 40
1.5
  0
CIRCLE
  5
153
330
1F
100
AcDbEntity
  8
Системный слой (1)
  6
K5LT_BASIC
 62
   150
420
    33023
370
    60
100
AcDbCircle
 10
101.2167919055734
 20
396.3664560154145
 30
0.0
 40
1.5
  0
CIRCLE
  5
154
330
1F
100
AcDbEntity
  8
Системный слой (1)
  6
K5LT_BASIC
 62
   150
420
    33023
370
    60
100
AcDbCircle
 10
232.8551399055734
 20
366.9973950156145
 30
0.0
 40
4.0
  0
CIRCLE
  5
155
330
1F
100
AcDbEntity
  8
Системный слой (1)
  6
K5LT_BASIC
 62
   150
420
    33023
370
    60
100
AcDbCircle
 10
278.2167919055734
 20
175.3664560156145
 30
0.0
 40
1.5
  0
CIRCLE
  5
156
330
1F
100
AcDbEntity
  8
Системный слой (1)
  6
K5LT_BASIC
 62
   150
420
    33023
370
    60
100
AcDbCircle
 10
-78.38817909442659
 20
-19.23879998438548
 30
0.0
 40
1.5
  0
CIRCLE
  5
157
330
1F
100
AcDbEntity
  8
Системный слой (1)
  6
K5LT_BASIC
 62
   150
420
    33023
370
    60
100
AcDbCircle
 10
90.52990090557341
 20
405.1332640156145
 30
0.0
 40
4.0
  0
CIRCLE
  5
158
330
1F
100
AcDbEntity
  8
Системный слой (1)
  6
K5LT_BASIC
 62
   150
420
    33023
370
    60
100
AcDbCircle
 10
1.478881905573417
 20
374.2550940156145
 30
0.0
 40
1.5
  0
CIRCLE
  5
159
330
1F
100
AcDbEntity
  8
Системный слой (1)
  6
K5LT_BASIC
 62
   150
420
    33023
370
    60
100
AcDbCircle
 10
200.9547019055734
 20
374.2550940156145
 30
0.0
 40
1.5
  0
CIRCLE
  5
15A
330
1F
100
AcDbEntity
  8
Системный слой (1)
  6
K5LT_BASIC
 62
   150
420
    33023
370
    60
100
AcDbCircle
 10
48.18917890557341
 20
-78.8260719843855
 30
0.0
 40
4.0
  0
CIRCLE
  5
15B
330
1F
100
AcDbEntity
  8
Системный слой (1)
  6
K5LT_BASIC
 62
   150
420
    33023
370
    60
100
AcDbCircle
 10
307.8477329055734
 20
28.72812901561451
 30
0.0
 40
4.0
  0
CIRCLE
  5
15C
330
1F
100
AcDbEntity
  8
Системный слой (1)
  6
K5LT_BASIC
 62
   150
420
    33023
370
    60
100
AcDbCircle
 10
-95.78320809442658
 20
160.3664560156145
 30
0.0
 40
4.0
  0
CIRCLE
  5
15D
330
1F
100
AcDbEntity
  8
Системный слой (1)
  6
K5LT_BASIC
 62
   150
420
    33023
370
    60
100
AcDbCircle
 10
39.69826390557341
 20
264.3113650156145
 30
0.0
 40
2.5
  0
LINE
  5
15E
330
1F
100
AcDbEntity
  8
Системный слой (1)
  6
K5LT_BASIC
 62
   150
420
    33023
370
    60
100
AcDbLine
 10
26.18461990557341
 20
103.0119290156145
 30
0.0
 11
43.86229690557342
 21
85.33426901561452
 31
0.0
  0
CIRCLE
  5
15F
330
1F
100
AcDbEntity
  8
Системный слой (1)
  6
K5LT_BASIC
 62
   150
420
    33023
370
    60
100
AcDbCircle
 10
80.64803690557342
 20
395.4684050156145
 30
0.0
 40
1.5
  0
CIRCLE
  5
160
330
1F
100
AcDbEntity
  8
Системный слой (1)
  6
K5LT_BASIC
 62
   150
420
    33023
370
    60
100
AcDbCircle
 10
-92.10309009442659
 20
295.7304950156145
 30
0.0
 40
1.5
  0
CIRCLE
  5
161
330
1F
100
AcDbEntity
  8
Системный слой (1)
  6
K5LT_BASIC
 62
   150
420
    33023
370
    60
100
AcDbCircle
 10
-62.05148109442658
 20
354.9415570156145
 30
0.0
 40
1.5
  0
CIRCLE
  5
162
330
1F
100
AcDbEntity
  8
Системный слой (1)
  6
K5LT_BASIC
 62
   150
420
    33023
370
    60
100
AcDbCircle
 10
205.1615967538934
 20
98.84786994949451
 30
0.0
 40
2.5
  0
CIRCLE
  5
163
330
1F
100
AcDbEntity
  8
Системный слой (1)
  6
K5LT_BASIC
 62
   150
420
    33023
370
    60
100
AcDbCircle
 10
-65.66040809442657
 20
327.2436560156145
 30
0.0
 40
1.5
  0
CIRCLE
  5
164
330
1F
100
AcDbEntity
  8
Системный слой (1)
  6
K5LT_BASIC
 62
   150
420
    33023
370
    60
100
AcDbCircle
 10
-141.6871770944266
 20
128.3874340156145
 30
0.0
 40
4.0
  0
CIRCLE
  5
165
330
1F
100
AcDbEntity
  8
Системный слой (1)
  6
K5LT_BASIC
 62
   150
420
    33023
370
    60
100
AcDbCircle
 10
194.5548663555354
 20
88.24146734816551
 30
0.0
 40
2.5
  0
CIRCLE
  5
166
330
1F
100
AcDbEntity
  8
Системный слой (1)
  6
K5LT_BASIC
 62
   150
420
    33023
370
    60
100
AcDbCircle
 10
-106.8479820944266
 20
306.0546450156145
 30
0.0
 40
1.5
  0
CIRCLE
  5
167
330
1F
100
AcDbEntity
  8
Системный слой (1)
  6
K5LT_BASIC
 62
   150
420
    33023
370
    60
100
AcDbCircle
 10
-131.1978380944266
 20
119.3854860156145
 30
0.0
 40
1.5
  0
CIRCLE
  5
168
330
1F
100
AcDbEntity
  8
Системный слой (1)
  6
K5LT_BASIC
 62
   150
420
    33023
370
    60
100
AcDbCircle
 10
20.50003790557342
 20
382.1339150156145
 30
0.0
 40
1.5
  0
CIRCLE
  5
169
330
1F
100
AcDbEntity
  8
Системный слой (1)
  6
K5LT_BASIC
 62
   150
420
    33023
370
    60
100
AcDbCircle
 10
116.2167919055734
 20
-56.63354398438548
 30
0.0
 40
1.5
  0
CIRCLE
  5
16A
330
1F
100
AcDbEntity
  8
Системный слой (1)
  6
K5LT_BASIC
 62
   150
420
    33023
370
    60
100
AcDbCircle
 10
43.86226790557342
 20
76.84900401561451
 30
0.0
 40
1.5
  0
CIRCLE
  5
16B
330
1F
100
AcDbEntity
  8
Системный слой (1)
  6
K5LT_BASIC
 62
   150
420
    33023
370
    60
100
AcDbCircle
 10
336.3187409055734
 20
180.9352110156145
 30
0.0
 40
1.5
  0
CIRCLE
  5
16C
330
1F
100
AcDbEntity
  8
Системный слой (1)
  6
K5LT_BASIC
 62
   150
420
    33023
370
    60
100
AcDbCircle
 10
39.69847190557341
 20
221.8847460156145
 30
0.0
 40
2.5
  0
CIRCLE
  5
16D
330
1F
100
AcDbEntity
  8
Системный слой (1)
  6
K5LT_BASIC
 62
   150
420
    33023
370
    60
100
AcDbCircle
 10
-78.38853009442659
 20
339.9713760156145
 30
0.0
 40
1.5
  0
CIRCLE
  5
16E
330
1F
100
AcDbEntity
  8
Системный слой (1)
  6
K5LT_BASIC
 62
   150
420
    33023
370
    60
100
AcDbCircle
 10
232.8552629055734
 20
-46.26438998438547
 30
0.0
 40
4.0
  0
LINE
  5
16F
330
1F
100
AcDbEntity
  8
Системный слой (1)
  6
K5LT_BASIC
 62
   150
420
    33023
370
    60
100
AcDbLine
 10
12.82842790557342
 20
178.0442337780945
 30
0.0
 11
118.8944390971764
 21
71.97811869584552
 31
0.0
  0
CIRCLE
  5
170
330
1F
100
AcDbEntity
  8
Системный слой (1)
  6
K5LT_BASIC
 62
   150
420
    33023
370
    60
100
AcDbCircle
 10
28.71679190557342
 20
87.86645601561452
 30
0.0
 40
1.5
  0
CIRCLE
  5
171
330
1F
100
AcDbEntity
  8
Системный слой (1)
  6
K5LT_BASIC
 62
   150
420
    33023
370
    60
100
AcDbCircle
 10
205.1616619565934
 20
77.63445994942052
 30
0.0
 40
4.0
  0
CIRCLE
  5
172
330
1F
100
AcDbEntity
  8
Системный слой (1)
  6
K5LT_BASIC
 62
   150
420
    33023
370
    60
100
AcDbCircle
 10
194.5546961527514
 20
109.4547883483425
 30
0.0
 40
4.0
  0
CIRCLE
  5
173
330
1F
100
AcDbEntity
  8
Системный слой (1)
  6
K5LT_BASIC
 62
   150
420
    33023
370
    60
100
AcDbCircle
 10
-47.92985809442658
 20
354.7379460156145
 30
0.0
 40
4.0
  0
CIRCLE
  5
174
330
1F
100
AcDbEntity
  8
Системный слой (1)
  6
K5LT_BASIC
 62
   150
420
    33023
370
    60
100
AcDbCircle
 10
-93.35867409442659
 20
323.6342930156145
 30
0.0
 40
1.5
  0
CIRCLE
  5
175
330
1F
100
AcDbEntity
  8
Системный слой (1)
  6
K5LT_BASIC
 62
   150
420
    33023
370
    60
100
AcDbCircle
 10
142.1977619055734
 20
-72.04817398438547
 30
0.0
 40
1.5
  0
CIRCLE
  5
176
330
1F
100
AcDbEntity
  8
Системный слой (1)
  6
K5LT_BASIC
 62
   150
420
    33023
370
    60
100
AcDbCircle
 10
183.9485541596174
 20
56.42139374642451
 30
0.0
 40
4.0
  0
CIRCLE
  5
177
330
1F
100
AcDbEntity
  8
Системный слой (1)
  6
K5LT_BASIC
 62
   150
420
    33023
370
    60
100
AcDbCircle
 10
327.5672999055734
 20
66.60909601561451
 30
0.0
 40
4.0
  0
CIRCLE
  5
178
330
1F
100
AcDbEntity
  8
Системный слой (1)
  6
K5LT_BASIC
 62
   150
420
    33023
370
    60
100
AcDbCircle
 10
173.3416631525824
 20
109.4546271452755
 30
0.0
 40
2.5
  0
CIRCLE
  5
179
330
1F
100
AcDbEntity
  8
Системный слой (1)
  6
K5LT_BASIC
 62
   150
420
    33023
370
    60
100
AcDbCircle
 10
-148.9244150944266
 20
204.4728460156145
 30
0.0
 40
1.5
  0
CIRCLE
  5
17A
330
1F
100
AcDbEntity
  8
Системный слой (1)
  6
K5LT_BASIC
 62
   150
420
    33023
370
    60
100
AcDbCircle
 10
184.7342709055734
 20
217.7209657443945
 30
0.0
 40
1.5
  0
CIRCLE
  5
17B
330
1F
100
AcDbEntity
  8
Системный слой (1)
  6
K5LT_BASIC
 62
   150
420
    33023
370
    60
100
AcDbCircle
 10
116.2167919055734
 20
-16.63354398438548
 30
0.0
 40
1.5
  0
CIRCLE
  5
17C
330
1F
100
AcDbEntity
  8
Системный слой (1)
  6
K5LT_BASIC
 62
   150
420
    33023
370
    60
100
AcDbCircle
 10
355.2167849055734
 20
160.3665460156145
 30
0.0
 40
1.5
  0
CIRCLE
  5
17D
330
1F
100
AcDbEntity
  8
Системный слой (1)
  6
K5LT_BASIC
 62
   150
420
    33023
370
    60
100
AcDbCircle
 10
-47.92967409442659
 20
-34.00516098438547
 30
0.0
 40
4.0
  0
CIRCLE
  5
17E
330
1F
100
AcDbEntity
  8
Системный слой (1)
  6
K5LT_BASIC
 62
   150
420
    33023
370
    60
100
AcDbCircle
 10
-79.41623709442658
 20
325.8859650156145
 30
0.0
 40
4.0
  0
CIRCLE
  5
17F
330
1F
100
AcDbEntity
  8
Системный слой (1)
  6
K5LT_BASIC
 62
   150
420
    33023
370
    60
100
AcDbCircle
 10
-125.1337340944266
 20
254.1237880156145
 30
0.0
 40
4.0
  0
CIRCLE
  5
180
330
1F
100
AcDbEntity
  8
Системный слой (1)
  6
K5LT_BASIC
 62
   150
420
    33023
370
    60
100
AcDbCircle
 10
-133.8851570944266
 20
180.9352110156145
 30
0.0
 40
1.5
  0
CIRCLE
  5
181
330
1F
100
AcDbEntity
  8
Системный слой (1)
  6
K5LT_BASIC
 62
   150
420
    33023
370
    60
100
AcDbCircle
 10
339.8987459055734
 20
73.49344401561451
 30
0.0
 40
1.5
  0
CIRCLE
  5
182
330
1F
100
AcDbEntity
  8
Системный слой (1)
  6
K5LT_BASIC
 62
   150
420
    33023
370
    60
100
AcDbCircle
 10
351.3579699055734
 20
116.2599180156145
 30
0.0
 40
1.5
  0
LINE
  5
183
330
1F
100
AcDbEntity
  8
Системный слой (1)
  6
K5LT_BASIC
 62
   150
420
    33023
370
    60
100
AcDbLine
 10
186.2167919055734
 20
172.3664560156145
 30
0.0
 11
186.2167919055734
 21
160.3664560156145
 31
0.0
  0
CIRCLE
  5
184
330
1F
100
AcDbEntity
  8
Системный слой (1)
  6
K5LT_BASIC
 62
   150
420
    33023
370
    60
100
AcDbCircle
 10
-120.5506670944266
 20
79.64970201561452
 30
0.0
 40
1.5
  0
CIRCLE
  5
185
330
1F
100
AcDbEntity
  8
Системный слой (1)
  6
K5LT_BASIC
 62
   150
420
    33023
370
    60
100
AcDbCircle
 10
70.02521490557342
 20
103.0119590156145
 30
0.0
 40
1.5
  0
CIRCLE
  5
186
330
1F
100
AcDbEntity
  8
Системный слой (1)
  6
K5LT_BASIC
 62
   150
420
    33023
370
    60
100
AcDbCircle
 10
162.2980869055734
 20
388.3249510156145
 30
0.0
 40
1.5
  0
CIRCLE
  5
187
330
1F
100
AcDbEntity
  8
Системный слой (1)
  6
K5LT_BASIC
 62
   150
420
    33023
370
    60
100
AcDbCircle
 10
86.21679190557342
 20
-56.63354398438548
 30
0.0
 40
1.5
  0
CIRCLE
  5
188
330
1F
100
AcDbEntity
  8
Системный слой (1)
  6
K5LT_BASIC
 62
   150
420
    33023
370
    60
100
AcDbCircle
 10
294.5366739055734
 20
25.00241701561453
 30
0.0
 40
1.5
  0
CIRCLE
  5
189
330
1F
100
AcDbEntity
  8
Системный слой (1)
  6
K5LT_BASIC
 62
   150
420
    33023
370
    60
100
AcDbCircle
 10
181.9335459055734
 20
-61.40100298438549
 30
0.0
 40
1.5
  0
CIRCLE
  5
18A
330
1F
100
AcDbEntity
  8
Системный слой (1)
  6
K5LT_BASIC
 62
   150
420
    33023
370
    60
100
AcDbCircle
 10
-30.42152509442658
 20
-46.26448798438548
 30
0.0
 40
4.0
  0
CIRCLE
  5
18B
330
1F
100
AcDbEntity
  8
Системный слой (1)
  6
K5LT_BASIC
 62
   150
420
    33023
370
    60
100
AcDbCircle
 10
280.8218799055734
 20
339.9716100156145
 30
0.0
 40
1.5
  0
CIRCLE
  5
18C
330
1F
100
AcDbEntity
  8
Системный слой (1)
  6
K5LT_BASIC
 62
   150
420
    33023
370
    60
100
AcDbCircle
 10
133.1957959055734
 20
-82.53750898438548
 30
0.0
 40
4.0
  0
CIRCLE
  5
18D
330
1F
100
AcDbEntity
  8
Системный слой (1)
  6
K5LT_BASIC
 62
   150
420
    33023
370
    60
100
AcDbCircle
 10
-93.15470709442658
 20
11.21983401561451
 30
0.0
 40
4.0
  0
CIRCLE
  5
18E
330
1F
100
AcDbEntity
  8
Системный слой (1)
  6
K5LT_BASIC
 62
   150
420
    33023
370
    60
100
AcDbCircle
 10
-30.42172009442658
 20
366.9972900156145
 30
0.0
 40
4.0
  0
CIRCLE
  5
18F
330
1F
100
AcDbEntity
  8
Системный слой (1)
  6
K5LT_BASIC
 62
   150
420
    33023
370
    60
100
AcDbCircle
 10
264.4848119055735
 20
354.9417700156145
 30
0.0
 40
1.5
  0
CIRCLE
  5
190
330
1F
100
AcDbEntity
  8
Системный слой (1)
  6
K5LT_BASIC
 62
   150
420
    33023
370
    60
100
AcDbCircle
 10
39.69846690557342
 20
243.0979550156145
 30
0.0
 40
1.5
  0
CIRCLE
  5
191
330
1F
100
AcDbEntity
  8
Системный слой (1)
  6
K5LT_BASIC
 62
   150
420
    33023
370
    60
100
AcDbCircle
 10
18.48512490557341
 20
243.0980080156145
 30
0.0
 40
2.5
  0
CIRCLE
  5
192
330
1F
100
AcDbEntity
  8
Системный слой (1)
  6
K5LT_BASIC
 62
   150
420
    33023
370
    60
100
AcDbCircle
 10
-90.90408541602235
 20
194.5197417585322
 30
0.0
 40
1.5
  0
CIRCLE
  5
193
330
1F
100
AcDbEntity
  8
Системный слой (1)
  6
K5LT_BASIC
 62
   150
420
    33023
370
    60
100
AcDbCircle
 10
107.0855503958855
 20
-60.03865865822866
 30
0.0
 40
1.5
  0
CIRCLE
  5
194
330
1F
100
AcDbEntity
  8
Системный слой (1)
  6
K5LT_BASIC
 62
   150
420
    33023
370
    60
100
AcDbCircle
 10
114.1566595260043
 20
-10.54118987781607
 30
0.0
 40
1.5
  0
CIRCLE
  5
195
330
1F
100
AcDbEntity
  8
Системный слой (1)
  6
K5LT_BASIC
 62
   150
420
    33023
370
    60
100
AcDbCircle
 10
293.3376940692008
 20
194.5195687709783
 30
0.0
 40
1.5
  0
CIRCLE
  5
196
330
1F
100
AcDbEntity
  8
Системный слой (1)
  6
K5LT_BASIC
 62
   150
420
    33023
370
    60
100
AcDbCircle
 10
272.1244698107944
 20
173.3063861582123
 30
0.0
 40
1.5
  0
CIRCLE
  5
197
330
1F
100
AcDbEntity
  8
Системный слой (1)
  6
K5LT_BASIC
 62
   150
420
    33023
370
    60
100
AcDbCircle
 10
-119.1883608167994
 20
166.2354746643909
 30
0.0
 40
1.5
  0
CIRCLE
  5
198
330
1F
100
AcDbEntity
  8
Системный слой (1)
  6
K5LT_BASIC
 62
   150
420
    33023
370
    60
100
AcDbCircle
 10
170.0181418702862
 20
45.3201992053425
 30
0.0
 40
1.5
  0
CIRCLE
  5
199
330
1F
100
AcDbEntity
  8
Системный слой (1)
  6
K5LT_BASIC
 62
   150
420
    33023
370
    60
100
AcDbCircle
 10
170.0182817150101
 20
275.4127293146482
 30
0.0
 40
1.5
  0
CIRCLE
  5
19A
330
1F
100
AcDbEntity
  8
Системный слой (1)
  6
K5LT_BASIC
 62
   150
420
    33023
370
    60
100
AcDbCircle
 10
-13.82944117882667
 20
229.167962718807
 30
0.0
 40
1.5
  0
CIRCLE
  5
19B
330
1F
100
AcDbEntity
  8
Системный слой (1)
  6
K5LT_BASIC
 62
   150
420
    33023
370
    60
100
AcDbCircle
 10
233.2336350207077
 20
212.1972972986552
 30
0.0
 40
1.5
  0
CIRCLE
  5
19C
330
1F
100
AcDbEntity
  8
Системный слой (1)
  6
K5LT_BASIC
 62
   150
420
    33023
370
    60
100
AcDbCircle
 10
191.2313275980591
 20
24.10697806193738
 30
0.0
 40
1.5
  0
CIRCLE
  5
19D
330
1F
100
AcDbEntity
  8
Системный слой (1)
  6
K5LT_BASIC
 62
   150
420
    33023
370
    60
100
AcDbCircle
 10
321.6219375528837
 20
166.2352697597803
 30
0.0
 40
1.5
  0
CIRCLE
  5
19E
330
1F
100
AcDbEntity
  8
Системный слой (1)
  6
K5LT_BASIC
 62
   150
420
    33023
370
    60
100
AcDbCircle
 10
254.4468592791141
 20
233.4104799114212
 30
0.0
 40
1.5
  0
CIRCLE
  5
19F
330
1F
100
AcDbEntity
  8
Системный слой (1)
  6
K5LT_BASIC
 62
   150
420
    33023
370
    60
100
AcDbCircle
 10
114.156846001262
 20
331.2741650283903
 30
0.0
 40
1.5
  0
CIRCLE
  5
1A0
330
1F
100
AcDbEntity
  8
Системный слой (1)
  6
K5LT_BASIC
 62
   150
420
    33023
370
    60
100
AcDbCircle
 10
85.8725747538104
 20
359.5584362758469
 30
0.0
 40
1.5
  0
CIRCLE
  5
1A1
330
1F
100
AcDbEntity
  8
Системный слой (1)
  6
K5LT_BASIC
 62
   150
420
    33023
370
    60
100
AcDbCircle
 10
107.0857781894067
 20
380.7716397114434
 30
0.0
 40
1.5
  0
CIRCLE
  5
1A2
330
1F
100
AcDbEntity
  8
Системный слой (1)
  6
K5LT_BASIC
 62
   150
420
    33023
370
    60
100
AcDbCircle
 10
-35.04264149941898
 20
250.3811692694071
 30
0.0
 40
1.5
  0
CIRCLE
  5
1A3
330
1F
100
AcDbEntity
  8
Системный слой (1)
  6
K5LT_BASIC
 62
   150
420
    33023
370
    60
100
AcDbCircle
 10
135.3698452537772
 20
-31.75441102122119
 30
0.0
 40
1.5
  0
CIRCLE
  5
1A4
330
1F
100
AcDbEntity
  8
Системный слой (1)
  6
K5LT_BASIC
 62
   150
420
    33023
370
    60
100
AcDbCircle
 10
-69.69088509543005
 20
173.3065352079322
 30
0.0
 40
1.5
  0
CIRCLE
  5
1A5
330
1F
100
AcDbEntity
  8
Системный слой (1)
  6
K5LT_BASIC
 62
   150
420
    33023
370
    60
100
AcDbCircle
 10
153.0477189665536
 20
292.3832920631148
 30
0.0
 40
1.5
  0
CIRCLE
  5
1A6
330
1F
100
AcDbEntity
  8
Системный слой (1)
  6
K5LT_BASIC
 62
   150
420
    33023
370
    60
100
AcDbCircle
 10
-52.01320673985279
 20
233.4106090128968
 30
0.0
 40
1.5
  0
CIRCLE
  5
1A7
330
1F
100
AcDbEntity
  8
Системный слой (1)
  6
K5LT_BASIC
 62
   150
420
    33023
370
    60
100
AcDbCircle
 10
237.4763131889117
 20
250.3810593181255
 30
0.0
 40
1.5
  0
CIRCLE
  5
1A8
330
1F
100
AcDbEntity
  8
Системный слой (1)
  6
K5LT_BASIC
 62
   150
420
    33023
370
    60
100
AcDbCircle
 10
-30.80000641926048
 20
212.1974024622967
 30
0.0
 40
1.5
  0
CIRCLE
  5
1A9
330
1F
100
AcDbEntity
  8
Системный слой (1)
  6
K5LT_BASIC
 62
   150
420
    33023
370
    60
100
AcDbCircle
 10
85.87236466811257
 20
-38.82543751482353
 30
0.0
 40
1.5
  0
CIRCLE
  5
1AA
330
1F
100
AcDbEntity
  8
Системный слой (1)
  6
K5LT_BASIC
 62
   150
420
    33023
370
    60
100
AcDbCircle
 10
174.2607506832986
 20
7.136429479765297
 30
0.0
 40
1.5
  0
CIRCLE
  5
1AB
330
1F
100
AcDbEntity
  8
Системный слой (1)
  6
K5LT_BASIC
 62
   150
420
    33023
370
    60
100
AcDbCircle
 10
135.3700494368583
 20
352.4873684639869
 30
0.0
 40
1.5
  0
CIRCLE
  5
1AC
330
1F
100
AcDbEntity
  8
Системный слой (1)
  6
K5LT_BASIC
 62
   150
420
    33023
370
    60
100
AcDbCircle
 10
191.2314851506272
 20
296.6259327502344
 30
0.0
 40
1.5
  0
CIRCLE
  5
1AD
330
1F
100
AcDbEntity
  8
Системный слой (1)
  6
K5LT_BASIC
 62
   150
420
    33023
370
    60
100
AcDbCircle
 10
-97.97516049620705
 20
145.0222681137909
 30
0.0
 40
1.5
  0
CIRCLE
  5
1AE
330
1F
100
AcDbEntity
  8
Системный слой (1)
  6
K5LT_BASIC
 62
   150
420
    33023
370
    60
100
AcDbCircle
 10
216.2630889305053
 20
229.1678767053595
 30
0.0
 40
1.5
  0
CIRCLE
  5
1AF
330
1F
100
AcDbEntity
  8
Системный слой (1)
  6
K5LT_BASIC
 62
   150
420
    33023
370
    60
100
AcDbCircle
 10
174.2609224021707
 20
313.596495498701
 30
0.0
 40
1.5
  0
CIRCLE
  5
1B0
330
1F
100
AcDbEntity
  8
Системный слой (1)
  6
K5LT_BASIC
 62
   150
420
    33023
370
    60
100
AcDbCircle
 10
300.4087132944773
 20
145.0220871470142
 30
0.0
 40
1.5
  0
CIRCLE
  5
1B1
330
1F
100
AcDbEntity
  8
Системный слой (1)
  6
K5LT_BASIC
 62
   150
420
    33023
370
    60
100
AcDbCircle
 10
153.0475649555256
 20
28.34965062317042
 30
0.0
 40
1.5
  0
CIRCLE
  5
1B2
330
1F
100
AcDbEntity
  8
Системный слой (1)
  6
K5LT_BASIC
 62
   150
420
    33023
370
    60
100
AcDbCircle
 10
181.5803127022443
 20
-33.64824581175483
 30
0.0
 40
15.0
  0
CIRCLE
  5
1B3
330
1F
100
AcDbEntity
  8
Системный слой (1)
  6
K5LT_BASIC
 62
   150
420
    33023
370
    60
100
AcDbCircle
 10
-92.79790992179767
 20
240.7299768122813
 30
0.0
 40
15.0
  0
CIRCLE
  5
1B4
330
1F
100
AcDbEntity
  8
Системный слой (1)
  6
K5LT_BASIC
 62
   150
420
    33023
370
    60
100
AcDbCircle
 10
20.85327110890665
 20
-33.64824581175657
 30
0.0
 40
15.0
  0
CIRCLE
  5
1B5
330
1F
100
AcDbEntity
  8
Системный слой (1)
  6
K5LT_BASIC
 62
   150
420
    33023
370
    60
100
AcDbCircle
 10
181.5803127022402
 20
354.3811578429856
 30
0.0
 40
15.0
  0
CIRCLE
  5
1B6
330
1F
100
AcDbEntity
  8
Системный слой (1)
  6
K5LT_BASIC
 62
   150
420
    33023
370
    60
100
AcDbCircle
 10
295.2314937329428
 20
240.7299768122855
 30
0.0
 40
15.0
  0
CIRCLE
  5
1B7
330
1F
100
AcDbEntity
  8
Системный слой (1)
  6
K5LT_BASIC
 62
   150
420
    33023
370
    60
100
AcDbCircle
 10
20.85327110890248
 20
354.3811578429838
 30
0.0
 40
15.0
  0
CIRCLE
  5
1B8
330
1F
100
AcDbEntity
  8
Системный слой (1)
  6
K5LT_BASIC
 62
   150
420
    33023
370
    60
100
AcDbCircle
 10
-92.79790992179593
 20
80.00293521894358
 30
0.0
 40
15.0
  0
CIRCLE
  5
1B9
330
1F
100
AcDbEntity
  8
Системный слой (1)
  6
K5LT_BASIC
 62
   150
420
    33023
370
    60
100
AcDbCircle
 10
295.2314937329445
 20
80.00293521894775
 30
0.0
 40
15.0
  0
ENDSEC
  0
SECTION
  2
OBJECTS
  0
DICTIONARY
  5
C
330
0
100
AcDbDictionary
281
     1
  3
ACAD_DETAILVIEWSTYLE
350
1C1
  3
ACAD_GROUP
350
D
  3
ACAD_LAYOUT
350
1A
  3
ACAD_MATERIAL
350
43
  3
ACAD_MLEADERSTYLE
350
5B
  3
ACAD_MLINESTYLE
350
17
  3
ACAD_PLOTSETTINGS
350
19
  3
ACAD_PLOTSTYLENAME
350
E
  3
ACAD_SCALELIST
350
47
  3
ACAD_SECTIONVIEWSTYLE
350
1C2
  3
ACAD_TABLESTYLE
350
59
  3
ACAD_VISUALSTYLE
350
2A
  3
ACDB_RECOMPOSE_DATA
350
1BE
  3
AcDbVariableDictionary
350
1BA
  0
SUN
  5
5D
330
29
100
AcDbSun
 90
        1
290
     0
 63
     7
421
 16777215
 40
1.0
291
     1
 91
  2455826
 92
 54000000
292
     0
 70
     2
 71
   256
280
     1
  0
DICTIONARY
  5
1C1
102
{ACAD_REACTORS
330
C
102
}
330
C
100
AcDbDictionary
281
     1
  0
DICTIONARY
  5
D
102
{ACAD_REACTORS
330
C
102
}
330
C
100
AcDbDictionary
281
     1
  0
DICTIONARY
  5
1A
102
{ACAD_REACTORS
330
C
102
}
330
C
100
AcDbDictionary
281
     1
  3
Layout1
350
1E
  3
Layout2
350
26
  3
Model
350
22
  0
DICTIONARY
  5
43
102
{ACAD_REACTORS
330
C
102
}
330
C
100
AcDbDictionary
281
     1
  3
ByBlock
350
45
  3
ByLayer
350
44
  3
Global
350
46
  0
DICTIONARY
  5
5B
102
{ACAD_REACTORS
330
C
102
}
330
C
100
AcDbDictionary
281
     1
  3
Standard
350
5C
  0
DICTIONARY
  5
17
102
{ACAD_REACTORS
330
C
102
}
330
C
100
AcDbDictionary
281
     1
  3
Standard
350
18
  0
DICTIONARY
  5
19
102
{ACAD_REACTORS
330
C
102
}
330
C
100
AcDbDictionary
281
     1
  0
ACDBDICTIONARYWDFLT
  5
E
102
{ACAD_REACTORS
330
C
102
}
330
C
100
AcDbDictionary
281
     1
  3
Normal
350
F
100
AcDbDictionaryWithDefault
340
F
  0
DICTIONARY
  5
47
102
{ACAD_REACTORS
330
C
102
}
330
C
100
AcDbDictionary
281
     1
  3
A0
350
48
  3
A1
350
49
  3
A2
350
4A
  3
A3
350
4B
  3
A4
350
4C
  3
A5
350
4D
  3
A6
350
4E
  3
A7
350
4F
  3
A8
350
50
  3
A9
350
51
  3
B0
350
52
  3
B1
350
53
  3
B2
350
54
  3
B3
350
55
  3
B4
350
56
  3
B5
350
57
  3
B6
350
58
  0
DICTIONARY
  5
1C2
102
{ACAD_REACTORS
330
C
102
}
330
C
100
AcDbDictionary
281
     1
  0
DICTIONARY
  5
59
102
{ACAD_REACTORS
330
C
102
}
330
C
100
AcDbDictionary
281
     1
  3
Standard
350
5A
  0
DICTIONARY
  5
2A
102
{ACAD_REACTORS
330
C
102
}
330
C
100
AcDbDictionary
281
     1
  3
2dWireframe
350
2F
  3
Basic
350
32
  3
Brighten
350
36
  3
ColorChange
350
3A
  3
Conceptual
350
34
  3
Dim
350
35
  3
EdgeColorOff
350
3D
  3
Facepattern
350
39
  3
Flat
350
2B
  3
FlatWithEdges
350
2C
  3
Gouraud
350
2D
  3
GouraudWithEdges
350
2E
  3
Hidden
350
31
  3
JitterOff
350
3B
  3
Linepattern
350
38
  3
OverhangOff
350
3C
  3
Realistic
350
33
  3
Shaded
350
42
  3
Shaded with edges
350
41
  3
Shades of Gray
350
3E
  3
Sketchy
350
3F
  3
Thicken
350
37
  3
Wireframe
350
30
  3
X-Ray
350
40
  0
XRECORD
  5
1BE
102
{ACAD_REACTORS
330
C
102
}
330
C
100
AcDbXrecord
280
     1
 90
        1
330
5A
  0
DICTIONARY
  5
1BA
102
{ACAD_REACTORS
330
C
102
}
330
C
100
AcDbDictionary
281
     1
  3
CANNOSCALE
350
1BB
  3
CENTEREXE
350
1C4
  3
CENTERLTYPEFILE
350
1C5
  3
CMLEADERSTYLE
350
1C0
  3
CTABLESTYLE
350
1BF
  3
WIPEOUTFRAME
350
1C3
  0
LAYOUT
  5
1E
102
{ACAD_REACTORS
330
1A
102
}
330
1A
100
AcDbPlotSettings
  1

  2
none_device
  4

  6

 40
0.0
 41
0.0
 42
0.0
 43
0.0
 44
0.0
 45
0.0
 46
0.0
 47
0.0
 48
0.0
 49
0.0
140
0.0
141
0.0
142
1.0
143
1.0
 70
   688
 72
     1
 73
     0
 74
     5
  7

 75
    16
 76
     0
 77
     2
 78
   300
147
1.0
148
0.0
149
0.0
100
AcDbLayout
  1
Layout1
 70
     1
 71
     1
 10
0.0
 20
0.0
 11
420.0
 21
297.0
 12
0.0
 22
0.0
 32
0.0
 14
1.000000000000000E+20
 24
1.000000000000000E+20
 34
1.000000000000000E+20
 15
-1.000000000000000E+20
 25
-1.000000000000000E+20
 35
-1.000000000000000E+20
146
0.0
 13
0.0
 23
0.0
 33
0.0
 16
1.0
 26
0.0
 36
0.0
 17
0.0
 27
1.0
 37
0.0
 76
     0
330
1B
  0
LAYOUT
  5
26
102
{ACAD_REACTORS
330
1A
102
}
330
1A
100
AcDbPlotSettings
  1

  2
none_device
  4

  6

 40
0.0
 41
0.0
 42
0.0
 43
0.0
 44
0.0
 45
0.0
 46
0.0
 47
0.0
 48
0.0
 49
0.0
140
0.0
141
0.0
142
1.0
143
1.0
 70
   688
 72
     1
 73
     0
 74
     5
  7

 75
    16
 76
     0
 77
     2
 78
   300
147
1.0
148
0.0
149
0.0
100
AcDbLayout
  1
Layout2
 70
     1
 71
     2
 10
0.0
 20
0.0
 11
0.0
 21
0.0
 12
0.0
 22
0.0
 32
0.0
 14
0.0
 24
0.0
 34
0.0
 15
0.0
 25
0.0
 35
0.0
146
0.0
 13
0.0
 23
0.0
 33
0.0
 16
1.0
 26
0.0
 36
0.0
 17
0.0
 27
1.0
 37
0.0
 76
     0
330
23
  0
LAYOUT
  5
22
102
{ACAD_REACTORS
330
1A
102
}
330
1A
100
AcDbPlotSettings
  1

  2
none_device
  4
Letter_(8.50_x_11.00_Inches)
  6

 40
6.35
 41
6.35
 42
6.35000508
 43
6.35000508
 44
215.9
 45
279.4
 46
0.0
 47
0.0
 48
0.0
 49
0.0
140
0.0
141
0.0
142
1.0
143
1.0
 70
  1712
 72
     1
 73
     0
 74
     0
  7

 75
     0
 76
     0
 77
     2
 78
   300
147
1.0
148
0.0
149
0.0
100
AcDbLayout
  1
Model
 70
     1
 71
     0
 10
0.0
 20
0.0
 11
420.0
 21
297.0
 12
0.0
 22
0.0
 32
0.0
 14
-158.7832082867866
 24
-99.63354400885544
 34
0.0
 15
361.2167917132134
 25
420.3664559911446
 35
0.0
146
0.0
 13
0.0
 23
0.0
 33
0.0
 16
1.0
 26
0.0
 36
0.0
 17
0.0
 27
1.0
 37
0.0
 76
     0
330
1F
331
29
  0
MATERIAL
  5
45
102
{ACAD_REACTORS
330
43
102
}
330
43
100
AcDbMaterial
  1
ByBlock
 72
     1
 94
      127
  0
MATERIAL
  5
44
102
{ACAD_REACTORS
330
43
102
}
330
43
100
AcDbMaterial
  1
ByLayer
 72
     1
 94
      127
  0
MATERIAL
  5
46
102
{ACAD_REACTORS
330
43
102
}
330
43
100
AcDbMaterial
  1
Global
 72
     1
 94
      127
  0
MLEADERSTYLE
  5
5C
102
{ACAD_REACTORS
330
5B
102
}
330
5B
100
AcDbMLeaderStyle
179
     2
170
     2
171
     1
172
     0
 90
        2
 40
0.0
 41
0.0
173
     1
 91
-1056964608
340
14
 92
       -2
290
     1
 42
2.0
291
     1
 43
8.0
  3
Standard
341
0
 44
4.0
300

342
11
174
     1
178
     6
175
     1
176
     0
 93
-1056964608
 45
4.0
292
     0
297
     0
 46
4.0
343
0
 94
-1056964608
 47
1.0
 49
1.0
140
1.0
293
     1
141
0.0
294
     1
177
     0
142
1.0
295
     0
296
     0
143
3.75
271
     0
272
     9
273
     9
298
     0
  0
MLINESTYLE
  5
18
102
{ACAD_REACTORS
330
17
102
}
330
17
100
AcDbMlineStyle
  2
Standard
 70
     0
  3

 62
   256
 51
90.0
 52
90.0
 71
     2
 49
0.5
 62
   256
  6
BYLAYER
 49
-0.5
 62
   256
  6
BYLAYER
  0
ACDBPLACEHOLDER
  5
F
102
{ACAD_REACTORS
330
E
102
}
330
E
  0
SCALE
  5
48
102
{ACAD_REACTORS
330
47
102
}
330
47
100
AcDbScale
 70
     0
300
1:1
140
1.0
141
1.0
290
     1
  0
SCALE
  5
49
102
{ACAD_REACTORS
330
47
102
}
330
47
100
AcDbScale
 70
     0
300
1:2
140
1.0
141
2.0
290
     0
  0
SCALE
  5
4A
102
{ACAD_REACTORS
330
47
102
}
330
47
100
AcDbScale
 70
     0
300
1:4
140
1.0
141
4.0
290
     0
  0
SCALE
  5
4B
102
{ACAD_REACTORS
330
47
102
}
330
47
100
AcDbScale
 70
     0
300
1:5
140
1.0
141
5.0
290
     0
  0
SCALE
  5
4C
102
{ACAD_REACTORS
330
47
102
}
330
47
100
AcDbScale
 70
     0
300
1:8
140
1.0
141
8.0
290
     0
  0
SCALE
  5
4D
102
{ACAD_REACTORS
330
47
102
}
330
47
100
AcDbScale
 70
     0
300
1:10
140
1.0
141
10.0
290
     0
  0
SCALE
  5
4E
102
{ACAD_REACTORS
330
47
102
}
330
47
100
AcDbScale
 70
     0
300
1:16
140
1.0
141
16.0
290
     0
  0
SCALE
  5
4F
102
{ACAD_REACTORS
330
47
102
}
330
47
100
AcDbScale
 70
     0
300
1:20
140
1.0
141
20.0
290
     0
  0
SCALE
  5
50
102
{ACAD_REACTORS
330
47
102
}
330
47
100
AcDbScale
 70
     0
300
1:30
140
1.0
141
30.0
290
     0
  0
SCALE
  5
51
102
{ACAD_REACTORS
330
47
102
}
330
47
100
AcDbScale
 70
     0
300
1:40
140
1.0
141
40.0
290
     0
  0
SCALE
  5
52
102
{ACAD_REACTORS
330
47
102
}
330
47
100
AcDbScale
 70
     0
300
1:50
140
1.0
141
50.0
290
     0
  0
SCALE
  5
53
102
{ACAD_REACTORS
330
47
102
}
330
47
100
AcDbScale
 70
     0
300
1:100
140
1.0
141
100.0
290
     0
  0
SCALE
  5
54
102
{ACAD_REACTORS
330
47
102
}
330
47
100
AcDbScale
 70
     0
300
2:1
140
2.0
141
1.0
290
     0
  0
SCALE
  5
55
102
{ACAD_REACTORS
330
47
102
}
330
47
100
AcDbScale
 70
     0
300
4:1
140
4.0
141
1.0
290
     0
  0
SCALE
  5
56
102
{ACAD_REACTORS
330
47
102
}
330
47
100
AcDbScale
 70
     0
300
8:1
140
8.0
141
1.0
290
     0
  0
SCALE
  5
57
102
{ACAD_REACTORS
330
47
102
}
330
47
100
AcDbScale
 70
     0
300
10:1
140
10.0
141
1.0
290
     0
  0
SCALE
  5
58
102
{ACAD_REACTORS
330
47
102
}
330
47
100
AcDbScale
 70
     0
300
100:1
140
100.0
141
1.0
290
     0
  0
TABLESTYLE
  5
5A
102
{ACAD_REACTORS
330
59
102
}
102
{ACAD_XDICTIONARY
360
1BC
102
}
330
59
100
AcDbTableStyle
  3
Standard
 70
     0
 71
     0
 40
0.06
 41
0.06
280
     0
281
     0
  7
Standard
140
4.5
170
     2
 62
     0
 63
   257
283
     0
 90
        4
 91
        0
  1

274
    -2
284
     1
 64
     0
275
    -2
285
     1
 65
     0
276
    -2
286
     1
 66
     0
277
    -2
287
     1
 67
     0
278
    -2
288
     1
 68
     0
279
    -2
289
     1
 69
     0
  7
Standard
140
6.0
170
     5
 62
     0
 63
   257
283
     0
 90
        4
 91
        0
  1

274
    -2
284
     1
 64
     0
275
    -2
285
     1
 65
     0
276
    -2
286
     1
 66
     0
277
    -2
287
     1
 67
     0
278
    -2
288
     1
 68
     0
279
    -2
289
     1
 69
     0
  7
Standard
140
4.5
170
     5
 62
     0
 63
   257
283
     0
 90
        4
 91
        0
  1

274
    -2
284
     1
 64
     0
275
    -2
285
     1
 65
     0
276
    -2
286
     1
 66
     0
277
    -2
287
     1
 67
     0
278
    -2
288
     1
 68
     0
279
    -2
289
     1
 69
     0
  0
VISUALSTYLE
  5
2F
102
{ACAD_REACTORS
330
2A
102
}
330
2A
100
AcDbVisualStyle
  2
2dWireframe
 70
     4
177
     3
291
     0
 70
    58
 90
        0
176
     1
 90
        2
176
     1
 90
        0
176
     1
 90
        0
176
     1
 40
0.6
176
     1
 40
30.0
176
     1
 62
     7
420
 16777215
176
     1
 90
        1
176
     1
 90
        4
176
     1
 62
     7
176
     1
 62
   257
176
     1
 90
        1
176
     1
 90
        1
176
     1
 40
1.0
176
     1
 90
        0
176
     1
 62
   257
176
     1
 40
1.0
176
     1
 90
        1
176
     1
 90
        6
176
     1
 90
        2
176
     1
 62
     7
176
     1
 90
        5
176
     1
 90
        0
176
     1
 90
        0
176
     1
290
     0
176
     1
 90
        1
176
     1
 40
0.0
176
     1
 90
        0
176
     1
290
     1
176
     1
290
     1
176
     1
290
     0
176
     1
290
     0
176
     1
290
     0
176
     1
290
     0
176
     1
290
     0
176
     1
290
     0
176
     1
290
     0
176
     1
 90
       50
176
     1
 40
0.0
176
     1
 40
1.0
176
     1
 90
        0
176
     1
 62
    18
420
        0
176
     1
 90
       50
176
     1
 90
        3
176
     1
 62
     5
420
      255
176
     1
290
     0
176
     1
 90
       50
176
     1
 90
       50
176
     1
 90
       50
176
     1
290
     0
176
     1
 90
       50
176
     1
 62
   256
176
     0
 40
1.0
176
     0
 90
        2
176
     1
  1
strokes_ogs.tif
176
     1
290
     0
176
     1
 40
1.0
176
     1
 40
1.0
176
     1
  0
VISUALSTYLE
  5
32
102
{ACAD_REACTORS
330
2A
102
}
330
2A
100
AcDbVisualStyle
  2
Basic
 70
     7
177
     3
291
     1
 70
    58
 90
        1
176
     1
 90
        0
176
     1
 90
        1
176
     1
 90
        0
176
     1
 40
0.6
176
     1
 40
30.0
176
     1
 62
     7
420
 16777215
176
     1
 90
        0
176
     1
 90
        4
176
     1
 62
     7
176
     1
 62
   257
176
     1
 90
        1
176
     1
 90
        1
176
     1
 40
1.0
176
     1
 90
        8
176
     1
 62
     7
176
     1
 40
1.0
176
     1
 90
        1
176
     1
 90
        6
176
     1
 90
        2
176
     1
 62
     7
176
     1
 90
        5
176
     1
 90
        0
176
     1
 90
        0
176
     1
290
     0
176
     1
 90
        1
176
     1
 40
0.0
176
     1
 90
        0
176
     1
290
     0
176
     1
290
     1
176
     1
290
     1
176
     1
290
     0
176
     1
290
     0
176
     1
290
     0
176
     1
290
     0
176
     1
290
     0
176
     1
290
     0
176
     1
 90
       50
176
     1
 40
0.0
176
     1
 40
1.0
176
     1
 90
        0
176
     1
 62
    18
420
        0
176
     1
 90
       50
176
     1
 90
        3
176
     1
 62
     5
420
      255
176
     1
290
     0
176
     1
 90
       50
176
     1
 90
       50
176
     1
 90
       50
176
     1
290
     0
176
     1
 90
       50
176
     1
 62
   256
176
     0
 40
1.0
176
     0
 90
        2
176
     1
  1
strokes_ogs.tif
176
     1
290
     0
176
     1
 40
1.0
176
     1
 40
1.0
176
     1
  0
VISUALSTYLE
  5
36
102
{ACAD_REACTORS
330
2A
102
}
330
2A
100
AcDbVisualStyle
  2
Brighten
 70
    12
177
     3
291
     1
 70
    58
 90
        2
176
     1
 90
        2
176
     1
 90
        0
176
     1
 90
        0
176
     1
 40
0.6
176
     1
 40
30.0
176
     1
 62
     7
420
 16777215
176
     1
 90
        1
176
     1
 90
        4
176
     1
 62
     7
176
     1
 62
   257
176
     1
 90
        1
176
     1
 90
        1
176
     1
 40
1.0
176
     1
 90
        8
176
     1
 62
     7
176
     1
 40
1.0
176
     1
 90
        1
176
     1
 90
        6
176
     1
 90
        2
176
     1
 62
     7
176
     1
 90
        5
176
     1
 90
        0
176
     1
 90
        0
176
     1
290
     0
176
     1
 90
        1
176
     1
 40
50.0
176
     1
 90
        0
176
     1
290
     0
176
     1
290
     1
176
     1
290
     1
176
     1
290
     0
176
     1
290
     0
176
     1
290
     0
176
     1
290
     0
176
     1
290
     0
176
     1
290
     0
176
     1
 90
       50
176
     1
 40
0.0
176
     1
 40
1.0
176
     1
 90
        0
176
     1
 62
    18
420
        0
176
     1
 90
       50
176
     1
 90
        3
176
     1
 62
     5
420
      255
176
     1
290
     0
176
     1
 90
       50
176
     1
 90
       50
176
     1
 90
       50
176
     1
290
     0
176
     1
 90
       50
176
     1
 62
   256
176
     0
 40
1.0
176
     0
 90
        2
176
     1
  1
strokes_ogs.tif
176
     1
290
     0
176
     1
 40
1.0
176
     1
 40
1.0
176
     1
  0
VISUALSTYLE
  5
3A
102
{ACAD_REACTORS
330
2A
102
}
330
2A
100
AcDbVisualStyle
  2
ColorChange
 70
    16
177
     3
291
     1
 70
    58
 90
        2
176
     1
 90
        2
176
     1
 90
        3
176
     1
 90
        0
176
     1
 40
0.6
176
     1
 40
30.0
176
     1
 62
     8
420
  8421504
176
     1
 90
        1
176
     1
 90
        4
176
     1
 62
     7
176
     1
 62
   257
176
     1
 90
        1
176
     1
 90
        1
176
     1
 40
1.0
176
     1
 90
        8
176
     1
 62
     8
420
  8421504
176
     1
 40
1.0
176
     1
 90
        1
176
     1
 90
        6
176
     1
 90
        2
176
     1
 62
     7
176
     1
 90
        5
176
     1
 90
        0
176
     1
 90
        0
176
     1
290
     0
176
     1
 90
        1
176
     1
 40
0.0
176
     1
 90
        0
176
     1
290
     0
176
     1
290
     1
176
     1
290
     1
176
     1
290
     0
176
     1
290
     0
176
     1
290
     0
176
     1
290
     0
176
     1
290
     0
176
     1
290
     0
176
     1
 90
       50
176
     1
 40
0.0
176
     1
 40
1.0
176
     1
 90
        0
176
     1
 62
    18
420
        0
176
     1
 90
       50
176
     1
 90
        3
176
     1
 62
     5
420
      255
176
     1
290
     0
176
     1
 90
       50
176
     1
 90
       50
176
     1
 90
       50
176
     1
290
     0
176
     1
 90
       50
176
     1
 62
   256
176
     0
 40
1.0
176
     0
 90
        2
176
     1
  1
strokes_ogs.tif
176
     1
290
     0
176
     1
 40
1.0
176
     1
 40
1.0
176
     1
  0
VISUALSTYLE
  5
34
102
{ACAD_REACTORS
330
2A
102
}
330
2A
100
AcDbVisualStyle
  2
Conceptual
 70
     9
177
     3
291
     0
 70
    58
 90
        3
176
     1
 90
        2
176
     1
 90
        0
176
     1
 90
        0
176
     1
 40
0.6
176
     1
 40
30.0
176
     1
 62
     7
420
 16777215
176
     1
 90
        2
176
     1
 90
        2
176
     1
 62
     7
176
     1
 62
   257
176
     1
 90
        1
176
     1
 90
        1
176
     1
 40
179.0
176
     1
 90
        8
176
     1
 62
     7
176
     1
 40
1.0
176
     1
 90
        1
176
     1
 90
        6
176
     1
 90
        2
176
     1
 62
     7
176
     1
 90
        3
176
     1
 90
        0
176
     1
 90
        0
176
     1
290
     0
176
     1
 90
        1
176
     1
 40
0.0
176
     1
 90
        0
176
     1
290
     0
176
     1
290
     1
176
     1
290
     1
176
     1
290
     0
176
     1
290
     0
176
     1
290
     0
176
     1
290
     0
176
     1
290
     0
176
     1
290
     0
176
     1
 90
       50
176
     1
 40
0.0
176
     1
 40
1.0
176
     1
 90
        0
176
     1
 62
    18
420
        0
176
     1
 90
       50
176
     1
 90
        3
176
     1
 62
     5
420
      255
176
     1
290
     0
176
     1
 90
       50
176
     1
 90
       50
176
     1
 90
       50
176
     1
290
     0
176
     1
 90
       50
176
     1
 62
   256
176
     0
 40
1.0
176
     0
 90
        2
176
     1
  1
strokes_ogs.tif
176
     1
290
     0
176
     1
 40
1.0
176
     1
 40
1.0
176
     1
  0
VISUALSTYLE
  5
35
102
{ACAD_REACTORS
330
2A
102
}
330
2A
100
AcDbVisualStyle
  2
Dim
 70
    11
177
     3
291
     1
 70
    58
 90
        2
176
     1
 90
        2
176
     1
 90
        0
176
     1
 90
        0
176
     1
 40
0.6
176
     1
 40
30.0
176
     1
 62
     7
420
 16777215
176
     1
 90
        1
176
     1
 90
        4
176
     1
 62
     7
176
     1
 62
   257
176
     1
 90
        1
176
     1
 90
        1
176
     1
 40
1.0
176
     1
 90
        8
176
     1
 62
     7
176
     1
 40
1.0
176
     1
 90
        1
176
     1
 90
        6
176
     1
 90
        2
176
     1
 62
     7
176
     1
 90
        5
176
     1
 90
        0
176
     1
 90
        0
176
     1
290
     0
176
     1
 90
        1
176
     1
 40
-50.0
176
     1
 90
        0
176
     1
290
     0
176
     1
290
     1
176
     1
290
     1
176
     1
290
     0
176
     1
290
     0
176
     1
290
     0
176
     1
290
     0
176
     1
290
     0
176
     1
290
     0
176
     1
 90
       50
176
     1
 40
0.0
176
     1
 40
1.0
176
     1
 90
        0
176
     1
 62
    18
420
        0
176
     1
 90
       50
176
     1
 90
        3
176
     1
 62
     5
420
      255
176
     1
290
     0
176
     1
 90
       50
176
     1
 90
       50
176
     1
 90
       50
176
     1
290
     0
176
     1
 90
       50
176
     1
 62
   256
176
     0
 40
1.0
176
     0
 90
        2
176
     1
  1
strokes_ogs.tif
176
     1
290
     0
176
     1
 40
1.0
176
     1
 40
1.0
176
     1
  0
VISUALSTYLE
  5
3D
102
{ACAD_REACTORS
330
2A
102
}
330
2A
100
AcDbVisualStyle
  2
EdgeColorOff
 70
    22
177
     3
291
     1
 70
    58
 90
        2
176
     0
 90
        2
176
     0
 90
        0
176
     0
 90
        0
176
     0
 40
0.6
176
     0
 40
30.0
176
     0
 62
     7
420
 16777215
176
     0
 90
        1
176
     0
 90
        4
176
     0
 62
     7
176
     0
 62
   257
176
     0
 90
        1
176
     0
 90
        1
176
     0
 40
1.0
176
     0
 90
        8
176
     2
 62
     7
176
     0
 40
1.0
176
     0
 90
        1
176
     0
 90
        6
176
     0
 90
        2
176
     0
 62
     7
176
     0
 90
        5
176
     0
 90
        0
176
     0
 90
        0
176
     0
290
     0
176
     0
 90
        1
176
     0
 40
0.0
176
     0
 90
        0
176
     0
290
     0
176
     0
290
     1
176
     0
290
     1
176
     0
290
     0
176
     0
290
     0
176
     0
290
     0
176
     0
290
     0
176
     0
290
     0
176
     0
290
     0
176
     0
 90
       50
176
     0
 40
0.0
176
     0
 40
1.0
176
     0
 90
        0
176
     0
 62
    18
420
        0
176
     0
 90
       50
176
     0
 90
        3
176
     0
 62
     5
420
      255
176
     0
290
     0
176
     0
 90
       50
176
     0
 90
       50
176
     0
 90
       50
176
     0
290
     0
176
     0
 90
       50
176
     0
 62
   256
176
     0
 40
1.0
176
     0
 90
        2
176
     0
  1
strokes_ogs.tif
176
     0
290
     0
176
     0
 40
1.0
176
     0
 40
1.0
176
     0
  0
VISUALSTYLE
  5
39
102
{ACAD_REACTORS
330
2A
102
}
330
2A
100
AcDbVisualStyle
  2
Facepattern
 70
    15
177
     3
291
     1
 70
    58
 90
        2
176
     1
 90
        2
176
     1
 90
        0
176
     1
 90
        0
176
     1
 40
0.6
176
     1
 40
30.0
176
     1
 62
     7
420
 16777215
176
     1
 90
        1
176
     1
 90
        4
176
     1
 62
     7
176
     1
 62
   257
176
     1
 90
        1
176
     1
 90
        1
176
     1
 40
1.0
176
     1
 90
        8
176
     1
 62
     7
176
     1
 40
1.0
176
     1
 90
        1
176
     1
 90
        6
176
     1
 90
        2
176
     1
 62
     7
176
     1
 90
        5
176
     1
 90
        0
176
     1
 90
        0
176
     1
290
     0
176
     1
 90
        1
176
     1
 40
0.0
176
     1
 90
        0
176
     1
290
     0
176
     1
290
     1
176
     1
290
     1
176
     1
290
     0
176
     1
290
     0
176
     1
290
     0
176
     1
290
     0
176
     1
290
     0
176
     1
290
     0
176
     1
 90
       50
176
     1
 40
0.0
176
     1
 40
1.0
176
     1
 90
        0
176
     1
 62
    18
420
        0
176
     1
 90
       50
176
     1
 90
        3
176
     1
 62
     5
420
      255
176
     1
290
     0
176
     1
 90
       50
176
     1
 90
       50
176
     1
 90
       50
176
     1
290
     0
176
     1
 90
       50
176
     1
 62
   256
176
     0
 40
1.0
176
     0
 90
        2
176
     1
  1
strokes_ogs.tif
176
     1
290
     0
176
     1
 40
1.0
176
     1
 40
1.0
176
     1
  0
VISUALSTYLE
  5
2B
102
{ACAD_REACTORS
330
2A
102
}
330
2A
100
AcDbVisualStyle
  2
Flat
 70
     0
177
     3
291
     1
 70
    58
 90
        2
176
     1
 90
        1
176
     1
 90
        1
176
     1
 90
        2
176
     1
 40
0.6
176
     1
 40
30.0
176
     1
 62
     7
420
 16777215
176
     1
 90
        0
176
     1
 90
        0
176
     1
 62
     7
176
     1
 62
   257
176
     1
 90
        1
176
     1
 90
        1
176
     1
 40
1.0
176
     1
 90
        8
176
     1
 62
     7
176
     1
 40
1.0
176
     1
 90
        1
176
     1
 90
        6
176
     1
 90
        2
176
     1
 62
     7
176
     1
 90
        5
176
     1
 90
        0
176
     1
 90
        0
176
     1
290
     0
176
     1
 90
       13
176
     1
 40
0.0
176
     1
 90
        0
176
     1
290
     0
176
     1
290
     1
176
     1
290
     1
176
     1
290
     0
176
     1
290
     0
176
     1
290
     0
176
     1
290
     0
176
     1
290
     0
176
     1
290
     0
176
     1
 90
       50
176
     1
 40
0.0
176
     1
 40
1.0
176
     1
 90
        0
176
     1
 62
    18
420
        0
176
     1
 90
       50
176
     1
 90
        3
176
     1
 62
     5
420
      255
176
     1
290
     0
176
     1
 90
       50
176
     1
 90
       50
176
     1
 90
       50
176
     1
290
     0
176
     1
 90
       50
176
     1
 62
   256
176
     0
 40
1.0
176
     0
 90
        2
176
     1
  1
strokes_ogs.tif
176
     1
290
     0
176
     1
 40
1.0
176
     1
 40
1.0
176
     1
  0
VISUALSTYLE
  5
2C
102
{ACAD_REACTORS
330
2A
102
}
330
2A
100
AcDbVisualStyle
  2
FlatWithEdges
 70
     1
177
     3
291
     1
 70
    58
 90
        2
176
     1
 90
        1
176
     1
 90
        1
176
     1
 90
        2
176
     1
 40
0.6
176
     1
 40
30.0
176
     1
 62
     7
420
 16777215
176
     1
 90
        1
176
     1
 90
        0
176
     1
 62
     7
176
     1
 62
   257
176
     1
 90
        1
176
     1
 90
        1
176
     1
 40
1.0
176
     1
 90
        0
176
     1
 62
   257
176
     1
 40
1.0
176
     1
 90
        1
176
     1
 90
        6
176
     1
 90
        2
176
     1
 62
     7
176
     1
 90
        5
176
     1
 90
        0
176
     1
 90
        0
176
     1
290
     0
176
     1
 90
       13
176
     1
 40
0.0
176
     1
 90
        0
176
     1
290
     0
176
     1
290
     1
176
     1
290
     1
176
     1
290
     0
176
     1
290
     0
176
     1
290
     0
176
     1
290
     0
176
     1
290
     0
176
     1
290
     0
176
     1
 90
       50
176
     1
 40
0.0
176
     1
 40
1.0
176
     1
 90
        0
176
     1
 62
    18
420
        0
176
     1
 90
       50
176
     1
 90
        3
176
     1
 62
     5
420
      255
176
     1
290
     0
176
     1
 90
       50
176
     1
 90
       50
176
     1
 90
       50
176
     1
290
     0
176
     1
 90
       50
176
     1
 62
   256
176
     0
 40
1.0
176
     0
 90
        2
176
     1
  1
strokes_ogs.tif
176
     1
290
     0
176
     1
 40
1.0
176
     1
 40
1.0
176
     1
  0
VISUALSTYLE
  5
2D
102
{ACAD_REACTORS
330
2A
102
}
330
2A
100
AcDbVisualStyle
  2
Gouraud
 70
     2
177
     3
291
     1
 70
    58
 90
        2
176
     1
 90
        2
176
     1
 90
        1
176
     1
 90
        2
176
     1
 40
0.6
176
     1
 40
30.0
176
     1
 62
     7
420
 16777215
176
     1
 90
        0
176
     1
 90
        0
176
     1
 62
     7
176
     1
 62
   257
176
     1
 90
        1
176
     1
 90
        1
176
     1
 40
1.0
176
     1
 90
        0
176
     1
 62
     7
176
     1
 40
1.0
176
     1
 90
        1
176
     1
 90
        6
176
     1
 90
        2
176
     1
 62
     7
176
     1
 90
        5
176
     1
 90
        0
176
     1
 90
        0
176
     1
290
     0
176
     1
 90
       13
176
     1
 40
0.0
176
     1
 90
        0
176
     1
290
     0
176
     1
290
     1
176
     1
290
     1
176
     1
290
     0
176
     1
290
     0
176
     1
290
     0
176
     1
290
     0
176
     1
290
     0
176
     1
290
     0
176
     1
 90
       50
176
     1
 40
0.0
176
     1
 40
1.0
176
     1
 90
        0
176
     1
 62
    18
420
        0
176
     1
 90
       50
176
     1
 90
        3
176
     1
 62
     5
420
      255
176
     1
290
     0
176
     1
 90
       50
176
     1
 90
       50
176
     1
 90
       50
176
     1
290
     0
176
     1
 90
       50
176
     1
 62
   256
176
     0
 40
1.0
176
     0
 90
        2
176
     1
  1
strokes_ogs.tif
176
     1
290
     0
176
     1
 40
1.0
176
     1
 40
1.0
176
     1
  0
VISUALSTYLE
  5
2E
102
{ACAD_REACTORS
330
2A
102
}
330
2A
100
AcDbVisualStyle
  2
GouraudWithEdges
 70
     3
177
     3
291
     1
 70
    58
 90
        2
176
     1
 90
        2
176
     1
 90
        1
176
     1
 90
        2
176
     1
 40
0.6
176
     1
 40
30.0
176
     1
 62
     7
420
 16777215
176
     1
 90
        1
176
     1
 90
        0
176
     1
 62
     7
176
     1
 62
   257
176
     1
 90
        1
176
     1
 90
        1
176
     1
 40
1.0
176
     1
 90
        0
176
     1
 62
   257
176
     1
 40
1.0
176
     1
 90
        1
176
     1
 90
        6
176
     1
 90
        2
176
     1
 62
     7
176
     1
 90
        5
176
     1
 90
        0
176
     1
 90
        0
176
     1
290
     0
176
     1
 90
       13
176
     1
 40
0.0
176
     1
 90
        0
176
     1
290
     0
176
     1
290
     1
176
     1
290
     1
176
     1
290
     0
176
     1
290
     0
176
     1
290
     0
176
     1
290
     0
176
     1
290
     0
176
     1
290
     0
176
     1
 90
       50
176
     1
 40
0.0
176
     1
 40
1.0
176
     1
 90
        0
176
     1
 62
    18
420
        0
176
     1
 90
       50
176
     1
 90
        3
176
     1
 62
     5
420
      255
176
     1
290
     0
176
     1
 90
       50
176
     1
 90
       50
176
     1
 90
       50
176
     1
290
     0
176
     1
 90
       50
176
     1
 62
   256
176
     0
 40
1.0
176
     0
 90
        2
176
     1
  1
strokes_ogs.tif
176
     1
290
     0
176
     1
 40
1.0
176
     1
 40
1.0
176
     1
  0
VISUALSTYLE
  5
31
102
{ACAD_REACTORS
330
2A
102
}
330
2A
100
AcDbVisualStyle
  2
Hidden
 70
     6
177
     3
291
     0
 70
    58
 90
        1
176
     1
 90
        2
176
     1
 90
        2
176
     1
 90
        0
176
     1
 40
0.6
176
     1
 40
30.0
176
     1
 62
     7
420
 16777215
176
     1
 90
        2
176
     1
 90
        2
176
     1
 62
     7
176
     1
 62
   257
176
     1
 90
        2
176
     1
 90
        1
176
     1
 40
40.0
176
     1
 90
        0
176
     1
 62
   257
176
     1
 40
1.0
176
     1
 90
        1
176
     1
 90
        6
176
     1
 90
        2
176
     1
 62
     7
176
     1
 90
        3
176
     1
 90
        0
176
     1
 90
        0
176
     1
290
     0
176
     1
 90
        1
176
     1
 40
0.0
176
     1
 90
        0
176
     1
290
     0
176
     1
290
     1
176
     1
290
     1
176
     1
290
     0
176
     1
290
     0
176
     1
290
     0
176
     1
290
     0
176
     1
290
     0
176
     1
290
     0
176
     1
 90
       50
176
     1
 40
0.0
176
     1
 40
1.0
176
     1
 90
        0
176
     1
 62
    18
420
        0
176
     1
 90
       50
176
     1
 90
        3
176
     1
 62
     5
420
      255
176
     1
290
     0
176
     1
 90
       50
176
     1
 90
       50
176
     1
 90
       50
176
     1
290
     0
176
     1
 90
       50
176
     1
 62
   256
176
     0
 40
1.0
176
     0
 90
        2
176
     1
  1
strokes_ogs.tif
176
     1
290
     0
176
     1
 40
1.0
176
     1
 40
1.0
176
     1
  0
VISUALSTYLE
  5
3B
102
{ACAD_REACTORS
330
2A
102
}
330
2A
100
AcDbVisualStyle
  2
JitterOff
 70
    20
177
     3
291
     1
 70
    58
 90
        2
176
     0
 90
        2
176
     0
 90
        0
176
     0
 90
        0
176
     0
 40
0.6
176
     0
 40
30.0
176
     0
 62
     7
420
 16777215
176
     0
 90
        1
176
     0
 90
        4
176
     0
 62
     7
176
     0
 62
   257
176
     0
 90
        1
176
     0
 90
        1
176
     0
 40
1.0
176
     0
 90
       10
176
     2
 62
     7
176
     0
 40
1.0
176
     0
 90
        1
176
     0
 90
        6
176
     0
 90
        2
176
     0
 62
     7
176
     0
 90
        5
176
     0
 90
        0
176
     0
 90
        0
176
     0
290
     0
176
     0
 90
        1
176
     0
 40
0.0
176
     0
 90
        0
176
     0
290
     0
176
     0
290
     1
176
     0
290
     1
176
     0
290
     0
176
     0
290
     0
176
     0
290
     0
176
     0
290
     0
176
     0
290
     0
176
     0
290
     0
176
     0
 90
       50
176
     0
 40
0.0
176
     0
 40
1.0
176
     0
 90
        0
176
     0
 62
    18
420
        0
176
     0
 90
       50
176
     0
 90
        3
176
     0
 62
     5
420
      255
176
     0
290
     0
176
     0
 90
       50
176
     0
 90
       50
176
     0
 90
       50
176
     0
290
     0
176
     0
 90
       50
176
     0
 62
   256
176
     0
 40
1.0
176
     0
 90
        2
176
     0
  1
strokes_ogs.tif
176
     0
290
     0
176
     0
 40
1.0
176
     0
 40
1.0
176
     0
  0
VISUALSTYLE
  5
38
102
{ACAD_REACTORS
330
2A
102
}
330
2A
100
AcDbVisualStyle
  2
Linepattern
 70
    14
177
     3
291
     1
 70
    58
 90
        2
176
     1
 90
        2
176
     1
 90
        0
176
     1
 90
        0
176
     1
 40
0.6
176
     1
 40
30.0
176
     1
 62
     7
420
 16777215
176
     1
 90
        1
176
     1
 90
        4
176
     1
 62
     7
176
     1
 62
   257
176
     1
 90
        7
176
     1
 90
        7
176
     1
 40
1.0
176
     1
 90
        8
176
     1
 62
     7
176
     1
 40
1.0
176
     1
 90
        1
176
     1
 90
        6
176
     1
 90
        2
176
     1
 62
     7
176
     1
 90
        5
176
     1
 90
        0
176
     1
 90
        0
176
     1
290
     0
176
     1
 90
        1
176
     1
 40
0.0
176
     1
 90
        0
176
     1
290
     0
176
     1
290
     1
176
     1
290
     1
176
     1
290
     0
176
     1
290
     0
176
     1
290
     0
176
     1
290
     0
176
     1
290
     0
176
     1
290
     0
176
     1
 90
       50
176
     1
 40
0.0
176
     1
 40
1.0
176
     1
 90
        0
176
     1
 62
    18
420
        0
176
     1
 90
       50
176
     1
 90
        3
176
     1
 62
     5
420
      255
176
     1
290
     0
176
     1
 90
       50
176
     1
 90
       50
176
     1
 90
       50
176
     1
290
     0
176
     1
 90
       50
176
     1
 62
   256
176
     0
 40
1.0
176
     0
 90
        2
176
     1
  1
strokes_ogs.tif
176
     1
290
     0
176
     1
 40
1.0
176
     1
 40
1.0
176
     1
  0
VISUALSTYLE
  5
3C
102
{ACAD_REACTORS
330
2A
102
}
330
2A
100
AcDbVisualStyle
  2
OverhangOff
 70
    21
177
     3
291
     1
 70
    58
 90
        2
176
     0
 90
        2
176
     0
 90
        0
176
     0
 90
        0
176
     0
 40
0.6
176
     0
 40
30.0
176
     0
 62
     7
420
 16777215
176
     0
 90
        1
176
     0
 90
        4
176
     0
 62
     7
176
     0
 62
   257
176
     0
 90
        1
176
     0
 90
        1
176
     0
 40
1.0
176
     0
 90
        9
176
     2
 62
     7
176
     0
 40
1.0
176
     0
 90
        1
176
     0
 90
        6
176
     0
 90
        2
176
     0
 62
     7
176
     0
 90
        5
176
     0
 90
        0
176
     0
 90
        0
176
     0
290
     0
176
     0
 90
        1
176
     0
 40
0.0
176
     0
 90
        0
176
     0
290
     0
176
     0
290
     1
176
     0
290
     1
176
     0
290
     0
176
     0
290
     0
176
     0
290
     0
176
     0
290
     0
176
     0
290
     0
176
     0
290
     0
176
     0
 90
       50
176
     0
 40
0.0
176
     0
 40
1.0
176
     0
 90
        0
176
     0
 62
    18
420
        0
176
     0
 90
       50
176
     0
 90
        3
176
     0
 62
     5
420
      255
176
     0
290
     0
176
     0
 90
       50
176
     0
 90
       50
176
     0
 90
       50
176
     0
290
     0
176
     0
 90
       50
176
     0
 62
   256
176
     0
 40
1.0
176
     0
 90
        2
176
     0
  1
strokes_ogs.tif
176
     0
290
     0
176
     0
 40
1.0
176
     0
 40
1.0
176
     0
  0
VISUALSTYLE
  5
33
102
{ACAD_REACTORS
330
2A
102
}
330
2A
100
AcDbVisualStyle
  2
Realistic
 70
     8
177
     3
291
     0
 70
    58
 90
        2
176
     1
 90
        3
176
     1
 90
        0
176
     1
 90
        2
176
     1
 40
0.6
176
     1
 40
30.0
176
     1
 62
     7
420
 16777215
176
     1
 90
        0
176
     1
 90
        0
176
     1
 62
     7
176
     1
 62
   257
176
     1
 90
        1
176
     1
 90
        1
176
     1
 40
1.0
176
     1
 90
        8
176
     1
 62
   257
176
     1
 40
1.0
176
     1
 90
        1
176
     1
 90
        6
176
     1
 90
        2
176
     1
 62
     7
176
     1
 90
        3
176
     1
 90
        0
176
     1
 90
        0
176
     1
290
     0
176
     1
 90
       13
176
     1
 40
0.0
176
     1
 90
        0
176
     1
290
     0
176
     1
290
     1
176
     1
290
     1
176
     1
290
     0
176
     1
290
     0
176
     1
290
     0
176
     1
290
     0
176
     1
290
     0
176
     1
290
     0
176
     1
 90
       50
176
     1
 40
0.0
176
     1
 40
1.0
176
     1
 90
        0
176
     1
 62
    18
420
        0
176
     1
 90
       50
176
     1
 90
        3
176
     1
 62
     5
420
      255
176
     1
290
     0
176
     1
 90
       50
176
     1
 90
       50
176
     1
 90
       50
176
     1
290
     0
176
     1
 90
       50
176
     1
 62
   256
176
     0
 40
1.0
176
     0
 90
        2
176
     1
  1
strokes_ogs.tif
176
     1
290
     0
176
     1
 40
1.0
176
     1
 40
1.0
176
     1
  0
VISUALSTYLE
  5
42
102
{ACAD_REACTORS
330
2A
102
}
330
2A
100
AcDbVisualStyle
  2
Shaded
 70
    27
177
     3
291
     0
 70
    58
 90
        2
176
     1
 90
        2
176
     1
 90
        1
176
     1
 90
        2
176
     1
 40
0.6
176
     1
 40
30.0
176
     1
 62
     7
420
 16777215
176
     1
 90
        0
176
     1
 90
        4
176
     1
 62
     7
176
     1
 62
   257
176
     1
 90
        1
176
     1
 90
        1
176
     1
 40
1.0
176
     1
 90
        8
176
     1
 62
   257
176
     1
 40
1.0
176
     1
 90
        1
176
     1
 90
        6
176
     1
 90
        2
176
     1
 62
     8
420
  7895160
176
     1
 90
        3
176
     1
 90
        0
176
     1
 90
        0
176
     1
290
     0
176
     1
 90
        5
176
     1
 40
0.0
176
     1
 90
        0
176
     1
290
     0
176
     1
290
     1
176
     1
290
     1
176
     1
290
     0
176
     1
290
     0
176
     1
290
     0
176
     1
290
     0
176
     1
290
     0
176
     1
290
     0
176
     1
 90
       50
176
     1
 40
0.0
176
     1
 40
1.0
176
     1
 90
        0
176
     1
 62
    18
420
        0
176
     1
 90
       50
176
     1
 90
        3
176
     1
 62
     5
420
      255
176
     1
290
     0
176
     1
 90
       50
176
     1
 90
       50
176
     1
 90
       50
176
     1
290
     0
176
     1
 90
       50
176
     1
 62
   256
176
     0
 40
1.0
176
     0
 90
        2
176
     1
  1
strokes_ogs.tif
176
     1
290
     0
176
     1
 40
1.0
176
     1
 40
1.0
176
     1
  0
VISUALSTYLE
  5
41
102
{ACAD_REACTORS
330
2A
102
}
330
2A
100
AcDbVisualStyle
  2
Shaded with edges
 70
    26
177
     3
291
     0
 70
    58
 90
        2
176
     1
 90
        2
176
     1
 90
        1
176
     1
 90
        2
176
     1
 40
0.6
176
     1
 40
30.0
176
     1
 62
     7
420
 16777215
176
     1
 90
        1
176
     1
 90
       10
176
     1
 62
     7
176
     1
 62
   257
176
     1
 90
        2
176
     1
 90
        1
176
     1
 40
1.0
176
     1
 90
        8
176
     1
 62
   257
176
     1
 40
1.0
176
     1
 90
        1
176
     1
 90
        6
176
     1
 90
        2
176
     1
 62
     7
176
     1
 90
        3
176
     1
 90
        0
176
     1
 90
        0
176
     1
290
     0
176
     1
 90
        5
176
     1
 40
0.0
176
     1
 90
        0
176
     1
290
     0
176
     1
290
     1
176
     1
290
     1
176
     1
290
     0
176
     1
290
     0
176
     1
290
     0
176
     1
290
     0
176
     1
290
     0
176
     1
290
     0
176
     1
 90
       50
176
     1
 40
0.0
176
     1
 40
1.0
176
     1
 90
        0
176
     1
 62
    18
420
        0
176
     1
 90
       50
176
     1
 90
        3
176
     1
 62
     5
420
      255
176
     1
290
     0
176
     1
 90
       50
176
     1
 90
       50
176
     1
 90
       50
176
     1
290
     0
176
     1
 90
       50
176
     1
 62
   256
176
     0
 40
1.0
176
     0
 90
        2
176
     1
  1
strokes_ogs.tif
176
     1
290
     0
176
     1
 40
1.0
176
     1
 40
1.0
176
     1
  0
VISUALSTYLE
  5
3E
102
{ACAD_REACTORS
330
2A
102
}
330
2A
100
AcDbVisualStyle
  2
Shades of Gray
 70
    23
177
     3
291
     0
 70
    58
 90
        2
176
     1
 90
        2
176
     1
 90
        3
176
     1
 90
        0
176
     1
 40
0.6
176
     1
 40
30.0
176
     1
 62
     7
420
 16777215
176
     1
 90
        2
176
     1
 90
        2
176
     1
 62
     7
176
     1
 62
     7
176
     1
 90
        1
176
     1
 90
        1
176
     1
 40
40.0
176
     1
 90
        8
176
     1
 62
     7
176
     1
 40
1.0
176
     1
 90
        1
176
     1
 90
        6
176
     1
 90
        2
176
     1
 62
     7
176
     1
 90
        3
176
     1
 90
        0
176
     1
 90
        0
176
     1
290
     0
176
     1
 90
        1
176
     1
 40
0.0
176
     1
 90
        0
176
     1
290
     0
176
     1
290
     1
176
     1
290
     1
176
     1
290
     0
176
     1
290
     0
176
     1
290
     0
176
     1
290
     0
176
     1
290
     0
176
     1
290
     0
176
     1
 90
       50
176
     1
 40
0.0
176
     1
 40
1.0
176
     1
 90
        0
176
     1
 62
    18
420
        0
176
     1
 90
       50
176
     1
 90
        3
176
     1
 62
     5
420
      255
176
     1
290
     0
176
     1
 90
       50
176
     1
 90
       50
176
     1
 90
       50
176
     1
290
     0
176
     1
 90
       50
176
     1
 62
   256
176
     0
 40
1.0
176
     0
 90
        2
176
     1
  1
strokes_ogs.tif
176
     1
290
     0
176
     1
 40
1.0
176
     1
 40
1.0
176
     1
  0
VISUALSTYLE
  5
3F
102
{ACAD_REACTORS
330
2A
102
}
330
2A
100
AcDbVisualStyle
  2
Sketchy
 70
    24
177
     3
291
     0
 70
    58
 90
        1
176
     1
 90
        2
176
     1
 90
        2
176
     1
 90
        0
176
     1
 40
0.6
176
     1
 40
30.0
176
     1
 62
     7
420
 16777215
176
     1
 90
        2
176
     1
 90
        2
176
     1
 62
     7
176
     1
 62
     7
176
     1
 90
        1
176
     1
 90
        1
176
     1
 40
40.0
176
     1
 90
       11
176
     1
 62
     7
176
     1
 40
1.0
176
     1
 90
        1
176
     1
 90
        6
176
     1
 90
        2
176
     1
 62
     7
176
     1
 90
        6
176
     1
 90
        0
176
     1
 90
        0
176
     1
290
     0
176
     1
 90
        1
176
     1
 40
0.0
176
     1
 90
        0
176
     1
290
     0
176
     1
290
     1
176
     1
290
     1
176
     1
290
     0
176
     1
290
     0
176
     1
290
     0
176
     1
290
     0
176
     1
290
     0
176
     1
290
     0
176
     1
 90
       50
176
     1
 40
0.0
176
     1
 40
1.0
176
     1
 90
        0
176
     1
 62
    18
420
        0
176
     1
 90
       50
176
     1
 90
        3
176
     1
 62
     5
420
      255
176
     1
290
     0
176
     1
 90
       50
176
     1
 90
       50
176
     1
 90
       50
176
     1
290
     0
176
     1
 90
       50
176
     1
 62
   256
176
     0
 40
1.0
176
     0
 90
        2
176
     1
  1
strokes_ogs.tif
176
     1
290
     0
176
     1
 40
1.0
176
     1
 40
1.0
176
     1
  0
VISUALSTYLE
  5
37
102
{ACAD_REACTORS
330
2A
102
}
330
2A
100
AcDbVisualStyle
  2
Thicken
 70
    13
177
     3
291
     1
 70
    58
 90
        2
176
     1
 90
        2
176
     1
 90
        0
176
     1
 90
        0
176
     1
 40
0.6
176
     1
 40
30.0
176
     1
 62
     7
420
 16777215
176
     1
 90
        1
176
     1
 90
        4
176
     1
 62
     7
176
     1
 62
   257
176
     1
 90
        1
176
     1
 90
        1
176
     1
 40
1.0
176
     1
 90
       12
176
     1
 62
     7
176
     1
 40
1.0
176
     1
 90
        1
176
     1
 90
        6
176
     1
 90
        2
176
     1
 62
     7
176
     1
 90
        5
176
     1
 90
        0
176
     1
 90
        0
176
     1
290
     0
176
     1
 90
        1
176
     1
 40
0.0
176
     1
 90
        0
176
     1
290
     0
176
     1
290
     1
176
     1
290
     1
176
     1
290
     0
176
     1
290
     0
176
     1
290
     0
176
     1
290
     0
176
     1
290
     0
176
     1
290
     0
176
     1
 90
       50
176
     1
 40
0.0
176
     1
 40
1.0
176
     1
 90
        0
176
     1
 62
    18
420
        0
176
     1
 90
       50
176
     1
 90
        3
176
     1
 62
     5
420
      255
176
     1
290
     0
176
     1
 90
       50
176
     1
 90
       50
176
     1
 90
       50
176
     1
290
     0
176
     1
 90
       50
176
     1
 62
   256
176
     0
 40
1.0
176
     0
 90
        2
176
     1
  1
strokes_ogs.tif
176
     1
290
     0
176
     1
 40
1.0
176
     1
 40
1.0
176
     1
  0
VISUALSTYLE
  5
30
102
{ACAD_REACTORS
330
2A
102
}
330
2A
100
AcDbVisualStyle
  2
Wireframe
 70
     5
177
     3
291
     0
 70
    58
 90
        0
176
     1
 90
        2
176
     1
 90
        0
176
     1
 90
        0
176
     1
 40
0.6
176
     1
 40
30.0
176
     1
 62
     7
420
 16777215
176
     1
 90
        1
176
     1
 90
        4
176
     1
 62
     7
176
     1
 62
   257
176
     1
 90
        1
176
     1
 90
        1
176
     1
 40
1.0
176
     1
 90
        0
176
     1
 62
   257
176
     1
 40
1.0
176
     1
 90
        1
176
     1
 90
        6
176
     1
 90
        2
176
     1
 62
     7
176
     1
 90
        3
176
     1
 90
        0
176
     1
 90
        0
176
     1
290
     0
176
     1
 90
        1
176
     1
 40
0.0
176
     1
 90
        0
176
     1
290
     0
176
     1
290
     1
176
     1
290
     1
176
     1
290
     0
176
     1
290
     0
176
     1
290
     0
176
     1
290
     0
176
     1
290
     0
176
     1
290
     0
176
     1
 90
       50
176
     1
 40
0.0
176
     1
 40
1.0
176
     1
 90
        0
176
     1
 62
    18
420
        0
176
     1
 90
       50
176
     1
 90
        3
176
     1
 62
     5
420
      255
176
     1
290
     0
176
     1
 90
       50
176
     1
 90
       50
176
     1
 90
       50
176
     1
290
     0
176
     1
 90
       50
176
     1
 62
   256
176
     0
 40
1.0
176
     0
 90
        2
176
     1
  1
strokes_ogs.tif
176
     1
290
     0
176
     1
 40
1.0
176
     1
 40
1.0
176
     1
  0
VISUALSTYLE
  5
40
102
{ACAD_REACTORS
330
2A
102
}
330
2A
100
AcDbVisualStyle
  2
X-Ray
 70
    25
177
     3
291
     0
 70
    58
 90
        2
176
     1
 90
        2
176
     1
 90
        1
176
     1
 90
        1
176
     1
 40
0.5
176
     1
 40
30.0
176
     1
 62
     7
420
 16777215
176
     1
 90
        1
176
     1
 90
        0
176
     1
 62
     7
176
     1
 62
   257
176
     1
 90
        1
176
     1
 90
        1
176
     1
 40
1.0
176
     1
 90
        8
176
     1
 62
     7
176
     1
 40
1.0
176
     1
 90
        1
176
     1
 90
        6
176
     1
 90
        2
176
     1
 62
     7
176
     1
 90
        3
176
     1
 90
        0
176
     1
 90
        0
176
     1
290
     0
176
     1
 90
       13
176
     1
 40
0.0
176
     1
 90
        0
176
     1
290
     0
176
     1
290
     1
176
     1
290
     1
176
     1
290
     0
176
     1
290
     0
176
     1
290
     0
176
     1
290
     0
176
     1
290
     0
176
     1
290
     0
176
     1
 90
       50
176
     1
 40
0.0
176
     1
 40
1.0
176
     1
 90
        0
176
     1
 62
    18
420
        0
176
     1
 90
       50
176
     1
 90
        3
176
     1
 62
     5
420
      255
176
     1
290
     0
176
     1
 90
       50
176
     1
 90
       50
176
     1
 90
       50
176
     1
290
     0
176
     1
 90
       50
176
     1
 62
   256
176
     0
 40
1.0
176
     0
 90
        2
176
     1
  1
strokes_ogs.tif
176
     1
290
     0
176
     1
 40
1.0
176
     1
 40
1.0
176
     1
  0
DICTIONARYVAR
  5
1BB
102
{ACAD_REACTORS
330
1BA
102
}
330
1BA
100
DictionaryVariables
280
     0
  1
1:1
  0
DICTIONARYVAR
  5
1C4
102
{ACAD_REACTORS
330
1BA
102
}
330
1BA
100
DictionaryVariables
280
     0
  1
3.500000
  0
DICTIONARYVAR
  5
1C5
102
{ACAD_REACTORS
330
1BA
102
}
330
1BA
100
DictionaryVariables
280
     0
  1
acadiso.lin
  0
DICTIONARYVAR
  5
1C0
102
{ACAD_REACTORS
330
1BA
102
}
330
1BA
100
DictionaryVariables
280
     0
  1
Standard
  0
DICTIONARYVAR
  5
1BF
102
{ACAD_REACTORS
330
1BA
102
}
330
1BA
100
DictionaryVariables
280
     0
  1
Standard
  0
DICTIONARYVAR
  5
1C3
102
{ACAD_REACTORS
330
1BA
102
}
330
1BA
100
DictionaryVariables
280
     0
  1
0
  0
DICTIONARY
  5
1BC
330
5A
100
AcDbDictionary
280
     1
281
     1
  3
ACAD_ROUNDTRIP_2008_TABLESTYLE_CELLSTYLEMAP
360
1BD
  0
CELLSTYLEMAP
  5
1BD
102
{ACAD_REACTORS
330
1BC
102
}
330
1BC
100
AcDbCellStyleMap
 90
        3
300
CELLSTYLE
  1
TABLEFORMAT_BEGIN
 90
        5
170
     1
 91
        0
 92
    32768
 62
   257
 93
        1
300
CONTENTFORMAT
  1
CONTENTFORMAT_BEGIN
 90
        0
 91
        0
 92
        4
 93
        0
300

 40
0.0
140
1.0
 94
        5
 62
     0
340
11
144
6.0
309
CONTENTFORMAT_END
171
     1
301
MARGIN
  1
CELLMARGIN_BEGIN
 40
1.5
 40
1.5
 40
1.5
 40
1.5
 40
1.5
 40
1.5
309
CELLMARGIN_END
 94
        6
 95
        1
302
GRIDFORMAT
  1
GRIDFORMAT_BEGIN
 90
        0
 91
        1
 62
     0
 92
       -2
340
14
 93
        0
 40
0.045
309
GRIDFORMAT_END
 95
        2
302
GRIDFORMAT
  1
GRIDFORMAT_BEGIN
 90
        0
 91
        1
 62
     0
 92
       -2
340
14
 93
        0
 40
0.045
309
GRIDFORMAT_END
 95
        4
302
GRIDFORMAT
  1
GRIDFORMAT_BEGIN
 90
        0
 91
        1
 62
     0
 92
       -2
340
14
 93
        0
 40
0.045
309
GRIDFORMAT_END
 95
        8
302
GRIDFORMAT
  1
GRIDFORMAT_BEGIN
 90
        0
 91
        1
 62
     0
 92
       -2
340
14
 93
        0
 40
0.045
309
GRIDFORMAT_END
 95
       16
302
GRIDFORMAT
  1
GRIDFORMAT_BEGIN
 90
        0
 91
        1
 62
     0
 92
       -2
340
14
 93
        0
 40
0.045
309
GRIDFORMAT_END
 95
       32
302
GRIDFORMAT
  1
GRIDFORMAT_BEGIN
 90
        0
 91
        1
 62
     0
 92
       -2
340
14
 93
        0
 40
0.045
309
GRIDFORMAT_END
309
TABLEFORMAT_END
  1
CELLSTYLE_BEGIN
 90
        1
 91
        1
300
_TITLE
309
CELLSTYLE_END
300
CELLSTYLE
  1
TABLEFORMAT_BEGIN
 90
        5
170
     1
 91
        0
 92
        0
 62
   257
 93
        1
300
CONTENTFORMAT
  1
CONTENTFORMAT_BEGIN
 90
        0
 91
        0
 92
        4
 93
        0
300

 40
0.0
140
1.0
 94
        5
 62
     0
340
11
144
4.5
309
CONTENTFORMAT_END
171
     1
301
MARGIN
  1
CELLMARGIN_BEGIN
 40
1.5
 40
1.5
 40
1.5
 40
1.5
 40
1.5
 40
1.5
309
CELLMARGIN_END
 94
        6
 95
        1
302
GRIDFORMAT
  1
GRIDFORMAT_BEGIN
 90
        0
 91
        1
 62
     0
 92
       -2
340
14
 93
        0
 40
0.045
309
GRIDFORMAT_END
 95
        2
302
GRIDFORMAT
  1
GRIDFORMAT_BEGIN
 90
        0
 91
        1
 62
     0
 92
       -2
340
14
 93
        0
 40
0.045
309
GRIDFORMAT_END
 95
        4
302
GRIDFORMAT
  1
GRIDFORMAT_BEGIN
 90
        0
 91
        1
 62
     0
 92
       -2
340
14
 93
        0
 40
0.045
309
GRIDFORMAT_END
 95
        8
302
GRIDFORMAT
  1
GRIDFORMAT_BEGIN
 90
        0
 91
        1
 62
     0
 92
       -2
340
14
 93
        0
 40
0.045
309
GRIDFORMAT_END
 95
       16
302
GRIDFORMAT
  1
GRIDFORMAT_BEGIN
 90
        0
 91
        1
 62
     0
 92
       -2
340
14
 93
        0
 40
0.045
309
GRIDFORMAT_END
 95
       32
302
GRIDFORMAT
  1
GRIDFORMAT_BEGIN
 90
        0
 91
        1
 62
     0
 92
       -2
340
14
 93
        0
 40
0.045
309
GRIDFORMAT_END
309
TABLEFORMAT_END
  1
CELLSTYLE_BEGIN
 90
        2
 91
        1
300
_HEADER
309
CELLSTYLE_END
300
CELLSTYLE
  1
TABLEFORMAT_BEGIN
 90
        5
170
     1
 91
        0
 92
        0
 62
   257
 93
        1
300
CONTENTFORMAT
  1
CONTENTFORMAT_BEGIN
 90
        0
 91
        0
 92
        4
 93
        0
300

 40
0.0
140
1.0
 94
        2
 62
     0
340
11
144
4.5
309
CONTENTFORMAT_END
171
     1
301
MARGIN
  1
CELLMARGIN_BEGIN
 40
1.5
 40
1.5
 40
1.5
 40
1.5
 40
1.5
 40
1.5
309
CELLMARGIN_END
 94
        6
 95
        1
302
GRIDFORMAT
  1
GRIDFORMAT_BEGIN
 90
        0
 91
        1
 62
     0
 92
       -2
340
14
 93
        0
 40
0.045
309
GRIDFORMAT_END
 95
        2
302
GRIDFORMAT
  1
GRIDFORMAT_BEGIN
 90
        0
 91
        1
 62
     0
 92
       -2
340
14
 93
        0
 40
0.045
309
GRIDFORMAT_END
 95
        4
302
GRIDFORMAT
  1
GRIDFORMAT_BEGIN
 90
        0
 91
        1
 62
     0
 92
       -2
340
14
 93
        0
 40
0.045
309
GRIDFORMAT_END
 95
        8
302
GRIDFORMAT
  1
GRIDFORMAT_BEGIN
 90
        0
 91
        1
 62
     0
 92
       -2
340
14
 93
        0
 40
0.045
309
GRIDFORMAT_END
 95
       16
302
GRIDFORMAT
  1
GRIDFORMAT_BEGIN
 90
        0
 91
        1
 62
     0
 92
       -2
340
14
 93
        0
 40
0.045
309
GRIDFORMAT_END
 95
       32
302
GRIDFORMAT
  1
GRIDFORMAT_BEGIN
 90
        0
 91
        1
 62
     0
 92
       -2
340
14
 93
        0
 40
0.045
309
GRIDFORMAT_END
309
TABLEFORMAT_END
  1
CELLSTYLE_BEGIN
 90
        3
 91
        2
300
_DATA
309
CELLSTYLE_END
  0
ENDSEC
  0
SECTION
  2
THUMBNAILIMAGE
 90
   263208
310
28000000000200000002000001000800000000000000000000000000000000000000000000000000FFFFFF00FF000000FFFF000000FF000000FFFF000000FF00FF00FF000000000080808000C0C0C000FF000000FF7F7F00A5000000A55252007F0000007F3F3F004C0000004C2626002600000026131300FF3F0000FF9F7F
310
00A5290000A56752007F1F00007F4F3F004C1300004C2F26002609000026171300FF7F0000FFBF7F00A5520000A57C52007F3F00007F5F3F004C2600004C39260026130000261C1300FFBF0000FFDF7F00A57C0000A59152007F5F00007F6F3F004C3900004C422600261C000026211300FFFF0000FFFF7F00A5A50000A5A5
310
52007F7F00007F7F3F004C4C00004C4C26002626000026261300BFFF0000DFFF7F007CA5000091A552005F7F00006F7F3F00394C0000424C26001C260000212613007FFF0000BFFF7F0052A500007CA552003F7F00005F7F3F00264C0000394C2600132600001C2613003FFF00009FFF7F0029A5000067A552001F7F00004F
310
7F3F00134C00002F4C2600092600001726130000FF00007FFF7F0000A5000052A55200007F00003F7F3F00004C0000264C2600002600001326130000FF3F007FFF9F0000A5290052A56700007F1F003F7F4F00004C1300264C2F00002609001326170000FF7F007FFFBF0000A5520052A57C00007F3F003F7F5F00004C2600
310
264C39000026130013261C0000FFBF007FFFDF0000A57C0052A59100007F5F003F7F6F00004C3900264C420000261C001326210000FFFF007FFFFF0000A5A50052A5A500007F7F003F7F7F00004C4C00264C4C00002626001326260000BFFF007FDFFF00007CA5005291A500005F7F003F6F7F0000394C0026424C00001C26
310
0013212600007FFF007FBFFF000052A500527CA500003F7F003F5F7F0000264C0026394C0000132600131C2600003FFF007F9FFF000029A5005267A500001F7F003F4F7F0000134C00262F4C0000092600131726000000FF007F7FFF000000A5005252A50000007F003F3F7F0000004C0026264C0000002600131326003F00
310
FF009F7FFF002900A5006752A5001F007F004F3F7F0013004C002F264C0009002600171326007F00FF00BF7FFF005200A5007C52A5003F007F005F3F7F0026004C0039264C00130026001C132600BF00FF00DF7FFF007C00A5009152A5005F007F006F3F7F0039004C0042264C001C00260021132600FF00FF00FF7FFF00A5
310
00A500A552A5007F007F007F3F7F004C004C004C264C002600260026132600FF00BF00FF7FDF00A5007C00A55291007F005F007F3F6F004C0039004C26420026001C0026132100FF007F00FF7FBF00A5005200A5527C007F003F007F3F5F004C0026004C2639002600130026131C00FF003F00FF7F9F00A5002900A5526700
310
7F001F007F3F4F004C0013004C262F002600090026131700000000002D2D2D005B5B5B0089898900B7B7B700B3B3B30000000000000000000000000000000000000000000000000000000000000000000000000000000000000000000000000000000000000000000000000000000000000000000000000000000000000000
310
00000000000000000000000000000000000000000000000000000000000000000000000000000000000000000000000000000000000000000000000000000000000000000000000000000000000000000000000000000000000000000000000000000000000000000000000000000000000000000000000000000000000000
310
00000000000000000000000000000000000000000000000000000000000000000000000000000000000000000000000000000000000000000000000000000000000000000000000000000000000000000000000000000000000000000000000000000000000000000000000000000000000000000000000000000000000000
310
00000000000000000000000000000000000000000000000000000000000000000000000000000000000000000000000000000000000000000000000000000000000000000000000000000000000000000000000000000000000000000000000000000000000000000000000000000000000000000000000000000000000000
310
00000000000000000000000000000000000000000000000000000000000000000000000000000000000000000000000000000000000000000000000000000000000000000000000000000000000000000000000000000000000000000000000000000000000000000000000000000000000000000000000000000000000000
310
00000000000000000000000000000000000000000000000000000000000000000000000000000000000000000000000000000000000000000000000000000000000000000000000000000000000000000000000000000000000000000000000000000000000000000000000000000000000000000000000000000000000000
310
00000000000000000000000000000000000000000000000000000000000000000000000000000000000000000000000000000000000000000000000000000000000000000000000000000000000000000000000000000000000000000000000000000000000000000000000000000000000000000000000000000000000000
310
00000000000000000000000000000000000000000000000000000000000000000000000000000000000000000000000000000000000000000000000000000000000000000000000000000000000000000000000000000000000000000000000000000000000000000000000000000000000000000000000000000000000000
310
00000000000000000000000000000000000000000000000000000000000000000000000000000000000000000000000000000000000000000000000000000000000000000000000000000000000000000000000000000000000000000000000000000000000000000000000000000000000000000000000000000000000000
310
00000000000000000000000000000000000000000000000000000000000000000000000000000000000000000000000000000000000000000000000000000000000000000000000000000000000000000000000000000000000000000000000000000000000000000000000000000000000000000000000000000000000000
310
00000000000000000000000000000000000000000000000000000000000000000000000000000000000000000000000000000000000000000000000000000000000000000000000000000000000000000000000000000000000000000000000000000000000000000000000000000000000000000000000000000000000000
310
00000000000000000000000000000000000000000000000000000000000000000000000000000000000000000000000000000000000000000000000000000000000000000000000000000000000000000000000000000000000000000000000000000000000000000000000000000000000000000000000000000000000000
310
00000000000000000000000000000000000000000000000000000000000000000000000000000000000000000000000000000000000000000000000000000000000000000000000000000000000000000000000000000000000000000000000000000000000000000000000000000000000000000000000000000000000000
310
00000000000000000000000000000000000000000000000000000000000000000000000000000000000000000000000000000000000000000000000000000000000000000000000000000000000000000000000000000000000000000000000000000000000000000000000000000000000000000000000000000000000000
310
00000000000000000000000000000000000000000000000000000000000000000000000000000000000000000000000000000000000000000000000000000000000000000000000000000000000000000000000000000000000000000000000000000000000000000000000000000000000000000000000000000000000000
310
00000000000000000000000000000000000000000000000000000000000000000000000000000000000000000000000000000000000000000000000000000000000000000000000000000000000000000000000000000000000000000000000000000000000000000000000000000000000000000000000000000000000000
310
00000000000000000000000000000000000000000000000000000000000000000000000000000000000000000000000000000000000000000000000000000000000000000000000000000000000000000000000000000000000000000000000000000000000000000000000000000000000000000000000000000000000000
310
00000000000000000000000000000000000000000000000000000000000000000000000000000000000000000000000000000000000000000000000000000000000000000000000000000000000000000000000000000000000000000000000000000000000000000000000000000000000000000000000000000000000000
310
00000000000000000000000000000000000000000000000000000000000000000000000000000000000000000000000000000000000000000000000000000000000000000000000000000000000000000000000000000000000000000000000000000000000000000000000000000000000000000000000000000000000000
310
00000000000000000000000000000000000000000000000000000000000000000000000000000000000000000000000000000000000000000000000000000000000000000000000000000000000000000000000000000000000000000000000000000000000000000000000000000000000000000000000000000000000000
310
00000000000000000000000000000000000000000000000000000000000000000000000000000000000000000000000000000000000000000000000000000000000000000000000000000000000000000000000000000000000000000000000000000000000000000000000000000000000000000000000000000000000000
310
00000000000000000000000000000000000000000000000000000000000000000000000000000000000000000000000000000000000000000000000000000000000000000000000000000000000000000000000000000000000000000000000000000000000000000000000000000000000000000000000000000000000000
310
00000000000000000000000000000000000000000000000000000000000000000000000000000000000000000000000000000000000000000000000000000000000000000000000000000000000000000000000000000000000000000000000000000000000000000000000000000000000000000000000000000000000000
310
00000000000000000000000000000000000000000000000000000000000000000000000000000000000000000000000000000000000000000000000000000000000000000000000000000000000000000000000000000000000000000000000000000000000000000000000000000000000000000000000000000000000000
310
00000000000000000000000000000000000000000000000000000000000000000000000000000000000000000000000000000000000000000000000000000000000000000000000000000000000000000000000000000000000000000000000000000000000000000000000000000000000000000000000000000000000000
310
00000000000000000000000000000000000000000000000000000000000000000000000000000000000000000000000000000000000000000000000000000000000000000000000000000000000000000000000000000000000000000000000000000000000000000000000000000000000000000000000000000000000000
310
00000000000000000000000000000000000000000000000000000000000000000000000000000000000000000000000000000000001E1E1E1E1E1E1E1E1E1E1E1E1E1E1E1E1E1E1E1E1E1E1E1E1E1E1E1E1E1E1E1E1E1E1E1E1E1E1E1E1E1E1E00000000000000000000000000000000000000000000000000000000000000
310
00000000000000000000000000000000000000000000000000000000000000000000000000000000000000000000000000000000000000000000000000000000000000000000000000000000000000000000000000000000000000000000000000000000000000000000000000000000000000000000000000000000000000
310
00000000000000000000000000000000000000000000000000000000000000000000000000000000000000000000000000000000000000000000000000000000000000000000000000000000000000000000000000000000000000000000000000000000000000000000000000000000000000000000000000000000000000
310
00000000000000000000000000000000000000000000000000000000000000000000000000000000000000000000000000000000000000000000000000000000000000000000000000000000000000000000000000000000000000000000000000000000000000000000000000000000000000000000000000000000000000
310
00000000000000000000000000000000000000000000000000000000000000000000000000000000000000000000001E1E1E1E1E1E1E1E1E1E000000000000000000000000000000000000000000000000000000000000000000000000000000000000001E1E1E1E1E1E1E1E1E1E0000000000000000000000000000000000
310
00000000000000000000000000000000000000000000000000000000000000000000000000000000000000000000000000000000000000000000000000000000000000000000000000000000000000000000000000000000000000000000000000000000000000000000000000000000000000000000000000000000000000
310
00000000000000000000000000000000000000000000000000000000000000000000000000000000000000000000000000000000000000000000000000000000000000000000000000000000000000000000000000000000000000000000000000000000000000000000000000000000000000000000000000000000000000
310
00000000000000000000000000000000000000000000000000000000000000000000000000000000000000000000000000000000000000000000000000000000000000000000000000000000000000000000000000000000000000000000000000000000000000000000000000000000000000000000000000000000000000
310
00000000000000000000000000000000000000000000000000000000000000000000000000000000001E1E1E1E1E1E1E1E1E1E0000000000000000000000000000000000000000000000000000000000000000000000000000000000000000000000000000000000000000000000000000001E1E1E1E1E1E1E1E1E1E000000
310
00000000000000000000000000000000000000000000000000000000000000000000000000000000000000000000000000000000000000000000000000000000000000000000000000000000000000000000000000000000000000000000000000000000000000000000000000000000000000000000000000000000000000
310
00000000000000000000000000000000000000000000000000000000000000000000000000000000000000000000000000000000000000000000000000000000000000000000000000000000000000000000000000000000000000000000000000000000000000000000000000000000000000000000000000000000000000
310
00000000000000000000000000000000000000000000000000000000000000000000000000000000000000000000000000000000000000000000000000000000000000000000000000000000000000000000000000000000000000000000000000000000000000000000000000000000000000000000000000000000000000
310
00000000000000000000000000000000000000000000000000000000000000000000000000001E1E1E1E1E1E1E00000000000000000000000000000000000000000000000000000000000000000000000000000000001E00000000000000000000000000000000000000000000000000000000000000000000000000000000
310
001E1E1E1E1E1E1E0000000000000000000000000000000000000000000000000000000000000000000000000000000000000000000000000000000000000000000000000000000000000000000000000000000000000000000000000000000000000000000000000000000000000000000000000000000000000000000000
310
00000000000000000000000000000000000000000000000000000000000000000000000000000000000000000000000000000000000000000000000000000000000000000000000000000000000000000000000000000000000000000000000000000000000000000000000000000000000000000000000000000000000000
310
00000000000000000000000000000000000000000000000000000000000000000000000000000000000000000000000000000000000000000000000000000000000000000000000000000000000000000000000000000000000000000000000000000000000000000000000000000000000000000000000000000000000000
310
00000000000000000000000000000000000000000000000000000000000000000000000000001E1E1E1E0000000000000000000000000000000000000000000000000000001E000000000000000000000000000000000000001E001E000000000000000000000000000000000000001E000000000000000000000000000000
310
0000000000000000000000001E1E1E1E000000000000000000000000000000000000000000000000000000000000000000000000000000000000000000000000000000000000000000000000000000000000000000000000000000000000000000000000000000000000000000000000000000000000000000000000000000
310
00000000000000000000000000000000000000000000000000000000000000000000000000000000000000000000000000000000000000000000000000000000000000000000000000000000000000000000000000000000000000000000000000000000000000000000000000000000000000000000000000000000000000
310
00000000000000000000000000000000000000000000000000000000000000000000000000000000000000000000000000000000000000000000000000000000000000000000000000000000000000000000000000000000000000000000000000000000000000000000000000000000000000000000000000000000000000
310
00000000000000000000000000000000000000000000000000000000000000000000000000001E1E1E1E0000000000000000000000000000000000000000000000000000000000001E001E0000000000000000000000000000000000001E001E0000000000000000000000000000000000001E001E00000000000000000000
310
00000000000000000000000000000000000000001E1E1E1E00000000000000000000000000000000000000000000000000000000000000000000000000000000000000000000000000000000000000000000000000000000000000000000000000000000000000000000000000000000000000000000000000000000000000
310
00000000000000000000000000000000000000000000000000000000000000000000000000000000000000000000000000000000000000000000000000000000000000000000000000000000000000000000000000000000000000000000000000000000000000000000000000000000000000000000000000000000000000
310
00000000000000000000000000000000000000000000000000000000000000000000000000000000000000000000000000000000000000000000000000000000000000000000000000000000000000000000000000000000000000000000000000000000000000000000000000000000000000000000000000000000000000
310
00000000000000000000000000000000000000000000000000000000000000000000000000001E1E1E1E0000000000000000000000000000000000000000000000000000000000000000001E00001E0000000000000000000000000000000000001E1E1E0000000000000000000000000000000000001E00001E0000000000
310
000000000000000000000000000000000000000000000000000000001E1E1E1E0000000000000000000000000000000000000000000000000000000000000000000000000000000000000000000000000000000000000000000000000000000000000000000000000000000000000000000000000000000000000000000000
310
00000000000000000000000000000000000000000000000000000000000000000000000000000000000000000000000000000000000000000000000000000000000000000000000000000000000000000000000000000000000000000000000000000000000000000000000000000000000000000000000000000000000000
310
00000000000000000000000000000000000000000000000000000000000000000000000000000000000000000000000000000000000000000000000000000000000000000000000000000000000000000000000000000000000000000000000000000000000000000000000000000000000000000000000000000000000000
310
00000000000000000000000000000000000000000000000000000000000000000000000000001E1E1E1E00000000000000000000000000000000001E00000000000000000000000000000000000000001E1E1E0000000000000000000000000000000000000000000000000000000000000000000000000000001E1E1E0000
310
0000000000000000000000000000000000001E00000000000000000000000000000000001E1E1E1E000000000000000000000000000000000000000000000000000000000000000000000000000000000000000000000000000000000000000000000000000000000000000000000000000000000000000000000000000000
310
00000000000000000000000000000000000000000000000000000000000000000000000000000000000000000000000000000000000000000000000000000000000000000000000000000000000000000000000000000000000000000000000000000000000000000000000000000000000000000000000000000000000000
310
00000000000000000000000000000000000000000000000000000000000000000000000000000000000000000000000000000000000000000000000000000000000000000000000000000000000000000000000000000000000000000000000000000000000000000000000000000000000000000000000000000000000000
310
00000000000000000000000000000000000000000000000000000000000000000000000000001E1E1E1E00000000000000000000000000000000000000001E001E0000000000000000000000000000000000000000000000000000000000000000000000000000000000000000000000000000000000000000000000000000
310
0000000000000000000000000000000000000000001E001E00000000000000000000000000000000000000001E1E1E1E00000000000000000000000000000000000000000000000000000000000000000000000000000000000000000000000000000000000000000000000000000000000000000000000000000000000000
310
00000000000000000000000000000000000000000000000000000000000000000000000000000000000000000000000000000000000000000000000000000000000000000000000000000000000000000000000000000000000000000000000000000000000000000000000000000000000000000000000000000000000000
310
00000000000000000000000000000000000000000000000000000000000000000000000000000000000000000000000000000000000000000000000000000000000000000000000000000000000000000000000000000000000000000000000000000000000000000000000000000000000000000000000000000000000000
310
00000000000000000000000000000000000000000000000000000000000000000000000000001E1E1E1E0000000000000000000000000000000000000000000000001E00001E000000000000000000000000000000000000000000000000000000000000000000000000000000000000000000000000000000000000000000
310
0000000000000000000000000000000000000000000000001E00001E0000000000000000000000000000000000000000000000001E1E1E1E0000000000000000000000000000000000000000000000000000000000000000000000000000000000000000000000000000000000000000000000000000000000000000000000
310
00000000000000000000000000000000000000000000000000000000000000000000000000000000000000000000000000000000000000000000000000000000000000000000000000000000000000000000000000000000000000000000000000000000000000000000000000000000000000000000000000000000000000
310
00000000000000000000000000000000000000000000000000000000000000000000000000000000000000000000000000000000000000000000000000000000000000000000000000000000000000000000000000000000000000000000000000000000000000000000000000000000000000000000000000000000000000
310
00000000000000000000000000000000000000000000000000000000000000000000000000001E1E1E1E000000000000000000000000000000000000000000000000000000001E1E1E0000000000000000000000000000000000000000000000000000000000001E1E1E0000000000000000000000000000000000001E1E00
310
00000000000000000000000000000000000000000000000000000000001E1E1E000000000000000000000000000000000000000000000000000000001E1E1E1E000000000000000000000000000000000000000000000000000000000000000000000000000000000000000000000000000000000000000000000000000000
310
00000000000000000000000000000000000000000000000000000000000000000000000000000000000000000000000000000000000000000000000000000000000000000000000000000000000000000000000000000000000000000000000000000000000000000000000000000000000000000000000000000000000000
310
00000000000000000000000000000000000000000000000000000000000000000000000000000000000000000000000000000000000000000000000000000000000000000000000000000000000000000000000000000000000000000000000000000000000000000000000000000000000000000000000000000000000000
310
0000000000000000000000000000000000000000000000000000000000000000000000000000001E1E1E0000000000000000000000000000000000000000000000000000000000000000000000000000000000000000000000000000000000000000000000000000001E1E0000001E0000000000000000000000000000001E
310
1E00001E1E0000000000000000000000000000000000000000000000000000000000000000000000000000000000000000000000000000000000000000000000000000001E1E1E0000000000000000000000000000000000000000000000000000000000000000000000000000000000000000000000000000000000000000
310
00000000000000000000000000000000000000000000000000000000000000000000000000000000000000000000000000000000000000000000000000000000000000000000000000000000000000000000000000000000000000000000000000000000000000000000000000000000000000000000000000000000000000
310
00000000000000000000000000000000000000000000000000000000000000000000000000000000000000000000000000000000000000000000000000000000000000000000000000000000000000000000000000000000000000000000000000000000000000000000000000000000000000000000000000000000000000
310
00000000000000000000000000000000000000000000000000000000000000000000000000000000001E1E0000000000000000000000000000001E1E1E00000000000000000000000000000000000000000000000000000000001E1E1E000000000000000000000000000000001E00000000001E0000000000000000000000
310
00001E00000000001E000000000000000000000000000000001E1E1E00000000000000000000000000000000000000000000000000000000001E1E1E0000000000000000000000000000001E1E0000000000000000000000000000000000000000000000000000000000000000000000000000000000000000000000000000
310
00000000000000000000000000000000000000000000000000000000000000000000000000000000000000000000000000000000000000000000000000000000000000000000000000000000000000000000000000000000000000000000000000000000000000000000000000000000000000000000000000000000000000
310
00000000000000000000000000000000000000000000000000000000000000000000000000000000000000000000000000000000000000000000000000000000000000000000000000000000000000000000000000000000000000000000000000000000000000000000000000000000000000000000000000000000000000
310
0000000000000000000000000000000000000000000000000000000000000000000000000000000000001E1E1E000000000000000000000000000000001E00001E0000000000000000000000000000000000000000000000000000001E1E0000001E1E000000000000000000000000001E0000000000001E00000000000000
310
0000000000001E0000000000001E000000000000000000000000001E1E0000001E1E0000000000000000000000000000000000000000000000000000001E00001E000000000000000000000000000000001E1E1E00000000000000000000000000000000000000000000000000000000000000000000000000000000000000
310
00000000000000000000000000000000000000000000000000000000000000000000000000000000000000000000000000000000000000000000000000000000000000000000000000000000000000000000000000000000000000000000000000000000000000000000000000000000000000000000000000000000000000
310
00000000000000000000000000000000000000000000000000000000000000000000000000000000000000000000000000000000000000000000000000000000000000000000000000000000000000000000000000000000000000000000000000000000000000000000000000000000000000000000000000000000000000
310
00000000000000000000000000000000000000000000000000000000000000000000000000000000000000001E1E00000000000000000000000000000000000000001E001E0000000000000000000000000000000000000000000000000000001E00000000001E000000000000000000000000001E000000000000001E0000
310
0000000000000000001E000000000000001E000000000000000000000000001E00000000001E0000000000000000000000000000000000000000000000000000001E001E00000000000000000000000000000000000000001E1E00000000000000000000000000000000000000000000000000000000000000000000000000
310
00000000000000000000000000000000000000000000000000000000000000000000000000000000000000000000000000000000000000000000000000000000000000000000000000000000000000000000000000000000000000000000000000000000000000000000000000000000000000000000000000000000000000
310
00000000000000000000000000000000000000000000000000000000000000000000000000000000000000000000000000000000000000000000000000000000000000000000000000000000000000000000000000000000000000000000000000000000000000000000000000000000000000000000000000000000000000
310
000000000000000000000000000000000000000000000000000000000000000000000000000000000000000000001E1E00000000000000000000000000000000000000000000001E000000000000000000001E1E1E00000000000000000000000000001E000000000000001E000000000000000000000000001E0000000000
310
1E000000000000000000000000001E0000000000001E0000000000000000000000001E000000000000001E00000000000000000000000000001E1E1E000000000000000000001E00000000000000000000000000000000000000000000001E1E00000000000000000000000000000000000000000000000000000000000000
310
00000000000000000000000000000000000000000000000000000000000000000000000000000000000000000000000000000000000000000000000000000000000000000000000000000000000000000000000000000000000000000000000000000000000000000000000000000000000000000000000000000000000000
310
00000000000000000000000000000000000000000000000000000000000000000000000000000000000000000000000000000000000000000000000000000000000000000000000000000000000000000000000000000000000000000000000000000000000000000000000000000000000000000000000000000000000000
310
00000000000000000000000000000000000000000000000000000000000000000000000000000000000000000000001E1E1E000000000000000000000000000000000000000000000000000000000000000000001E1E0000001E1E0000000000000000000000001E000000000000001E000000000000000000000000001E00
310
0000001E0000000000000000000000000000001E000000001E000000000000000000000000001E000000000000001E0000000000000000000000001E1E0000001E1E000000000000000000000000000000000000000000000000000000000000000000001E1E1E000000000000000000000000000000000000000000000000
310
00000000000000000000000000000000000000000000000000000000000000000000000000000000000000000000000000000000000000000000000000000000000000000000000000000000000000000000000000000000000000000000000000000000000000000000000000000000000000000000000000000000000000
310
00000000000000000000000000000000000000000000000000000000000000000000000000000000000000000000000000000000000000000000000000000000000000000000000000000000000000000000000000000000000000000000000000000000000000000000000000000000000000000000000000000000000000
310
000000000000000000000000000000000000000000000000000000000000000000000000000000000000000000000000001E1E000000000000000000000000000000000000000000000000000000000000000000000000001E00000000001E000000000000000000000000001E0000000000001E0000000000000000000000
310
0000001E1E001E00000000000000000000000000000000001E001E1E0000000000000000000000000000001E0000000000001E0000000000000000000000001E00000000001E000000000000000000000000000000000000000000000000000000000000000000000000001E1E000000000000000000000000000000000000
310
00000000000000000000000000000000000000000000000000000000000000000000000000000000000000000000000000000000000000000000000000000000000000000000000000000000000000000000000000000000000000000000000000000000000000000000000000000000000000000000000000000000000000
310
00000000000000000000000000000000000000000000000000000000000000000000000000000000000000000000000000000000000000000000000000000000000000000000000000000000000000000000000000000000000000000000000000000000000000000000000000000000000000000000000000000000000000
310
00000000000000000000000000000000000000000000000000000000000000000000000000000000000000000000000000001E1E1E0000000000000000001E000000000000000000000000000000000000000000000000000000001E000000000000001E0000000000000000000000001E1E0000001E1E0000000000000000
310
0000000000000000001E000000000000000000000000000000000000001E00000000000000000000000000000000001E1E0000001E1E0000000000000000000000001E000000000000001E000000000000000000000000000000000000000000000000000000001E0000000000000000001E1E1E0000000000000000000000
310
00000000000000000000000000000000000000000000000000000000000000000000000000000000000000000000000000000000000000000000000000000000000000000000000000000000000000000000000000000000000000000000000000000000000000000000000000000000000000000000000000000000000000
310
00000000000000000000000000000000000000000000000000000000000000000000000000000000000000000000000000000000000000000000000000000000000000000000000000000000000000000000000000000000000000000000000000000000000000000000000000000000000000000000000000000000000000
310
000000000000000000000000000000000000000000000000000000000000000000000000000000000000000000000000000000001E1E00000000000000000000001E001E0000000000000000000000000000000000000000000000000000001E000000000000001E00000000000000000000000000001E1E1E000000000000
310
00000000000000000000000000000000000000000000000000000000000000000000000000000000000000000000000000000000001E1E1E00000000000000000000000000001E000000000000001E0000000000000000000000000000000000000000000000000000001E001E00000000000000000000001E1E0000000000
310
00000000000000000000000000000000000000000000000000000000000000000000000000000000000000000000000000000000000000000000000000000000000000000000000000000000000000000000000000000000000000000000000000000000000000000000000000000000000000000000000000000000000000
310
00000000000000000000000000000000000000000000000000000000000000000000000000000000000000000000000000000000000000000000000000000000000000000000000000000000000000000000000000000000000000000000000000000000000000000000000000000000000000000000000000000000000000
310
0000000000000000000000000000000000000000000000000000000000000000000000000000000000000000000000000000000000001E1E000000000000000000000000001E00001E00000000000000000000000000000000000000000000000000001E000000000000001E00000000000000000000000000000000000000
310
00000000000000000000000000000000000000000000000000000000000000000000000000000000000000000000000000000000000000000000000000000000000000000000000000001E000000000000001E00000000000000000000000000000000000000000000000000001E00001E000000000000000000000000001E
310
1E000000000000000000000000000000000000000000000000000000000000000000000000000000000000000000000000000000000000000000000000000000000000000000000000000000000000000000000000000000000000000000000000000000000000000000000000000000000000000000000000000000000000
310
00000000000000000000000000000000000000000000000000000000000000000000000000000000000000000000000000000000000000000000000000000000000000000000000000000000000000000000000000000000000000000000000000000000000000000000000000000000000000000000000000000000000000
310
000000000000000000000000000000000000000000000000000000000000000000000000000000000000000000000000000000000000001E1E1E0000000000000000000000000000001E1E1E000000000000000000001E1E1E0000000000000000000000000000001E00000000001E00000000000000000000000000000000
310
0000000000000000000000000000000000000000000000000000000000001E1E1E000000000000000000000000000000000000000000000000000000000000000000000000000000000000000000001E00000000001E0000000000000000000000000000001E1E1E000000000000000000001E1E1E00000000000000000000
310
00000000001E1E1E0000000000000000000000000000000000000000000000000000000000000000000000000000000000000000000000000000000000000000000000000000000000000000000000000000000000000000000000000000000000000000000000000000000000000000000000000000000000000000000000
310
00000000000000000000000000000000000000000000000000000000000000000000000000000000000000000000000000000000000000000000000000000000000000000000000000000000000000000000000000000000000000000000000000000000000000000000000000000000000000000000000000000000000000
310
0000000000000000000000000000000000000000000000000000000000000000000000000000000000000000000000000000000000000000001E1E00000000000000000000000000000000000000000000000000000000001E1E0000001E1E000000000000000000000000001E1E0000001E1E000000000000000000000000
310
00000000000000000000000000001E1E1E00000000000000000000000000000000001E001E00000000000000000000000000000000001E1E1E00000000000000000000000000000000000000000000000000001E1E0000001E1E000000000000000000000000001E1E0000001E1E0000000000000000000000000000000000
310
0000000000000000000000001E1E0000000000000000000000000000000000000000000000000000000000000000000000000000000000000000000000000000000000000000000000000000000000000000000000000000000000000000000000000000000000000000000000000000000000000000000000000000000000
310
00000000000000000000000000000000000000000000000000000000000000000000000000000000000000000000000000000000000000000000000000000000000000000000000000000000000000000000000000000000000000000000000000000000000000000000000000000000000000000000000000000000000000
310
00000000000000000000000000000000000000000000000000000000000000000000000000000000000000000000000000000000000000000000001E1E0000000000000000000000000000000000000000000000000000000000001E0000000000001E0000000000000000000000000000001E1E1E00000000000000000000
310
0000000000000000000000000000000000001E00001E000000000000000000000000000000001E001E000000000000000000000000000000001E00001E000000000000000000000000000000000000000000000000000000001E1E1E00000000000000000000000000001E0000000000001E00000000000000000000000000
310
0000000000000000000000000000000000001E1E0000000000000000000000000000000000000000000000000000000000000000000000000000000000000000000000000000000000000000000000000000000000000000000000000000000000000000000000000000000000000000000000000000000000000000000000
310
00000000000000000000000000000000000000000000000000000000000000000000000000000000000000000000000000000000000000000000000000000000000000000000000000000000000000000000000000000000000000000000000000000000000000000000000000000000000000000000000000000000000000
310
000000000000000000000000000000000000000000000000000000000000000000000000000000000000000000000000000000000000000000000000001E1E00000000000000000000000000000000000000000000000000000000000000001E000000000000001E0000000000000000000000000000000000000000000000
310
0000001E0000000000000000000000000000000000001E001E0000000000000000000000000000000000001E0000000000000000000000000000000000001E001E0000000000000000000000000000000000001E00000000000000000000000000000000000000000000000000001E000000000000001E0000000000000000
310
0000000000000000000000000000000000000000000000001E1E0000000000000000000000000000000000000000000000000000000000000000000000000000000000000000000000000000000000000000000000000000000000000000000000000000000000000000000000000000000000000000000000000000000000
310
00000000000000000000000000000000000000000000000000000000000000000000000000000000000000000000000000000000000000000000000000000000000000000000000000000000000000000000000000000000000000000000000000000000000000000000000000000000000000000000000000000000000000
310
0000000000000000000000000000000000000000000000000000000000000000000000000000000000000000000000000000000000000000000000000000001E1E000000000000000000000000000000000000000000000000000000000000000000001E000000000000001E00000000000000000000000000000000000000
310
0000000000001E001E0000000000000000000000000000000000001E0000000000000000000000000000000000000000000000000000000000000000000000000000001E0000000000000000000000000000000000001E001E000000000000000000000000000000000000000000000000001E000000000000001E00000000
310
0000000000000000000000000000000000000000000000000000000000001E1E0000000000000000000000000000000000000000000000000000000000000000000000000000000000000000000000000000000000000000000000000000000000000000000000000000000000000000000000000000000000000000000000
310
00000000000000000000000000000000000000000000000000000000000000000000000000000000000000000000000000000000000000000000000000000000000000000000000000000000000000000000000000000000000000000000000000000000000000000000000000000000000000000000000000000000000000
310
00000000000000000000000000000000000000000000000000000000000000000000000000000000000000000000000000000000000000000000000000000000001E1E000000000000001E00000000000000000000000000000000000000000000000000000000001E00000000001E00000000000000000000000000000000
310
000000000000000000001E00001E0000000000000000000000000000000000000000000000000000000000000000000000000000000000000000000000000000000000000000000000000000000000000000000000000000001E00001E00000000000000000000000000000000000000000000000000001E00000000001E00
310
000000000000000000000000000000000000000000000000000000001E000000000000001E1E0000000000000000000000000000000000000000000000000000000000000000000000000000000000000000000000000000000000000000000000000000000000000000000000000000000000000000000000000000000000
310
00000000000000000000000000000000000000000000000000000000000000000000000000000000000000000000000000000000000000000000000000000000000000000000000000000000000000000000000000000000000000000000000000000000000000000000000000000000000000000000000000000000000000
310
000000000000000000000000000000000000000000000000000000000000000000000000000000000000000000000000000000000000000000000000000000000000001E1E00000000000000001E001E000000000000000000000000000000000000000000000000000000001E1E0000001E1E000000000000000000000000
310
00000000000000000000000000001E1E1E00000000000000000000000000000000000000000000000000000000000000000000000000000000000000000000000000000000000000000000000000000000000000000000000000000000001E1E1E00000000000000000000000000000000000000000000000000001E1E0000
310
001E1E000000000000000000000000000000000000000000000000000000001E001E00000000000000001E1E0000000000000000000000000000000000000000000000000000000000000000000000000000000000000000000000000000000000000000000000000000000000000000000000000000000000000000000000
310
00000000000000000000000000000000000000000000000000000000000000000000000000000000000000000000000000000000000000000000000000000000000000000000000000000000000000000000000000000000000000000000000000000000000000000000000000000000000000000000000000000000000000
310
000000000000000000000000000000000000000000000000000000000000000000000000000000000000000000000000000000000000000000000000000000000000000000001E000000000000000000001E00001E000000000000000000001E1E00000000000000000000000000000000001E1E1E00000000000000000000
310
00000000000000000000000000000000000000000000000000000000000000000000000000000000000000000000000000000000000000000000000000000000000000000000000000000000000000000000000000000000000000000000000000000000000000000000000000000000000000000000000000000000000000
310
00001E1E1E00000000000000000000000000000000001E1E1E0000000000000000001E00001E000000000000000000001E000000000000000000000000000000000000000000000000000000000000000000000000000000000000000000000000000000000000000000000000000000000000000000000000000000000000
310
00000000000000000000000000000000000000000000000000000000000000000000000000000000000000000000000000000000000000000000000000000000000000000000000000000000000000000000000000000000000000000000000000000000000000000000000000000000000000000000000000000000000000
310
0000000000000000000000000000000000000000000000000000000000000000000000000000000000000000000000000000000000000000000000000000000000000000000000001E1E00000000000000000000001E1E1E0000000000000000001E1E00001E1E000000000000000000000000000000000000000000000000
310
0000001E1E1E000000000000000000000000000000000000000000000000000000000000000000000000000000000000000000000000000000000000000000000000000000000000000000000000000000000000000000000000000000000000000000000000000000000000000000000000000000000000001E1E1E000000
310
0000000000000000000000000000000000000000000000001E1E0000001E0000000000000000001E1E1E00000000000000000000001E1E000000000000000000000000000000000000000000000000000000000000000000000000000000000000000000000000000000000000000000000000000000000000000000000000
310
00000000000000000000000000000000000000000000000000000000000000000000000000000000000000000000000000000000000000000000000000000000000000000000000000000000000000000000000000000000000000000000000000000000000000000000000000000000000000000000000000000000000000
310
00000000000000000000000000000000000000000000000000000000000000000000000000000000000000000000000000000000000000000000000000000000000000000000000000001E1E000000000000000000000000000000000000000000000000001E000000001E0000000000000000000000000000000000000000
310
000000000000001E001E000000000000000000000000000000000000000000000000000000000000000000000000000000000000000000000000000000000000000000000000000000000000000000000000000000000000000000000000000000000000000000000000000000000000000000000000000000000000001E00
310
1E0000000000000000000000000000000000000000000000000000001E000000001E000000000000000000000000000000000000000000000000001E1E000000000000000000000000000000000000000000000000000000000000000000000000000000000000000000000000000000000000000000000000000000000000
310
00000000000000000000000000000000000000000000000000000000000000000000000000000000000000000000000000000000000000000000000000000000000000000000000000000000000000000000000000000000000000000000000000000000000000000000000000000000000000000000000000000000000000
310
000000000000000000000000000000000000000000000000000000000000000000000000000000000000000000000000000000000000000000000000000000000000000000000000000000001E1E00000000000000000000000000000000000000000000000000001E0000000000001E000000000000000000000000000000
310
00000000000000000000001E1E1E0000000000000000000000000000000000000000000000000000000000000000000000000000000000000000000000000000000000000000000000000000000000000000000000000000000000000000000000000000000000000000000000000000000000000000000000000000000000
310
00001E1E1E00000000000000000000000000000000000000000000000000001E0000000000001E00000000000000000000000000000000000000000000000000001E1E000000000000000000000000000000000000000000000000000000000000000000000000000000000000000000000000000000000000000000000000
310
00000000000000000000000000000000000000000000000000000000000000000000000000000000000000000000000000000000000000000000000000000000000000000000000000000000000000000000000000000000000000000000000000000000000000000000000000000000000000000000000000000000000000
310
0000000000000000000000000000000000000000000000000000000000000000000000000000000000000000000000000000000000000000000000000000000000000000000000000000000000001E1E000000000000000000000000000000000000000000000000000000001E0000000000001E0000000000000000000000
310
00000000000000000000000000000000000000000000000000000000000000000000000000000000000000000000000000000000000000000000000000000000000000000000000000000000000000000000000000000000000000000000000000000000000000000000000000000000000000000000000000000000000000
310
00000000000000000000000000000000000000000000000000000000000000000000001E0000000000001E000000000000000000000000000000000000000000000000000000001E1E000000000000000000000000000000000000000000000000000000000000000000000000000000000000000000000000000000000000
310
00000000000000000000000000000000000000000000000000000000000000000000000000000000000000000000000000000000000000000000000000000000000000000000000000000000000000000000000000000000000000000000000000000000000000000000000000000000000000000000000000000000000000
310
0000000000000000000000000000000000000000000000000000000000000000000000000000000000000000000000000000000000000000000000000000000000000000000000000000000000000000001E000000000000000000000000000000000000000000000000000000000000001E00000000001E00000000000000
310
00000000000000000000000000000000000000000000000000000000000000000000000000000000000000000000000000000000000000000000000000000000000000000000000000000000000000000000000000000000000000000000000000000000000000000000000000000000000000000000000000000000000000
310
000000000000000000000000000000000000000000000000000000000000000000000000000000001E00000000001E0000000000000000000000000000000000000000000000000000000000001E00000000000000000000000000000000000000000000000000000000000000000000000000000000000000000000000000
310
00000000000000000000000000000000000000000000000000000000000000000000000000000000000000000000000000000000000000000000000000000000000000000000000000000000000000000000000000000000000000000000000000000000000000000000000000000000000000000000000000000000000000
310
00000000000000000000000000000000000000000000000000000000000000000000000000000000000000000000000000000000000000000000000000000000000000000000000000000000000000000000001E1E00000000000000000000000000000000000000000000000000000000000000001E0000001E1E00000000
310
00000000001E00000000000000000000000000000000000000000000000000000000000000000000000000000000000000000000000000000000000000000000000000000000000000000000000000000000000000000000000000000000000000000000000000000000000000000000000000000000000000000000000000
310
000000000000000000000000000000000000000000000000000000000000000000001E0000000000000000001E1E00001E1E00000000000000000000000000000000000000000000000000000000000000001E1E00000000000000000000000000000000000000000000000000000000000000000000000000000000000000
310
00000000000000000000000000000000000000000000000000000000000000000000000000000000000000000000000000000000000000000000000000000000000000000000000000000000000000000000000000000000000000000000000000000000000000000000000000000000000000000000000000000000000000
310
000000000000000000000000000000000000000000000000000000000000000000000000000000000000000000000000000000000000000000000000000000000000000000000000000000000000000000000000001E1E00000000000000000000000000000000000000000000000000000000000000000000001E1E1E0000
310
00000000000000001E001E0000000000000000000000000000000000000000000000000000000000000000000000000000000000000000000000000000000000000000000000000000000000000000000000000000000000000000000000000000000000000000000000000000000000000000000000000000000000000000
310
000000000000000000000000000000000000000000000000000000000000000000000000001E001E000000000000000000001E1E0000000000000000000000000000000000000000000000000000000000000000000000001E1E00000000000000000000000000000000000000000000000000000000000000000000000000
310
00000000000000000000000000000000000000000000000000000000000000000000000000000000000000000000000000000000000000000000000000000000000000000000000000000000000000000000000000000000000000000000000000000000000000000000000000000000000000000000000000000000000000
310
0000000000000000000000000000000000000000000000000000000000000000000000000000000000000000000000000000000000000000000000000000000000000000000000000000000000000000000000000000001E1E0000000000001E0000000000000000000000001E1E1E00000000000000000000000000000000
310
0000000000000000000000001E00001E00000000000000000000000000000000000000000000000000000000000000000000000000000000000000000000000000000000000000000000000000000000000000000000000000000000000000001E1E1E00000000000000000000000000000000000000000000000000000000
310
000000000000000000000000000000000000000000000000000000000000000000000000000000001E00001E000000000000000000000000000000000000000000000000000000001E1E1E0000000000000000000000001E0000000000001E1E00000000000000000000000000000000000000000000000000000000000000
310
00000000000000000000000000000000000000000000000000000000000000000000000000000000000000000000000000000000000000000000000000000000000000000000000000000000000000000000000000000000000000000000000000000000000000000000000000000000000000000000000000000000000000
310
00000000000000000000000000000000000000000000000000000000000000000000000000000000000000000000000000000000000000000000000000000000000000000000000000000000000000000000000000000000001E1E000000000000001E001E0000000000000000001E1E0000001E1E00000000000000000000
310
000000000000000000000000000000001E1E1E00000000000000000000000000000000000000000000000000000000000000000000000000000000000000000000000000000000000000000000000000000000000000000000000000000000000000001E00001E000000000000000000000000000000000000000000000000
310
0000000000000000000000000000000000000000000000000000000000000000000000000000000000000000001E1E1E00000000000000000000000000000000000000000000000000001E1E0000001E1E0000000000000000001E001E000000000000001E1E00000000000000000000000000000000000000000000000000
310
00000000000000000000000000000000000000000000000000000000000000000000000000000000000000000000000000000000000000000000000000000000000000000000000000000000000000000000000000000000000000000000000000000000000000000000000000000000000000000000000000000000000000
310
00000000000000000000000000000000000000000000000000000000000000000000000000000000000000000000000000000000000000000000000000000000000000000000000000000000000000000000000000000000000000001E0000000000000000001E00001E00000000000000001E00000000001E000000000000
310
00000000000000000000000000000000000000000000000000000000000000000000000000000000000000000000000000000000000000000000000000000000000000000000000000000000000000000000000000000000000000000000000000000000000000001E001E0000000000000000000000000000000000000000
310
0000000000000000000000000000000000000000000000000000000000000000000000000000000000000000000000000000000000000000000000000000000000000000000000000000000000001E00000000001E00000000000000001E00001E0000000000000000001E0000000000000000000000000000000000000000
310
00000000000000000000000000000000000000000000000000000000000000000000000000000000000000000000000000000000000000000000000000000000000000000000000000000000000000000000000000000000000000000000000000000000000000000000000000000000000000000000000000000000000000
310
000000000000000000000000000000000000000000000000000000000000000000000000000000000000000000000000000000000000000000000000000000000000000000000000000000000000000000000000000000000000000000001E1E000000000000000000001E1E1E00000000000000001E000000000000001E00
310
00000000000000000000000000000000000000000000000000000000000000000000000000000000000000000000000000000000000000000000000000000000000000000000000000000000000000000000000000000000001E000000000000000000000000000000000000001E000000000000001E1E0000000000000000
310
0000000000000000000000000000000000000000000000000000000000000000000000000000000000000000000000000000000000000000000000000000000000000000000000000000000000000000001E000000000000001E00000000000000001E1E1E000000000000000000001E1E0000000000000000000000000000
310
00000000000000000000000000000000000000000000000000000000000000000000000000000000000000000000000000000000000000000000000000000000000000000000000000000000000000000000000000000000000000000000000000000000000000000000000000000000000000000000000000000000000000
310
000000000000000000000000000000000000000000000000000000000000000000000000000000000000000000000000000000000000000000000000000000000000000000000000000000000000000000000000000000000000000000000000001E00000000000000000000000000000000000000000000001E0000000000
310
00001E000000000000000000000000000000000000000000000000000000000000000000000000000000000000000000000000000000000000000000000000000000000000000000000000000000000000000000000000000000001E1E001E000000000000000000000000000000000000000000000000001E00001E000000
310
000000000000000000000000000000000000000000000000000000000000000000000000000000000000000000000000000000000000000000000000000000000000000000000000000000000000000000000000001E000000000000001E00000000000000000000000000000000000000000000001E000000000000000000
310
00000000000000000000000000000000000000000000000000000000000000000000000000000000000000000000000000000000000000000000000000000000000000000000000000000000000000000000000000000000000000000000000000000000000000000000000000000000000000000000000000000000000000
310
000000000000000000000000000000000000000000000000000000000000000000000000000000000000000000000000000000000000000000000000000000000000000000000000000000000000000000000000000000000000000000000000000000001E0000000000000000000000000000000000000000000000001E00
310
0000000000001E000000000000000000000000000000000000000000000000000000000000000000000000000000000000000000000000000000000000000000000000000000000000000000000000000000000000000000000000000000001E00001E000000000000000000000000000000000000000000000000001E0000
310
1E000000000000000000000000000000000000000000000000000000000000000000000000000000000000000000000000000000000000000000000000000000000000000000000000000000000000000000000000000000001E000000000000001E0000000000000000000000000000000000000000000000001E00000000
310
00000000000000000000000000000000000000000000000000000000000000000000000000000000000000000000000000000000000000000000000000000000000000000000000000000000000000000000000000000000000000000000000000000000000000000000000000000000000000000000000000000000000000
310
0000000000000000000000000000000000000000000000000000000000000000000000000000000000000000000000000000000000000000000000000000000000000000000000000000000000000000000000000000000000000000000000000000000000001E1E0000000000000000000000000000000000000000000000
310
0000001E00000000001E0000000000000000001E000000000000000000000000000000000000000000000000000000000000000000000000000000000000000000000000000000000000000000000000000000000000000000000000000000000000001E1E1E1E000000000000000000000000000000000000000000000000
310
001E1E1E1E000000000000000000000000000000000000000000000000000000000000000000000000000000000000000000000000000000000000000000000000000000000000000000000000000000000000001E0000000000000000001E00000000001E0000000000000000000000000000000000000000000000000000
310
1E1E0000000000000000000000000000000000000000000000000000000000000000000000000000000000000000000000000000000000000000000000000000000000000000000000000000000000000000000000000000000000000000000000000000000000000000000000000000000000000000000000000000000000
310
0000000000000000000000000000000000000000000000000000000000000000000000000000000000000000000000000000000000000000000000000000000000000000000000000000000000000000000000000000000000000000000000000000000000000000001E000000000000000000000000000000000000000000
310
000000000000001E1E0000001E1E00000000000000001E001E000000000000000000000000000000000000000000000000000000000000000000000000000000000000000000000000000000000000000000000000000000000000000000000000000000000000000000000000000000000000000000000000000000000000
310
0000000000000000000000000000000000000000000000000000000000000000000000000000000000000000000000000000000000000000000000000000000000000000000000000000000000000000000000000000001E001E00000000000000001E1E0000001E1E00000000000000000000000000000000000000000000
310
0000000000001E000000000000000000000000000000000000000000000000000000000000000000000000000000000000000000000000000000000000000000000000000000000000000000000000000000000000000000000000000000000000000000000000000000000000000000000000000000000000000000000000
310
0000000000000000000000000000000000000000000000000000000000000000000000000000000000000000000000000000000000000000000000000000000000000000000000000000000000000000000000000000000000000000000000000000000000000000000000001E000000000000000000000000000000000000
310
000000000000000000000000001E1E1E0000000000000000001E00001E0000000000000000000000000000000000000000000000000000000000000000000000000000000000000000000000000000000000000000000000000000000000000000000000000000000000000000000000000000000000000000000000000000
310
000000000000000000000000000000000000000000000000000000000000000000000000000000000000000000000000000000000000000000000000000000000000000000000000000000000000000000000000000000000000001E00001E0000000000000000001E1E1E0000000000000000000000000000000000000000
310
00000000000000000000001E00000000000000000000000000000000000000000000000000000000000000000000000000000000000000000000000000000000000000000000000000000000000000000000000000000000000000000000000000000000000000000000000000000000000000000000000000000000000000
310
00000000000000000000000000000000000000000000000000000000000000000000000000000000000000000000000000000000000000000000000000000000000000000000000000000000000000000000000000000000000000000000000000000000000000000000000000001E1E000000000000000000000000000000
310
0000000000000000000000000000000000000000000000000000000000001E1E1E00000000000000000000000000000000000000000000000000000000000000000000000000000000000000000000000000000000000000000000000000000000000000000000000000000000000000000000000000000000000000000000
310
00000000000000000000000000000000000000000000000000000000000000000000000000000000000000000000000000000000000000000000000000000000000000000000000000000000000000000000000000000000000000000000001E1E1E0000000000000000000000000000000000000000000000000000000000
310
000000000000000000000000000000001E1E00000000000000000000000000000000000000000000000000000000000000000000000000000000000000000000000000000000000000000000000000000000000000000000000000000000000000000000000000000000000000000000000000000000000000000000000000
310
00000000000000000000000000000000000000000000000000000000000000000000000000000000000000000000000000000000000000000000000000000000000000000000000000000000000000000000000000000000000000000000000000000000000000000000000000000000001E00000000000000000000000000
310
00000000000000000000000000000000000000000000000000000000000000000000000000000000000000000000000000000000000000000000000000000000000000000000000000000000000000000000000000000000000000000000000000000000000000000000000000000000000000000000000000000000000000
310
00000000000000000000000000000000000000000000000000000000000000000000000000000000000000000000000000000000000000000000000000000000000000000000000000000000000000000000000000000000000000000000000000000000000000000000000000000000000000000000000000000000000000
310
000000000000000000000000000000000000000000001E0000000000000000000000000000000000000000000000000000000000000000000000000000000000000000000000000000000000000000000000000000000000000000000000000000000000000000000000000000000000000000000000000000000000000000
310
00000000000000000000000000000000000000000000000000000000000000000000000000000000000000000000000000000000000000000000000000000000000000000000000000000000000000000000000000000000000000000000000000000000000000000000000000000000000000001E00000000000000000000
310
000000000000001E1E1E000000000000000000000000000000000000000000000000000000000000000000000000000000000000000000000000000000000000000000000000000000000000000000000000000000000000000000000000000000000000000000000000000000000000000000000000000000000000000000
310
00000000000000000000000000000000000000000000000000000000000000000000000000000000000000000000000000000000000000000000000000000000000000000000000000000000000000000000000000000000000000000000000000000000000000000000000000000000000000000000000000000000000000
310
000000000000001E1E1E00000000000000000000000000000000001E1E0000000000000000000000000000000000000000000000000000000000000000000000000000000000000000000000000000000000000000000000000000000000000000000000000000000000000000000000000000000000000000000000000000
310
000000000000000000000000000000000000000000000000000000000000000000000000000000000000000000000000000000000000000000000000000000000000000000000000000000000000000000000000000000000000000000000000000000000000000000000000000000000000000000001E1E000000001E1E1E
310
0000000000000000001E1E0000001E1E00000000000000000000000000000000000000000000000000000000000000000000000000000000000000001E1E1E1E000000000000000000000000000000000000000000000000000000000000000000000000000000000000000000000000000000000000000000000000000000
310
00000000000000000000000000000000000000000000000000000000000000000000000000000000000000000000000000000000000000000000000000000000000000000000000000000000000000000000000000000000001E1E1E0000000000000000000000000000000000000000000000000000000000000000000000
310
0000000000000000001E1E0000001E1E0000000000000000001E1E1E00000000001E000000000000000000000000000000000000000000000000000000000000000000000000000000000000000000000000000000000000000000000000000000000000000000000000000000000000000000000000000000000000000000
310
000000000000000000000000000000000000000000000000000000000000000000000000000000000000000000000000000000000000000000000000000000000000000000000000000000000000000000000000000000000000000000000000000000000000000000000000000000000000000000000000001E0000000000
310
001E00001E00000000000000001E00000000001E000000000000000000000000000000000000000000000000000000000000000000000000000000001E1E1E1E000000001E1E1E1E00000000000000000000000000000000000000000000000000000000000000000000000000000000000000000000000000000000000000
310
00000000000000000000000000000000000000000000000000000000000000000000000000000000000000000000000000000000000000000000000000000000000000000000000000000000000000000000000000000000001E1E1E1E0000001E1E1E1E000000000000000000000000000000000000000000000000000000
310
000000000000000000000000001E00000000001E00000000000000001E00001E0000000000001E00000000000000000000000000000000000000000000000000000000000000000000000000000000000000000000000000000000000000000000000000000000000000000000000000000000000000000000000000000000
310
0000000000000000000000000000000000000000000000000000000000000000000000000000000000000000000000000000000000000000000000000000000000000000000000000000000000000000000000000000000000000000000000000000000000000000000000000000000000000000000000000000001E1E0000
310
00000000001E001E00000000000000001E000000000000001E000000000000000000000000000000000000000000000000000000000000000000000000001E1E0000000000000000000000001E1E00000000000000000000000000000000000000000000000000000000000000000000000000000000000000000000000000
310
0000000000000000000000000000000000000000000000000000000000000000000000000000000000000000000000000000000000000000000000000000000000000000000000000000000000000000000000000000000000001E1E1E00000000000000000000001E1E000000000000000000000000000000000000000000
310
000000000000000000000000000000001E000000000000001E00000000000000001E001E000000000000001E1E00000000000000000000000000000000000000000000000000000000000000000000000000000000000000000000000000000000000000000000000000000000000000000000000000000000000000000000
310
0000000000000000000000000000000000000000000000000000000000000000000000000000000000000000000000000000000000000000000000000000000000000000000000000000000000000000000000000000000000000000000000000000000000000000000000000000000000000000000000000000000000001E
310
000000000000000000001E0000000000000000001E000000000000001E00000000000000001E0000000000000000000000000000000000000000000000000000001E000000000000000000000000000000001E0000000000000000000000000000000000000000000000000000000000000000000000000000000000000000
310
0000000000000000000000000000000000000000000000000000000000000000000000000000000000000000000000000000000000000000000000000000000000000000000000000000000000000000000000000000000000000000001E000000000000000000000000000000001E00000000000000000000000000000000
310
00000000000000000000001E00000000000000001E000000000000001E0000000000000000001E000000000000000000001E0000000000000000000000000000000000000000000000000000000000000000000000000000000000000000000000000000000000000000000000000000000000000000000000000000000000
310
00000000000000000000000000000000000000000000000000000000000000000000000000000000000000000000000000000000000000000000000000000000000000000000000000000000000000000000000000000000000000000000000000000000000000000000000000000000000000000000000000000000000000
310
00001E000000000000000000000000000000000000000000001E0000000000001E000000000000001E001E000000000000000000000000000000000000000000000000001E0000000000000000000000000000000000001E000000000000000000000000000000000000000000000000000000000000000000000000000000
310
0000000000000000000000000000000000000000000000000000000000000000000000000000000000000000000000000000000000000000000000000000000000000000000000000000000000000000000000000000000000000000000000001E0000000000000000000000000000000000001E0000000000000000000000
310
00000000000000000000000000001E001E00000000000000001E0000000000001E0000000000000000000000000000000000000000001E000000000000000000000000000000000000000000000000000000000000000000000000000000000000000000000000000000000000000000000000000000000000000000000000
310
00000000000000000000000000000000000000000000000000000000000000000000000000000000000000000000000000000000000000000000000000000000000000000000000000000000000000000000000000000000000000000000000000000000000000000000000000000000000000000000000000000000000000
310
000000001E1E00000000000000000000000000000000000000000000001E1E0000001E1E00000000000000001E00001E00000000000000000000000000000000000000000000001E00000000000000000000000000000000000000001E00000000000000000000000000000000000000000000000000000000000000000000
310
0000000000000000000000000000000000000000000000000000000000000000000000000000000000000000000000000000000000000000000000000000000000000000000000000000000000000000000000000000000000000000000000000000001E00000000000000000000000000000000000000001E000000000000
310
00000000000000000000000000000000001E00001E00000000000000001E1E0000001E1E00000000000000000000000000000000000000000000001E1E000000000000000000000000000000000000000000000000000000000000000000000000000000000000000000000000000000000000000000000000000000000000
310
00000000000000000000000000000000000000000000000000000000000000000000000000000000000000000000000000000000000000000000000000000000000000000000000000000000000000000000000000000000000000000000000000000000000000000000000000000000000000000000000000000000000000
310
000000000000001E0000000000000000000000000000000000000000000000000000001E1E1E000000000000000000001E1E1E00000000000000000000000000000000000000000000001E000000000000000000000000000000000000000000001E0000000000000000000000000000000000000000000000000000000000
310
0000000000000000000000000000000000000000000000000000000000000000000000000000000000000000000000000000000000000000000000000000000000000000000000000000000000000000000000000000000000000000000000000000000000001E000000000000000000000000000000000000000000001E00
310
000000000000000000000000000000000000000000001E1E1E000000000000000000001E1E1E0000000000000000000000000000000000000000000000000000001E00000000000000000000000000000000000000000000000000000000000000000000000000000000000000000000000000000000000000000000000000
310
00000000000000000000000000000000000000000000000000000000000000000000000000000000000000000000000000000000000000000000000000000000000000000000000000000000000000000000000000000000000000000000000000000000000000000000000000000000000000000000000000000000000000
310
000000000000000000001E0000000000000000000000000000000000000000000000000000000000000000000000000000000000000000000000000000000000000000000000000000000000001E0000000000000000000000000000000000000000000000001E000000000000000000000000000000000000000000000000
310
0000000000000000000000000000000000000000000000000000000000000000000000000000000000000000000000000000000000000000000000000000000000000000000000000000000000000000000000000000000000000000000000000000000000000000001E000000000000000000000000000000000000000000
310
0000001E0000000000000000000000000000000000000000000000000000000000000000000000000000000000000000000000000000000000000000000000000000000000001E0000000000000000000000000000000000000000000000000000000000000000000000000000000000000000000000000000000000000000
310
00000000000000000000000000000000000000000000000000000000000000000000000000000000000000000000000000000000000000000000000000000000000000000000000000000000000000000000000000000000000000000000000000000000000000000000000000000000000000000000000000000000000000
310
0000000000000000000000001E1E000000000000000000000000000000000000000000000000000000000000000000000000000000000000000000000000000000000000000000000000000000000000001E0000000000000000000000000000000000000000000000001E0000000000000000000000000000000000000000
310
00000000000000000000000000000000000000000000000000000000001E000000000000000000000000001E1E1E0000000000000000000000000000000000000000000000000000000000000000000000000000000000000000000000000000000000000000000000000000001E0000000000000000000000000000000000
310
000000000000001E000000000000000000000000000000000000000000000000000000000000000000000000000000000000000000000000000000000000000000000000000000000000001E1E0000000000000000000000000000000000000000000000000000000000000000000000000000000000000000000000000000
310
00000000000000000000000000000000000000000000000000000000000000000000000000000000000000000000000000000000000000000000000000000000000000000000000000000000000000000000000000000000000000000000000000000000000000000000000000000000000000000000000000000000000000
310
0000000000000000000000000000001E00000000000000000000000000000000000000000000000000000000000000000000000000000000000000000000000000000000000000000000000000000000000000001E000000000000000000000000000000000000000000000000001E00000000000000000000000000000000
310
00000000000000000000000000000000000000000000000000000000000000001E001E000000000000000000001E1E0000001E1E0000000000000000000000000000000000000000000000000000000000000000000000000000000000000000000000000000000000000000000000001E0000000000000000000000000000
310
00000000000000000000001E0000000000000000000000000000000000000000000000000000000000000000000000000000000000000000000000000000000000000000000000000000000000000000001E000000000000000000000000000000000000000000000000000000000000000000000000000000000000000000
310
00000000000000000000000000000000000000000000000000000000000000000000000000000000000000000000000000000000000000000000000000000000000000000000000000000000000000000000000000000000000000000000000000000000000000000000000000000000000000000000000000000000000000
310
0000000000000000000000000000000000001E0000000000000000000000000000000000000000000000000000000000000000000000000000000000000000000000000000000000000000000000000000000000000000001E00000000000000000000000000000000000000000000000000001E0000000000000000000000
310
0000000000000000000000000000000000000000000000000000000000000000000000001E00001E0000000000000000001E00000000001E0000000000000000000000000000000000000000000000000000000000000000000000000000000000000000000000000000000000000000000000001E00000000000000000000
310
000000000000000000000000000000001E0000000000000000000000000000000000000000000000000000000000000000000000000000000000000000000000000000000000000000000000000000000000000000001E00000000000000000000000000000000000000000000000000000000000000000000000000000000
310
00000000000000000000000000000000000000000000000000000000000000000000000000000000000000000000000000000000000000000000000000000000000000000000000000000000000000000000000000000000000000000000000000000000000000000000000000000000000000000000000000000000000000
310
0000000000000000000000000000000000000000001E000000000000000000000000000000001E1E1E0000000000000000000000000000000000000000000000000000000000000000000000000000000000000000000000000000001E00000000000000000000000000000000000000000000000000001E00000000000000
310
000000000000000000000000000000000000000000000000000000000000000000000000000000001E1E1E0000000000000000001E000000000000001E00000000000000000000000000000000000000000000000000000000000000000000000000000000000000000000000000000000000000000000001E000000000000
310
00000000000000000000000000000000000000001E0000000000000000000000000000000000000000000000000000000000000000000000000000000000000000000000000000001E1E1E000000000000000000000000000000001E0000000000000000000000000000000000000000000000000000000000000000000000
310
00000000000000000000000000000000000000000000000000000000000000000000000000000000000000000000000000000000000000000000000000000000000000000000000000000000000000000000000000000000000000000000000000000000000000000000000000000000000000000000000000000000000000
310
0000000000000000000000000000000000000000000000001E0000000000000000000000000000001E1E0000001E1E000000000000000000000000000000000000000000000000000000000000000000000000000000000000000000000000001E00000000000000000000000000000000000000000000000000001E000000
310
00000000000000000000000000000000000000000000000000000000000000000000000000000000000000000000000000000000000000001E000000000000001E00000000000000000000000000000000000000000000000000000000000000000000000000000000000000000000000000000000000000000000001E0000
310
0000000000000000000000000000000000000000000000001E000000000000000000000000000000000000000000000000000000000000000000000000000000000000000000000000001E1E0000001E1E0000000000000000000000000000001E000000000000000000000000000000000000000000000000000000000000
310
00000000000000000000000000000000000000000000000000000000000000000000000000000000000000000000000000000000000000000000000000000000000000000000000000000000000000000000000000000000000000000000000000000000000000000000000000000000000000000000000000000000000000
310
0000000000000000000000000000000000000000000000000000001E000000001E1E1E00000000000000001E0000000000001E0000000000000000000000000000000000000000000000000000000000000000000000000000000000000000000000001E000000000000000000000000000000000000000000000000000000
310
1E00000000000000000000000000000000000000000000000000000000000000000000000000000000000000000000000000000000000000000000001E000000000000001E00000000000000000000000000000000000000000000000000000000000000000000000000000000000000000000000000000000000000000000
310
1E0000000000000000000000000000000000000000000000000000001E0000000000000000000000000000000000000000000000000000000000000000000000000000000000000000000000001E0000000000001E0000000000000000001E1E1E000000001E00000000000000000000000000000000000000000000000000
310
00000000000000000000000000000000000000000000000000000000000000000000000000000000000000000000000000000000000000000000000000000000000000000000000000000000000000000000000000000000000000000000000000000000000000000000000000000000000000000000000000000000000000
310
00000000000000000000000000000000000000000000000000000000001E1E00000000001E00001E000000000000001E000000000000001E000000000000001E1E1E000000000000000000000000000000000000000000000000000000000000000000000000001E0000000000000000000000000000000000000000000000
310
00000000001E00000000000000000000000000000000000000000000000000000000000000000000000000000000000000000000000000000000000000000000001E00000000001E00000000000000000000000000000000000000000000000000000000000000000000000000000000000000000000000000000000000000
310
000000001E000000000000000000000000000000000000000000000000000000001E000000000000000000000000000000000000000000000000000000000000000000000000001E1E1E000000000000001E000000000000001E000000000000001E00001E00000000001E1E00000000000000000000000000000000000000
310
00000000000000000000000000000000000000000000000000000000000000000000000000000000000000000000000000000000000000000000000000000000000000000000000000000000000000000000000000000000000000000000000000000000000000000000000000000000000000000000000000000000000000
310
00000000000000000000000000000000000000000000000000000000000000001E000000000000001E001E00000000000000001E000000000000001E000000000000001E00001E0000000000000000000000000000000000000000000000000000000000000000000000001E00000000000000000000000000000000000000
310
0000000000000000001E00000000000000000000000000000000000000000000000000000000000000000000000000000000000000000000000000000000000000000000001E1E0000001E1E00000000000000000000000000000000000000000000000000000000001E000000000000000000000000000000000000000000
310
00000000000000001E000000000000000000000000000000000000000000000000000000001E0000000000000000000000000000000000000000000000000000000000000000000000001E00001E000000000000001E000000000000001E00000000000000001E001E000000000000001E0000000000000000000000000000
310
00000000000000000000000000000000000000000000000000000000000000000000000000000000000000000000000000000000000000000000000000000000000000000000000000000000000000000000000000000000000000000000000000000000000000000000000000000000000000000000000000000000000000
310
00000000000000000000000000000000000000000000000000000000000000000000001E0000000000000000001E000000000000000000001E00000000001E00000000000000001E001E000000000000000000000000000000000000000000000000000000000000000000000000001E000000000000000000000000000000
310
000000000000000000000000001E000000000000000000000000000000000000000000000000000000000000000000000000000000000000000000000000000000000000000000000000001E1E1E0000000000000000000000000000000000000000000000000000000000001E001E00000000000000000000000000000000
310
0000000000000000000000001E000000000000000000000000000000000000000000000000000000001E000000000000000000000000000000000000000000000000000000000000000000000000001E001E00000000000000001E00000000001E000000000000000000001E0000000000000000001E000000000000000000
310
00000000000000000000000000000000000000000000000000000000000000000000000000000000000000000000000000000000000000000000000000000000000000000000000000000000000000000000000000000000000000000000000000000000000000000000000000000000000000000000000000000000000000
310
00000000000000000000000000000000000000000000000000000000000000000000000000001E0000000000000000000000000000000000000000001E1E0000001E1E0000000000000000001E0000000000000000000000000000000000000000000000000000000000000000000000000000001E00000000000000000000
310
000000000000000000000000000000001E00000000000000000000000000000000000000000000000000000000000000000000000000000000000000000000000000000000000000000000000000000000000000000000000000000000000000000000000000000000000000000000001E001E000000000000000000000000
310
00000000000000000000000000000000001E00000000000000000000000000000000000000000000000000001E0000000000000000000000000000000000000000000000000000000000000000000000000000001E0000000000000000001E1E0000001E1E0000000000000000000000000000000000000000001E00000000
310
00000000000000000000000000000000000000000000000000000000000000000000000000000000000000000000000000000000000000000000000000000000000000000000000000000000000000000000000000000000000000000000000000000000000000000000000000000000000000000000000000000000000000
310
00000000000000000000000000000000000000000000000000000000000000000000000000000000001E0000000000000000000000000000000000000000000000001E1E1E0000000000000000000000000000000000000000000000000000000000000000000000000000000000000000000000000000001E000000000000
310
00000000000000000000000000000000000000001E00000000000000000000000000000000000000000000000000000000000000000000000000000000000000000000000000000000000000000000000000000000000000000000000000000000000000000000000000000000000000000000001E1E1E0000000000000000
310
0000000000000000000000000000000000000000001E00000000000000000000000000000000000000000000000000001E0000000000000000000000000000000000000000000000000000000000000000000000000000000000000000000000000000001E1E1E000000000000000000000000000000000000000000000000
310
1E000000000000000000000000000000000000000000000000000000000000000000000000000000000000000000000000000000000000000000000000000000000000000000000000000000000000000000000000000000000000000000000000000000000000000000000000000000000000000000000000000000000000
310
00000000000000000000000000000000000000000000000000000000000000000000000000000000000000001E000000000000000000000000000000000000000000000000000000000000000000000000000000000000000000000000000000000000000000000000000000000000000000000000000000000000001E0000
310
0000000000000000000000000000000000000000000000001E000000000000000000000000000000000000000000000000000000000000000000000000000000000000000000000000000000000000000000000000000000000000000000000000000000000000000000000000000000000000000000000000000000000000
310
000000000000000000000000000000000000000000000000001E00000000000000000000000000000000000000000000000000001E0000000000000000000000000000000000000000000000000000000000000000000000000000000000000000000000000000000000000000000000000000000000000000000000000000
310
00000000001E00000000000000000000000000000000000000000000000000000000000000000000000000000000000000000000000000000000000000000000000000000000000000000000000000000000000000000000000000000000000000000000000000000000000000000000000000000000000000000000000000
310
00000000000000000000000000000000000000000000000000000000000000000000000000000000000000000000001E00000000000000000000000000000000000000000000000000000000000000000000000000000000000000000000000000000000000000000000000000000000000000000000000000000000000000
310
001E00000000000000000000000000000000000000000000000000001E0000000000000000000000000000000000000000000000000000000000000000000000000000000000000000000000000000000000000000000000000000000000000000000000000000000000000000000000000000000000000000000000000000
310
00000000000000000000000000000000000000000000000000000000001E00000000000000000000000000000000000000000000000000001E00000000000000000000000000000000000000000000000000000000000000000000000000000000000000000000000000000000000000000000000000000000000000000000
310
000000000000000000001E0000000000000000000000000000000000000000000000000000000000000000000000000000000000000000000000000000000000000000000000000000000000000000000000000000000000000000000000000000000000000000000000000000000000000000000000000000000000000000
310
00000000000000000000000000000000000000000000000000000000000000000000000000000000000000000000000000001E00000000000000000000000000000000000000000000000000000000000000000000000000000000000000000000000000000000000000000000000000000000000000000000000000000000
310
0000000000001E0000000000000000000000000000000000000000000000001E0000000000000000000000000000000000000000000000000000000000000000000000000000000000000000000000000000000000000000000000000000000000000000000000000000000000000000000000000000000000000000000000
310
000000000000000000000000000000000000000000000000000000000000000000001E0000000000000000000000000000000000000000000000001E00000000000000000000000000000000000000000000000000000000000000000000000000000000000000000000000000000000000000000000000000000000000000
310
0000000000000000000000000000001E000000000000000000000000000000000000000000000000000000000000000000000000000000000000000000000000000000000000000000000000000000000000000000000000000000000000000000000000000000000000000000000000000000000000000000000000000000
310
00000000000000000000000000000000000000000000000000000000000000000000000000000000000000000000000000000000001E00000000000000000000000000000000000000000000000000000000000000000000000000000000000000000000000000000000000000000000000000000000000000000000000000
310
000000000000000000001E0000000000000000000000000000000000000000000000001E00000000000000000000000000000000000000000000000000000000000000000000000000000000000000000000000000000000000000000000000000000000000000000000000000000000000000000000000000000000000000
310
00000000000000000000000000000000000000000000000000000000000000000000000000001E0000000000000000000000000000000000000000000000001E000000000000000000000000000000000000000000000000000000000000000000000000000000000000000000000000000000000000000000000000000000
310
00000000000000000000000000000000000000001E00000000000000000000000000000000000000000000000000000000000000000000000000000000000000000000000000000000000000000000000000000000000000000000000000000000000000000000000000000000000000000000000000000000000000000000
310
00000000000000000000000000000000000000000000000000000000000000000000000000000000000000000000000000000000000000001E00000000000000000000000000000000000000000000000000000000000000000000000000000000000000000000000000000000000000000000000000000000000000000000
310
0000000000000000000000000000001E000000000000000000000000000000000000000000001E00000000000000000000000000000000000000000000000000000000000000000000000000000000000000000000000000000000000000000000000000000000000000000000000000000000000000000000000000000000
310
000000000000000000000000000000000000000000000000000000000000000000000000000000000000001E000000000000000000000000000000000000000000001E000000000000000000000000000000000000000000000000000000000000000000000000000000000000000000000000000000000000000000000000
310
000000000000000000000000000000000000000000000000001E0000000000000000000000000000000000000000000000000000000000000000000000000000000000000000000000000000000000000000000000000000000000000000000000000000000000000000000000000000000000000000000000000000000000
310
00000000000000000000000000000000000000000000000000000000000000000000000000000000000000000000000000000000000000000000001E00000000000000000000000000001E1E1E0000000000000000000000000000000000000000000000000000000000000000000000000000000000000000000000000000
310
00000000000000000000000000000000000000001E00000000000000000000000000000000000000001E00000000000000000000000000000000000000000000000000000000000000000000000000000000000000000000000000000000000000000000000000000000000000000000000000000000000000000000000000
310
0000000000000000000000000000000000000000000000000000000000000000000000000000000000000000000000001E00000000000000000000000000000000000000001E000000000000000000000000000000000000000000000000000000000000000000000000000000000000000000000000000000000000000000
310
000000000000000000000000001E1E1E00000000000000000000000000001E000000000000000000000000000000000000000000000000000000000000000000000000000000000000000000000000000000000000000000000000000000000000000000000000000000000000000000000000000000000000000000000000
310
000000000000000000000000000000000000000000000000000000000000000000000000000000000000000000000000000000000000000000000000001E1E000000000000000000000000001E1E0000001E1E0000000000000000000000000000000000000000000000000000000000000000000000000000000000000000
310
000000000000000000000000000000000000000000000000001E0000000000000000000000000000000000001E00000000000000000000000000000000000000000000000000000000000000000000000000000000000000000000000000000000000000000000000000000000000000000000000000000000000000000000
310
00000000000000000000000000000000000000000000000000000000000000000000000000000000000000000000000000000000001E0000000000000000000000000000000000001E000000000000000000000000000000000000000000000000000000000000000000000000000000000000000000000000000000000000
310
0000000000000000000000000000001E1E0000001E1E000000000000000000000000001E1E000000000000000000000000000000000000000000000000000000000000000000000000000000000000000000000000000000000000000000000000000000000000000000000000000000000000000000000000000000000000
310
000000000000000000000000000000000000000000000000000000000000000000000000000000000000000000000000000000000000000000000000000000001E0000000000000000000000000000001E00000000001E0000000000000000001E1E1E00000000000000000000000000000000000000000000000000000000
310
0000000000000000000000000000000000000000000000000000000000001E000000000000000000000000000000001E00000000000000000000000000000000000000000000000000000000000000000000000000000000000000000000000000000000000000000000000000000000000000000000000000000000000000
310
000000000000000000000000000000000000000000000000000000000000000000000000000000000000000000000000000000000000000000001E000000000000000000000000000000001E000000000000000000000000000000000000000000000000000000000000000000000000000000000000000000000000000000
310
000000000000001E1E1E0000000000000000001E00000000001E0000000000000000000000000000001E00000000000000000000000000000000000000000000000000000000000000000000000000000000000000000000000000000000000000000000000000000000000000000000000000000000000000000000000000
310
000000000000000000000000000000000000000000000000000000000000000000000000000000000000000000000000000000000000000000000000000000000000001E0000000000001E00000000000000001E000000000000001E000000000000001E00001E000000000000000000000000000000000000000000000000
310
00000000000000000000000000000000000000000000000000000000000000000000001E1E00000000000000000000001E1E1E00000000000000000000000000000000000000000000000000000000000000000000000000000000000000000000000000000000000000000000000000000000000000000000000000000000
310
0000000000000000000000000000000000000000000000000000000000000000000000000000000000000000000000000000000000000000000000000000001E1E0000000000000000000000001E1E000000000000000000000000000000000000000000000000000000000000000000000000000000000000000000000000
310
00000000000000000000001E00001E000000000000001E000000000000001E00000000000000001E0000000000001E0000000000000000000000000000000000000000000000000000000000000000000000000000000000000000000000000000000000000000000000000000000000000000000000000000000000000000
310
000000000000000000000000000000000000000000000000000000000000000000000000000000000000000000000000000000000000000000000000000000000000000000001E0000000000001E001E000000000000001E000000000000001E00000000000000001E001E0000000000000000000000000000000000000000
310
00000000000000000000000000000000000000000000000000000000000000000000000000000000001E1E1E1E0000001E1E1E1E000000000000000000000000000000000000000000000000000000000000000000000000000000000000000000000000000000000000000000000000000000000000000000000000000000
310
0000000000000000000000000000000000000000000000000000000000000000000000000000000000000000000000000000000000000000000000000000000000000000001E1E1E1E000000001E1E1E1E00000000000000000000000000000000000000000000000000000000000000000000000000000000000000000000
310
0000000000000000000000000000001E00001E000000000000001E000000000000001E000000000000001E001E0000000000001E000000000000000000000000000000000000000000000000000000000000000000000000000000000000000000000000000000000000000000000000000000000000000000000000000000
310
000000000000000000000000000000000000000000000000000000000000000000000000000000000000000000000000000000000000000000000000000000000000000000000000001E0000000000001E00001E00000000000000001E0000000000001E00000000000000001E1E1E00000000000000000000000000000000
310
000000000000000000000000000000000000000000000000000000000000000000000000000000000000000000000000001E1E1E000000000000000000000000000000000000000000000000000000000000000000000000000000000000000000000000000000000000000000000000000000000000000000000000000000
310
00000000000000000000000000000000000000000000000000000000000000000000000000000000000000000000000000000000000000000000000000000000000000000000000000000000001E1E1E1E00000000000000000000000000000000000000000000000000000000000000000000000000000000000000000000
310
000000000000000000000000000000000000001E1E1E0000000000000000001E0000000000001E000000000000001E00001E0000000000001E00000000000000000000000000000000000000000000000000000000000000000000000000000000000000000000000000000000000000000000000000000000000000000000
310
000000000000000000000000000000000000000000000000000000000000000000000000000000000000000000000000000000000000000000000000000000000000000000000000000000001E00000000000000001E1E1E00000000000000001E1E0000001E1E000000000000000000000000000000000000000000000000
310
00000000000000000000000000000000000000000000000000000000000000000000000000000000000000000000000000000000000000000000000000000000000000000000000000000000000000000000000000000000000000000000000000000000000000000000000000000000000000001E1E1E1E00000000000000
310
0000000000000000000000000000000000001E1E1E1E000000000000000000000000000000000000000000000000000000000000000000000000000000000000000000000000000000000000000000000000000000000000000000000000000000000000000000000000000000000000000000000000000000000000000000
310
00000000000000000000000000000000000000000000000000000000000000000000001E1E0000001E1E00000000000000001E1E1E00000000000000001E0000000000000000000000000000000000000000000000000000000000000000000000000000000000000000000000000000000000000000000000000000000000
310
000000000000000000000000000000000000000000000000000000000000000000000000000000000000000000000000000000000000000000000000000000000000000000000000000000000000001E000000000000000000000000000000000000000000001E1E1E00000000000000000000000000000000000000000000
310
0000000000000000000000000000000000000000000000000000000000000000000000000000000000000000000000000000000000000000000000000000000000000000000000000000000000000000000000000000000000000000000000000000000000000000000000000000000000000000000000001E00001E000000
310
000000000000000000000000000000000000000000001E00001E0000000000000000000000000000000000000000000000000000000000000000000000000000000000000000000000000000000000000000000000000000000000000000000000000000000000000000000000000000000000000000000000000000000000
310
00000000000000000000000000000000000000000000000000000000000000000000000000000000001E1E1E000000000000000000000000000000000000000000001E000000000000000000000000000000000000000000000000000000000000000000000000000000000000000000000000000000000000000000000000
310
000000000000000000000000000000000000000000000000000000000000000000000000000000000000000000000000000000000000000000000000000000000000000000000000000000000000000000001E0000000000000000000000000000000000000000000000000000000000000000000000000000000000000000
310
000000000000000000000000000000000000000000000000000000000000000000000000000000000000000000000000000000000000000000000000000000000000000000000000000000000000000000000000000000000000000000000000000000000000000000000000000000000000000000000000000000001E0000
310
1E000000000000000000000000000000000000000000000000001E001E1E00000000000000000000000000000000000000000000000000000000000000000000000000000000000000000000000000000000000000000000000000000000000000000000000000000000000000000000000000000000000000000000000000
310
00000000000000000000000000000000000000000000000000000000000000000000000000000000000000000000000000000000000000000000000000000000000000000000001E00000000000000000000000000000000000000000000000000000000000000000000000000000000000000000000000000000000000000
310
000000000000000000000000000000000000000000000000000000000000000000000000000000000000000000000000000000000000000000000000000000000000000000000000000000000000000000000000001E0000000000000000000000000000000000000000000000000000000000000000000000000000000000
310
00000000000000000000000000000000000000000000000000000000000000000000000000000000000000000000000000000000000000000000000000000000000000000000000000000000000000000000000000000000000000000000000000000000000000000000000000000000000000000000000000000000000000
310
00001E1E0000000000000000000000000000000000000000000000000000001E0000000000000000000000000000000000000000000000000000000000000000000000000000000000000000000000000000000000000000000000000000000000000000000000000000000000000000000000000000000000000000000000
310
0000000000000000000000000000000000000000000000000000000000000000000000000000000000000000000000000000000000000000000000000000000000000000000000000000001E000000000000000000000000000000000000000000000000000000000000000000000000000000000000000000000000000000
310
00000000000000000000000000000000000000000000000000000000000000000000000000000000000000000000000000000000000000000000000000000000000000000000000000000000000000000000000000000000001E00000000000000000000000000000000000000000000000000000000000000000000000000
310
00000000000000000000000000000000000000000000000000000000000000000000000000000000000000000000000000000000000000000000000000000000000000000000000000000000000000000000000000000000000000000000000000000000000000000000000000000000000000000000000000000000000000
310
00000000000000000000000000000000000000000000000000000000000000000000000000000000000000000000000000000000000000000000000000000000000000000000000000000000000000000000000000000000000000000000000000000000000000000000000000000000000000000000000000000000000000
310
00000000000000000000000000000000000000000000000000000000000000000000000000000000000000000000000000000000000000000000000000000000000000000000000000000000000000001E00000000000000000000000000000000000000000000000000000000000000000000000000000000000000000000
310
00000000000000000000000000000000000000000000000000000000000000000000000000000000000000000000000000000000000000000000000000000000000000000000000000000000000000000000000000000000000000001E00000000000000000000000000000000000000000000000000000000000000000000
310
00000000000000000000000000000000000000000000000000000000000000000000000000000000000000000000000000000000000000000000000000000000000000000000000000000000000000000000000000000000000000000000000000000000000000000000000000000000000000000000000000000000000000
310
00000000000000000000000000000000000000000000000000000000000000000000000000000000000000000000000000000000000000000000000000000000000000000000000000000000000000000000000000000000000000000000000000000000000000000000000000000000000000000000000000000000000000
310
000000000000000000000000000000000000000000000000000000000000000000000000000000000000000000000000000000000000000000000000000000000000000000000000000000000000000000000000001E0000000000000000000000000000000000000000000000000000000000000000000000000000000000
310
00000000000000000000000000000000000000000000000000000000000000000000000000000000000000000000000000000000000000000000000000000000000000000000000000000000000000000000000000000000000000000000001E00000000000000000000000000000000000000000000000000000000000000
310
00000000000000000000000000000000000000000000000000000000000000000000000000000000000000000000000000000000000000000000000000000000000000000000000000000000000000000000000000000000000000000000000000000000000000000000000000000000000000000000000000000000000000
310
000000000000000000000000000000000000000000000000000000000000000000000000000000001E1E1E1E0000000000000000000000000000000000000000000000000000000000000000000000000000000000000000000000000000000000000000000000000000000000000000000000000000000000000000000000
310
0000000000000000000000000000000000000000000000000000000000000000000000000000000000000000000000000000000000000000000000000000000000000000000000000000000000000000000000000000000000001E000000000000000000000000000000000000000000000000000000000000000000000000
310
00000000000000000000000000000000000000000000000000000000000000000000000000000000000000000000000000000000000000000000000000000000000000000000000000000000000000000000000000000000000000000000000000001E00000000000000000000000000000000000000000000000000000000
310
00000000000000000000000000000000000000000000000000000000000000000000000000000000000000000000000000000000000000000000000000000000000000000000000000000000000000000000000000000000000000000000000000000000000000000000000000000000000000000000000000000000000000
310
00000000000000000000000000000000000000000000000000000000000000000000000000000000000000001E00001E00000000000000000000000000000000000000000000000000000000000000000000000000000000000000000000000000000000000000000000000000000000000000000000000000000000000000
310
00000000000000000000000000000000000000000000000000000000000000000000000000000000000000000000000000000000000000000000000000000000000000000000000000000000000000000000000000000000000000000000001E00000000000000000000000000000000000000000000000000000000000000
310
00000000000000000000000000000000000000000000000000000000000000000000000000000000000000000000000000000000000000000000000000000000000000000000000000000000000000000000000000000000000000000000000000000000001E00000000000000000000000000001E1E1E0000000000000000
310
00000000000000000000000000000000000000000000000000000000000000000000000000000000000000000000000000000000000000000000000000000000000000000000000000000000000000000000000000000000000000000000000000000000000000000000000000000000000000000000000000000000000000
310
0000000000000000000000000000000000000000000000000000000000000000000000000000000000000000000000001E1E1E1E000000000000000000000000000000000000000000000000000000000000000000000000000000000000000000000000000000000000000000000000000000000000000000000000000000
310
0000000000000000000000000000000000000000000000000000000000000000000000000000000000000000000000000000000000000000000000000000000000000000000000000000000000000000000000001E1E00000000000000000000000000001E0000000000000000000000000000000000000000000000000000
310
00000000000000000000000000000000000000000000000000000000000000000000000000000000000000000000000000000000000000000000000000000000000000000000000000000000000000000000000000000000000000000000000000000000000000001E000000000000000000000000001E1E0000001E000000
310
000000000000001E0000000000000000000000000000000000000000000000000000000000000000000000000000000000000000000000000000000000000000000000000000000000000000000000000000000000000000000000000000000000000000000000000000000000000000000000000000000000000000000000
310
00000000000000000000000000000000000000000000000000000000000000000000000000000000000000000000000000000000000000000000000000000000000000000000000000000000000000000000000000000000000000000000000000000000000000000000000000000000000000000000000000000000000000
310
0000000000000000000000000000000000000000000000000000000000000000000000000000000000000000000000000000000000000000000000000000000000000000000000000000001E000000000000000000001E1E00001E1E0000000000000000000000001E00000000000000000000000000000000000000000000
310
0000000000000000000000000000000000000000000000000000000000000000000000000000000000000000000000000000000000000000000000000000000000000000000000000000000000000000000000000000000000000000000000000000000000000000000000001E000000000000000000000000001E00000000
310
1E0000000000000000001E001E000000000000000000000000000000000000000000000000000000000000000000000000000000000000000000000000000000000000000000000000000000000000000000000000000000000000000000000000000000000000000000000000000000000000000000000000000000000000
310
00000000000000000000000000000000000000000000000000000000000000000000000000000000000000000000000000000000000000000000000000000000000000000000000000000000000000000000000000000000000000000000000000000000000000000000000000000000000000000000000000000000000000
310
0000000000000000000000000000000000000000000000000000000000000000000000000000000000000000000000000000000000000000000000000000000000000000000000000000000000001E001E0000000000000000001E000000001E000000000000000000000000001E0000000000000000000000000000000000
310
0000000000000000000000000000000000000000000000000000000000000000000000000000000000000000000000000000000000000000000000000000000000000000000000000000000000000000000000000000000000000000000000000000000000000000000000000000001E000000000000000000000000001E00
310
00000000001E000000000000001E00001E0000000000000000000000000000000000000000000000000000000000000000000000000000000000000000000000000000000000000000000000000000000000000000000000000000000000000000000000000000000000000000000000000000000000000000000000000000
310
00000000000000000000000000000000000000000000000000000000000000000000000000000000000000000000000000000000000000000000000000000000000000000000000000000000000000000000000000000000000000000000000000000000000000000000000000000000000000000000000000000000000000
310
000000000000000000000000000000000000000000000000000000000000000000000000000000000000000000000000000000000000000000000000000000000000000000000000000000000000000000001E00001E000000000000001E0000000000001E000000000000000000000000001E000000000000000000000000
310
0000000000000000000000000000000000000000000000000000000000000000000000000000000000000000000000000000000000000000000000000000000000000000000000000000000000000000000000000000000000000000000000000000000000000000000000000000000000001E000000000000000000000000
310
00001E0000000000001E00000000000000001E1E1E00000000000000000000000000000000000000000000000000000000000000000000000000000000000000000000000000000000000000000000000000000000000000000000000000000000000000000000000000000000000000000000000000000000000000000000
310
00000000000000000000000000000000000000000000000000000000000000000000000000000000000000000000000000000000000000000000000000000000000000000000000000000000000000000000000000000000000000000000000000000000000000000000000000000000000000000000000000000000000000
310
00000000000000000000000000000000000000000000000000000000000000000000000000000000000000000000000000000000000000000000000000000000000000000000000000000000000000000000000000001E1E1E00000000000000001E0000000000001E00000000000000000000000000001E00000000000000
310
0000000000000000000000000000000000000000000000000000000000000000000000000000000000000000000000000000000000000000000000000000000000000000000000000000000000000000000000000000000000000000000000000000000000000000000000000000000000000000001E000000001E1E1E0000
310
0000000000001E0000000000001E0000000000000000000000000000000000000000000000000000000000000000000000000000000000000000000000000000000000000000000000000000000000000000000000000000000000000000000000000000000000000000000000000000000000000000000000000000000000
310
00000000000000000000000000000000000000000000000000000000000000000000000000000000000000000000000000000000000000000000000000000000000000000000000000000000000000000000000000000000000000000000000000000000000000000000000000000000000000000000000000000000000000
310
00000000000000000000000000000000000000000000000000000000000000000000000000000000000000000000000000000000000000000000000000000000000000000000000000000000000000000000000000000000000000000000000000000000001E0000000000001E00000000000000001E1E1E000000001E0000
310
0000000000000000000000000000000000000000000000000000000000000000000000000000000000000000000000000000000000000000000000000000000000000000000000000000000000000000000000000000000000000000000000000000000000000000000000000000000000000000000000001E00000000001E
310
00001E00000000000000001E000000001E0000000000000000000000000000000000000000000000000000000000000000000000000000000000000000000000000000000000000000000000000000000000000000000000000000000000000000000000000000000000000000000000000000000000000000000000000000
310
00000000000000000000000000000000000000000000000000000000000000000000000000000000000000000000000000000000000000000000000000000000000000000000000000000000000000000000000000000000000000000000000000000000000000000000000000000000000000000000000000000000000000
310
000000000000000000000000000000000000000000000000000000000000000000000000000000000000000000000000000000000000000000000000000000000000000000000000000000000000000000000000000000000000000000000000000000000000000000001E000000001E00000000000000001E00001E000000
310
00001E0000000000000000000000000000000000000000000000000000000000000000000000000000000000000000000000000000000000000000000000000000000000000000000000000000000000000000000000000000000000000000000000000000000000000000000000000000000000000000000000001E000000
310
0000001E001E0000000000000000001E1E00001E1E00000000000000000000000000000000000000000000000000000000000000000000000000000000000000000000000000000000000000000000000000000000000000000000000000000000000000000000000000000000000000000000000000000000000000000000
310
00000000000000000000000000000000000000000000000000000000000000000000000000000000000000000000000000000000000000000000000000000000000000000000000000000000000000000000000000000000000000000000000000000000000000000000000000000000000000000000000000000000000000
310
00000000000000000000000000000000000000000000000000000000000000000000000000000000000000000000000000000000000000000000000000000000000000000000000000000000000000000000000000000000000000000000000000000000000000000000000000001E0000001E1E0000000000000000001E00
310
1E00000000001E000000000000000000000000000000000000000000000000000000000000000000000000000000000000000000000000000000000000000000000000000000000000000000000000000000000000000000000000000000000000000000000000000000000000000000000000000000000000000000000000
310
1E000000000000001E0000000000000000000000001E1E0000000000000000000000000000000000000000000000000000000000000000000000000000000000000000000000000000000000000000000000000000000000000000000000000000000000000000000000000000000000000000000000000000000000000000
310
00000000000000000000000000000000000000000000000000000000000000000000000000000000000000000000000000000000000000000000000000000000000000000000000000000000000000000000000000000000000000000000000000000000000000000000000000000000000000000000000000000000000000
310
000000000000000000000000000000000000000000000000000000000000000000000000000000000000000000000000000000000000000000000000000000000000000000000000000000000000000000000000000000000000000000000000000000000000000000000000000000000000001E1E1E000000000000000000
310
0000001E000000000000001E00000000000000000000000000000000000000000000000000000000000000000000000000000000000000000000000000000000000000000000000000000000000000000000000000000000000000000000000000000000000000000000000000000000000000000000000000000000000000
310
0000001E000000000000000000000000000000000000000000000000000000000000000000000000000000000000000000000000000000000000000000000000000000000000000000000000000000000000000000000000000000000000000000000000000000000000000000000000000000000000000000000000000000
310
00000000000000000000000000000000000000000000000000000000000000000000000000000000000000000000000000000000000000000000000000000000000000000000000000000000000000000000000000000000000000000000000000000000000000000000000000000000000000000000000000000000000000
310
00000000000000000000000000000000000000000000000000000000000000000000000000000000000000000000000000000000000000000000000000000000000000000000000000000000000000000000000000000000000000000000000000000000000000000000000000000000000000000000000000000000000000
310
000000000000000000000000000000001E0000000000000000000000000000000000000000000000000000000000000000000000000000000000000000000000000000000000000000000000000000000000000000000000000000000000000000000000000000000000000000000000000000000000000000000000000000
310
0000000000001E000000000000000000000000000000000000000000000000000000000000000000000000000000000000000000000000000000000000000000000000000000000000000000000000000000000000000000000000000000000000000000000000000000000000000000000000000000000000000000000000
310
00000000000000000000000000000000000000000000000000000000000000000000000000000000000000000000000000000000000000000000000000000000000000000000000000000000000000000000000000000000000000000000000000000000000000000000000000000000000000000000000000000000000000
310
00000000000000000000000000000000000000000000000000000000000000000000000000000000000000000000000000000000000000000000000000000000000000000000000000000000000000000000000000000000000000000000000000000000000000000000000000000000000000000000000000000000000000
310
0000000000000000000000000000000000000000001E000000000000000000000000000000000000000000000000000000000000000000000000000000000000000000000000000000000000000000000000000000000000000000000000000000000000000000000000000000000000000000000000000000000000000000
310
0000000000000000001E000000000000000000000000000000000000000000000000000000000000000000000000000000000000000000000000000000000000000000000000000000000000000000000000000000000000000000000000000000000000000000000000000000000000000000000000000000000000000000
310
00000000000000000000000000000000000000000000000000000000000000000000000000000000000000000000000000000000000000000000000000000000000000000000000000000000000000000000000000000000000000000000000000000000000000000000000000000000000000000000000000000000000000
310
00000000000000000000000000000000000000000000000000000000000000000000000000000000000000000000000000000000000000000000000000000000000000000000000000000000000000000000000000000000000000000000000000000000000000000000000000000000000000000000000000000000000000
310
00000000000000000000000000000000000000000000000000001E00000000000000000000000000000000000000000000000000000000000000000000000000000000000000000000000000000000000000000000000000000000000000000000000000000000000000000000000000000000000000000000000000000000
310
0000000000000000000000001E000000000000000000000000000000000000000000000000000000000000000000000000000000000000000000000000000000000000000000000000000000000000000000000000000000000000000000000000000000000000000000000000000000000000000000000000000000000000
310
00000000000000000000000000000000000000000000000000000000000000000000000000000000000000000000000000000000000000000000000000000000000000000000000000000000000000000000000000000000000000000000000000000000000000000000000000000000000000000000000000000000000000
310
00000000000000000000000000000000000000000000000000000000000000000000000000000000000000000000000000000000000000000000000000000000000000000000000000000000000000000000000000000000000000000000000000000000000000000000000000000000000000000000000000000000000000
310
000000000000000000000000000000000000000000000000000000000000001E0000000000000000000000000000000000000000000000000000000000000000000000000000000000000000000000000000000000000000000000000000000000000000000000000000000000000000000000000000000000000000000000
310
0000000000000000000000000000001E000000000000000000000000000000000000000000000000000000000000000000000000000000000000000000000000000000000000000000000000000000000000000000000000000000000000000000000000000000000000000000000000000000000000000000000000000000
310
00000000000000000000000000000000000000000000000000000000000000000000000000000000000000000000000000000000000000000000000000000000000000000000000000000000000000000000000000000000000000000000000000000000000000000000000000000000000000000000000000000000000000
310
00000000000000000000000000000000000000000000000000000000000000000000000000000000000000000000000000000000000000000000000000000000000000000000000000000000000000000000000000000000000000000000000000000000000000000000000000000000000000000000000000000000000000
310
00000000000000000000000000000000000000000000000000000000000000000000001E00000000000000000000000000000000000000000000000000000000000000000000000000000000000000000000000000000000000000000000000000000000000000000000000000000000000000000000000000000000000000
310
000000000000000000000000000000000000001E0000000000000000000000000000000000000000000000000000000000000000000000000000000000000000000000000000000000000000000000000000000000000000000000000000000000000000000000000000000000000000000000000000000000000000000000
310
00000000000000000000000000000000000000000000000000000000000000000000000000000000000000000000000000000000000000000000000000000000000000000000000000000000000000000000000000000000000000000000000000000000000000000000000000000000000000000000000000000000000000
310
00000000000000000000000000000000000000000000000000000000000000000000000000000000000000000000000000000000000000000000000000000000000000000000000000000000000000000000000000000000000000000000000000000000000000000000000000000000000000000000000000000000000000
310
000000000000000000000000000000000000000000000000000000000000000000000000000000001E0000000000000000000000000000000000000000000000000000000000000000000000000000000000000000000000000000000000000000000000000000000000000000000000000000000000000000000000000000
310
000000000000000000000000000000000000000000001E0000000000000000000000000000000000000000000000000000000000000000000000000000000000000000000000000000000000000000000000000000000000000000000000000000000000000000000000000000000000000000000000000000000000000000
310
00000000000000000000000000000000000000000000000000000000000000000000000000000000000000000000000000000000000000000000000000000000000000000000000000000000000000000000000000000000000000000000000000000000000000000000000000000000000000000000000000000000000000
310
0000000000000000000000000000000000000000000000000000000000000000000000000000001E1E1E1E000000000000000000000000000000000000000000000000000000000000000000000000000000000000000000000000000000000000000000000000000000000000000000000000000000000000000000000000
310
0000000000000000000000000000000000000000000000000000000000000000000000000000000000000000001E000000000000000000000000000000000000000000000000000000000000000000000000000000000000000000000000000000000000000000000000000000000000000000000000000000000000000000
310
000000000000000000000000000000000000000000000000001E00000000000000000000000000001E1E00000000000000000000001E1E000000000000000000000000000000000000000000000000000000000000000000000000000000000000000000000000000000000000000000000000000000000000000000000000
310
00000000000000000000000000000000000000000000000000000000000000000000000000000000000000000000000000000000000000000000000000000000000000000000000000000000000000000000000000000000000000000000000000000000000000000000000000000000000000000000000000000000000000
310
000000000000000000000000000000000000000000000000000000000000000000000000000000000000001E00001E0000000000000000000000000000000000000000000000000000000000000000000000000000000000000000000000000000000000000000000000000000000000000000000000000000000000000000
310
000000000000000000000000000000000000000000001E00000000000000000000001E1E1E000000000000000000000000001E00000000000000000000000000000000000000000000000000000000000000000000000000000000000000000000000000000000000000000000000000000000000000000000000000000000
310
000000000000000000000000000000000000000000000000000000001E000000000000000000000000001E1E00001E1E00000000000000001E00001E00000000000000000000000000000000000000000000000000000000000000000000000000000000000000000000000000000000000000000000000000000000000000
310
00000000000000000000000000000000000000000000000000000000000000000000000000000000000000000000000000000000000000000000000000000000000000000000000000000000000000000000000000000000000000000000000000000000000000000000000000000000000000000000000000000000000000
310
00000000000000000000000000000000000000000000000000000000000000000000000000000000000000000000001E00001E00000000000000000000000000000000000000000000000000000000000000000000000000000000000000000000000000000000000000000000000000000000000000000000000000000000
310
0000000000000000000000000000000000000000000000001E1E001E00000000000000001E1E0000001E000000000000000000000000001E0000000000000000000000000000000000000000000000000000000000000000000000000000000000000000000000000000000000000000000000000000000000000000000000
310
00000000000000000000000000000000000000000000000000000000000000001E000000000000000000000000001E000000001E00000000000000001E00001E000000000000000000000000000000000000000000000000000000000000000000000000000000000000000000000000000000000000000000000000000000
310
00000000000000000000000000000000000000000000000000000000000000000000000000000000000000000000000000000000000000000000000000000000000000000000000000000000000000000000000000000000000000000000000000000000000000000000000000000000000000000000000000000000000000
310
000000000000000000000000000000000000000000000000000000000000000000000000000000000000000000000000000000001E1E00000000000000000000000000000000000000000000000000000000000000000000000000000000000000000000000000000000000000000000000000000000000000000000000000
310
000000000000000000000000000000000000000000000000000000001E00001E00000000000000001E000000001E000000000000000000000000001E00000000000000000000000000000000000000000000000000000000000000000000000000000000000000000000000000000000000000000000000000000000000000
310
00000000000000000000000000000000000000000000000000000000000000000000001E000000000000000000000000001E0000000000001E000000000000001E1E1E1E0000000000000000000000000000000000000000000000000000000000000000000000000000000000000000000000000000000000000000000000
310
00000000000000000000000000000000000000000000000000000000000000000000000000000000000000000000000000000000000000000000000000000000000000000000000000000000000000000000000000000000000000000000000000000000000000000000000000000000000000000000000000000000000000
310
00000000000000000000000000000000000000000000000000000000000000000000000000000000000000000000000000000000000000000000000000000000000000000000000000000000000000000000000000000000000000000000000000000000000000000000000000000000000000000000000000000000000000
310
00000000000000000000000000000000000000000000000000000000000000001E1E1E1E000000000000001E0000000000001E000000000000000000000000001E0000000000000000000000000000000000000000000000000000000000000000000000000000000000000000000000000000000000000000000000000000
310
00000000000000000000000000000000000000000000000000000000000000000000000000001E00000000000000000000000000001E0000000000001E000000000000000000000000000000000000000000000000000000000000000000000000000000000000000000000000000000000000000000000000000000000000
310
00000000000000000000000000000000000000000000000000000000000000000000000000000000000000000000000000000000000000000000000000000000000000000000000000000000000000000000000000000000000000000000000000000000000000000000000000000000000000000000000000000000000000
310
00000000000000000000000000000000000000000000000000000000000000000000000000000000000000000000000000000000000000000000000000000000000000000000000000000000000000000000000000000000000000000000000000000000000000000000000000000000000000000000000000000000000000
310
00000000000000000000000000000000000000000000000000000000000000000000000000000000000000000000001E0000000000001E00000000000000000000000000001E000000000000000000000000000000000000000000000000000000000000000000000000000000000000000000000000000000000000000000
310
0000000000000000000000000000000000000000000000000000000000000000000000000000000000001E00000000000000000000000000001E0000000000001E0000000000000000000000000000000000000000000000000000000000000000000000000000000000000000000000000000000000000000000000000000
310
00000000000000000000000000000000000000000000000000000000000000000000000000000000000000000000000000000000000000000000000000000000000000000000000000000000000000000000000000000000000000000000000000000000000000000000000000000000000000000000000000000000000000
310
00000000000000000000000000000000000000000000000000000000000000000000000000000000000000000000000000000000000000000000000000000000000000000000000000000000000000000000000000000000000000000000000000000000000000000000000000000000000000000000000000000000000000
310
0000000000000000000000000000000000000000000000000000000000000000000000000000000000000000000000000000001E0000000000001E00000000000000000000000000001E0000000000000000000000000000000000000000000000000000000000000000000000000000000000000000000000000000000000
310
0000000000000000000000000000000000000000000000000000000000000000000000000000000000000000001E000000001E1E1E0000000000000000001E000000001E0000000000000000000000000000000000000000000000000000000000000000000000000000000000000000000000000000000000000000000000
310
00000000000000000000000000000000000000000000000000000000000000000000000000000000000000000000000000000000000000000000000000000000000000000000000000000000000000000000000000000000000000000000000000000000000000000000000000000000000000000000000000000000000000
310
00000000000000000000000000000000000000000000000000000000000000000000000000000000000000000000000000000000000000000000000000000000000000000000000000000000000000000000000000000000000000000000000000000000000000000000000000000000000000000000000000000000000000
310
00000000000000000000000000000000000000000000000000000000000000000000000000000000000000000000000000000000000000001E000000001E0000000000000000001E1E1E000000001E000000000000000000000000000000000000000000000000000000000000000000000000000000000000000000000000
310
000000000000000000000000000000000000000000000000000000000000000000000000000000000000000000000000001E000000001E00001E00000000000000001E0000001E1E00000000000000000000000000000000000000000000000000000000000000000000000000000000000000000000000000000000000000
310
00000000000000000000000000000000000000000000000000000000000000000000000000000000000000000000000000000000000000000000000000000000000000000000000000000000000000000000000000000000000000000000000000000000000000000000000000000000000000000000000000000000000000
310
00000000000000000000000000000000000000000000000000000000000000000000000000000000000000000000000000000000000000000000000000000000000000000000000000000000000000000000000000000000000000000000000000000000000000000000000000000000000000000000000000000000000000
310
0000000000000000000000000000000000000000000000000000000000000000000000000000000000000000000000000000000000000000000000001E1E00001E1E00000000000000001E00001E000000001E0000000000000000000000000000000000000000000000000000000000000000000000000000000000000000
310
000000000000000000000000000000000000000000000000000000000000000000000000000000000000000000000000000000001E00000000001E001E000000000000000000001E1E1E0000000000000000000000000000000000000000000000000000000000000000000000000000000000000000000000000000000000
310
00000000000000000000000000000000000000000000000000000000000000000000000000000000000000000000000000000000000000000000000000000000000000000000000000000000000000000000000000000000000000000000000000000000000000000000000000000000000000000000000000000000000000
310
00000000000000000000000000000000000000000000000000000000000000000000000000000000000000000000000000000000000000000000000000000000000000000000000000000000000000000000000000000000000000000000000000000000000000000000000000000000000000000000000000000000000000
310
0000000000000000000000000000000000000000000000000000000000000000000000000000000000000000000000000000000000000000000000000000000000001E1E00000000000000000000001E001E00000000001E000000000000000000000000000000000000000000000000000000000000000000000000000000
310
000000000000000000000000000000000000000000000000000000000000000000000000000000000000000000000000000000000000001E000000000000001E000000000000000000000000000000000000000000000000000000000000000000000000000000000000000000000000000000000000000000000000000000
310
00000000000000000000000000000000000000000000000000000000000000000000000000000000000000000000000000000000000000000000000000000000000000000000000000000000000000000000000000000000000000000000000000000000000000000000000000000000000000000000000000000000000000
310
00000000000000000000000000000000000000000000000000000000000000000000000000000000000000000000000000000000000000000000000000000000000000000000000000000000000000000000000000000000000000000000000000000000000000000000000000000000000000000000000000000000000000
310
0000000000000000000000000000000000000000000000000000000000000000000000000000000000000000000000000000000000000000000000000000000000000000000000000000000000000000000000001E000000000000001E00000000000000000000000000000000000000000000000000000000000000000000
310
00000000000000000000000000000000000000000000000000000000000000000000000000000000000000000000000000000000000000000000001E00000000000000000000000000000000000000000000000000000000000000000000000000000000000000000000000000000000000000000000000000000000000000
310
00000000000000000000000000000000000000000000000000000000000000000000000000000000000000000000000000000000000000000000000000000000000000000000000000000000000000000000000000000000000000000000000000000000000000000000000000000000000000000000000000000000000000
310
00000000000000000000000000000000000000000000000000000000000000000000000000000000000000000000000000000000000000000000000000000000000000000000000000000000000000000000000000000000000000000000000000000000000000000000000000000000000000000000000000000000000000
310
0000000000000000000000000000000000000000000000000000000000000000000000000000000000000000000000000000000000000000000000000000000000000000000000000000000000000000000000000000000000000000000000001E000000000000000000000000000000000000000000000000000000000000
310
00000000000000000000000000000000000000000000000000000000000000000000000000000000000000000000000000000000000000000000000000001E00000000000000000000000000000000000000000000000000000000000000000000000000000000000000000000000000000000000000000000000000000000
310
00000000000000000000000000000000000000000000000000000000000000000000000000000000000000000000000000000000000000000000000000000000000000000000000000000000000000000000000000000000000000000000000000000000000000000000000000000000000000000000000000000000000000
310
00000000000000000000000000000000000000000000000000000000000000000000000000000000000000000000000000000000000000000000000000000000000000000000000000000000000000000000000000000000000000000000000000000000000000000000000000000000000000000000000000000000000000
310
00000000000000000000000000000000000000000000000000000000000000000000000000000000000000000000000000000000000000000000000000000000000000000000000000000000000000000000000000000000000000000000000000000000001E00000000000000000000000000000000000000000000000000
310
00000000000000000000000000000000000000000000000000000000000000000000000000000000000000000000000000000000000000000000000000000000001E00000000000000000000000000000000000000000000000000000000000000000000000000000000000000000000000000000000000000000000000000
310
00000000000000000000000000000000000000000000000000000000000000000000000000000000000000000000000000000000000000000000000000000000000000000000000000000000000000000000000000000000000000000000000000000000000000000000000000000000000000000000000000000000000000
310
00000000000000000000000000000000000000000000000000000000000000000000000000000000000000000000000000000000000000000000000000000000000000000000000000000000000000000000000000000000000000000000000000000000000000000000000000000000000000000000000000000000000000
310
000000000000000000000000000000000000000000000000000000000000000000000000000000000000000000000000000000000000000000000000000000000000000000000000000000000000000000000000000000000000000000000000000000000000000000001E0000000000000000000000000000000000000000
310
0000000000000000000000000000000000000000000000000000000000000000000000000000000000000000000000000000000000000000000000000000000000000000001E000000000000000000000000000000000000000000000000000000000000000000000000000000000000000000000000000000000000000000
310
00000000000000000000000000000000000000000000000000000000000000000000000000000000000000000000000000000000000000000000000000000000000000000000000000000000000000000000000000000000000000000000000000000000000000000000000000000000000000000000000000000000000000
310
00000000000000000000000000000000000000000000000000000000000000000000000000000000000000000000000000000000000000000000000000000000000000000000000000000000000000000000000000000000000000000000000000000000000000000000000000000000000000000000000000000000000000
310
00000000000000000000000000000000000000000000000000000000000000000000000000000000000000000000000000000000000000000000000000000000000000000000000000000000000000000000000000000000000000000000000000000000000000000000000000001E00000000000000000000000000000000
310
0000000000000000000000000000000000000000000000000000000000000000000000000000000000000000000000000000000000000000000000000000000000000000000000001E000000000000000000000000000000000000000000000000000000000000000000000000000000000000000000000000000000000000
310
00000000000000000000000000000000000000000000000000000000000000000000000000000000000000000000000000000000000000000000000000000000000000000000000000000000000000000000000000000000000000000000000000000000000000000000000000000000000000000000000000000000000000
310
00000000000000000000000000000000000000000000000000000000000000000000000000000000000000000000000000000000000000000000000000000000000000000000000000000000000000000000000000000000000000000000000000000000000000000000000000000000000000000000000000000000000000
310
000000000000000000000000000000000000000000000000000000000000000000000000000000000000000000000000000000000000000000000000000000000000000000000000000000000000000000000000000000000000000000000000000000000000000000000000000000000000001E0000000000000000000000
310
000000000000000000000000000000000000000000000000000000000000000000000000000000000000000000000000000000000000000000000000000000000000000000000000000000001E0000000000000000000000000000000000000000000000000000000000000000000000000000000000000000000000000000
310
00000000000000000000000000000000000000000000000000000000000000000000000000000000000000000000000000000000000000000000000000000000000000000000000000000000000000000000000000000000000000000000000000000000000000000000000000000000000000000000000000000000000000
310
0000000000000000000000000000000000000000000000000000000000000000000000000000000000000000000000000000000000000000000000000000000000000000000000000000000000000000000000000000000000000000000000000000000000000000000000000000000000000000000000001E1E1E00000000
310
00000000000000000000000000000000000000000000000000000000000000000000000000000000000000000000000000000000000000000000000000000000000000000000000000000000000000000000000000000000000000000000000000000000000000000000000000000000000000000000001E00000000000000
310
000000000000000000000000000000000000000000000000000000000000000000000000000000000000000000000000000000000000000000000000000000000000000000000000000000000000001E0000000000000000000000000000000000000000000000001E1E1E0000000000000000000000000000000000000000
310
00000000000000000000000000000000000000000000000000000000000000000000000000000000000000000000000000000000000000000000000000000000000000000000000000000000000000000000000000000000000000000000000000000000000000000000000000000000000000000000000000000000000000
310
0000000000000000000000000000000000000000000000000000000000000000000000000000000000000000000000000000000000000000000000000000000000000000000000000000000000000000000000000000000000000000000000000000000000000000000000000000000000000000000000000000001E00001E
310
000000000000000000000000000000000000000000000000000000000000000000000000000000000000000000000000000000000000000000000000000000000000000000000000000000000000000000000000000000000000000000000000001E1E1E0000000000000000000000000000000000000000000000001E0000
310
000000000000000000000000000000000000000000000000000000000000000000000000000000000000000000000000000000000000000000000000000000000000000000000000000000000000000000001E000000000000000000000000001E1E1E0000000000000000001E00001E000000000000000000000000000000
310
00000000000000000000000000000000000000000000000000000000000000000000000000000000000000000000000000000000000000000000000000000000000000000000000000000000000000000000000000000000000000000000000000000000000000000000000000000000000000000000000000000000000000
310
00000000000000000000000000000000000000000000000000000000000000000000000000000000000000000000000000000000000000000000000000000000000000000000000000000000000000000000000000000000000000000000000000000000000000000000000000000000000000000000000000000000000000
310
001E001E0000000000000000000000000000000000000000000000000000000000000000000000000000000000000000000000000000000000000000000000000000000000000000000000000000000000000000000000000000000000000000000000001E00001E000000000000000000001E1E0000000000000000000000
310
00001E00000000000000000000000000000000000000000000000000000000000000000000000000000000000000000000000000000000000000000000000000000000000000000000000000000000000000000000001E00000000000000000000001E1E0000001E00000000000000001E001E000000000000000000000000
310
00000000000000000000000000000000000000000000000000000000000000000000000000000000000000000000000000000000000000000000000000000000000000000000000000000000000000000000000000000000000000000000000000000000000000000000000000000000000000000000000000000000000000
310
00000000000000000000000000000000000000000000000000000000000000000000000000000000000000000000000000000000000000000000000000000000000000000000000000000000000000000000000000000000000000000000000000000000000000000000000000000000000000000000000000000000000000
310
0000000000001E00000000000000000000000000000000000000000000000000000000000000000000000000000000000000000000000000000000000000000000000000000000000000000000000000000000000000000000000000000000000000000000000000001E001E00000000000000001E1E00001E1E0000000000
310
0000000000001E000000000000000000000000000000000000000000000000000000000000000000000000000000000000000000000000000000000000000000000000000000000000000000000000000000000000000000001E0000000000000000000000001E000000001E0000000000000000001E000000000000000000
310
00000000000000000000000000000000000000000000000000000000000000000000000000000000000000000000000000000000000000000000000000000000000000000000000000000000000000000000000000000000000000000000000000000000000000000000000000000000000000000000000000000000000000
310
000000000000000000000000000000000000000000000000000000000000000000000000000000000000000000000000000000000000000000000000000000000000000000000000000000000000000000000000000000000000000000000000000000001E0000000000000000000000000000000000000000000000000000
310
00000000000000000000000000000000000000000000000000000000000000000000000000000000000000000000000000000000000000000000000000000000000000000000000000000000000000000000000000000000000000000000000000000000000000000000000000001E0000000000000000001E000000001E00
310
00000000000000000000001E00000000000000000000000000000000000000000000000000000000000000000000000000000000000000000000000000000000000000000000000000000000000000000000000000000000000000001E0000000000000000000000001E0000000000001E0000000000000000000000000000
310
00000000000000000000000000000000000000000000000000000000000000000000000000000000000000000000000000000000000000000000000000000000000000000000000000000000000000000000000000000000000000000000000000000000000000000000000000000000000000000000000000000000000000
310
000000000000000000000000000000000000000000000000000000000000000000000000000000000000000000000000000000000000000000000000000000000000000000000000000000000000000000000000000000000000000000000000000000000000001E001E000000000000000000000000000000000000000000
310
0000000000000000000000000000000000000000000000000000000000000000000000000000000000000000000000000000000000000000000000000000000000000000000000000000000000000000000000000000000000000000000000000000000000000000000000000000000000000000000000000000001E000000
310
0000001E0000000000000000000000001E000000000000000000000000000000000000000000000000000000000000000000000000000000000000000000000000000000000000000000000000000000000000000000000000000000000000001E0000000000000000000000001E0000000000001E00000000000000000000
310
00000000000000000000000000000000000000000000000000000000000000000000000000000000000000000000000000000000000000000000000000000000000000000000000000000000000000000000000000000000000000000000000000000000000000000000000000000000000000000000000000000000000000
310
00000000000000000000000000000000000000000000000000000000000000000000000000000000000000000000000000000000000000000000000000000000000000000000000000000000000000000000000000000000000000000000000000000000000000000000001E001E0000000000000000000000000000000000
310
00000000000000000000000000000000000000000000000000000000000000000000000000000000000000000000000000000000000000000000000000000000000000000000000000000000000000000000000000000000000000000000000000000000000000000000000000000000000000000000000000000000000000
310
1E0000000000001E0000000000000000000000001E0000000000000000000000000000000000000000000000000000000000000000000000000000000000000000000000000000000000000000000000000000000000000000000000000000000000001E000000000000000000000000001E0000000000001E000000000000
310
00000000000000000000000000000000000000000000000000000000000000000000000000000000000000000000000000000000000000000000000000000000000000000000000000000000000000000000000000000000000000000000000000000000000000000000000000000000000000000000000000000000000000
310
0000000000000000000000000000000000000000000000000000000000000000000000000000000000000000000000000000000000000000000000000000000000000000000000000000000000000000000000000000000000000000000000000000000000000000000000000000001E1E1E00000000000000000000000000
310
00000000000000000000000000000000000000000000000000000000000000000000000000000000000000000000000000000000000000000000000000000000000000000000000000000000000000000000000000000000000000000000000000000000000000000000000000000000000000000000000000000000000000
310
000000001E0000000000001E000000000000000000000000001E00000000000000000000000000000000000000000000000000000000000000000000000000000000000000000000000000000000000000000000000000000000000000000000000000000000001E00000000000000000000000000001E000000001E000000
310
00000000000000000000000000000000000000000000000000000000000000000000000000000000000000000000000000000000000000000000000000000000000000000000000000000000000000000000000000000000000000000000000000000000000000000000000000000000000000000000000000000000000000
310
00000000000000000000000000000000000000000000000000000000000000000000000000000000000000000000000000000000000000000000000000000000000000000000000000000000000000000000000000000000000000000000000000000000000000000000000000000000000000000000000000000000000000
310
00000000000000000000000000000000000000000000000000000000000000000000000000000000000000000000000000000000000000000000000000000000000000000000000000000000000000000000000000000000000000000000000000000000000000000000000000000000000000000000000000000000000000
310
0000000000000000001E000000001E00000000000000000000000000001E000000000000000000000000000000000000000000000000000000000000000000000000000000000000000000000000000000000000000000000000000000000000000000000000000000001E000000001E1E1E00000000000000001E1E00001E
310
1E000000000000000000000000000000000000000000000000000000000000000000000000000000000000000000000000000000000000000000000000000000000000000000000000000000000000000000000000000000000000000000000000000000000000000000000000000000000000000000000000000000000000
310
00000000000000000000000000000000000000000000000000000000000000000000000000000000000000000000000000000000000000000000000000000000000000000000000000000000000000000000000000000000000000000000000000000000000000000000000000000000000000000000000000000000000000
310
00000000000000000000000000000000000000000000000000000000000000000000000000000000000000000000000000000000000000000000000000000000000000000000000000000000000000000000000000000000000000000000000000000000000000000000000000000000000000000000000000000000000000
310
000000000000000000000000001E0000001E1E00000000000000001E1E1E000000001E00000000000000000000000000000000000000000000000000000000000000000000000000000000000000000000000000000000000000000000000000000000000000000000000000001E000000001E00001E000000000000000000
310
001E1E00000000000000000000000000000000000000000000000000000000000000000000000000000000000000000000000000000000000000000000000000000000000000000000000000000000000000000000000000000000000000000000000000000000000000000000000000000000000000000000000000000000
310
00000000000000000000000000000000000000000000000000000000000000000000000000000000000000000000000000000000000000000000000000000000000000000000000000000000000000000000000000000000000000000000000000000000000000000000000000000000000000000000000000000000000000
310
00000000000000000000000000000000000000000000000000000000000000000000000000000000000000000000000000000000000000000000000000000000000000000000000000000000000000000000000000000000000000000000000000000000000000000000000000000000000000000000000000000000000000
310
0000000000000000000000000000000000001E1E1E000000000000000000001E00001E000000001E000000000000000000000000000000000000000000000000000000000000000000000000000000000000000000000000000000000000000000000000000000000000000000000000001E00000000001E001E0000000000
310
00000000000000000000000000000000000000000000000000000000000000000000000000000000000000000000000000000000000000000000000000000000000000000000000000000000000000000000000000000000000000000000000000000000000000000000000000000000000000000000000000000000000000
310
00000000000000000000000000000000000000000000000000000000000000000000000000000000000000000000000000000000000000000000000000000000000000000000000000000000000000000000000000000000000000000000000000000000000000000000000000000000000000000000000000000000000000
310
00000000000000000000000000000000000000000000000000000000000000000000000000000000000000000000000000000000000000000000000000000000000000000000000000000000000000000000000000000000000000000000000000000000000000000000000000000000000000000000000000000000000000
310
00000000000000000000000000000000000000000000000000000000000000000000001E001E00000000001E0000000000000000000000000000000000000000000000000000000000000000000000000000000000000000000000000000000000000000000000000000000000000000000000001E000000000000001E0000
310
00000000000000000000000000000000000000000000000000000000000000000000000000000000000000000000000000000000000000000000000000000000000000000000000000000000000000000000000000000000000000000000000000000000000000000000000000000000000000000000000000000000000000
310
00000000000000000000000000000000000000000000000000000000000000000000000000000000000000000000000000000000000000000000000000000000000000000000000000000000000000000000000000000000000000000000000000000000000000000000000000000000000000000000000000000000000000
310
00000000000000000000000000000000000000000000000000000000000000000000000000000000000000000000000000000000000000000000000000000000000000000000000000000000000000000000000000000000000000000000000000000000000000000000000000000000000000000000000000000000000000
310
000000000000000000000000000000000000000000000000000000000000000000000000000000001E000000000000001E00000000000000000000000000000000000000000000000000000000000000000000000000000000000000000000000000000000000000000000000000000000000000000000001E000000000000
310
00000000000000000000000000000000000000000000000000000000000000000000000000000000000000000000000000000000000000000000000000000000000000000000000000000000000000000000000000000000000000000000000000000000000000000000000000000000000000000000000000000000000000
310
00000000000000000000000000000000000000000000000000000000000000000000000000000000000000000000000000000000000000000000000000000000000000000000000000000000000000000000000000000000000000000000000000000000000000000000000000000000000000000000000000000000000000
310
00000000000000000000000000000000000000000000000000000000000000000000000000000000000000000000000000000000000000000000000000000000000000000000000000000000000000000000000000000000000000000000000000000000000000000000000000000000000000000000000000000000000000
310
000000000000000000000000000000000000000000000000000000000000000000000000000000000000000000000000000000001E000000000000000000000000000000000000000000000000000000000000000000000000000000000000000000000000000000000000000000000000000000000000000000001E000000
310
00000000000000000000000000000000000000000000000000000000000000000000000000000000000000000000000000000000000000000000000000000000000000000000000000000000000000000000000000000000000000000000000000000000000000000000000000000000000000000000000000000000000000
310
00000000000000000000000000000000000000000000000000000000000000000000000000000000000000000000000000000000000000000000000000000000000000000000000000000000000000000000000000000000000000000000000000000000000000000000000000000000000000000000000000000000000000
310
00000000000000000000000000000000000000000000000000000000000000000000000000000000000000000000000000000000000000000000000000000000000000000000000000000000000000000000000000000000000000000000000000000000000000000000000000000000000000000000000000000000000000
310
0000000000000000000000000000000000000000000000000000000000000000000000000000000000000000000000000000000000000000001E000000000000000000000000000000000000000000000000000000000000000000000000000000000000000000000000000000000000000000000000000000000000000000
310
1E000000000000000000000000000000000000000000000000000000000000000000000000000000000000000000000000000000000000000000000000000000000000000000000000000000000000000000000000000000000000000000000000000000000000000000000000000000000000000000000000000000000000
310
00000000000000000000000000000000000000000000000000000000000000000000000000000000000000000000000000000000000000000000000000000000000000000000000000000000000000000000000000000000000000000000000000000000000000000000000000000000000000000000000000000000000000
310
00000000000000000000000000000000000000000000000000000000000000000000000000000000000000000000000000000000000000000000000000000000000000000000000000000000000000000000000000000000000000000000000000000000000000000000000000000000000000000000000000000000000000
310
000000000000000000000000000000000000000000000000000000000000000000000000000000000000000000000000000000000000000000000000001E0000000000000000000000000000000000000000000000000000000000000000000000000000000000000000000000000000000000000000000000000000000000
310
0000001E000000000000000000000000000000000000000000000000000000000000000000000000000000000000000000000000000000000000000000000000000000000000000000000000000000000000000000000000000000000000000000000000000000000000000000000000000000000000000000000000000000
310
00000000000000000000000000000000000000000000000000000000000000000000000000000000000000000000000000000000000000000000000000000000000000000000000000000000000000000000000000000000000000000000000000000000000000000000000000000000000000000000000000000000000000
310
00000000000000000000000000000000000000000000000000000000000000000000000000000000000000000000000000000000000000000000000000000000000000000000000000000000000000000000000000000000000000000000000000000000000000000000000000000000000000000000000000000000000000
310
0000000000000000000000000000000000000000000000000000000000000000000000000000000000000000000000000000000000000000000000000000000000001E000000000000000000000000000000000000000000000000000000000000000000000000000000000000000000000000000000000000000000000000
310
000000000000001E0000000000000000000000000000000000000000000000000000000000000000000000000000000000000000000000000000000000000000000000000000000000000000000000000000000000000000000000000000000000000000000000000000000000000000000000000000000000000000000000
310
00000000000000000000000000000000000000000000000000000000000000000000000000000000000000000000000000000000000000000000000000000000000000000000000000000000000000000000000000000000000000000000000000000000000000000000000000000000000000000000000000000000000000
310
00000000000000000000000000000000000000000000000000000000000000000000000000000000000000000000000000000000000000000000000000000000000000000000000000000000000000000000000000000000000000000000000000000000000000000000000000000000000000000000000000000000000000
310
000000000000000000000000000000000000000000000000000000000000000000000000000000000000000000000000000000000000000000000000000000000000000000001E0000000000000000000000000000000000000000000000000000000000000000000000000000000000000000000000000000000000000000
310
000000000000000000001E0000000000000000000000000000000000000000000000001E1E1E0000000000000000000000000000000000000000000000000000000000000000000000000000000000000000000000000000000000000000000000000000000000000000000000000000000000000000000000000000000000
310
00000000000000000000000000000000000000000000000000000000000000000000000000000000000000000000000000000000000000000000000000000000000000000000000000000000000000000000000000000000000000000000000000000000000000000000000000000000000000000000000000000000000000
310
00000000000000000000000000000000000000000000000000000000000000000000000000000000000000000000000000000000000000000000000000000000000000000000000000000000000000000000000000000000000000000000000000000000000000000000000000000000000000000000000000000000000000
310
0000000000000000000000000000000000000000000000000000000000000000000000000000000000000000000000001E1E1E0000000000000000000000000000000000000000000000001E000000000000000000000000000000000000000000000000000000000000000000000000000000000000000000000000000000
310
00000000000000000000000000001E00000000000000000000000000000000000000000000001E00001E00000000000000000000000000000000000000000000000000000000000000000000000000000000000000000000000000000000000000000000000000000000000000000000000000000000000000000000000000
310
00000000000000000000000000000000000000000000000000000000000000000000000000000000000000000000000000000000000000000000000000000000000000000000000000000000000000000000000000000000000000000000000000000000000000000000000000000000000000000000000000000000000000
310
00000000000000000000000000000000000000000000000000000000000000000000000000000000000000000000000000000000000000000000000000000000000000000000000000000000000000000000000000000000000000000000000000000000000000000000000000000000000000000000000000000000000000
310
000000000000000000000000000000000000000000000000000000000000000000000000000000000000000000000000000000001E00001E00000000000000000000000000000000000000000000001E0000000000000000000000000000000000000000000000000000000000000000000000000000000000000000000000
310
00000000000000000000000000000000001E0000000000000000000000001E1E1E000000000000000000001E001E000000000000000000000000000000000000000000000000000000000000000000000000000000000000000000000000000000000000000000000000000000000000000000000000000000000000000000
310
00000000000000000000000000000000000000000000000000000000000000000000000000000000000000000000000000000000000000000000000000000000000000000000000000000000000000000000000000000000000000000000000000000000000000000000000000000000000000000000000000000000000000
310
00000000000000000000000000000000000000000000000000000000000000000000000000000000000000000000000000000000001E00000000000000000000000000000000000000000000000000000000000000000000000000000000000000000000000000000000000000000000000000000000000000000000000000
310
00000000000000000000000000000000000000000000000000000000000000000000000000000000000000000000000000000000000000001E001E000000000000000000001E1E1E0000000000000000000000001E000000000000000000000000000000000000000000000000000000000000000000000000000000000000
310
0000000000000000000000000000000000000000001E000000000000000000001E1E0000001E1E0000000000000000001E000000000000000000000000000000000000000000000000000000000000000000000000000000000000000000000000000000000000000000000000000000000000000000000000000000000000
310
00000000000000000000000000000000000000000000000000000000000000000000000000000000000000000000000000000000000000000000000000000000000000000000000000000000000000000000000000000000000000000000000000000000000000000000000000000000000000000000000000000000000000
310
00000000000000000000000000000000000000000000000000000000000000000000000000000000000000000000000000000000000000001E001E0000000000000000000000000000000000000000000000000000000000000000000000000000000000000000000000000000000000000000000000000000000000000000
310
000000000000000000000000000000000000000000000000000000000000000000000000000000000000000000000000000000000000000000000000001E0000000000000000001E1E0000001E1E000000000000000000001E0000000000000000000000000000000000000000000000000000000000000000000000000000
310
000000000000000000000000000000000000000000000000001E000000000000000000001E00000000001E000000000000000000000000000000000000000000000000000000000000000000000000000000000000000000000000000000000000000000000000000000000000000000000000000000000000000000000000
310
00000000000000000000000000000000000000000000000000000000000000000000000000000000000000000000000000000000000000000000000000000000000000000000000000000000000000000000000000000000000000000000000000000000000000000000000000000000000000000000000000000000000000
310
0000000000000000000000000000000000000000000000000000000000000000000000000000000000000000000000000000000000000000000000001E00001E000000000000000000000000000000000000000000000000000000000000000000000000000000000000000000000000000000000000000000000000000000
310
0000000000000000000000000000000000000000000000000000000000000000000000000000000000000000000000000000000000000000000000000000000000000000000000000000001E00000000001E000000000000000000001E00000000000000000000000000000000000000000000000000000000000000000000
310
000000000000000000000000000000000000000000000000000000001E000000000000000000001E000000000000001E00000000000000000000000000000000000000000000000000000000000000000000000000000000000000000000000000000000000000000000000000000000000000000000000000000000000000
310
00000000000000000000000000000000000000000000000000000000000000000000000000000000000000000000000000000000000000000000000000000000000000000000000000000000000000000000000000000000000000000000000000000000000000000000000000000000000000000000000000000000000000
310
000000000000000000000000000000000000000000000000000000000000000000000000000000000000000000000000000000000000000000000000000000001E1E1E000000000000000000000000000000000000000000000000000000000000000000000000000000000000000000000000000000000000000000000000
310
0000000000000000000000000000000000000000000000000000000000000000000000000000000000000000000000000000000000000000000000000000000000000000000000000000000000001E000000000000001E000000000000000000001E0000000000000000000000000000000000000000000000000000000000
310
00000000000000000000000000000000000000000000000000000000000000001E000000000000000000001E000000000000001E000000000000000000000000000000000000000000000000000000000000000000000000000000000000000000000000000000000000000000000000000000000000000000000000000000
310
00000000000000000000000000000000000000000000000000000000000000000000000000000000000000000000000000000000000000000000000000000000000000000000000000000000000000000000000000000000000000000000000000000000000000000000000000000000000000000000000000000000000000
310
00000000000000000000000000000000000000000000000000000000000000000000000000000000000000000000000000000000000000000000000000000000000000000000000000000000000000000000000000000000000000000000000000000000000000000000000000000000000000000000000000000000000000
310
000000000000000000000000000000000000000000000000000000000000000000000000000000000000000000000000000000000000000000000000000000000000000000000000000000000000000000001E000000000000001E000000000000000000001E00000000000000000000000000000000000000000000000000
310
00000000000000000000000000000000000000000000000000000000000000000000001E00000000000000000000001E000000000000001E0000000000000000000000000000000000000000000000000000000000000000000000000000000000000000000000000000000000000000000000000000000000000000000000
310
00000000000000000000000000000000000000000000000000000000000000000000000000000000000000000000000000000000000000000000000000000000000000000000000000000000000000000000000000000000000000000000000000000000000000000000000000000000000000000000000000000000000000
310
00000000000000000000000000000000000000000000000000000000000000000000000000000000000000000000000000000000000000000000000000000000000000000000000000000000000000000000000000000000000000000000000000000000000000000000000000000000000000000000000000000000000000
310
00000000000000000000000000000000000000000000000000000000000000000000000000000000000000000000000000000000000000000000000000000000000000000000000000000000000000000000000000001E000000000000001E00000000000000000000001E0000000000000000000000000000000000000000
310
0000000000000000000000000000000000000000000000000000000000000000000000000000001E0000000000000000000000001E00000000001E0000000000000000000000000000000000000000000000000000000000000000000000000000000000000000000000000000000000000000000000000000000000000000
310
00000000000000000000000000000000000000000000000000000000000000000000000000000000000000000000000000000000000000000000000000000000000000000000000000000000000000000000000000000000000000000000000000000000000000000000000000000000000000000000000000000000000000
310
00000000000000000000000000000000000000000000000000000000000000000000000000000000000000000000000000000000000000000000000000000000000000000000000000000000000000000000000000000000000000000000000000000000000000000000000000000000000000000000000000000000000000
310
000000000000000000000000000000000000000000000000000000000000000000000000000000000000000000000000000000000000000000000000000000000000000000000000000000000000000000000000000000000000001E00000000001E0000000000000000000000001E00000000000000000000000000000000
310
0000000000000000000000000000000000000000000000000000000000000000000000000000000000001E000000000000000000000000001E1E0000001E1E00000000000000000000000000000000000000000000000000000000000000000000000000000000000000000000000000000000000000000000000000000000
310
00000000000000000000000000000000000000000000000000000000000000000000000000000000000000000000000000000000000000000000000000000000000000000000000000000000000000000000000000000000000000000000000000000000000000000000000000000000000000000000000000000000000000
310
00000000000000000000000000000000000000000000000000000000000000000000000000000000000000000000000000000000000000000000000000000000000000000000000000000000000000000000000000000000000000000000000000000000000000000000000000000000000000000000000000000000000000
310
00000000000000000000000000000000000000000000000000000000000000000000000000000000000000000000000000000000000000000000000000000000000000000000000000000000000000000000000000000000000000000000001E1E0000001E1E000000000000000000000000001E0000000000000000000000
310
000000000000000000000000000000000000000000000000000000000000000000000000000000000000000000001E0000001E1E1E0000000000000000001E1E1E0000000000000000000000000000000000000000000000000000000000000000000000000000000000000000000000000000000000000000000000000000
310
00000000000000000000000000000000000000000000000000000000000000000000000000000000000000000000000000000000000000000000000000000000000000000000000000000000000000000000000000000000000000000000000000000000000000000000000000000000000000000000000000000000000000
310
00000000000000000000000000000000000000000000000000000000000000000000000000000000000000000000000000000000000000000000000000000000000000000000000000000000000000000000000000000000000000000000000000000000000000000000000000000000000000000000000000000000000000
310
00000000000000000000000000000000000000000000000000000000000000000000000000000000000000000000000000000000000000000000000000000000000000000000000000000000000000000000000000000000000000000000000000000000001E1E1E0000000000000000001E1E1E0000001E00000000000000
310
000000000000000000000000000000000000000000000000000000000000000000000000000000000000000000000000001E0000001E00001E00000000000000000000000000000000000000000000000000000000000000000000000000000000000000000000000000000000000000000000000000000000000000000000
310
00000000000000000000000000000000000000000000000000000000000000000000000000000000000000000000000000000000000000000000000000000000000000000000000000000000000000000000000000000000000000000000000000000000000000000000000000000000000000000000000000000000000000
310
0000000000000000000000000000000000000000000000000000000000000000000000000000000000000000000000000000000000000000000000000000000000000000000000000000000000000000000000000000000000000000000000000000000000001E1E1E00000000000000000000000000000000000000000000
310
0000000000000000000000000000000000000000000000000000000000000000000000000000000000000000000000000000000000000000000000000000000000000000000000000000000000000000000000000000000000000000000000000000000000000000000000000000000000000000001E00001E0000001E0000
310
00000000000000000000000000000000000000000000000000000000000000000000000000000000000000000000000000000000001E000000001E001E000000000000000000000000000000000000000000000000000000000000000000000000000000000000000000000000000000000000000000000000000000000000
310
00000000000000000000000000000000000000000000000000000000000000000000000000000000000000000000000000000000000000000000000000000000000000000000000000000000000000000000000000000000000000000000000000000000000000000000000000000000000000000000000000000000000000
310
00000000000000000000000000000000000000000000000000000000000000000000000000000000000000000000000000000000000000000000000000000000000000000000000000000000000000000000000000000000000000000000000000000000000000001E1E0000001E1E00000000000000000000000000000000
310
000000000000000000000000000000000000000000000000000000000000000000000000000000000000000000000000000000000000000000000000000000000000000000000000000000000000000000000000000000000000000000000000000000000000000000000000000000000000000000000000001E001E000000
310
001E0000000000000000000000000000000000000000000000000000000000000000000000000000000000000000000000000000000000001E0000000000001E000000000000000000000000000000000000000000000000000000000000000000000000000000000000000000000000000000000000000000000000000000
310
00000000000000000000000000000000000000000000000000000000000000000000000000000000000000000000000000000000000000000000000000000000000000000000000000000000000000000000000000000000000000000000000000000000000000000000000000000000000000000000000000000000000000
310
0000000000000000000000000000000000000000000000000000000000000000000000000000000000000000000000000000000000000000000000000000000000000000000000000000000000000000000000000000000000000000000000000000000000000000000000001E00000000001E000000000000000000000000
310
0000000000000000000000000000000000000000000000000000000000000000000000000000000000000000000000000000000000000000000000000000000000000000000000000000000000000000000000000000000000000000000000000000000000000000000000000000000000000000000000000000000000001E
310
0000000000001E00000000000000000000000000000000000000000000000000000000000000000000000000000000000000000000000000000000001E000000000000000000000000000000000000000000000000000000000000000000000000000000000000000000000000000000000000000000000000000000000000
310
00000000000000000000000000000000000000000000000000000000000000000000000000000000000000000000000000000000000000000000000000000000000000000000000000000000000000000000000000000000000000000000000000000000000000000000000000000000000000000000000000000000000000
310
0000000000000000000000000000000000000000000000000000000000000000000000000000000000000000000000000000000000000000000000000000000000000000000000000000000000000000000000000000000000000000000000000000000000000000000000000000001E000000000000001E00000000000000
310
00000000000000000000000000000000000000000000000000000000000000000000000000000000000000000000000000000000000000000000000000000000000000000000000000000000000000000000000000000000000000000000000000000000000000000000000000000000000000000000000000000000000000
310
000000000000000000001E00000000000000000000000000000000000000000000000000000000000000000000000000000000000000000000000000000000001E0000000000000000000000000000000000000000000000000000000000000000000000000000000000000000000000000000000000000000000000000000
310
00000000000000000000000000000000000000000000000000000000000000000000000000000000000000000000000000000000000000000000000000000000000000000000000000000000000000000000000000000000000000000000000000000000000000000000000000000000000000000000000000000000000000
310
000000000000000000000000000000000000000000000000000000000000000000000000000000000000000000000000000000000000000000000000000000000000000000000000000000000000000000000000000000000000000000000000000000000000000000000000000000000000001E000000000000001E000000
310
00000000000000000000000000000000000000000000000000000000000000000000000000000000000000000000000000000000000000000000000000000000000000000000000000000000000000000000000000000000000000000000000000000000000000000000000000000000000000000000000000000000000000
310
00000000000000000000000000001E000000000000000000000000000000000000000000000000000000000000000000000000000000000000000000000000000000001E0000000000000000000000000000000000000000000000000000000000000000000000000000000000000000000000000000000000000000000000
310
00000000000000000000000000000000000000000000000000000000000000000000000000000000000000000000000000000000000000000000000000000000000000000000000000000000000000000000000000000000000000000000000000000000000000000000000000000000000000000000000000000000000000
310
0000000000000000000000000000000000000000000000000000000000000000000000000000000000000000000000000000000000000000000000000000000000000000000000000000000000000000000000000000000000000000000000000000000000000000000000000000000000000000000000001E000000000000
310
1E000000000000000000000000000000000000000000000000000000000000000000000000000000000000000000000000000000000000000000000000000000000000000000000000000000000000000000000000000000000000000000000000000000000000000000000000000000000000000000000000000000000000
310
000000000000000000000000000000000000001E0000000000000000000000000000000000000000000000000000000000000000000000000000000000000000000000000000001E00000000000000000000000000000000000000000000001E00000000000000000000000000000000000000000000000000000000000000
310
00000000000000000000000000000000000000000000000000000000000000000000000000000000000000000000000000000000000000000000000000000000000000000000000000000000000000000000000000000000000000000000000000000000000000000000000000000000000000000000000000000000000000
310
000000000000000000000000000000000000000000000000000000000000000000000000000000000000000000000000000000000000000000000000000000000000000000000000000000000000000000000000000000000000000000000000000000000000000000000000000000000000000000000000000000001E0000
310
0000001E00000000000000000000000000000000000000000000000000000000000000000000000000000000000000000000000000000000000000000000000000000000000000000000000000000000000000000000000000000000000000000000000000000000000000000000000000000000000000000000000000001E
310
00000000000000000000000000000000000000000000001E00000000000000000000000000000000000000000000000000000000000000000000000000000000000000000000000000001E00000000000000000000000000000000000000000000001E001E0000000000000000000000000000000000000000000000000000
310
00000000000000000000000000000000000000000000000000000000000000000000000000000000000000000000000000000000000000000000000000000000000000000000000000000000000000000000000000000000000000000000000000000000000000000000000000000000000000000000000000000000000000
310
00000000000000000000000000000000000000000000000000000000000000000000000000000000000000000000000000000000000000000000000000000000000000000000000000000000000000000000000000000000000000000000000000000000000000000000000000000000000000000000000000000000000000
310
00001E1E001E1E000000000000000000000000000000000000000000000000000000000000000000000000000000000000000000000000000000000000000000000000000000000000000000000000000000000000000000000000000000000000000000000000000000000000000000000000000000000000000000000000
310
00001E001E00000000000000000000000000000000000000000000001E000000000000000000000000000000000000000000000000000000000000000000000000000000000000000000000000001E000000000000000000000000000000000000000000001E00001E00000000000000000000000000000000000000000000
310
00000000000000000000000000000000000000000000000000000000000000000000000000000000000000000000000000000000000000000000000000000000000000000000000000000000000000000000000000000000000000000000000000000000000000000000000000000000000000000000000000000000000000
310
00000000000000000000000000000000000000000000000000000000000000000000000000000000000000000000000000000000000000000000000000000000000000000000000000000000000000000000000000000000000000000000000000000000000000000000000000000000000000000000000000000000000000
310
00000000000000001E00000000000000000000000000000000000000000000000000000000000000000000000000000000000000000000000000000000000000000000000000000000000000000000000000000000000000000000000000000000000000000000000000000000000000000000000000000000000000000000
310
0000000000001E00001E000000000000000000000000000000000000000000001E0000000000000000000000000000000000000000000000000000000000000000000000000000000000000000000000001E0000000000000000000000000000000000000000000000001E1E1E000000000000000000000000000000000000
310
00000000000000000000000000000000000000000000000000000000000000000000000000000000000000000000000000000000000000000000000000000000000000000000000000000000000000000000000000000000000000000000000000000000000000000000000000000000000000000000000000000000000000
310
00000000000000000000000000000000000000000000000000000000000000000000000000000000000000000000000000000000000000000000000000000000000000000000000000000000000000000000000000000000000000000000000000000000000000000000000000000000000000000000000000000000000000
310
00000000000000000000000000000000000000000000000000000000000000000000000000000000000000000000000000000000000000000000000000000000000000000000000000000000000000000000000000000000000000000000000000000000000000000000000000000000000000000000000000000000000000
310
000000000000000000001E1E1E0000000000000000000000000000000000000000000000001E00000000000000000000000000000000000000000000000000000000000000000000000000000000000000000000001E0000000000000000000000001E1E1E0000000000000000000000000000000000000000000000000000
310
00000000000000000000000000000000000000000000000000000000000000000000000000000000000000000000000000000000000000000000000000000000000000000000000000000000000000000000000000000000000000000000000000000000000000000000000000000000000000000000000000000000000000
310
00000000000000000000000000000000000000000000000000000000000000000000000000000000000000000000000000000000000000000000000000000000000000000000000000000000000000000000000000000000000000000000000000000000000000000000000000000000000000000000000000000000000000
310
00000000000000000000000000000000000000000000000000000000000000000000000000000000000000000000000000000000000000000000000000000000000000000000000000000000000000000000000000000000000000000000000000000000000000000000000000000000000000000000000000000000000000
310
0000000000000000000000000000000000000000000000000000001E1E0000000000000000000000001E000000000000000000000000000000000000000000000000000000000000000000000000000000000000000000001E00000000000000000000001E1E0000001E000000000000000000000000000000000000000000
310
00000000000000000000000000000000000000000000000000000000000000000000000000000000000000000000000000000000000000000000000000000000000000000000000000000000000000000000000000000000000000000000000000000000000000000000000000000000000000000000000000000000000000
310
00000000000000000000000000000000000000000000000000000000000000000000000000000000000000000000000000000000000000000000000000000000000000000000000000000000000000000000000000000000000000000000000000000000000000000000000000000000000000000000000000000000000000
310
00000000000000000000000000000000000000000000000000000000000000000000000000000000000000000000000000000000000000000000000000000000000000000000000000000000000000000000000000000000000000000000000000000000000000000000000000000000000000000000000000000000000000
310
00000000000000000000000000000000000000000000000000000000001E1E00001E1E00000000000000000000001E0000000000000000000000000000000000000000000000000000000000000000000000000000000000000000001E000000000000000000001E00000000001E0000000000000000000000000000000000
310
000000000000000000001E1E1E000000000000000000000000000000000000000000000000000000000000000000000000000000000000000000000000000000000000000000000000000000000000000000000000000000000000000000000000000000000000000000000000000000000000000000000000000000000000
310
00000000000000000000000000000000000000000000000000000000000000000000000000000000000000000000000000000000000000000000000000000000000000000000000000000000000000000000000000000000000000000000000000000000000000000000000000000000000000000000000000000000000000
310
000000000000000000000000000000000000000000000000000000000000000000001E0000000000000000000000000000000000000000000000000000000000000000000000000000000000000000000000000000000000000000000000000000000000000000000000000000000000000000000000000000000000000000
310
0000001E1E1E1E000000000000000000000000000000000000000000000000001E00000000001E00000000000000000000001E0000000000000000000000000000000000000000000000000000000000000000000000000000000000000000001E000000000000000000001E0000000000001E000000000000000000000000
310
000000000000000000001E1E1E1E0000001E1E1E1E00000000000000000000000000000000000000000000000000000000000000000000000000000000000000000000000000000000000000000000000000000000000000000000000000000000000000000000000000000000000000000000000000000000000000000000
310
00000000000000000000000000000000000000000000000000000000000000000000000000000000000000000000000000000000000000000000000000000000000000000000000000000000000000000000000000000000000000000000000000000000000000000000000000000000000000000000000000000000000000
310
000000000000000000000000000000000000000000000000000000000000000000000000001E001E000000000000000000000000000000000000000000000000000000000000000000000000000000000000000000000000000000000000000000000000000000000000000000000000000000000000000000000000000000
310
0000001E1E1E1E000000001E1E1E1E0000000000000000000000000000000000000000001E0000000000001E000000000000000000001E00000000000000000000000000000000000000000000000000000000000000000000000000000000000000001E00000000000000000000001E0000000000001E0000000000000000
310
00000000000000000000001E1E1E00000000000000000000001E1E00000000000000000000000000000000000000000000000000000000000000000000000000000000000000000000000000000000000000000000000000000000000000000000000000000000000000000000000000000000000000000000000000000000
310
00000000000000000000000000000000000000000000000000000000000000000000000000000000000000000000000000000000000000000000000000000000000000000000000000000000000000000000000000000000000000000000000000000000000000000000000000000000000000000000000000000000000000
310
00000000000000000000000000000000000000000000000000000000000000000000000000000000001E00001E00000000000000000000000000000000000000000000000000000000000000000000000000000000000000000000000000000000000000000000000000000000000000000000000000000000000000000000
310
00000000001E1E0000000000000000000000001E1E000000000000000000000000000000000000001E0000000000001E00000000000000000000001E000000000000000000000000000000000000000000000000000000000000000000000000000000000000001E0000000000000000000000001E000000001E0000000000
310
00000000000000000000000000001E000000000000000000000000000000001E0000000000000000000000000000000000000000000000000000000000000000000000000000000000000000000000000000000000000000000000000000000000000000000000000000000000000000000000000000000000000000000000
310
00000000000000000000000000000000000000000000000000000000000000000000000000000000000000000000000000000000000000000000000000000000000000000000000000000000000000000000000000000000000000000000000000000000000000000000000000000000000000000000000000000000000000
310
0000000000000000000000000000000000000000000000000000000000000000000000000000000000000000001E1E1E00000000000000000000000000000000000000000000000000000000000000000000000000000000000000000000000000000000000000000000000000000000000000000000000000000000000000
310
00000000000000001E000000000000000000000000000000001E000000000000000000000000000000000000001E000000001E0000000000000000000000001E000000000000000000000000000000000000000000000000000000000000000000000000000000000000001E0000000000000000000000001E1E00001E1E00
310
00000000000000000000000000000000001E0000000000000000000000000000000000001E000000000000000000000000000000000000000000000000000000000000000000000000000000000000000000000000000000000000000000000000000000000000000000000000000000000000000000000000000000000000
310
00000000000000000000000000000000000000000000000000000000000000000000000000000000000000000000000000000000000000000000000000000000000000000000000000000000000000000000000000000000000000000000000000000000000000000000000000000000000000000000000000000000000000
310
00000000000000000000000000000000000000000000000000000000000000000000000000000000000000000000000000000000000000000000000000000000000000000000000000000000000000000000000000000000000000000000000000000000000000000000000000000000000000000000000000000000000000
310
00000000000000000000001E0000000000000000000000000000000000001E0000000000000000000000000000000000001E0000001E1E0000000000000000000000001E0000000000000000000000000000000000000000000000000000000000000000000000000000000000001E0000000000000000000000000000001E
310
1E000000000000000000000000000000000000001E00000000000000000000000000000000000000001E00000000000000000000000000000000000000000000000000000000000000000000000000000000000000000000000000000000000000000000000000000000000000000000000000000000000000000000000000
310
00000000000000000000000000000000000000000000000000000000000000000000000000000000000000000000000000000000000000000000000000000000000000000000000000000000000000000000000000000000000000000000000000000000000000000000000000000000000000000000000000000000000000
310
00000000000000000000000000000000000000000000000000000000000000000000000000000000000000000000000000000000000000000000000000000000000000000000000000000000000000000000000000000000000000000000000000000000000000000000000000000000000000000000000000000000000000
310
00000000000000000000000000001E00000000000000000000000000000000000000001E0000000000000000000000000000000000001E1E1E0000000000000000000000000000001E00000000000000000000000000000000000000000000000000000000000000000000000000000000001E000000000000000000000000
310
00000000000000000000000000000000000000000000001E000000000000000000000000000000000000000000001E0000000000000000000000000000000000000000000000000000000000000000000000000000000000000000000000000000000000000000000000000000000000000000000000000000000000000000
310
00000000000000000000000000000000000000000000000000000000000000000000000000000000000000000000000000000000000000000000000000000000000000000000000000000000000000000000000000000000000000000000000000000000000000000000000000000000000000000000000000000000000000
310
00000000000000000000000000000000000000000000000000000000000000000000000000000000000000000000000000000000000000000000000000000000000000000000000000000000000000000000000000000000000000000000000000000000000000000000000000000000000000000000000000000000000000
310
00000000000000000000000000000000001E000000000000000000000000000000000000000000001E00000000000000000000000000000000000000000000000000000000000000000000001E00000000000000000000000000000000000000000000000000000000000000000000000000000000001E0000001E1E1E0000
310
00000000000000000000000000000000000000000000000000001E0000000000000000000000000000000000000000000000001E000000000000000000000000000000000000000000000000000000000000000000000000000000000000000000000000000000000000000000000000000000000000000000000000000000
310
00000000000000000000000000000000000000000000000000000000000000000000000000000000000000000000000000000000000000000000000000000000000000000000000000000000000000000000000000000000000000000000000000000000000000000000000000000000000000001E00000000000000000000
310
00000000000000000000000000000000000000000000000000000000000000000000000000000000000000000000000000000000000000000000000000000000000000000000000000000000000000000000000000000000000000000000000000000000000000000000000000000000000000000000000000000000000000
310
00000000000000000000000000000000000000001E0000000000000000000000000000000000000000000000001E000000000000000000000000000000000000000000000000000000001E1E1E0000001E000000000000000000000000000000000000000000000000000000000000000000000000000000001E0000001E00
310
001E000000000000000000000000000000000000000000000000000000001E0000000000000000000000000000000000000000000000001E0000000000000000000000000000000000000000000000000000000000000000000000000000000000000000000000000000000000000000000000000000000000000000000000
310
00000000000000000000000000000000000000000000000000000000000000000000000000000000000000000000000000000000000000000000000000000000000000000000000000000000000000000000000000000000000000000000000000000000000000000000000000000000000000000000001E001E0000000000
310
000000000000000000000000000000000000000000000000000000000000000000000000000000000000000000000000000000000000000000000000000000000000000000000000000000001E1E00000000000000000000000000000000000000000000000000000000000000000000000000000000000000000000000000
310
0000000000000000000000000000000000000000000000001E0000000000000000000000000000000000000000000000001E000000000000000000000000000000000000000000000000000000001E00001E0000001E0000000000000000000000000000000000000000000000000000000000000000000000000000001E00
310
0000001E001E0000000000000000000000000000000000000000000000000000001E00000000000000000000000000000000000000000000000000001E000000000000000000000000000000000000000000000000000000000000000000000000000000000000000000000000000000000000000000000000000000000000
310
00000000000000000000000000000000000000000000000000000000000000000000000000000000000000000000000000000000000000000000000000000000000000000000000000000000000000000000000000000000000000000000000000000000000000000000000000000000000000000000000000001E0000001E
310
0000000000000000000000000000000000000000000000000000000000000000000000000000000000000000000000000000000000000000000000000000000000000000000000000000000000001E1E00001E1E00000000000000000000000000000000000000000000000000000000000000000000000000000000000000
310
0000000000000000000000000000000000000000000000000000001E00000000000000000000000000000000000000000000000000001E0000000000000000000000000000000000000000000000000000001E001E000000001E00000000000000000000000000000000000000000000000000000000000000000000000000
310
00001E00000000001E000000000000000000000000000000000000000000000000000000001E00000000000000000000000000000000000000000000000000001E0000000000000000000000000000000000000000000000000000000000000000000000000000000000000000000000000000000000000000000000000000
310
000000000000000000000000000000000000000000000000000000000000000000000000000000000000000000000000000000000000001E1E1E00000000000000000000000000000000000000000000000000000000000000000000000000000000001E1E1E1E1E1E1E1E1E1E1E1E1E000000000000000000000000001E00
310
000000001E0000000000000000000000000000000000000000000000000000000000000000000000000000000000000000000000000000000000000000001E1E1E1E1E00000000000000000000000000001E00000000001E000000000000000000000000000000000000000000000000000000000000000000000000000000
310
000000000000000000000000000000000000000000000000000000000000001E00000000000000000000000000000000000000000000000000001E000000000000000000000000000000000000000000000000000000001E00000000001E000000000000000000000000000000000000000000000000000000000000000000
310
00000000001E00000000000000000000000000000000000000000000000000000000000000000000001E00000000000000000000000000000000000000000000000000001E00000000000000000000000000000000000000000000000000000000000000000000000000000000000000000000000000000000000000000000
310
000000000000000000000000000000000000000000000000000000000000000000000000000000000000000000000000000000000000000000001E00001E00000000000000000000000000000000000000000000000000000000000000000000000000000000001E00000000000000000000001E0000000000000000000000
310
001E000000000000001E000000000000000000000000000000000000000000000000000000000000000000000000000000000000000000000000000000000000001E000000001E00000000000000000000000000001E0000000000001E00000000000000000000000000000000000000000000000000000000000000000000
310
00000000000000000000000000000000000000000000000000000000000000000000001E00000000000000000000000000000000000000000000000000001E00000000000000000000000000000000000000000000000000000000000000000000001E00000000000000000000000000000000000000000000000000000000
310
0000000000000000001E00000000000000000000000000000000000000000000000000000000000000000000001E00000000000000000000000000000000000000000000000000001E000000000000000000000000000000000000000000000000000000000000000000000000000000000000000000000000000000000000
310
0000000000000000000000000000000000000000000000000000000000000000000000000000000000000000000000000000000000000000000000000000001E001E00000000000000000000000000000000000000000000000000000000000000000000000000000000001E00000000000000000000001E00000000000000
310
000000001E0000000000000000001E0000000000000000000000000000000000000000000000000000000000000000000000000000000000000000000000000000000000001E000000001E000000000000000000000000001E000000000000001E000000000000000000000000000000000000000000000000000000000000
310
0000000000000000000000000000000000000000000000000000000000000000000000000000001E00000000000000000000000000000000000000000000000000001E00000000000000000000000000000000000000000000000000000000000000000000001E000000000000000000000000000000000000000000000000
310
000000000000000000000000001E0000000000000000000000000000000000000000001E1E1E000000000000000000001E000000000000000000000000000000000000000000000000000000001E00000000000000000000000000000000000000000000000000000000000000000000000000000000000000000000000000
310
00000000000000000000000000000000000000000000000000000000000000000000000000000000000000000000000000000000000000000000000000000000000000001E0000000000000000000000000000000000000000000000000000000000000000000000000000000000001E00000000000000000000001E000000
310
000000000000001E00000000000000000000001E0000000000000000000000000000000000000000000000000000000000000000000000000000000000000000000000000000000000001E0000001E00000000000000000000000000001E0000000000001E0000000000000000000000000000000000000000000000000000
310
0000000000000000000000000000000000000000000000000000000000000000000000000000000000001E000000000000000000000000000000000000000000000000000000001E000000000000000000001E1E1E0000000000000000000000000000000000000000001E0000000000000000000000000000000000000000
310
000000000000000000000000000000001E0000000000000000000000000000000000000000001E00001E000000000000000000001E000000000000000000000000000000000000000000000000000000001E000000000000000000000000000000000000000000000000000000000000000000000000000000000000000000
310
000000000000000000000000000000000000000000000000000000000000000000000000000000000000000000000000000000000000000000000000000000000000000000000000000000000000000000000000000000000000000000000000000000000000000000000000000000000000001E0000000000000000000000
310
1E0000000000000000001E000000000000000000000000001E00000000000000000000000000000000000000000000000000000000000000000000000000000000000000000000000000000000001E00001E1E00000000000000000000000000001E00000000001E0000000000000000000000000000000000000000000000
310
000000000000000000000000000000000000000000000000000000000000000000000000000000000000000000001E000000000000000000000000000000000000000000000000000000001E000000000000000000001E00001E0000000000000000000000000000000000000000001E000000000000000000000000000000
310
00000000000000000000000000000000000000001E000000000000000000000000000000000000000000001E001E000000000000000000001E000000000000000000000000000000000000000000000000000000001E0000000000000000000000000000000000000000000000000000000000000000000000000000000000
310
00000000000000000000000000000000000000000000000000000000000000000000000000000000000000000000000000000000000000000000000000000000000000000000000000000000000000000000000000000000000000000000000000000000000000000000000000000000000000000000001E00000000000000
310
000000001E00000000000000001E0000000000000000000000000000001E00000000000000000000000000000000000000000000000000000000000000000000000000000000000000000000000000000000001E1E00000000000000000000000000000000001E0000001E1E00000000000000000000000000000000000000
310
00000000000000000000000000000000000000000000000000000000000000000000000000000000000000000000000000001E000000000000000000000000000000000000000000000000000000001E000000000000000000001E001E000000000000000000000000000000000000000000001E0000000000000000000000
310
0000000000000000000000000000000000000000000000001E00000000000000000000000000000000000000000000001E0000000000000000000000001E0000000000000000000000000000000000000000000000000000001E00000000000000000000000000000000000000000000000000000000000000000000000000
310
0000000000000000000000000000000000000000000000000000000000000000000000000000000000000000000000000000000000000000000000000000000000000000000000000000000000000000000000000000000000000000000000000000000000000000000000000000000000000000000000000000001E1E1E1E
310
1E1E1E1E1E1E1E1E1E000000000000001E00000000000000000000000000000000001E0000000000000000000000000000000000000000000000000000000000000000000000000000000000000000000000000000000000000000000000000000000000000000000000001E1E1E0000000000000000000000000000000000
310
000000000000000000000000000000000000000000000000000000000000000000000000000000000000000000000000000000000000001E0000000000000000000000000000000000000000000000000000001E00000000000000000000001E00000000000000000000000000000000000000000000001E00000000000000
310
0000000000000000000000000000000000000000000000000000001E0000000000000000000000001E1E00000000000000000000000000000000000000000000001E00000000000000000000000000000000000000000000000000001E00000000000000000000000000000000000000000000000000000000000000000000
310
00000000000000000000000000000000000000000000000000000000000000000000000000000000000000000000000000000000000000000000000000000000000000000000000000000000000000000000000000000000000000000000000000000000000000000000000000000000000000000000000000000000000000
310
000000000000000000000000000000000000001E000000000000000000000000000000000000001E000000000000000000000000000000000000000000000000000000000000000000000000000000000000000000000000000000000000000000000000000000000000000000000000000000000000000000000000000000
310
00000000000000000000000000000000000000000000000000000000000000000000000000000000000000000000000000000000000000000000001E00000000000000000000000000000000000000000000000000001E00000000000000000000000000000000000000000000001E1E1E00000000000000000000001E0000
310
000000000000000000000000000000000000000000000000000000000000001E000000000000000000001E1E00001E1E0000000000000000000000000000000000000000001E00000000000000000000000000000000000000000000000000001E000000000000000000000000000000000000000000000000000000000000
310
00000000000000000000000000000000000000000000000000000000000000000000000000000000000000000000000000000000000000000000000000000000000000000000000000000000000000000000000000000000000000000000000000000000000000000000000000000000000000000000000000000000000000
310
000000000000000000000000000000000000000000001E0000000000000000000000000000000000000000001E00000000000000000000000000000000000000000000000000000000000000000000000000000000000000000000000000000000000000000000000000000000000000000000000000000000000000000000
310
0000000000000000000000000000000000000000000000000000000000000000000000000000000000000000000000000000000000000000000000000000001E00000000000000000000000000000000000000000000000000001E0000000000000000000000000000000000000000001E1E0000001E000000000000000000
310
001E0000000000000000000000000000000000000000000000000000000000000000001E000000000000000000001E000000001E0000000000000000000000000000000000000000001E00000000000000000000000000000000000000000000000000001E0000000000000000000000000000000000000000000000000000
310
00000000000000000000000000000000000000000000000000000000000000000000000000000000000000000000000000000000000000000000000000000000000000000000000000000000000000000000000000000000000000000000000000000000000000000000000000000000000000000000000000000000000000
310
000000000000000000000000000000000000000000000000001E00000000000000000000000000000000000000000000001E0000000000000000000000000000000000000000000000000000000000000000000000000000001E1E1E0000000000000000000000000000000000000000000000000000000000000000000000
310
000000000000000000000000000000000000000000000000000000000000000000000000000000000000000000000000000000000000000000000000000000000000001E00000000000000000000000000000000000000000000000000001E0000000000000000000000000000000000000000001E000000001E0000000000
310
00000000001E00000000000000000000000000000000000000000000000000000000000000001E000000000000000000001E0000000000001E0000000000000000000000000000000000000000001E000000000000000000000000000000000000000000000000001E00000000000000000000000000000000000000000000
310
0000000000000000000000000000000000000000000000000000000000000000000000000000000000000000000000000000000000000000000000000000000000000000000000000000000000000000000000000000000000000000000000001E000000000000000000000000000000000000000000000000000000000000
310
000000000000000000000000000000000000000000000000000000001E000000000000000000000000000000000000000000000000001E0000000000000000000000000000000000000000000000000000000000000000000000001E1E0000001E00000000000000000000000000000000001E1E0000000000000000000000
310
0000000000000000000000000000000000000000000000000000000000000000000000000000000000000000000000000000000000000000000000000000000000000000000000001E000000000000000000000000000000000000000000000000001E00000000000000000000000000000000000000001E0000000000001E
310
000000000000000000001E000000000000000000000000000000000000000000000000000000000000001E000000000000000000001E0000000000001E0000000000000000000000000000000000000000001E0000000000000000000000000000000000000000000000001E00000000000000000000000000000000000000
310
0000000000000000000000000000000000000000000000000000000000000000000000000000000000000000000000000000000000000000000000000000000000000000000000000000000000000000000000001E1E1E0000000000000000000000001E001E00000000000000000000000000000000000000000000000000
310
000000000000000000000000000000000000000000000000000000000000001E0000000000000000000000000000000000000000000000000000001E000000000000000000000000000000000000000000000000000000000000000000001E00000000001E0000000000000000000000000000001E1E00001E000000000000
310
000000000000000000000000000000000000000000000000000000000000000000000000000000000000000000000000000000000000000000000000000000000000000000000000000000001E0000000000000000000000000000000000000000000000001E0000000000000000000000000000000000000000001E000000
310
0000001E000000000000000000001E000000000000000000000000000000000000000000000000000000000000001E000000000000000000001E0000000000001E0000000000000000000000000000000000000000001E0000000000000000000000000000000000000000000000001E000000000000000000000000000000
310
000000000000000000000000000000000000000000000000000000000000000000000000000000000000000000000000000000000000000000000000000000000000000000000000000000000000000000000000000000001E001E00000000000000000000001E0000001E0000000000000000000000000000000000000000
310
000000000000000000000000000000000000000000000000000000000000000000001E00000000000000000000000000000000000000000000000000000000001E0000000000000000000000000000000000000000000000000000000000000000001E0000000000001E00000000000000000000000000001E000000001E00
310
00000000000000000000000000000000000000000000000000000000000000000000000000000000000000000000000000000000000000000000000000000000000000000000000000000000000000001E0000000000000000000000000000000000000000000000001E000000000000000000000000000000000000000000
310
1E0000000000001E000000000000000000001E0000000000000000000000000000000000000000000000000000000000001E0000000000000000000000001E000000001E00000000000000000000000000000000000000000000001E000000000000000000000000000000000000000000001E000000000000000000000000
310
00000000000000000000000000000000000000000000000000000000000000000000000000000000000000000000000000000000000000000000000000000000000000000000000000000000000000000000000000000000000000001E1E1E000000000000000000001E00000000001E000000000000000000000000000000
310
000000000000000000000000000000000000000000000000000000000000000000000000001E000000000000000000000000000000000000000000000000000000000000001E00000000000000000000000000000000000000000000000000000000000000001E0000000000001E00000000000000000000000000001E0000
310
00001E000000000000000000000000000000000000000000000000000000000000000000000000000000000000000000000000000000000000000000000000000000000000000000000000000000000000000000001E000000000000000000000000000000000000000000001E000000000000000000000000000000000000
310
00000000001E000000001E0000000000000000000000001E00000000000000000000000000000000000000000000000000000000001E0000000000000000000000001E0000001E1E0000000000000000000000000000000000000000000000001E00000000000000000000000000000000000000001E000000000000000000
310
0000000000000000000000000000000000000000000000000000000000000000000000000000000000000000000000000000000000000000000000000000000000000000000000000000000000000000000000000000000000000000000000000000000000000000000000001E000000000000001E00000000000000000000
310
000000000000000000000000000000000000000000000000000000000000000000000000000000001E0000000000000000000000000000000000000000000000000000000000000000001E00000000000000000000000000000000000000000000000000000000000000001E000000001E0000000000000000000000000000
310
001E00001E1E0000000000000000000000000000000000000000000000000000000000000000000000000000000000000000000000000000000000000000000000000000000000000000000000000000000000000000000000001E00000000000000000000000000000000000000001E000000000000000000000000000000
310
0000000000000000001E1E00001E1E0000000000000000000000001E00000000000000000000000000000000000000000000000000000000001E000000000000000000000000001E1E1E0000000000000000000000000000000000000000000000000000001E0000000000000000000000000000000000001E000000000000
310
0000000000000000000000000000000000000000000000000000000000000000000000000000000000000000000000000000000000000000000000000000000000000000000000000000000000000000000000000000000000000000000000000000000000000000000000000000001E0000000000000000001E0000000000
310
000000000000000000000000000000000000000000000000000000000000000000000000000000000000001E00000000000000000000000000000000000000000000000000000000000000000000001E000000000000000000000000000000000000000000000000000000000000001E1E00001E1E00000000000000000000
310
0000000000001E1E0000000000000000000000000000000000000000000000000000000000000000000000000000000000000000000000000000000000000000000000000000000000000000000000000000000000000000000000000000001E0000000000000000000000000000000000001E000000000000000000000000
310
0000000000000000000000000000001E1E00000000000000000000000000001E000000000000000000000000000000000000000000000000000000001E0000000000000000000000000000000000000000000000000000000000000000000000000000000000000000001E000000000000000000000000000000001E000000
310
0000000000000000000000000000000000000000000000000000000000000000000000000000000000000000000000000000000000000000000000000000000000000000000000000000000000000000000000000000000000000000000000000000000000000000000000000000000000001E00000000000000000000001E
310
000000000000000000000000000000000000000000000000000000000000000000000000000000000000000000001E000000000000000000000000000000000000000000000000000000000000000000000000001E00000000000000000000000000000000000000000000000000000000000000001E1E0000000000000000
310
000000000000000000000000000000000000000000000000000000000000000000000000000000000000000000000000000000000000000000000000000000000000000000000000000000000000000000000000000000000000000000000000000000001E000000000000000000000000000000001E000000000000000000
310
0000000000000000000000000000000000000000000000000000000000000000000000001E0000000000000000000000000000000000000000000000000000001E000000001E00000000000000000000000000000000000000000000000000000000000000000000000000000000001E1E0000000000000000000000001E1E
310
0000000000000000000000000000000000000000000000000000000000000000000000000000000000000000000000000000000000000000000000000000000000000000000000000000000000000000000000000000000000000000000000000000000000000000000000000000000000000000001E000000000000000000
310
000000001E00000000000000000000000000000000000000000000000000000000000000000000000000000000000000001E0000000000000000000000000000000000000000000000000000000000000000000000000000001E00000000000000000000000000000000000000000000000000000000000000000000000000
310
0000000000000000000000000000000000000000000000000000000000000000000000000000000000000000000000000000000000000000000000000000000000000000000000000000000000000000000000000000000000000000000000000000000000000000001E1E00000000000000000000001E1E1E000000000000
310
00000000000000000000000000000000000000000000000000000000000000000000001E000000001E0000000000000000000000000000000000000000000000000000001E0000001E001E0000000000000000000000000000000000000000000000000000000000000000000000000000000000001E1E1E1E000000001E1E
310
1E1E000000000000000000000000000000000000000000000000000000000000000000000000000000000000000000000000000000000000000000000000000000000000000000000000000000000000000000000000000000000000000000000000000000000000000000000000000000000000000000001E000000000000
310
0000000000000000001E0000000000000000000000000000000000000000000000000000000000000000000000000000000000001E00000000000000000000000000000000000000000000000000000000000000000000000000000000001E0000000000000000000000000000000000000000000000000000000000000000
310
0000000000000000000000000000000000000000000000000000000000000000000000000000000000000000000000000000000000000000000000000000000000000000000000000000000000000000000000000000000000000000000000000000000000000000000000000000001E1E1E1E0000001E1E1E1E0000000000
310
00000000000000000000000000000000000000000000000000000000000000000000000000001E001E0000001E00000000000000000000000000000000000000000000000000001E000000001E00001E0000000000000000000000000000000000000000000000000000000000000000000000000000000000000000001E1E
310
1E1E000000000000000000000000000000000000000000000000000000000000000000000000000000000000000000000000000000000000000000000000000000000000000000000000000000000000000000000000000000000000000000000000000000000000000000000000000000000000000000000000001E000000
310
00000000000000000000000000001E000000000000000000000000000000000000000000000000000000000000000000000000000000001E000000000000000000000000000000000000000000000000000000000000000000000000000000000000001E000000000000000000000000000000000000000000000000000000
310
00000000000000000000000000000000000000000000000000000000000000000000000000000000000000000000000000000000000000000000000000000000000000000000000000000000000000000000000000000000000000000000000000000000000000000000000000000000000000000000001E1E1E0000000000
310
00000000000000000000000000000000000000000000000000000000000000000000000000000000001E00001E000000001E000000000000000000000000000000000000000000000000001E000000001E1E1E0000000000000000000000000000000000000000000000000000000000000000000000000000000000000000
310
0000000000000000000000000000000000000000000000000000000000000000000000000000000000000000000000000000000000000000000000000000000000000000000000000000000000000000000000000000000000000000000000000000000000000000000000000000000000000000000000000000000000001E
310
000000000000000000000000000000000000001E00000000000000000000000000000000000000000000000000000000000000000000000000001E0000000000000000000000000000000000000000000000000000000000000000000000000000000000000000001E0000000000000000000000000000000000001E1E0000
310
000000000000000000000000000000000000000000000000000000000000000000000000001E1E00000000000000000000000000000000000000000000000000000000000000000000000000000000000000000000000000000000000000000000000000000000000000000000000000000000000000000000000000000000
310
000000000000000000000000000000000000000000000000000000000000000000000000000000000000000000001E1E1E000000001E000000000000000000000000000000000000000000000000001E0000000000000000000000000000000000000000000000000000000000000000000000000000000000000000000000
310
00000000000000000000000000000000000000000000000000000000000000000000000000000000000000000000000000000000000000000000000000000000000000000000000000000000000000000000000000000000000000000000000000000000000000000000000000000000000000000000000000000000000000
310
00001E0000000000000000000000000000000000000000001E0000000000000000000000000000000000000000000000000000000000000000000000001E00000000000000000000000000000000000000000000000000000000000000000000000000000000000000000000001E000000000000000000000000000000001E
310
00001E0000000000000000000000000000000000001E0000000000000000000000000000000000001E00001E0000000000000000000000000000000000000000000000000000000000000000000000000000000000000000000000000000000000000000000000000000000000000000000000000000000000000000000000
310
0000000000000000000000000000000000000000000000000000000000000000000000000000000000000000000000000000000000000000001E000000000000000000000000000000000000000000000000001E0000000000000000000000000000000000000000001E1E1E00000000000000000000000000000000000000
310
00000000000000000000000000000000000000000000000000000000000000000000000000000000000000000000000000000000000000000000000000000000000000000000000000000000000000000000000000000000000000000000000000000000000000000000000000000000000000000000000000000000000000
310
00000000001E00000000000000000000000000000000000000000000001E000000000000000000000000000000000000000000000000000000000000000000001E000000000000000000000000000000000000000000000000000000000000000000000000000000000000000000000000001E000000000000000000000000
310
00001E0000001E00000000000000000000000000000000001E001E000000000000000000000000000000001E0000001E00000000000000000000000000000000000000000000000000000000000000000000000000000000000000000000000000000000000000000000000000000000000000000000000000000000000000
310
000000000000000000000000000000000000000000000000000000000000000000000000001E1E1E0000000000000000000000000000000000000000001E0000000000000000000000000000000000000000000000001E000000000000000000000000000000000000000000001E001E000000000000000000000000000000
310
00000000000000000000000000000000000000000000000000000000000000000000000000000000000000000000000000000000000000000000000000000000000000000000000000000000000000000000000000000000000000000000000000000000000000000000000000000000000000000000000000000000000000
310
00000000000000001E000000000000000000000000000000000000000000000000001E00000000000000000000000000000000000000000000000000000000000000001E0000000000000000000000000000000000000000000000000000000000000000000000000000000000000000000000000000001E00000000000000
310
0000000000001E000000001E0000000000000000000000000000001E00001E000000000000000000000000000000001E000000001E0000000000000000000000000000000000000000000000000000000000000000000000000000000000000000000000000000000000000000000000000000000000000000000000000000
310
00000000000000000000000000000000000000000000000000000000000000000000000000000000001E001E000000000000000000000000000000000000000000001E00000000000000000000000000000000000000000000001E000000000000000000000000000000000000000000001E1E1E0000000000000000000000
310
00000000000000000000000000000000000000000000000000000000000000000000000000000000000000000000000000000000000000000000000000000000000000000000000000000000000000000000000000000000000000000000000000000000000000000000000000000000000000000000000000000000000000
310
00000000000000000000001E0000000000000000000000000000000000000000000000000000001E0000000000000000000000000000000000000000000000000000000000001E00000000000000000000000000000000000000000000000000000000000000000000000000000000000000000000000000000000001E0000
310
00000000000000000000001E001E1E00000000000000000000000000000000001E1E1E00000000000000000000000000000000001E001E1E0000000000000000000000000000000000000000000000000000000000000000000000000000000000000000000000000000000000000000000000000000000000000000000000
310
0000000000000000000000000000000000000000000000000000000000000000000000000000000000000000001E1E1E000000000000000000000000000000000000000000001E00000000000000000000000000000000000000000000001E0000000000000000000000000000000000000000000000000000000000000000
310
00000000000000000000000000000000000000000000000000000000000000000000000000000000000000000000000000000000000000000000000000000000000000000000000000000000000000000000000000000000000000000000000000000000000000000000000000000000000000000000000000000000000000
310
0000001E000000000000000000001E00000000000000000000000000000000000000000000000000000000001E0000000000000000001E0000000000000000000000000000000000001E0000000000000000000000000000000000000000000000000000000000000000000000000000000000000000000000000000000000
310
00001E0000000000000000001E0000001E000000000000000000000000000000000000000000000000000000000000000000000000000000001E000000000000000000000000000000000000000000000000000000000000000000000000000000000000000000000000000000000000000000000000000000000000000000
310
00000000000000000000000000000000000000000000000000000000000000000000000000000000000000000000000000000000000000000000000000000000000000000000000000001E00000000000000000000000000000000000000000000001E00000000000000000000000000000000000000000000000000000000
310
00000000000000000000000000000000000000000000000000000000000000000000000000000000000000000000000000000000000000000000000000000000000000000000000000000000000000000000000000000000000000000000000000000000000000000000000000000000000000000000000000000000000000
310
0000000000001E001E00000000000000001E000000000000000000000000000000000000000000000000000000000000001E000000000000001E001E000000000000000000000000000000001E0000000000000000000000000000000000000000000000000000000000000000000000000000000000000000000000000000
310
000000000000001E000000000000001E001E00000000000000000000000000000000000000000000000000000000000000000000000000000000000000000000000000000000000000000000000000000000000000000000000000000000000000000000000000000000000000000000000000000000000000000000000000
310
0000000000000000000000000000000000000000000000000000000000000000000000000000000000000000000000000000000000000000000000000000000000000000000000000000000000001E00000000000000000000000000000000000000000000001E00000000000000000000001E1E1E00000000000000000000
310
00000000000000000000000000000000000000000000000000000000000000000000000000000000000000000000000000000000000000000000000000000000000000000000000000000000000000000000000000000000000000000000000000000000000000000000000000000000000000000000000000000000000000
310
000000000000000000001E00001E0000000000001E0000000000000000000000000000000000000000000000000000000000000000001E00000000001E00001E0000000000000000000000000000001E0000000000000000000000000000000000000000000000000000000000000000000000000000000000000000000000
310
0000000000000000000000001E0000000000001E00001E0000000000000000000000000000000000000000000000000000000000000000000000000000000000000000000000000000000000000000000000000000000000000000000000000000000000000000000000000000000000000000000000000000000000000000
310
00000000000000000000000000000000000000000000000000000000000000000000000000000000000000000000000000000000000000000000000000000000000000001E1E1E00000000000000000000001E000000000000000000000000000000000000000000001E000000000000000000001E1E0000001E1E00000000
310
00000000000000000000000000000000000000000000000000000000000000000000000000000000000000000000000000000000000000000000000000000000000000000000000000000000000000000000000000000000000000000000000000000000000000000000000000000000000000000000000000000000000000
310
00000000000000000000000000001E1E1E00000000000000001E000000000000000000000000000000000000000000000000000000000000001E000000000000001E1E1E00000000000000000000000000001E0000000000000000000000000000000000000000000000000000000000000000000000000000000000000000
310
00000000000000000000000000000000001E00000000001E1E1E0000000000000000000000000000000000000000000000000000000000000000000000000000000000000000000000000000000000000000000000000000000000000000000000000000000000000000000000000000000000000000000000000000000000
310
000000000000000000000000000000000000000000000000000000000000000000000000000000000000000000000000000000000000000000000000000000000000000000001E1E0000001E1E000000000000000000001E0000000000000000000000000000000000000000001E000000000000000000001E00000000001E
310
00000000000000000000000000000000000000000000000000000000000000000000000000000000000000000000000000000000000000000000000000000000000000000000000000000000000000000000000000000000000000000000000000000000000000000000000000000000000000000000000000000000000000
310
0000000000000000000000000000000000000000000000000000000000001E00000000000000000000000000000000000000000000000000000000001E0000000000000000000000000000000000000000000000001E0000000000000000000000000000000000000000000000000000000000000000000000000000000000
310
000000000000000000000000000000000000000000001E0000000000000000000000000000000000000000000000000000000000000000000000000000001E1E1E0000000000000000000000000000000000000000000000000000000000000000000000000000000000000000000000000000000000000000000000000000
310
00000000000000000000000000000000000000000000000000000000000000000000000000000000000000000000000000000000000000000000000000000000000000000000000000001E00000000001E000000000000000000001E0000000000000000000000000000000000000000001E0000000000000000001E000000
310
000000001E0000000000000000000000000000000000000000000000000000000000000000000000000000000000000000000000000000000000000000000000000000000000000000000000000000000000000000000000000000000000000000000000000000000000000000000000000000000000000000000000000000
310
00000000000000000000000000000000000000000000000000000000000000000000001E0000000000000000000000000000000000000000000000000000001E0000000000000000000000000000000000000000000000001E0000000000000000000000000000000000000000000000000000000000000000000000000000
310
0000000000000000000000000000000000000000000000000000001E000000000000000000000000000000000000001E000000000000000000000000000000001E1E0000001E1E0000000000000000000000000000000000000000000000000000000000000000000000000000000000000000000000000000000000000000
310
00000000000000000000000000000000000000000000000000000000000000000000000000000000000000000000000000000000000000000000000000000000000000000000000000000000001E000000000000001E0000000000000000001E0000000000000000000000000000000000000000001E000000000000000000
310
1E000000000000001E00000000000000000000000000000000000000000000000000000000000000000000000000000000000000000000000000000000000000000000000000000000000000000000000000000000000000000000000000000000000000000000000000000000000000000000000000000000000000000000
310
000000000000000000000000000000000000000000000000000000000000000000000000000000001E000000000000000000000000000000000000000000000000001E0000000000000000000000000000000000000000000000001E0000000000000000000000000000000000000000000000000000000000000000000000
310
00000000000000000000000000000000000000000000000000000000000000001E000000000000000000000000000000001E1E001E0000000000000000000000000000001E00000000001E00000000000000000000000000000000000000000000000000000000000000000000000000000000000000000000000000000000
310
0000000000000000000000000000000000000000000000000000000000000000000000000000000000000000000000000000000000000000000000000000000000000000000000000000000000000000001E000000000000001E0000000000000000001E0000000000000000000000000000000000000000001E0000000000
310
000000001E000000000000001E000000000000000000000000000000000000000000000000000000000000000000000000000000000000000000000000000000000000000000000000000000000000000000000000000000000000000000000000000000000000000000000000000000000000000000000000000000000000
310
0000000000000000000000000000000000000000000000000000000000000000000000000000000000000000001E00000000000000000000000000000000000000000000001E0000000000000000000000000000000000000000000000001E0000000000000000000000000000000000000000000000000000000000000000
310
000000000000000000000000000000000000000000000000000000000000000000000000001E00000000000000000000000000001E0000001E00000000000000000000000000001E000000000000001E0000000000000000000000000000000000000000000000000000000000000000000000000000000000000000000000
310
000000000000000000000000000000000000000000000000000000000000000000000000000000000000000000000000000000000000000000000000000000000000000000000000000000000000000000000000001E000000000000001E0000000000000000001E00000000000000000000000000000000000000001E0000
310
0000000000000000001E00000000001E000000000000000000000000000000000000000000000000000000000000000000000000000000000000000000000000000000000000000000000000000000000000000000000000000000000000000000000000000000000000000000000000000000000000000000000000000000
310
00000000000000000000000000000000000000000000000000000000000000000000000000000000000000000000000000001E0000000000000000000000000000000000000000001E0000000000000000000000000000000000000000000000001E0000000000000000000000000000000000000000000000000000000000
310
0000000000000000000000000000000000000000000000000000000000000000000000000000000000001E000000000000000000000000001E000000001E000000000000000000000000001E000000000000001E00000000000000000000000000000000000000000000000000000000000000000000000000000000000000
310
0000000000000000000000000000000000000000000000000000000000000000000000000000000000000000000000000000000000000000000000000000000000000000000000000000000000000000000000000000000000001E00000000001E00000000000000000000001E000000000000000000000000000000000000
310
001E00000000000000000000001E1E0000001E1E0000000000000000000000000000000000000000000000000000000000000000000000000000000000000000000000000000000000000000000000000000000000000000000000000000000000000000000000000000000000000000000000000000000000000000000000
310
000000000000000000000000000000000000000000000000000000000000000000000000000000000000000000000000000000000000001E000000000000000000000000000000000000001E0000000000000000000000000000000000000000000000001E0000000000000000000000000000000000000000000000000000
310
00000000000000000000000000000000000000000000000000000000000000000000000000000000000000000000001E000000000000000000000000001E0000001E000000000000000000000000001E000000000000001E000000000000000000000000000000000000000000000000000000000000000000000000000000
310
000000000000000000000000000000000000000000000000000000000000000000000000000000000000000000000000000000000000000000000000000000000000000000000000000000000000000000000000000000000000000000001E1E0000001E1E00000000000000000000001E0000000000000000000000000000
310
00000000001E000000000000000000000000001E1E1E000000000000000000000000000000000000000000000000000000000000000000000000000000000000000000000000000000000000000000000000000000000000000000000000000000000000000000000000000000000000000000000000000000000000000000
310
0000000000000000000000000000000000000000000000000000000000000000000000000000000000000000000000000000000000000000000000001E00000000000000000000000000000000001E0000000000000000000000000000000000000000000000001E0000000000000000000000000000000000000000000000
310
000000000000000000000000000000000000000000000000000000000000000000000000000000000000000000000000000000001E0000000000000000000000001E1E1E1E0000000000000000000000000000001E00000000001E000000000000000000000000000000000000000000000000000000000000000000000000
310
000000000000000000000000000000000000000000000000000000000000000000000000000000000000000000000000000000000000000000000000000000000000000000000000000000000000000000000000000000000000000000000000000000001E1E1E000000000000000000000000001E00000000000000000000
310
0000000000000000001E000000000000000000000000000000000000000000000000000000000000000000000000000000000000000000000000000000000000000000000000000000000000000000000000000000000000000000000000000000000000000000000000000000000000000000000000000000000000000000
310
00000000000000000000000000000000000000000000000000000000000000000000000000000000000000000000000000000000000000000000000000000000001E0000000000000000000000000000001E0000000000000000000000000000000000000000000000001E0000000000000000000000000000000000000000
310
0000000000000000000000000000000000000000000000000000000000000000000000000000000000000000000000000000000000000000001E0000000000000000000000000000000000000000000000000000000000001E1E0000001E1E0000000000000000000000000000000000000000000000000000000000000000
310
0000000000000000000000000000000000000000000000000000000000000000000000000000000000000000000000000000000000000000000000000000000000000000000000000000000000000000000000000000000000000000000000000000000000000000000000000000000000000000000000001E000000000000
310
000000000000000000000000001E0000000000000000000000000000000000000000000000000000000000000000000000000000000000000000000000000000000000000000000000000000000000000000000000000000000000000000000000000000000000000000000000000000000000000000000000000000000000
310
000000000000000000000000000000000000000000000000000000000000000000000000000000000000000000000000000000000000000000000000000000000000000000001E000000000000000000000000001E0000000000000000000000000000000000000000000000001E0000000000000000000000000000000000
310
00000000000000000000000000000000000000000000000000000000000000000000000000000000000000000000000000000000000000000000000000001E000000000000000000000000000000000000000000000000000000000000001E1E1E000000000000000000000000000000000000000000000000000000000000
310
000000000000000000000000000000000000000000000000000000000000000000000000000000000000000000000000000000000000000000000000000000000000000000000000000000000000000000000000000000000000000000000000000000000000000000000000000000000000000000000000000000001E0000
310
00000000000000000000000000000000001E0000001E1E1E00000000000000000000000000000000000000000000000000000000000000000000000000000000000000000000000000000000000000000000000000000000000000000000000000000000000000000000000000000000000000000000000000000000000000
310
0000000000000000000000000000000000000000000000000000000000000000000000000000000000000000000000000000000000000000000000000000000000000000000000000000001E00000000000000000000001E0000000000000000000000000000000000000000000000001E0000000000000000000000000000
310
000000000000000000000000000000000000000000000000000000000000000000000000000000000000000000000000000000000000000000000000000000000000001E0000000000000000000000000000000000000000000000000000000000000000000000000000000000000000000000000000000000000000000000
310
00000000000000000000000000000000000000000000000000000000000000000000000000000000000000000000000000000000000000000000000000000000000000000000000000000000000000000000000000000000000000000000000000000000000000000000000000000000000000000000000000001E1E1E0000
310
001E0000000000000000000000000000000000001E0000001E00001E000000000000000000000000000000000000000000000000000000000000000000000000000000000000000000000000000000000000000000000000000000000000000000000000000000000000000000000000000000000000000000000000000000
310
00000000000000000000000000000000000000000000000000000000000000000000000000000000000000000000000000000000000000000000000000000000000000000000000000000000000000001E0000000000000000001E0000000000000000000000000000000000000000000000001E0000000000000000000000
310
0000000000000000000000000000000000000000000000000000000000000000000000000000000000000000000000000000000000000000000000000000000000000000000000001E000000000000000000000000000000000000000000000000000000000000000000000000000000000000000000000000000000000000
310
0000000000000000000000000000000000000000000000000000000000000000000000000000000000000000000000000000000000000000000000000000000000000000000000000000000000000000000000000000000000000000000000000000000000000000000000000000000000000000000000000000000000001E
310
00001E0000001E00000000000000000000000000000000001E000000001E001E0000000000000000000000000000000000000000000000000000000000000000000000000000000000000000000000000000000000000000000000000000000000000000000000000000000000000000000000000000000000000000000000
310
000000000000000000000000000000000000000000000000000000000000000000000000000000000000000000000000000000000000000000000000000000000000000000000000000000000000000000000000001E000000000000001E0000000000000000000000000000000000000000000000001E0000000000000000
310
00000000000000000000000000000000000000000000000000000000000000000000000000000000000000000000000000000000000000000000000000000000000000000000000000000000001E00000000000000000000000000000000000000000000000000000000000000000000000000000000000000000000000000
310
00000000000000000000000000000000000000000000000000000000000000000000000000000000000000000000000000000000000000000000000000000000000000000000000000000000000000000000000000000000000000000000000000000000000000000000000000000000000000000000000000000000000000
310
0000001E001E000000001E00000000000000000000000000000000001E00000000001E0000000000000000000000000000001E1E1E0000000000000000000000000000000000000000000000000000000000000000000000000000000000000000000000000000000000000000000000000000000000000000000000000000
310
0000000000000000000000000000000000000000000000000000000000000000000000000000000000000000000000000000000000000000000000000000000000000000000000000000000000000000000000000000000000001E00000000001E0000000000000000000000000000000000000000000000001E0000000000
310
000000000000000000000000000000000000000000000000000000000000000000000000000000000000000000000000000000000000000000000000000000000000000000000000000000000000000000001E000000000000000000000000000000001E1E1E1E1E0000000000000000000000000000000000000000000000
310
0000000000000000000000000000000000000000000000000000000000000000000000000000000000000000000000000000000000000000000000000000000000000000000000000000000000000000000000000000000000000000000000000000000000000000000000000000000000000000001E1E1E00000000000000
310
00000000000000001E00000000001E00000000000000000000000000000000001E00000000000000000000000000000000000000001E00001E00000000000000000000000000000000000000000000000000000000000000000000000000000000000000000000000000000000000000000000000000000000000000000000
310
00000000000000000000000000000000000000000000000000000000000000000000000000000000000000000000000000000000000000000000000000000000000000000000000000000000000000000000000000000000000000000000001E0000001E0000000000000000000000000000000000000000000000001E0000
310
0000000000000000000000000000000000000000000000000000000000000000000000000000000000000000000000000000000000000000000000000000000000000000000000000000000000000000000000000000001E00000000000000000000000000001E000000001E000000000000000000000000000000001E1E1E
310
000000000000000000000000000000000000000000000000000000000000000000000000000000000000000000000000000000000000000000000000000000000000000000000000000000000000000000000000000000000000000000000000000000000000000000000000000000000000000000000000001E00001E0000
310
0000000000000000000000000000000000001E00000000000000000000000000000000001E0000000000000000000000000000000000000000001E001E000000000000000000000000000000000000000000000000000000000000000000000000000000000000000000000000000000000000000000000000000000000000
310
000000000000000000000000000000000000000000000000000000000000000000000000000000000000000000000000000000000000000000000000000000000000000000000000000000000000000000000000000000000000000000000000000000001E001E000000000000000000000000000000000000000000000000
310
1E000000000000000000000000000000000000000000000000000000000000000000000000000000000000000000000000000000000000000000000000000000000000000000000000000000000000000000000000000000000000001E000000000000000000000000001E000000001E000000000000000000000000000000
310
001E00001E0000000000000000000000000000000000000000000000000000000000000000000000000000000000000000000000000000000000000000000000000000000000000000000000000000000000000000000000000000000000000000000000000000000000000000000000000000000000000000000000001E00
310
1E0000000000000000000000000000000000000000001E000000000000000000000000000000001E00000000000000000000000000000000000000000000001E000000000000000000000000000000000000000000000000000000000000000000000000000000000000000000000000000000000000000000000000000000
310
0000000000000000000000000000000000000000000000000000000000000000000000000000000000000000000000000000000000000000000000000000000000000000000000000000000000000000000000000000000000000000000000000000000000000000001E000000000000000000000000000000000000000000
310
0000001E0000000000000000000000000000000000000000000000000000000000000000000000000000000000000000000000000000000000000000000000000000000000000000000000000000000000000000000000000000000000000000001E000000000000000000000000001E0000001E0000000000000000000000
310
00000000001E001E0000000000000000000000000000000000000000000000000000000000000000000000000000000000000000000000000000000000000000000000000000000000000000000000000000000000000000000000000000000000000000000000000000000000000000000000000000000000000000000000
310
0000001E00000000000000000000000000000000000000000000001E0000000000000000000000000000001E0000000000000000000000000000000000000000000000000000000000000000000000000000000000000000000000000000000000000000000000000000000000000000000000000000000000000000000000
310
00000000000000000000000000000000000000000000000000000000000000000000000000000000000000000000000000000000000000000000000000000000000000000000000000000000000000000000000000000000000000000000000000000000000000000000000000000000000000000000000000000000000000
310
0000000000001E00000000000000000000000000000000000000000000000000000000000000000000000000000000000000000000000000000000000000000000000000000000000000000000000000000000000000000000000000000000000000000000001E0000000000000000000000001E00001E1E00000000000000
310
000000000000000000001E0000000000000000000000000000000000000000000000000000000000000000000000000000000000000000000000000000000000000000000000000000000000000000000000000000000000000000000000000000000000000000000000000000000000000000000000000000000000000000
310
000000000000000000000000000000000000000000000000000000000000001E0000000000000000000000000000001E00000000000000000000000000000000000000000000000000000000000000000000000000000000000000000000000000000000000000000000000000000000000000000000000000000000000000
310
00000000000000000000000000000000000000000000000000000000000000000000000000000000000000000000000000000000000000000000000000000000000000000000000000000000000000000000000000000000000000000000000000000000000000000000000000000000000000000000000000000000000000
310
0000000000000000001E000000000000000000000000000000000000000000000000000000000000000000000000000000000000000000000000000000000000000000000000000000000000000000000000000000000000000000000000000000000000000000000000001E0000000000000000000000001E1E0000000000
310
00000000000000000000000000000000000000000000000000000000000000000000000000000000000000000000000000000000000000000000000000000000000000000000000000000000000000000000000000000000000000000000000000000000000000000000000000000000000000000000000000000000000000
310
00000000000000000000000000000000000000000000000000000000000000000000001E0000000000000000000000000000001E0000000000000000000000001E1E1E000000000000000000000000000000000000000000000000000000000000000000000000000000000000000000000000000000000000000000000000
310
00000000000000000000000000000000000000000000000000000000000000000000000000000000000000000000000000000000000000000000000000000000000000000000000000000000000000000000000000000000000000000000000000000000000000000000000000000000000000000000000000000000000000
310
0000000000000000000000001E0000000000000000000000000000000000000000000000000000000000000000000000000000000000000000000000000000000000000000000000000000000000000000000000000000000000000000000000000000000000000000000000000000001E0000000000000000000000000000
310
00000000000000000000000000000000000000000000000000000000000000000000000000000000000000000000000000000000000000000000000000000000000000000000000000000000000000000000000000000000000000000000000000000000000000000000000000000000000000000000000000000000000000
310
000000000000000000000000000000000000000000000000001E1E0000000000000000000000001E0000000000000000000000000000001E000000000000000000001E1E0000001E00000000000000000000000000000000000000000000000000000000000000000000000000000000000000000000000000000000000000
310
00000000000000000000000000000000000000000000000000000000000000000000000000000000000000000000000000000000000000000000000000000000000000000000000000000000000000000000000000000000000000000000000000000000000000000000000000000000000000000000000000000000000000
310
0000000000000000000000000000001E00000000000000000000000000000000000000000000000000000000000000000000000000000000000000000000000000000000000000000000000000000000000000000000000000000000000000000000000000000000000000000000000000000000001E000000000000000000
310
00000000000000000000000000000000000000000000000000000000000000000000000000000000000000000000000000000000000000000000000000000000000000000000000000000000000000000000000000000000000000000000000000000000000000000000000000000000000000000000000000000000000000
310
0000000000000000000000000000000000000000000000000000001E1E00001E1E000000000000000000001E00000000000000000000000000001E00000000000000000000001E000000001E000000000000000000000000000000000000000000000000000000000000000000000000000000000000000000000000000000
310
00000000000000000000000000000000000000000000000000000000000000000000000000000000000000000000000000000000000000000000000000000000000000000000000000000000000000000000000000000000000000000000000000000000000000000000000000000000000000000000000000000000000000
310
0000000000000000000000000000000000001E000000000000000000000000000000000000000000000000000000000000000000000000000000000000000000000000000000000000000000000000000000000000000000000000000000000000000000000000000000000000000000000000000000000000001E00000000
310
00000000000000000000000000000000000000000000000000000000000000000000000000000000000000000000000000000000000000000000000000000000000000000000000000000000000000000000000000000000000000000000000000000000000000000000000000000000000000000000000000000000000000
310
000000000000000000000000000000000000000000000000000000000000001E000000001E00000000000000000000001E000000000000000000000000001E000000000000000000001E0000000000001E00000000000000000000000000000000000000000000000000000000000000000000000000000000000000000000
310
00000000000000000000000000000000000000000000000000000000000000000000000000000000000000000000000000000000000000000000000000000000000000000000000000000000000000000000000000000000000000000000000000000000000000000000000000000000000000000000000000000000000000
310
00001E0000000000000000000000000000000000001E000000000000000000000000000000000000000000000000000000000000000000000000000000000000000000000000000000000000000000000000000000000000000000000000000000000000000000000000000000000000000000000000000000000000000000
310
1E000000000000000000000000000000000000000000000000000000000000000000000000000000000000000000000000000000000000000000000000000000000000000000000000000000000000000000000000000000000000000000000000000000000000000000000000000000000000000000000000000000000000
310
000000000000000000000000000000000000000000000000000000000000000000001E0000000000001E000000000000000000001E000000000000000000000000001E000000000000000000001E0000000000001E000000000000000000000000000000000000000000000000000000000000000000000000000000000000
310
00000000000000000000000000000000000000000000000000000000000000000000000000000000000000000000000000000000000000000000000000000000000000000000000000000000000000000000000000000000000000000000000000000000000000000000000000000000000000000000000000000000000000
310
00000000001E001E000000000000000000000000000000001E000000000000000000000000000000000000000000000000000000000000000000000000000000000000000000000000000000000000000000000000000000000000000000000000000000000000000000000000000000000000000000000000000000000000
310
00000000001E0000000000000000000000000000000000001E1E0000000000000000000000000000000000000000000000000000000000000000000000000000000000000000000000000000000000000000000000000000000000000000000000000000000000000000000000000000000000000000000000000000000000
310
00000000000000000000000000000000000000000000000000000000000000000000000000001E0000000000001E000000000000000000001E000000000000000000000000001E000000000000000000001E0000000000001E0000000000000000000000000000000000000000000000000000000000000000000000000000
310
00000000000000000000000000000000000000000000000000000000000000000000000000000000000000000000000000000000000000000000000000000000000000000000000000000000000000000000000000000000000000000000000000000000000000000000000000000000000000000000000000000000000000
310
00000000000000001E00001E0000000000000000000000000000001E000000000000000000000000000000000000000000000000000000000000000000000000000000000000000000000000000000000000000000000000000000000000000000000000000000000000000000000000000000000000000000000000000000
310
000000000000000000001E0000000000000000000000000000001E1E00001E000000000000000000000000000000000000000000000000000000000000000000000000000000000000000000000000000000000000000000000000000000000000000000000000000000000000000000000000000000000000000000000000
310
0000000000000000000000000000000000000000000000000000000000000000000000000000000000001E0000000000001E000000000000000000001E000000000000000000000000001E00000000000000000000001E000000001E0000000000000000000000000000000000000000000000000000000000000000000000
310
00000000000000000000000000000000000000000000000000000000000000000000000000000000000000000000000000000000000000000000000000000000000000000000000000000000000000000000000000000000000000000000000000000000000000000000000000000000000000000000000000000000000000
310
000000000000000000000000001E1E1E00000000000000000000000000001E000000000000000000000000000000000000000000000000000000000000000000000000000000000000000000000000000000000000000000000000000000000000000000000000000000000000000000000000000000000000000000000000
310
0000000000000000000000000000001E00000000000000001E1E1E0000001E000000001E00000000000000000000000000000000000000000000000000000000000000000000000000000000000000000000000000000000000000000000000000000000000000000000000000000000000000000000000000000000000000
310
00000000000000000000000000000000000000000000000000000000000000000000000000000000000000000000001E000000001E00000000000000000000001E000000000000000000000000001E00000000000000000000001E1E00001E1E00000000000000000000000000000000000000000000000000000000000000
310
00000000000000000000000000000000000000000000000000000000000000000000000000000000000000000000000000000000000000000000000000000000000000000000000000000000000000000000000000000000000000000000000000000000000000000000000000000000000000000000000000000000000000
310
0000000000000000000000000000000000000000000000000000000000000000001E000000000000000000000000000000000000000000000000000000000000000000000000000000000000000000000000000000000000000000000000000000000000000000000000000000000000000000000000000000000000000000
310
00000000000000000000000000000000000000001E0000000000001E00001E0000001E000000001E000000000000000000000000000000000000000000000000000000000000000000000000000000000000000000000000000000000000000000000000000000000000000000000000000000000000000000000000000000
310
0000000000000000000000000000000000000000000000000000000000000000000000000000000000000000000000000000001E0000001E1E00000000000000000000001E000000000000000000000000001E000000000000000000000000001E1E0000000000000000000000000000000000000000000000000000000000
310
00000000000000000000000000000000000000000000000000000000000000000000000000000000000000000000000000000000000000000000000000000000000000000000000000000000000000000000000000000000000000000000000000000000000000000000000000000000000000000000000000000000000000
310
0000000000000000000000000000000000000000000000000000000000000000000000001E000000000000000000000000000000000000000000000000000000000000000000000000000000000000000000000000000000000000000000000000000000000000000000000000000000000000000000000000000000000000
310
000000000000000000000000000000000000000000000000001E0000000000001E1E1E0000001E00001E1E000000000000000000000000000000000000000000000000000000000000000000000000000000000000000000000000000000000000000000000000000000000000000000000000000000000000000000000000
310
00000000000000000000000000000000000000000000000000000000000000000000000000000000000000000000000000000000000000001E1E1E000000000000000000000000001E000000000000000000000000001E00000000000000000000000000000000000000000000000000000000000000000000000000000000
310
00000000000000000000000000000000000000000000000000000000000000000000000000000000000000000000000000000000000000000000000000000000000000000000000000000000000000000000000000000000000000000000000000000000000000000000000000000000000000000000000000000000000000
310
0000000000000000000000000000000000000000000000000000000000000000000000000000001E000000000000000000000000000000000000000000000000000000000000000000000000000000000000000000000000000000000000000000000000000000000000000000000000000000000000000000000000000000
310
0000000000000000000000000000000000000000000000000000000000001E0000000000000000000000001E1E00000000000000000000000000000000000000000000000000000000000000000000000000000000000000000000000000000000000000000000000000000000000000000000000000000000000000000000
310
000000000000000000000000000000000000000000000000000000000000000000000000000000000000000000000000000000000000000000000000000000000000000000000000000000001E000000000000000000000000001E000000000000000000000000000000000000000000000000000000000000000000000000
310
00000000000000000000000000000000000000000000000000000000000000000000000000000000000000000000000000000000000000000000000000000000000000000000000000000000000000000000000000000000000000000000000000000000000000000000000000000000000000000000000000000000000000
310
0000000000000000000000000000000000000000000000000000000000000000000000000000000000001E000000000000000000000000000000000000000000000000000000000000000000000000000000000000000000000000000000000000000000000000000000000000000000000000000000000000000000000000
310
00000000000000000000000000000000000000000000000000000000000000000000001E00000000000000000000000000000000000000000000000000000000000000000000000000000000000000000000000000000000000000000000000000000000000000000000000000000000000000000000000000000000000000
310
00000000000000000000000000000000000000000000000000000000000000000000000000000000000000000000000000000000000000000000000000000000000000000000000000000000000000001E000000000000000000000000001E0000000000000000000000000000000000000000000000000000000000000000
310
00000000000000000000000000000000000000000000000000000000000000000000000000000000000000000000000000000000000000000000000000000000000000000000000000000000000000000000000000000000000000000000000000000000000000000000000000000000000000000000000000000000000000
310
0000000000000000000000000000000000000000000000000000000000000000000000000000000000000000001E000000000000000000000000000000000000000000000000000000000000000000000000000000000000000000000000000000000000000000000000000000000000000000000000000000000000000000
310
000000000000000000000000000000000000000000000000000000000000000000000000000000001E0000000000000000000000000000000000000000000000000000000000000000000000000000000000000000000000000000000000000000000000000000000000000000000000000000000000000000000000000000
310
0000000000000000000000000000000000000000000000000000000000000000000000000000000000000000000000000000000000000000000000000000000000000000000000000000000000000000000000001E0000000000000000000000001E00000000001E0000000000000000000000000000000000000000000000
310
00000000000000000000000000000000000000000000000000000000000000000000000000000000000000000000000000000000000000000000000000000000000000000000000000000000000000000000000000000000000000000000000000000000000000000000000000000000000000000000000000000000000000
310
0000000000000000000000000000000000000000000000000000000000000000000000000000000000000000000000001E000000000000000000000000000000000000000000000000000000000000000000000000000000000000000000000000000000000000000000000000000000000000000000000000000000000000
310
0000000000000000000000000000000000000000000000000000000000000000000000000000000000000000001E000000000000000000000000000000000000000000000000000000000000000000000000000000000000000000000000000000000000000000000000000000000000000000000000000000000000000000
310
00000000000000000000000000000000000000000000000000000000000000000000000000000000000000000000000000000000000000000000000000000000000000000000000000000000000000000000001E00000000001E00000000000000000000001E000000001E001E000000000000000000000000000000000000
310
00000000000000000000000000000000000000000000000000000000000000000000000000000000000000000000000000000000000000000000000000000000000000000000000000000000000000000000000000000000000000000000000000000000000000000000000000000000000000000000000000000000000000
310
0000000000000000000000000000000000000000000000000000000000000000000000000000000000000000000000000000001E000000000000000000000000000000000000000000000000000000000000000000000000000000000000000000000000000000000000000000000000000000000000000000000000000000
310
00000000000000000000000000000000000000000000000000000000000000000000000000000000000000000000000000001E00000000000000000000000000000000000000000000000000000000000000000000000000000000000000000000000000000000000000000000000000000000000000000000000000000000
310
00000000000000000000000000000000000000000000000000000000000000000000000000000000000000000000000000000000000000000000000000000000000000000000000000000000000000000000000000001E001E000000001E00000000000000000000001E0000001E00001E0000000000000000000000000000
310
1E1E1E00000000000000000000000000000000000000000000000000000000000000000000000000000000000000000000000000000000000000000000000000000000000000000000000000000000000000000000000000000000000000000000000000000000000000000000000000000000000000000000000000000000
310
0000000000000000000000000000000000000000000000000000000000000000000000000000000000000000000000000000000000001E000000000000000000000000000000000000000000000000000000000000000000000000000000000000000000000000000000000000000000000000000000000000000000000000
310
000000000000000000000000000000000000000000000000000000000000000000000000000000000000000000000000000000000000001E0000000000000000000000000000000000000000000000000000000000000000000000000000000000000000000000000000000000000000000000000000000000000000000000
310
000000000000000000000000000000000000000000000000000000000000000000000000000000000000000000000000000000000000000000000000000000000000000000000000001E1E1E00000000000000000000000000001E00001E0000001E00000000000000000000001E000000001E1E1E00000000000000000000
310
000000001E00001E0000000000000000000000000000000000000000000000000000000000000000000000000000000000000000000000000000000000000000000000000000000000000000000000000000000000000000000000000000000000000000000000000000000000000000000000000000000000000000000000
310
0000000000000000000000000000000000000000000000000000000000000000000000000000000000000000000000000000000000000000001E000000000000000000000000000000000000000000000000000000000000000000000000000000000000000000000000000000000000000000000000000000000000000000
310
0000000000000000000000000000000000000000000000000000000000000000000000000000000000000000000000000000000000000000000000001E000000000000000000000000000000000000000000000000000000000000000000000000000000000000000000000000000000000000000000000000000000000000
310
000000000000000000000000000000000000000000000000000000000000000000000000000000000000000000000000000000000000000000000000000000000000000000000000000000001E00001E00000000000000000000000000001E1E1E000000001E00000000000000000000001E00000000000000000000000000
310
00000000000000001E001E0000000000000000000000000000000000000000000000000000000000000000000000000000000000000000000000000000000000000000000000000000000000000000000000000000000000000000000000000000000000000000000000000000000000000000000000000000000000000000
310
0000000000000000000000000000000000000000000000000000000000000000000000000000000000000000000000000000000000000000000000001E000000000000000000000000000000000000000000000000000000000000000000000000000000000000000000000000000000000000000000000000000000000000
310
00000000000000000000000000000000000000000000000000000000000000000000000000000000000000000000000000000000000000000000000000000000001E00000000000000000000000000000000000000000000000000000000000000000000000000000000000000000000000000000000000000000000000000
310
0000000000000000000000000000000000000000000000000000000000000000000000000000000000000000000000000000000000000000000000000000000000000000000000000000000000000000001E001E0000000000000000000000000000000000000000001E00000000000000000000001E000000000000000000
310
000000000000000000000000001E0000000000000000000000000000000000000000000000000000000000000000000000000000000000000000000000000000000000000000000000000000000000000000000000000000000000000000000000000000000000000000000000000000000000000000000000000000000000
310
0000000000000000000000000000000000000000000000000000000000000000000000000000000000000000000000000000000000000000000000000000001E000000000000000000000000000000000000000000000000000000000000000000000000000000000000000000000000000000000000000000000000000000
310
000000000000000000000000000000000000000000000000000000000000000000000000000000000000000000000000000000000000000000000000000000000000000000001E0000000000000000000000000000000000000000000000000000000000000000000000000000000000000000000000000000000000000000
310
00000000000000000000000000000000000000000000000000000000000000000000000000000000000000000000000000000000000000000000000000000000000000000000000000000000000000000000000000001E000000000000000000000000000000000000000000001E00000000000000000000001E0000000000
310
00000000000000000000000000000000000000000000000000000000000000000000000000000000000000000000000000000000000000000000000000000000000000000000000000000000000000000000000000000000000000000000000000000000000000000000000000000000000000000000000000000000000000
310
0000000000000000000000000000000000000000000000000000000000000000000000000000000000000000000000000000000000000000000000000000000000001E000000000000000000000000000000000000000000000000000000000000000000000000000000000000000000000000000000000000000000000000
310
0000000000000000000000000000000000000000000000000000000000000000000000000000000000000000000000000000000000000000000000000000000000000000000000000000001E000000000000000000000000000000000000000000000000000000000000000000000000000000000000000000000000000000
310
00000000000000000000000000000000000000000000000000000000000000000000000000000000000000000000000000000000000000000000000000000000000000000000000000000000000000000000000000000000000000000000000000000000000000000000000000000000001E00000000000000000000001E00
310
00000000000000000000000000000000000000000000000000000000000000000000000000001E1E1E00000000000000000000000000001E1E1E0000000000000000000000000000000000001E1E1E000000000000000000000000000000000000000000000000000000000000000000000000000000000000000000000000
310
0000000000000000000000000000000000000000000000000000000000000000000000000000000000000000000000000000000000000000000000000000000000000000001E000000000000000000000000000000000000000000000000000000000000000000000000000000000000000000000000000000000000000000
310
0000000000000000000000000000000000000000000000000000000000000000000000000000000000000000000000000000000000000000000000000000000000000000000000000000000000001E000000000000000000000000000000000000000000000000000000000000000000000000000000000000000000000000
310
000000000000000000000000000000000000000000000000000000000000000000000000001E1E1E0000000000000000000000000000000000001E1E1E00000000000000000000000000001E1E1E0000000000000000000000000000000000000000000000000000000000000000000000000000001E000000000000000000
310
00001E00000000000000000000000000000000000000000000000000000000000000000000000000001E00001E000000000000000000000000001E00001E0000000000000000000000000000000000001E001E0000000000000000000000000000000000000000000000000000000000000000000000000000000000000000
310
0000000000000000000000000000000000000000000000000000000000000000000000000000000000000000000000000000000000000000000000000000000000000000000000001E000000000000000000000000000000000000000000000000000000000000000000000000000000000000000000000000000000000000
310
0000000000000000000000000000000000000000000000000000000000000000000000000000000000000000000000000000000000000000000000000000000000000000000000000000000000000000001E000000000000000000000000000000000000000000000000000000000000000000000000000000000000000000
310
000000000000000000000000000000000000000000000000000000000000000000000000000000001E00001E0000000000000000000000000000000000001E00001E000000000000000000000000001E001E0000000000000000000000000000000000000000000000000000000000000000000000000000001E0000000000
310
0000000000001E0000000000000000000000001E1E1E00000000000000000000000000000000000000000000001E00001E00000000000000000000000000001E001E0000000000000000000000000000000000001E00001E000000000000000000000000000000000000000000000000000000000000000000000000000000
310
0000000000000000000000000000000000000000000000000000000000000000000000000000000000000000000000000000000000000000000000000000000000000000000000000000001E000000000000000000000000000000000000000000000000000000000000000000000000000000000000000000000000000000
310
0000000000000000000000000000000000000000000000000000000000000000000000000000000000000000000000000000000000000000000000000000000000000000000000000000000000000000000000001E000000000000000000000000000000000000000000000000000000000000000000000000000000000000
310
00000000000000000000000000000000000000000000000000000000000000000000000000000000000000001E00001E0000000000000000000000000000000000001E001E00000000000000000000000000001E00001E0000000000000000000000000000000000000000000000001E1E0000000000000000000000001E00
310
000000000000000000001E000000000000000000001E1E0000001E00000000000000000000000000000000000000000000001E1E1E0000000000000000000000000000001E000000000000000000000000000000000000001E1E1E000000000000000000000000000000000000000000000000000000000000000000000000
310
0000000000000000000000000000000000000000000000000000000000000000000000000000000000000000000000000000000000000000000000000000000000000000000000000000000000001E000000000000000000000000000000000000000000000000000000000000000000000000000000000000000000000000
310
0000000000000000000000000000000000000000000000000000000000000000000000000000000000000000000000000000000000000000000000000000000000000000000000000000000000000000000000000000001E000000000000000000000000000000000000000000000000000000000000000000000000000000
310
000000000000000000000000000000000000000000000000000000000000000000000000000000000000000000000000001E1E1E000000000000000000000000000000000000001E0000000000000000000000000000001E1E1E00000000000000000000000000000000000000000000001E1E00001E1E0000000000000000
310
00001E00000000000000000000001E000000000000000000001E00000000001E0000000000000000000000000000000000000000000000000000000000000000000000000000000000000000000000000000000000000000000000000000000000000000000000000000000000000000000000000000000000000000000000
310
000000000000000000000000000000000000000000000000000000000000000000000000000000000000000000000000000000000000001E1E1E1E1E1E1E000000000000000000000000000000000000001E000000000000000000000000000000000000000000000000000000000000000000000000000000000000000000
310
0000000000000000000000000000000000000000000000000000000000000000000000000000000000000000000000000000000000000000000000000000000000000000000000000000000000000000000000000000000000001E000000000000000000000000000000000000000000000000000000000000000000000000
310
00000000000000000000000000000000000000000000000000000000000000000000000000000000000000000000000000000000000000000000000000000000000000000000000000000000000000000000000000000000000000000000000000000000000000000000000000000000000000001E00000000001E00000000
310
0000000000001E00000000000000000000001E0000000000000000001E0000000000001E00000000000000000000000000000000000000000000000000000000000000000000000000000000000000000000000000000000000000000000000000000000000000000000000000000000000000000000000000000000000000
310
00000000000000000000000000000000000000000000000000000000000000000000000000000000000000000000000000000000000000000000001E00000000001E0000000000000000000000000000000000001E000000000000000000000000000000000000000000000000000000000000000000000000000000000000
310
0000000000000000000000000000000000000000000000000000000000000000000000000000000000000000000000000000000000000000000000000000000000000000000000000000000000000000000000000000000000000000001E000000000000000000000000000000000000000000000000000000000000000000
310
0000000000000000000000000000000000000000000000000000000000000000000000000000000000000000000000000000000000000000000000000000000000000000000000000000000000000000000000000000000000000000000000000000000000000000000000000000000000000000000000001E000000000000
310
1E0000000000000000001E00000000000000000000001E0000000000000000001E000000000000001E0000000000000000000000000000000000000000000000000000000000000000000000000000000000000000000000000000000000000000000000000000000000000000000000000000000000000000000000000000
310
0000000000000000000000000000000000000000000000000000000000000000000000000000000000000000000000000000000000000000000000000000001E00000000001E00000000000000000000000000000000001E000000000000000000000000000000000000000000000000000000000000000000000000000000
310
0000000000000000000000000000000000000000000000000000000000000000000000000000000000000000000000000000000000000000000000000000000000000000000000000000000000000000000000000000000000000000000000001E000000000000000000000000000000000000000000000000000000000000
310
0000000000000000000000000000000000000000000000000000000000000000000000000000000000000000000000000000000000000000000000000000000000000000000000000000000000000000000000000000000000000000000000000000000000000000000000000000000000000000000000000000001E000000
310
000000001E0000000000000000001E00000000000000000000001E000000000000000000001E00000000001E0000000000000000000000000000000000000000000000000000000000000000000000000000000000000000000000000000000000000000000000000000000000000000000000000000000000000000000000
310
000000000000000000000000000000000000000000000000000000000000000000000000000000000000000000000000000000000000000000000000000000000000001E00000000001E000000000000000000000000000000001E000000000000000000000000000000000000000000000000000000000000000000000000
310
0000000000000000000000000000000000000000000000000000000000000000000000000000000000000000000000000000000000000000000000000000000000000000000000000000000000000000000000000000000000000000000000000000001E000000000000000000000000000000000000000000000000000000
310
00000000000000000000000000000000000000000000000000000000000000000000000000000000000000000000000000000000000000000000000000000000000000000000000000000000000000000000000000000000000000000000000000000000000000000000000000000000000000000000000000000000000000
310
001E0000000000001E0000000000000000001E00000000000000000000001E000000000000000000001E000000001E0000000000000000000000000000000000000000000000000000000000000000000000000000000000000000000000000000000000000000000000000000000000000000000000000000000000000000
310
00000000000000000000000000000000000000000000000000000000000000000000000000000000000000000000000000000000000000000000000000000000000000000000001E00000000001E0000000000000000000000000000001E000000000000000000000000000000000000000000000000000000000000000000
310
0000000000000000000000000000000000000000000000000000000000000000000000000000000000000000000000000000000000000000000000000000000000000000000000000000000000000000000000000000000000000000000000000000000000001E000000000000000000000000000000000000000000000000
310
00000000000000000000000000000000000000000000000000000000000000000000000000000000000000000000000000000000000000000000000000000000000000000000000000000000000000000000000000000000000000000000000000000000000000000000000000000000000000000000000000000000000000
310
0000000000001E000000001E000000000000000000001E000000000000000000001E0000000000000000000000001E1E001E0000000000000000000000000000000000000000000000000000000000000000000000000000000000000000000000000000000000000000000000000000000000000000000000000000000000
310
0000000000000000000000000000000000000000000000000000000000000000000000000000000000000000000000000000000000000000000000000000000000000000000000000000001E00000000001E00000000000000000000000000001E000000000000000000000000000000000000000000000000000000000000
310
0000000000000000000000000000000000000000000000000000000000000000000000000000000000000000000000000000000000000000000000000000000000000000000000000000000000000000000000000000000000000000000000000000000000000000001E000000000000000000000000000000000000000000
310
00000000000000000000000000000000000000000000000000000000000000000000000000000000000000000000000000000000000000000000000000000000000000000000000000000000000000000000000000000000000000000000000000000000000000000000000000000000000000000000000000000000000000
310
00000000000000000000001E001E1E0000000000000000000000001E0000000000000000001E00000000000000000000000000001E0000000000000000000000000000000000000000000000000000000000000000000000000000000000000000000000000000000000000000000000000000000000000000000000000000
310
000000000000000000000000000000000000000000000000000000000000000000000000000000000000000000000000000000000000000000000000000000000000000000000000000000000000001E00000000001E000000000000000000000000001E000000000000000000000000000000000000000000000000000000
310
0000000000000000000000000000000000000000000000000000000000000000000000000000000000000000000000000000000000000000000000000000000000000000000000000000000000000000000000000000000000000000000000000000000000000000000000001E000000000000000000000000000000000000
310
00000000000000000000000000000000000000000000000000000000000000000000000000000000000000000000000000000000000000000000000000000000000000000000000000000000000000000000000000000000000000000000000000000000000000000000000000000000000000000000000000000000000000
310
000000000000000000000000000000001E00000000000000000000000000001E0000000000000000001E00000000000000000000000000000000000000000000000000000000000000000000000000000000000000000000000000000000000000000000000000000000000000000000000000000000000000000000000000
310
00000000000000000000000000000000000000000000000000000000000000000000000000000000000000000000000000000000000000000000000000000000000000000000000000000000000000000000001E00000000001E0000000000000000000000001E000000000000000000000000000000000000000000000000
310
0000000000000000000000000000000000000000000000000000000000000000000000000000000000000000000000000000000000000000000000000000000000000000000000000000000000000000000000000000000000000000000000000000000000000000000000000000001E000000000000000000000000000000
310
00000000000000000000000000000000000000000000000000000000000000000000000000000000000000000000000000000000000000000000000000000000000000000000000000000000000000000000000000000000000000000000000000000000000000000000000000000000000000000000000000000000000000
310
00000000000000000000000000000000000000000000000000000000000000000000001E0000000000000000001E00000000000000000000000000000000000000000000000000000000000000000000000000000000000000000000000000000000000000000000001E1E1E00000000000000000000000000000000000000
310
0000000000000000000000000000000000000000000000000000000000000000000000000000000000000000000000000000000000000000000000000000000000000000000000000000000000000000000000000000001E00000000001E00000000000000000000001E000000000000000000000000000000000000000000
310
0000000000000000000000000000000000000000000000000000000000000000000000000000000000000000000000000000000000000000000000000000000000000000000000000000000000000000000000000000000000000000000000000000000000000000000000000000000000001E000000000000000000000000
310
00000000000000000000000000000000000000000000000000000000000000000000000000000000000000000000000000000000000000000000000000000000000000000000000000000000000000000000000000000000000000000000000000000000000000001E1E1E0000000000000000000000000000000000000000
310
0000000000000000000000000000000000000000000000000000000000000000000000000000001E0000000000000000001E0000000000000000000000000000000000000000000000000000000000000000000000000000000000000000000000000000000000000000001E1E0000001E1E00000000000000000000000000
310
000000000000000000000000000000000000000000000000000000000000000000000000000000000000000000000000000000000000000000000000000000000000000000000000000000000000000000000000000000000000001E00000000001E000000000000000000001E000000000000000000000000000000000000
310
0000000000000000000000000000000000000000000000000000000000000000000000000000000000000000000000000000000000000000000000000000000000000000000000000000000000000000000000000000000000000000000000000000000000000000000000000000000000000000001E000000000000000000
310
000000000000000000000000000000000000000000000000000000000000000000000000000000000000000000000000000000000000000000000000000000000000000000000000000000000000000000000000000000000000000000000000000000000000000000001E1E0000001E1E0000000000000000000000000000
310
000000000000000000000000000000000000000000000000000000000000000000000000000000000000001E0000000000000000001E0000000000000000000000000000000000000000000000000000000000000000000000000000000000000000000000000000000000000000001E00000000001E000000000000000000
310
00000000000000000000000000000000000000000000000000000000000000000000000000000000000000000000000000000000000000000000000000000000000000000000000000000000000000000000000000000000000000000000001E00000000001E0000000000000000001E000000000000000000000000000000
310
0000000000000000000000000000000000000000000000000000000000000000000000000000000000000000000000000000000000000000000000000000000000000000000000000000000000000000000000000000000000000000000000000000000000000000000000000000000000000000000000001E000000000000
310
00000000000000000000000000000000000000000000000000000000000000000000000000000000000000000000000000000000000000000000000000000000000000000000000000000000000000000000000000000000000000000000000000000000000000000000000000001E00000000001E00000000000000000000
310
00000000000000000000000000000000000000000000000000000000000000000000000000000000000000000000001E0000000000000000001E000000001E1E1E00000000000000000000000000001E1E1E00000000000000000000000000000000000000000000000000000000000000001E000000000000001E00000000
310
0000000000000000000000000000000000000000000000000000000000000000000000000000000000000000000000000000000000000000000000000000000000000000000000000000000000000000000000000000000000000000000000000000001E00000000001E00000000000000001E000000000000000000000000
310
0000000000000000000000000000000000000000000000000000000000000000000000000000000000000000000000000000000000000000000000000000000000000000000000000000000000000000000000000000000000000000000000000000000000000000000000000000000000000000000000000000001E000000
310
00000000000000000000000000000000000000000000000000000000000000000000000000000000000000000000000000000000000000000000000000000000000000000000000000000000000000000000000000000000000000000000000000000000000000000000000000000000001E000000000000001E0000000000
310
0000000000000000000000000000000000000000000000000000001E1E1E00000000000000000000000000001E1E1E000000001E0000000000000000001E0000001E00001E00000000000000000000000000001E00001E000000000000000000000000000000000000000000000000000000000000001E000000000000001E
310
000000000000000000000000000000000000000000000000000000000000000000000000000000000000000000000000000000000000000000000000000000000000000000000000000000000000000000000000000000000000000000000000000000000000001E1E1E1E1E1E1E000000000000001E000000000000000000
310
0000000000000000000000000000000000000000000000000000000000000000000000000000000000000000000000000000000000000000000000000000000000000000000000000000000000000000000000000000000000000000000000000000000000000000000000000000000000000000000000000000000000001E
310
000000000000001E1E1E1E1E1E1E000000000000000000000000000000000000000000000000000000000000000000000000000000000000000000000000000000000000000000000000000000000000000000000000000000000000000000000000000000000000000000000000000000000000001E000000000000001E00
310
0000000000000000000000000000000000000000000000000000000000001E00001E00000000000000000000000000001E00001E0000001E0000000000000000001E000000001E1E1E00000000000000000000000000001E1E1E00000000000000000000000000000000000000000000000000000000000000001E00000000
310
0000001E00000000000000000000000000000000000000000000000000000000000000000000000000000000000000000000000000000000000000000000000000000000000000000000000000000000000000000000000000000000000000000000000000000000000000000000000000000000000000001E000000000000
310
00000000000000000000000000000000000000000000000000000000000000000000000000000000000000000000000000000000000000000000000000000000000000000000000000000000000000000000000000000000000000000000000000000000000000000000000000000000000000000000000000000000000000
310
00001E00000000000000001E00000000001E000000000000000000000000000000000000000000000000000000000000000000000000000000000000000000000000000000000000000000000000000000000000000000000000000000000000000000000000000000000000000000000000000000000000001E0000000000
310
00001E00000000000000000000000000000000000000000000000000000000000000001E1E1E00000000000000000000000000001E1E1E000000001E0000000000000000001E000000000000000000000000000000000000000000000000000000000000000000000000000000000000000000000000000000000000000000
310
1E00000000001E00000000000000000000000000000000000000000000000000000000000000000000000000000000000000000000000000000000000000000000000000000000000000000000000000000000000000000000000000000000000000000000000000000000000000000000000000000000000000001E000000
310
00000000000000000000000000000000000000000000000000000000000000000000000000000000000000000000000000000000000000000000000000000000000000000000000000000000000000000000000000000000000000000000000000000000000000000000000000000000000000000000000000000000000000
310
00000000001E0000000000000000001E00000000001E00000000000000000000000000000000000000000000000000000000000000000000000000000000000000000000000000000000000000000000000000000000000000000000000000000000000000000000000000000000000000000000000000000000000000001E
310
00000000001E0000000000000000000000000000000000000000000000000000000000000000000000000000000000000000000000000000000000000000001E0000000000000000001E0000000000000000000000000000000000000000000000000000000000000000000000000000000000000000000000000000000000
310
000000001E1E0000001E1E000000000000000000000000000000000000000000000000000000000000000000000000000000000000000000000000000000000000000000000000000000000000000000000000000000000000000000000000000000000000000000000000000000000000000000000000000000000000001E
310
00000000000000000000000000000000000000000000000000000000000000000000000000000000000000000000000000000000000000000000000000000000000000000000000000000000000000000000000000000000000000000000000000000000000000000000000000000000000000000000000000000000000000
310
00000000000000001E000000000000000000001E00000000001E0000000000000000000000000000000000000000000000000000000000000000000000000000000000000000000000000000000000000000000000000000000000000000000000000000000000000000000000000000000000000000000000000000000000
310
0000001E1E0000001E1E0000000000000000000000000000000000000000000000000000000000000000000000000000000000000000000000000000000000000000001E0000000000000000001E000000000000000000000000000000000000000000000000000000000000000000000000001E0000000000000000000000
310
000000000000000000001E1E1E000000000000000000000000000000000000000000000000000000000000000000000000000000000000000000000000000000000000000000000000000000000000000000000000000000000000000000000000000000000000000000000000000000000000000000000000000000000000
310
00001E00000000000000000000000000000000000000000000000000000000000000000000000000000000000000000000000000000000000000000000000000000000000000000000000000000000000000000000000000000000000000000000000000000000000000000000000000000000000000000000000000000000
310
00000000000000000000001E00000000000000000000001E00000000001E00000000000000000000000000000000000000000000000000000000000000000000000000000000000000000000000000000000000000000000000000000000000000000000000000000000000000000000000000000000000000000000000000
310
0000000000000000001E1E1E0000000000000000000000000000000000000000001E000000000000000000000000000000000000000000000000000000000000000000000000001E0000000000000000001E0000000000000000000000000000000000000000000000000000000000000000000000001E001E000000000000
310
00000000000000000000000000000000000000000000000000000000000000000000000000000000000000000000000000000000000000000000000000000000000000000000000000000000000000000000000000000000000000000000000000000000000000000000000000000000000000000000000000000000000000
310
00000000001E00000000000000000000000000000000000000000000000000000000000000000000000000000000000000000000000000000000000000000000000000000000000000000000000000000000000000000000000000000000000000000000000000000000000000000000000000000000000000000000000000
310
00000000000000000000000000001E0000000000000000000000001E00000000001E000000000000000000000000000000000000000000000000000000000000000000000000000000000000000000000000000000000000000000000000000000000000000000000000000000000000000000000000000000000000000000
310
0000000000000000000000000000000000000000000000000000000000000000000000001E001E0000000000000000000000000000000000000000000000000000000000000000000000001E0000000000000000001E00000000000000000000000000001E0000000000000000000000000000000000000000001E00001E00
310
00000000000000000000000000000000000000000000000000000000000000000000000000000000000000000000000000000000000000000000000000000000000000000000000000000000000000000000000000000000000000000000000000000000000000000000000000000000000000000000000000000000000000
310
00000000000000001E00000000000000000000000000000000000000000000000000000000000000000000000000000000000000000000000000000000000000000000000000000000000000000000000000000000000000000000000000000000000000000000000000000000000000000000000000000000000000000000
310
00000000000000000000000000000000001E000000000000000000000000001E00000000001E0000000000000000000000000000000000000000000000000000000000000000000000000000000000000000000000000000000000000000000000000000000000000000000000000000000000000000000000000000000000
310
0000000000000000000000000000000000000000000000000000000000000000000000000000001E00001E0000000000000000000000000000000000000000001E00000000000000000000000000001E0000000000000000001E0000000000000000000000001E1E001E00000000000000000000000000000000000000001E
310
1E1E0000000000000000000000000000000000000000000000000000000000000000000000000000000000000000000000000000000000000000000000000000000000000000000000000000000000000000000000000000000000000000000000000000000000000000000000000000000000000000000000000000000000
310
00000000000000000000001E00000000000000000000000000000000000000000000000000000000000000000000000000000000000000000000000000000000000000000000000000000000000000000000000000000000000000000000000000000000000000000000000000000000000000000000000000000000000000
310
00000000000000000000000000000000000000001E00000000000000000000000000001E00000000001E00000000000000000000000000000000000000000000000000000000000000000000000000000000000000000000000000000000000000000000000000000000000000000000000000000000000000000000000000
310
00000000000000000000000000000000000000000000000000000000000000000000000000000000000000001E1E1E00000000000000000000000000000000000000001E001E1E0000000000000000000000001E000000000000000000001E000000000000000000001E000000001E00000000000000000000000000000000
310
00000000000000000000000000000000000000000000000000000000000000000000000000000000000000000000000000000000000000000000000000000000000000000000000000000000000000000000000000000000000000000000000000000000000000000000000000000000000000000000000000000000000000
310
00000000000000000000000000001E00000000000000000000000000000000000000000000000000000000000000000000000000000000000000000000000000000000000000000000000000000000000000000000000000000000000000000000000000000000000000000000000000000000000000000000000000000000
310
00000000000000000000000000000000000000000000001E0000000000000000000000000000001E00000000001E000000000000000000000000000000000000000000000000000000000000000000000000000000000000000000000000000000000000000000000000000000000000000000000000000000000000000000
310
000000000000000000000000000000000000000000000000000000000000000000000000000000000000000000000000000000000000000000000000000000000000000000001E000000001E000000000000000000001E00000000000000000000001E0000000000000000001E0000000000001E0000000000000000000000
310
00000000000000000000000000000000000000000000000000000000000000000000000000000000000000000000000000000000000000000000000000000000000000000000000000000000000000000000000000000000000000000000000000000000000000000000000000000000000000000000000000000000000000
310
00000000000000000000000000000000001E00000000000000000000000000000000000000000000000000000000000000000000000000000000000000000000000000000000000000000000000000000000000000000000000000000000000000000000000000000000000000000000000000000000000000000000000000
310
00000000000000000000000000000000000000000000000000001E000000000000000000000000000000001E00000000001E0000000000000000000000000000000000000000000000000000000000000000000000000000000000000000000000000000000000000000000000000000000000000000000000000000000000
310
000000000000000000000000000000000000000000000000000000000000000000000000000000000000000000000000000000000000000000000000000000000000000000000000001E00000000001E000000000000000000001E00000000000000000000001E0000000000000000001E000000000000001E000000000000
310
00000000000000000000000000000000000000000000000000000000000000000000000000000000000000000000000000000000000000000000000000000000000000000000000000000000000000000000000000000000000000000000000000000000000000000000000000000000000000000000000000000000000000
310
00000000000000000000000000000000000000001E00000000000000000000000000000000000000000000000000000000000000000000000000000000000000000000000000000000000000000000000000000000000000000000000000000000000000000000000000000000000000000000000000000000000000000000
310
00000000000000000000000000000000000000000000000000000000001E00000000000000000000000000000000001E00000000001E00000000000000000000000000000000000000000000000000000000000000000000000000000000000000000000000000000000000000000000000000000000000000000000000000
310
000000000000000000000000000000000000000000000000000000000000000000000000000000000000000000000000000000000000000000000000000000000000000000000000000000001E000000000000001E0000000000000000001E00000000000000000000001E0000000000000000001E0000000000001E000000
310
0000000000000000000000000000000000000000000000000000000000000000000000000000000000000000000000000000000000000000000000000000001E1E1E00000000000000000000000000000000000000000000000000000000000000000000000000000000000000000000000000000000000000000000000000
310
00000000000000000000000000000000000000000000001E00000000000000000000000000000000000000000000000000000000000000000000000000000000000000000000000000000000000000000000000000000000000000000000000000000000000000000000000000000000000000000000000000000000000000
310
00000000000000000000000000000000000000000000000000000000000000001E0000000000000000000000000000000000001E00000000001E000000000000000000000000000000000000000000000000000000000000000000000000000000000000000000000000000000000000000000000000000000000000000000
310
0000000000000000000000001E1E1E0000000000000000000000000000000000000000000000000000000000000000000000000000000000000000000000000000000000000000000000000000000000001E0000000000001E0000000000000000001E00000000000000000000001E000000000000000000001E0000000000
310
1E0000000000000000000000000000000000000000000000000000000000000000000000000000000000000000000000000000000000000000000000000000000000001E001E000000000000000000000000000000000000000000000000000000000000000000000000000000000000000000000000000000000000000000
310
00000000000000000000000000000000000000000000000000001E00000000000000000000000000000000000000000000000000000000000000000000000000000000000000000000000000000000000000000000000000000000000000000000000000000000000000000000000000000000000000000000000000000000
310
00000000000000000000000000000000000000000000000000000000000000000000001E000000000000000000000000000000000000001E1E1E1E1E1E1E0000000000000000000000000000000000000000000000000000000000000000000000000000000000000000000000000000000000000000000000000000000000
310
000000000000000000000000000000001E001E0000000000000000000000000000000000000000000000000000000000000000000000000000000000000000000000000000000000000000000000000000000000001E00000000001E000000000000000000001E00000000000000000000001E000000000000000000001E1E
310
00001E1E00000000000000000000000000000000000000000000001E1E1E00000000000000000000000000000000000000000000000000000000000000000000001E1E1E0000001E001E0000000000000000000000000000000000000000000000000000000000000000000000000000000000000000000000000000000000
310
00000000000000000000000000000000000000000000000000000000001E00000000000000000000000000000000000000000000000000000000000000000000000000000000000000000000000000000000000000000000000000000000000000000000000000000000000000000000000000000000000000000000000000
310
00000000000000000000000000000000000000000000000000000000000000000000000000001E00000000000000000000000000000000000000000000000000000000000000000000000000000000000000000000000000000000000000000000000000000000000000000000000000000000000000000000000000000000
310
00000000000000000000000000000000000000001E001E0000001E1E1E00000000000000000000000000000000000000000000000000000000000000000000001E1E1E00000000000000000000000000000000000000000000001E0000001E1E000000000000000000001E00000000000000000000001E0000000000000000
310
000000001E1E0000000000000000000000000000000000000000000000001E00001E00000000000000000000000000000000000000000000000000000000000000000000001E00001E00001E1E1E00000000000000000000000000000000000000000000000000000000000000000000000000000000000000000000000000
310
00000000000000000000000000000000000000000000000000000000000000001E00000000000000000000000000000000000000000000000000000000000000000000000000000000000000000000000000000000000000000000000000000000000000000000000000000000000000000000000000000000000000000000
310
00000000000000000000000000000000000000000000000000000000000000000000000000000000001E00000000000000000000000000000000000000000000000000000000000000000000000000000000000000000000000000000000000000000000000000000000000000000000000000000000000000000000000000
310
0000000000000000000000000000000000000000000000001E1E1E00001E00001E00000000000000000000000000000000000000000000000000000000000000000000001E00001E00000000000000000000000000000000000000000000001E1E1E0000000000000000000000001E00000000000000000000001E00000000
310
00000000000000000000000000000000000000000000000000000000000000000000001E001E00000000000000000000000000000000000000000000000000000000000000000000001E00001E0000000000000000000000000000000000000000000000000000000000000000000000000000000000000000000000000000
310
00000000000000000000000000000000000000000000000000000000000000000000001E00000000000000000000000000000000000000000000000000000000000000000000000000000000000000000000000000000000000000000000000000000000000000000000000000000000000000000000000000000000000000
310
00000000000000000000000000000000000000000000000000000000000000000000000000000000000000001E00000000000000000000000000000000000000000000000000000000000000000000000000000000000000000000000000000000000000000000000000000000000000000000000000000000000000000000
310
000000000000000000000000000000000000000000000000000000000000000000001E001E00000000000000000000000000000000000000000000000000000000000000000000001E00001E00000000000000000000000000000000000000000000000000000000000000000000000000001E00000000000000000000001E
310
0000000000000000000000000000000000000000000000000000000000000000000000000000001E1E1E00000000000000000000000000000000000000000000000000000000000000000000001E1E1E0000000000000000000000000000000000000000000000000000000000000000000000000000000000000000000000
310
00000000000000000000000000000000000000000000000000000000000000000000000000001E00000000000000000000000000000000000000000000000000000000000000000000000000000000000000000000000000000000000000000000000000000000000000000000000000000000000000000000000000000000
310
00000000000000000000000000000000000000000000000000000000000000000000000000000000000000000000001E00000000000000000000000000000000000000000000000000000000000000000000000000000000000000000000000000000000000000000000000000000000000000000000000000000000000000
310
00000000000000000000000000000000000000000000000000000000000000000000000000001E1E1E00000000000000000000000000000000000000000000000000000000000000000000001E1E1E0000000000000000000000000000000000000000000000000000000000000000000000000000001E0000000000000000
310
0000001E000000000000000000000000000000000000000000000000000000000000000000000000000000000000000000000000000000000000000000000000000000000000000000000000000000000000000000000000000000000000000000000000000000000000000000000000000000000000000000000000000000
310
00000000000000000000000000000000000000000000000000000000000000000000000000000000001E00000000000000000000000000000000000000000000000000000000000000000000000000000000000000000000000000000000000000000000000000000000000000000000000000000000000000000000000000
310
00000000000000000000000000000000000000000000000000000000000000000000000000000000000000000000000000001E00000000000000000000000000000000000000000000000000000000000000000000000000000000000000000000000000000000000000000000000000000000000000000000000000000000
310
00000000000000000000000000000000000000000000000000000000000000000000000000000000000000000000000000000000000000000000000000000000000000000000000000000000000000000000000000000000000000000000000000000000000000000000000000000000000000000000000000001E00000000
310
000000000000001E000000000000000000000000000000000000000000001E000000000000000000000000000000000000000000000000000000000000000000000000000000000000000000000000000000000000000000000000000000000000000000000000000000000000000000000000000000000000000000000000
310
000000000000000000000000000000000000000000000000000000000000000000000000000000000000000000001E0000000000000000000000000000000000000000000000000000000000000000000000000000000000000000000000000000000000000000000000000000000000000000000000000000000000000000
310
00000000000000000000000000000000000000000000000000000000000000000000000000000000000000000000000000000000001E00000000000000000000000000000000000000000000000000000000000000000000000000000000000000000000000000000000000000000000000000000000000000000000000000
310
000000000000000000000000000000000000000000000000000000000000000000000000000000000000000000000000000000000000000000000000000000000000000000000000000000000000000000000000000000000000000000000000000000000000001E000000000000000000000000000000000000000000001E
310
00000000000000000000001E0000000000000000000000000000000000000000001E001E00000000000000000000000000000000000000000000000000000000000000000000000000000000000000000000000000000000000000000000000000000000000000000000000000000000000000000000000000000000000000
310
0000000000000000000000000000000000000000000000000000000000000000000000000000000000000000000000000000001E000000000000000000000000000000000000000000000000000000000000000000000000000000000000000000000000000000000000000000000000000000000000000000000000000000
310
00000000000000000000000000000000000000000000000000000000000000000000000000000000000000000000000000000000000000001E00000000000000000000000000000000000000000000000000000000000000000000000000000000000000000000000000000000000000000000000000000000000000000000
310
000000000000000000000000000000000000000000000000000000000000000000000000000000000000000000000000000000000000000000000000000000000000000000000000000000000000000000000000000000000000000000000000000000000000000000001E001E000000000000000000000000000000000000
310
0000001E00000000000000000000001E000000001E1E1E00000000000000000000000000001E00001E0000000000000000000000000000000000000000000000000000000000000000000000000000000000000000000000000000000000000000000000000000000000000000000000000000000000000000000000000000
310
00000000000000000000000000000000000000000000000000000000000000000000000000000000000000000000000000000000000000001E00000000000000000000000000000000000000000000000000000000000000000000000000000000000000000000000000000000000000000000000000000000000000000000
310
00000000000000000000000000000000000000000000000000000000000000000000000000000000000000000000000000000000000000000000001E00000000000000000000000000000000000000000000000000000000000000000000000000000000000000000000000000000000000000000000000000000000000000
310
000000000000000000000000000000000000000000000000000000000000000000000000000000000000000000000000000000000000000000000000000000000000000000000000000000000000000000000000000000000000000000000000000000000000000000000000001E00001E0000000000000000000000000000
310
1E1E1E000000001E00000000000000000000001E0000001E00001E00000000000000000000000000001E1E1E0000000000000000000000000000000000000000000000000000000000000000000000000000000000000000000000000000000000000000000000000000000000000000000000000000000000000000000000
310
000000000000000000000000000000000000000000000000000000000000000000000000000000000000000000000000000000000000000000000000001E0000000000000000000000000000000000000000000000000000000000000000000000000000000000000000000000000000000000000000000000000000000000
310
00000000000000000000000000000000000000000000000000000000000000000000000000000000000000000000000000000000000000000000000000001E00000000000000000000000000000000000000000000000000000000000000000000000000000000000000000000000000000000000000000000000000000000
310
0000000000000000000000000000000000000000000000000000000000000000000000000000000000000000000000000000000000000000000000000000000000000000000000000000000000000000000000000000000000000000000000000000000000000000000000000000000000001E1E1E00000000000000000000
310
000000001E00001E0000001E00000000000000000000001E000000001E001E000000000000000000000000000000000000000000000000000000000000000000000000000000000000000000000000000000000000000000000000000000000000000000000000000000000000000000000000000000000000000000000000
310
0000000000000000000000000000000000000000000000000000000000000000000000000000000000000000000000000000000000000000000000000000000000001E000000000000000000000000000000000000000000000000000000000000000000000000000000000000000000000000000000000000000000000000
310
00000000000000000000000000000000000000000000000000000000000000000000000000000000000000000000000000000000000000000000000000000000001E00000000000000000000000000000000000000000000000000000000000000000000000000000000000000000000000000000000000000000000000000
310
00000000000000000000000000000000000000000000000000000000000000000000000000000000000000000000000000000000000000000000000000000000000000000000000000000000000000000000000000000000000000000000000000000000000000000000000000000000000000000000000000000000000000
310
00000000000000001E001E000000001E00000000000000000000001E00000000001E000000000000000000000000000000000000000000000000000000000000000000000000000000000000000000000000000000000000000000000000000000000000000000000000000000000000000000000000000000000000000000
310
00000000000000000000000000000000000000000000000000000000000000000000000000000000000000000000000000000000000000000000000000000000000000000000001E00000000000000000000000000000000000000000000000000000000000000000000000000000000000000000000000000000000000000
310
00000000000000000000000000000000000000000000000000000000000000000000000000000000000000000000000000000000000000000000000000000000000000001E00000000000000000000000000000000000000000000000000000000000000000000000000000000000000000000000000000000000000000000
310
00000000000000000000000000000000000000000000000000000000000000000000000000000000000000000000000000000000000000000000000000000000000000000000000000000000000000000000000000000000000000000000000000000000000000000000000000000000000000000000000000000000000000
310
000000000000000000000000001E00000000001E0000000000000000000000001E00000000000000000000000000000000000000000000000000000000000000000000000000000000000000000000000000000000000000000000000000000000000000000000000000000000000000000000000000000000000000000000
310
000000000000000000000000000000000000000000000000000000000000000000000000000000000000000000000000000000000000000000000000000000000000000000000000000000001E0000000000000000000000000000000000000000000000000000000000000000000000000000000000000000000000000000
310
00000000000000000000000000000000000000000000000000000000000000000000000000000000000000000000000000000000000000000000000000000000000000000000001E00000000000000000000000000000000000000000000000000000000000000000000000000000000000000000000000000000000000000
310
00000000000000000000000000000000000000000000000000000000000000000000000000000000000000000000000000000000000000000000000000000000000000000000000000000000000000000000000000000000000000000000000000000000000000000000000000000000000000000000000000000000000000
310
000000000000000000000000000000000000000000001E000000000000000000000000001E000000000000000000000000000000000000000000000000000000000000000000000000000000000000000000000000000000000000000000000000000000000000000000000000000000000000000000000000000000000000
310
0000000000000000000000000000000000000000000000000000000000000000000000000000000000000000000000000000000000000000000000000000000000000000000000000000000000000000001E000000000000000000000000000000000000000000000000000000000000000000000000000000000000000000
310
00000000000000000000000000000000000000000000000000000000000000000000000000000000000000000000000000000000000000000000000000000000000000000000000000001E00000000000000000000000000000000000000000000000000000000000000000000000000000000000000000000000000000000
310
00000000000000000000000000000000000000000000000000000000000000000000000000000000000000000000000000000000000000000000000000000000000000000000000000000000000000000000000000000000000000000000000000000000000000000000000000000000000000000000000000000000000000
310
00000000000000000000000000000000000000000000000000001E000000000000000000000000001E0000000000000000000000000000000000000000000000000000000000000000000000000000000000000000000000000000000000000000000000000000000000000000000000000000000000000000000000000000
310
00000000000000000000000000000000000000000000000000000000000000000000000000000000000000000000000000000000000000000000000000000000000000000000000000000000000000000000000000001E00000000000000000000000000000000000000000000000000000000000000000000000000000000
310
00000000000000000000000000000000000000000000000000000000000000000000000000000000000000000000000000000000000000000000000000000000000000000000000000000000001E00000000000000000000000000000000000000000000000000000000000000000000000000000000000000000000000000
310
00000000000000000000000000000000000000000000000000000000000000000000000000000000000000000000000000000000000000000000000000000000000000000000000000000000000000000000000000000000000000000000000000000000000000000000000000000000000000000000000000000000000000
310
0000000000000000000000000000000000000000000000000000000000001E000000000000000000000000001E000000000000000000000000001E1E1E000000000000000000000000000000000000000000000000000000000000000000000000000000000000000000000000000000000000000000000000000000000000
310
000000000000000000000000000000000000000000000000000000000000000000000000000000000000000000000000000000000000000000000000000000000000000000000000000000000000000000000000000000000000001E0000000000000000000000000000000000000000000000000000000000000000000000
310
00000000000000000000000000000000000000000000000000000000000000000000000000000000000000000000000000000000000000000000000000000000000000000000000000000000000000001E00000000000000000000000000000000000000000000000000000000000000000000000000000000000000000000
310
00000000000000000000000000000000000000000000000000000000000000000000000000000000000000000000000000000000000000000000000000000000000000000000000000000000000000000000000000000000000000000000000000000000000000000000000000000000000000000000000000000000000000
310
000000000000000000000000000000000000001E1E000000000000000000000000001E000000000000000000000000001E00000000000000000000001E1E0000001E00000000000000000000000000000000000000000000000000000000000000000000000000000000000000000000000000000000000000000000000000
310
0000000000000000000000000000000000000000000000000000000000000000000000000000000000000000000000000000000000000000000000000000000000000000000000000000000000000000000000000000000000000000000000001E000000000000000000000000000000000000000000000000000000000000
310
00000000000000000000000000000000000000000000000000000000000000000000000000000000000000000000000000000000000000000000000000000000000000000000000000000000000000000000001E00000000000000000000000000000000000000000000000000000000000000000000000000000000000000
310
00000000000000000000000000000000000000000000000000000000000000000000000000000000000000000000000000000000000000000000000000000000000000000000000000000000000000000000000000000000000000000000000000000000000000000000000000000000000000000000000000000000000000
310
0000000000000000000000000000000000000000001E1E00001E1E00000000000000000000001E000000000000000000000000001E00000000000000000000001E000000001E000000000000000000000000000000000000000000000000000000000000000000000000000000000000000000000000000000000000000000
310
00000000000000000000000000000000000000000000000000000000000000000000000000000000000000000000000000000000000000000000000000000000000000000000000000000000000000000000000000000000000000000000000000000000001E00000000000000000000000000000000000000000000000000
310
00000000000000000000000000000000000000000000000000000000000000000000000000000000000000000000000000000000000000000000000000000000000000000000000000000000000000000000000000001E00000000000000000000000000001E1E1E0000000000000000000000000000000000000000000000
310
00000000000000000000000000000000000000000000000000000000000000000000000000000000000000000000000000000000000000000000000000000000000000000000000000000000000000000000000000000000000000000000000000000000000000000000000000000000000000000000000000000000000000
310
000000000000000000000000000000000000000000000000001E000000001E00000000000000000000001E000000000000000000000000001E000000000000000000001E0000000000001E00000000000000000000000000000000000000000000000000000000000000000000000000000000000000000000000000000000
310
000000000000000000000000000000000000000000000000000000000000000000000000000000000000000000000000000000000000000000000000000000000000000000000000000000000000000000000000000000000000000000000000000000000000000000001E0000000000000000000000000000000000000000
310
00000000000000000000000000000000000000000000000000000000000000000000000000000000000000000000000000000000000000000000000000000000000000000000000000000000000000000000000000000000001E0000000000000000000000000000001E00001E000000000000000000000000000000000000
310
00000000000000000000000000000000000000000000000000000000000000000000000000000000000000000000000000000000000000000000000000000000000000000000000000000000000000000000000000000000000000000000000000000000000000000000000000000000000000000000000000000000000000
310
000000000000000000000000000000000000000000000000000000001E0000000000001E000000000000000000001E000000000000000000000000001E000000000000000000001E0000000000001E000000000000000000000000000000000000000000000000000000000000000000000000000000000000000000000000
310
0000000000000000000000000000000000000000000000000000000000000000000000000000000000000000000000000000000000000000000000000000000000000000000000000000000000000000000000000000000000000000000000000000000000000000000000000000001E000000000000000000000000000000
310
00000000000000000000000000000000000000000000000000000000000000000000000000000000000000000000000000000000000000000000000000000000000000000000000000000000000000000000000000000000000000001E000000000000000000000000000000001E001E000000000000000000000000000000
310
00000000000000000000000000000000000000000000000000000000000000000000000000000000000000000000000000000000000000000000000000000000000000000000000000000000000000000000000000000000000000000000000000000000000000000000000000000000000000000000000000000000000000
310
00000000000000000000000000000000000000000000000000000000000000001E0000000000001E000000000000000000001E000000000000000000000000001E000000000000000000001E0000000000001E0000000000000000000000000000000000000000000000000000000000000000000000000000000000000000
310
1E1E1E00000000000000000000000000000000000000000000000000000000000000000000000000000000000000000000000000000000000000000000000000000000000000000000000000000000000000000000000000000000000000000000000000000000000000000000000000000000001E00000000000000000000
310
00000000000000000000000000000000000000000000000000000000000000000000000000000000000000000000000000000000000000000000000000000000000000000000000000000000000000000000000000000000000000000000001E0000000000000000000000000000000000001E000000000000000000000000
310
00000000000000000000000000000000000000000000000000000000000000000000000000000000000000000000000000000000000000000000000000000000000000000000000000000000000000000000000000000000000000000000000000000000000000000000000000000000000000001E1E1E0000000000000000
310
0000000000000000000000000000000000000000000000000000000000000000000000001E0000000000001E000000000000000000001E000000000000000000000000001E00000000000000000000001E000000001E0000000000000000000000000000000000000000000000000000000000000000000000000000000000
310
0000001E00001E0000000000000000000000000000000000000000000000000000000000000000000000000000000000000000000000000000000000000000000000000000000000000000000000000000000000000000000000000000000000000000000000000000000000000000000000000000000000001E0000000000
310
00000000000000000000000000000000000000000000000000000000000000000000000000000000000000000000000000000000000000000000000000000000000000000000000000000000000000000000000000000000000000000000000000001E00000000000000000000000000000000000000000000000000000000
310
0000000000000000000000000000000000000000000000000000000000000000000000000000000000000000000000000000000000000000000000000000000000000000000000000000000000000000000000000000000000000000000000000000000000000000000000000000000000000000000000001E00001E000000
310
00000000000000000000000000000000000000000000000000000000000000000000000000000000001E000000001E00000000000000000000001E00000000000000000000000000001E000000000000000000001E1E00001E1E00000000000000000000000000000000000000000000000000000000000000000000000000
310
00000000000000001E1E1E000000000000000000000000000000000000000000000000000000000000000000000000000000000000000000000000000000000000000000000000000000000000000000000000000000000000000000000000000000000000000000000000000000000000000000000000000000000000001E
310
00000000000000000000000000000000000000000000000000000000000000000000000000000000000000000000000000000000000000000000000000000000000000000000000000000000000000000000000000000000000000000000000000000000001E00000000000000000000000000000000000000000000000000
310
000000000000000000000000000000000000000000000000000000000000000000000000000000000000000000000000000000000000000000000000000000000000000000000000000000000000000000000000000000000000000000000000000000000000000000000000000000000000000000000000000000001E1E1E
310
0000000000000000000000000000000000000000000000000000000000000000000000000000000000000000001E0000001E1E000000000000000000001E0000000000000000000000000000001E0000000000000000000000001E1E0000000000000000000000000000000000000000000000000000000000000000000000
310
00000000000000000000000000000000000000000000000000000000000000000000000000000000000000000000000000000000000000000000000000000000000000000000000000000000000000000000000000000000000000000000000000000000000000000000000000000000000000000000000000000000000000
310
000000001E0000000000000000000000000000000000000000000000000000000000000000000000000000000000000000000000000000000000000000000000000000000000000000000000000000000000000000000000000000000000000000000000000000001E00000000000000000000000000000000000000000000
310
00000000000000000000000000000000000000000000000000000000000000000000000000000000000000000000000000000000000000000000000000000000000000000000000000000000000000000000000000000000000000000000000000000000000000000000000000000000000000000000000000000000000000
310
00000000000000000000000000000000000000000000000000000000000000000000000000000000000000000000000000001E1E1E0000000000000000000000001E0000000000000000000000000000001E000000000000000000000000000000000000000000000000000000000000000000000000000000000000000000
310
00000000000000000000000000000000000000000000000000000000000000000000000000000000000000000000000000000000000000000000000000000000000000000000000000000000000000000000000000000000000000000000000000000000000000000000000000000000000000000000000000000000000000
310
0000000000000000001E000000000000000000000000000000000000000000000000000000000000000000000000000000000000000000000000000000000000000000000000000000000000000000000000000000000000000000000000000000000000000000000000001E00000000000000000000000000000000000000
310
00000000000000000000000000000000000000000000000000000000000000000000000000000000000000000000000000000000000000000000000000000000000000000000000000000000000000000000000000000000000000000000000000000000000000000000000000000000000000000000000000000000000000
310
0000000000000000000000000000000000000000000000000000000000000000000000000000000000000000000000000000000000000000000000000000000000000000001E0000000000000000000000000000001E0000000000000000000000000000000000000000000000000000000000000000000000000000000000
310
00000000000000000000000000000000000000000000000000000000000000000000000000000000000000000000000000000000000000000000000000000000000000000000000000000000000000000000000000000000000000000000000000000000000000000000000000000000000000000000000000000000000000
310
00000000000000000000000000001E00000000000000000000000000000000000000000000000000000000000000000000000000000000000000000000000000000000000000000000000000000000000000000000000000000000000000000000000000000000000000000000001E00000000000000000000000000000000
310
00000000000000000000000000000000000000000000000000000000000000000000000000000000000000000000000000000000000000000000000000000000000000000000000000000000000000000000000000000000000000000000000000000000000000000000000000000000000000000000000000000000000000
310
000000000000000000000000000000000000000000000000000000000000000000000000000000000000000000000000000000000000000000000000000000000000000000000000001E0000000000000000000000000000001E00000000000000000000000000000000000000000000001E00000000000000000000000000
310
00000000000000000000000000000000000000000000000000000000000000000000000000000000000000000000000000000000000000000000000000000000000000000000000000000000000000000000000000000000000000000000000000000000000000000000000000000000000000000000000000000000000000
310
000000000000000000000000000000000000001E0000000000000000000000000000000000000000000000000000000000000000000000000000000000000000000000000000000000000000000000000000000000000000000000000000000000000000000000000000000000000000001E00000000000000000000000000
310
00000000000000000000000000000000000000000000000000000000000000000000000000000000000000000000000000000000000000000000000000000000000000000000000000000000000000000000000000000000000000000000000000000000000000000000000000000000000000000000000000000000000000
310
00000000000000000000000000000000000000000000000000000000000000000000000000000000000000000000000000000000001E00000000000000000000000000000000000000000000001E000000000000000000000000000000001E0000000000000000000000000000000000000000001E001E0000000000000000
310
00000000000000000000000000000000000000000000000000000000000000000000000000000000000000000000000000000000000000000000000000000000000000000000000000000000000000000000000000000000000000000000000000000000000000000000000000000000000000000000000000000000000000
310
0000000000000000000000000000000000000000000000001E000000000000000000000000000000000000000000000000000000000000000000000000000000000000000000000000000000000000000000000000000000000000000000000000000000000000000000000000000000000000001E00000000000000000000
310
00000000000000000000000000000000000000000000000000000000000000000000000000000000000000000000000000000000000000000000000000000000000000000000000000000000000000000000000000000000000000000000000000000000000000000000000000000000000000000000000000000000000000
310
00000000000000000000000000000000000000000000000000000000000000000000000000000000000000000000000000000000000000001E001E0000000000000000000000000000000000000000001E00000000000000000000000000000000001E00000000000000000000000000000000000000001E00001E00000000
310
00000000000000000000000000000000000000000000000000000000000000000000000000000000000000000000000000000000000000000000000000000000000000000000000000000000000000000000000000000000000000000000000000000000000000000000000000000000000000000000000000000000000000
310
00000000000000000000000000000000000000000000000000000000001E00000000000000000000000000000000000000000000000000000000000000000000000000000000000000000000000000000000000000000000000000000000000000000000000000000000000000000000000000000000001E00000000000000
310
00000000000000000000000000000000000000000000000000000000000000000000000000000000000000000000000000000000000000000000000000000000000000000000000000000000000000000000000000000000000000000000000000000000000000000000000000000000000000000000000000000000000000
310
0000000000000000000000000000000000000000000000000000000000000000000000000000000000000000000000000000000000000000000000001E00001E00000000000000000000000000000000000000001E00000000000000000000000000000000001E00000000001E0000000000000000000000000000001E1E1E
310
00000000000000000000000000000000000000000000000000000000000000000000000000000000000000000000000000000000000000000000000000000000000000000000000000000000000000000000000000000000000000000000000000000000000000000000000000000000000000000000000000000000000000
310
000000000000000000000000000000000000000000000000000000000000000000001E0000000000000000000000000000000000000000000000000000000000000000000000000000000000000000000000000000000000000000000000000000000000000000000000000000000000000000000000000000001E00000000
310
00000000000000000000000000000000000000000000000000000000000000000000000000000000000000000000000000000000000000000000000000000000000000000000000000000000000000000000000000000000000000000000000000000000000000000000000000000000000000000000000000000000000000
310
000000000000000000000000000000000000000000000000000000000000000000000000000000000000000000000000000000000000000000000000000000001E1E1E0000000000000000000000000000001E00000000001E00000000000000000000000000000000001E000000001E001E00000000000000000000000000
310
00000000000000000000000000000000000000000000000000000000000000000000000000000000000000000000000000000000000000000000000000000000000000000000000000000000000000000000000000000000000000000000000000000000000000000000000000000000000000000000000000000000000000
310
0000000000000000000000000000000000000000000000000000000000000000000000000000001E000000000000000000000000000000000000000000000000000000000000000000000000000000000000000000000000000000000000000000000000000000000000000000000000000000000000000000000000001E00
310
00000000000000000000000000000000000000000000000000000000000000000000000000000000000000000000000000000000000000000000000000000000000000000000000000000000000000000000000000000000000000000000000000000000000000000000000000000000000000000000000000000000000000
310
000000000000000000000000000000000000000000000000000000000000000000000000000000000000000000000000000000000000000000000000000000000000000000000000000000000000000000000000001E001E000000001E00000000000000000000000000000000001E0000001E00001E000000000000000000
310
00000000000000000000000000000000000000000000000000000000000000000000000000000000000000000000000000000000000000000000000000000000000000000000000000000000000000000000000000000000000000000000000000000000000000000000000000000000000000000000000000000000000000
310
00000000000000000000000000000000000000000000000000000000000000000000000000000000000000001E00000000000000000000000000000000000000000000000000000000000000000000000000000000000000000000000000000000000000000000000000000000000000000000000000000000000000000000
310
001E0000000000000000000000000000000000000000000000000000000000000000000000000000000000000000000000000000000000000000000000000000000000000000000000000000000000000000000000000000000000000000000000000000000000000000000000000000000000000000000000000000000000
310
00000000000000000000000000000000000000000000000000000000000000000000000000000000000000000000000000000000000000000000000000000000000000000000000000000000000000000000000000000000001E00001E0000001E0000000000000000000000000000000000001E0000001E1E1E0000000000
310
00000000000000000000000000000000000000000000000000000000000000000000000000000000000000000000000000000000000000000000000000000000000000000000000000000000000000000000000000000000000000000000000000000000000000000000000000000000000000000000000000000000000000
310
000000000000000000000000000000000000000000000000000000000000000000000000000000000000000000000000001E0000000000000000000000000000000000000000000000000000000000000000000000000000000000000000000000000000000000000000000000000000000000000000000000000000000000
310
000000001E0000000000000000000000000000000000000000000000000000000000000000000000000000000000000000000000000000000000000000000000000000000000000000000000000000000000000000000000000000000000000000000000000000000000000000000000000000000000000000000000000000
310
0000000000000000000000000000000000000000000000000000000000000000000000000000000000000000000000000000000000000000000000000000000000000000000000000000000000000000000000000000000000000000001E1E1E0000001E000000000000000000000000000000000000001E00000000000000
310
00000000000000000000000000000000000000000000000000000000000000000000000000000000000000000000000000000000000000000000000000000000000000000000000000000000000000000000000000000000000000000000000000000000000000000000000000000000000000000000000000000000000000
310
0000000000000000000000000000000000000000000000000000000000000000000000000000000000000000000000000000000000001E000000000000000000000000000000000000000000000000000000000000000000000000000000000000000000000000000000000000000000000000000000000000000000000000
310
000000000000001E0000000000000000000000000000000000000000000000000000000000000000000000000000000000000000000000000000000000000000000000000000000000000000000000000000000000000000000000000000000000000000000000000000000000000000000000000000000000000000000000
310
000000000000000000000000000000000000000000000000000000000000000000000000000000000000000000000000000000000000000000000000000000000000000000000000000000000000000000000000000000000000000000000000000000000000001E000000000000000000000000000000000000001E000000
310
00000000000000000000000000000000000000000000000000000000000000000000000000000000000000000000000000000000000000000000000000000000000000000000000000000000000000000000000000000000000000000000000000000000000000000000000000000000000000000000000000000000000000
310
00000000000000000000000000000000000000000000000000000000000000000000000000000000000000000000000000000000000000000000001E00000000000000000000000000000000000000000000000000000000000000000000000000000000000000000000000000000000000000000000000000000000000000
310
000000000000000000001E0000000000000000000000000000000000000000000000000000000000000000000000000000000000000000000000000000000000000000000000000000000000000000000000000000000000000000000000000000000000000000000000000000000000000000000000000000000000000000
310
00000000000000000000000000000000000000000000000000000000000000000000000000000000000000000000000000000000000000000000000000000000000000000000000000000000000000000000000000000000000000000000000000000000000000000000001E00000000000000000000000000000000000000
310
1E000000000000000000000000001E1E1E0000000000000000000000000000000000000000000000000000000000000000000000000000000000000000000000000000000000000000000000000000000000000000000000000000000000000000000000000000000000000000000000000000000000000000000000000000
310
000000000000000000000000000000000000000000000000000000000000000000000000000000000000000000000000000000000000000000000000000000001E0000000000000000000000000000000000000000000000000000000000000000000000000000000000000000000000000000000000000000000000000000
310
000000000000000000000000001E0000000000000000000000000000000000000000000000000000000000000000000000000000000000000000000000000000000000000000000000000000000000000000000000000000000000000000000000000000000000000000000000000000000000000000000000000000000000
310
00000000000000000000000000000000000000000000000000000000000000000000000000000000000000000000000000000000000000000000000000000000000000000000000000000000000000000000000000000000000000000000001E1E1E000000000000000000000000001E000000000000000000000000000000
310
000000001E00000000000000000000001E1E0000001E1E0000000000000000000000000000000000000000000000000000000000000000000000000000000000000000000000000000000000000000000000000000000000000000000000000000000000000000000000000000000000000000000000000000000000000000
310
0000000000000000000000000000000000000000000000000000000000000000000000000000000000000000000000000000000000000000000000000000000000000000001E000000000000000000000000000000000000000000000000000000000000000000000000000000000000000000000000000000000000000000
310
000000000000000000000000000000001E0000000000000000000000000000000000000000000000000000000000000000000000000000000000000000000000000000000000000000000000000000000000000000000000000000000000000000000000000000000000000000000000000000000000000000000000000000
310
000000000000000000000000000000000000000000000000000000000000000000000000000000000000000000000000000000000000000000000000000000000000000000000000000000000000000000000000000000000000000000000000001E1E0000001E1E00000000000000000000001E0000000000000000000000
310
00000000000000001E00000000000000000000001E00000000001E0000000000000000000000000000000000000000000000000000000000000000000000000000000000000000000000000000000000000000000000000000000000000000000000000000000000000000000000000000000000000000000000000000001E
310
1E1E0000000000000000000000000000000000000000000000000000000000000000000000000000000000000000000000000000000000000000000000000000000000000000000000001E00000000000000000000000000000000000000000000000000000000000000000000000000000000000000000000000000000000
310
000000000000000000000000000000000000001E000000000000000000000000000000000000000000000000000000000000000000000000000000000000000000000000000000000000000000000000000000000000000000000000000000000000000000000000000000000000000000000000000000000000000000001E
310
1E1E0000000000000000000000000000000000000000000000000000000000000000000000000000000000000000000000000000000000000000000000000000000000000000000000000000000000000000000000000000000000000000000000000000001E00000000001E00000000000000000000001E00000000000000
310
000000000000000000000000001E0000000000000000001E000000000000001E0000000000000000000000000000000000000000000000000000000000000000000000000000000000000000000000000000000000000000000000000000000000000000000000000000000000000000000000000000000000000000000000
310
00001E00001E000000000000000000000000000000000000000000000000000000000000000000000000000000000000000000000000000000000000000000000000000000000000000000000000001E0000000000000000000000000000000000000000000000000000000000000000000000000000000000000000000000
310
000000000000000000000000000000000000000000001E0000000000000000000000000000000000000000000000000000000000000000000000000000000000000000000000000000000000000000000000000000000000000000000000000000000000000000000000000000000000000000000000000000000000000000
310
0000001E00001E000000000000000000000000000000000000000000000000000000000000000000000000000000000000000000000000000000000000000000000000000000000000000000000000000000000000000000000000000000000000000000000000001E000000000000001E0000000000000000001E00000000
310
00000000000000000000000000000000001E0000000000000000001E000000000000001E00000000000000000000000000000000000000000000000000000000000000000000000000000000000000000000000000000000000000000000000000000000000000000000000000000000000000000000000000000000000000
310
000000000000001E1E1E00000000000000000000000000000000000000000000000000000000000000000000000000000000000000000000000000000000000000000000000000000000000000000000000000001E000000000000000000000000000000000000000000000000000000000000000000000000000000000000
310
000000000000000000000000000000000000000000000000001E0000000000000000000000000000000000000000000000000000000000000000000000000000000000000000000000000000000000000000000000000000000000000000000000000000000000000000000000000000000000000000000000000000000000
310
000000000000001E1E1E00000000000000000000000000000000000000000000000000000000000000000000000000000000000000000000000000000000000000000000000000000000000000000000000000000000000000000000000000000000000000000000000000001E000000000000001E0000000000000000001E
310
0000000000000000000000000000000000000000001E0000000000000000001E000000000000001E000000000000000000000000000000000000000000000000000000000000000000000000000000000000000000000000000000000000000000000000000000000000000000000000000000000000000000000000000000
310
00000000000000000000000000000000000000000000000000000000000000000000000000000000000000000000000000000000000000000000000000000000000000000000000000000000000000000000000000000000001E00000000000000000000000000000000000000000000000000000000000000000000000000
310
000000000000000000000000000000000000000000000000000000001E0000000000000000000000000000000000000000000000000000000000000000000000000000000000000000000000000000000000000000000000000000000000000000000000000000000000000000000000000000000000000000000000000000
310
000000000000000000000000000000000000000000000000000000000000000000000000000000000000000000000000000000000000000000000000000000000000000000000000000000000000000000000000000000000000000000000000000000000000000000000000000000001E000000000000001E000000000000
310
0000001E0000000000000000000000000000000000000000001E000000000000000000001E00000000001E000000000000000000000000000000000000000000000000000000000000000000000000000000000000000000000000000000000000000000000000000000000000000000000000000000000000000000000000
310
000000000000000000000000000000000000000000000000000000000000000000000000000000000000000000000000000000000000000000000000000000000000000000000000000000000000000000000000000000000000000000001E0000000000000000000000000000000000000000000000000000000000000000
310
000000000000000000000000000000000000000000000000000000000000001E0000000000000000000000000000000000000000000000000000000000000000000000000000000000000000000000000000000000000000000000000000000000000000000000000000000000000000000000000000000000000000000000
310
0000000000000000000000000000000000000000000000000000000000000000000000000000000000000000000000000000000000000000000000000000000000000000000000000000000000000000000000000000000000000000000000000000000000000000000000000000000000000000001E00000000001E000000
310
000000000000001E0000000000000000000000000000000000000000001E000000000000000000001E1E0000001E1E0000000000000000000000000000000000000000000000000000000000000000000000000000000000000000000000000000000000000000000000000000000000000000000000000000000000000000
310
000000000000000000000000000000000000000000000000000000000000000000000000000000000000000000000000000000000000000000000000000000000000000000000000000000000000000000000000000000000000001E1E1E00000000001E000000000000000000000000000000000000000000000000000000
310
000000000000000000000000000000000000000000000000000000000000000000001E00000000000000000000000000001E1E1E0000000000000000000000000000000000000000000000000000000000000000000000000000000000000000000000001E1E1E000000000000000000000000000000000000000000000000
310
000000000000000000000000000000000000000000000000000000000000000000000000000000000000000000000000000000000000000000000000000000000000000000000000000000000000000000000000000000000000000000000000000000000000000000000000000000000000000000000000001E1E0000001E
310
1E000000000000000000001E000000000000000000000000000000000000000000001E00000000000000000000001E1E1E000000000000000000000000000000000000000000000000000000000000000000000000000000000000000000000000000000000000000000000000000000000000000000000000000000000000
310
000000000000000000000000000000000000000000000000000000000000000000000000000000000000000000000000000000000000000000000000000000000000000000000000000000000000000000000000000000000000000000001E00001E0000000000001E00000000000000000000000000000000000000000000
310
000000000000000000000000000000000000000000000000000000000000000000000000001E0000000000000000000000000000001E00001E000000000000000000000000000000000000000000000000000000000000000000000000000000000000000000001E00001E0000000000000000000000000000000000000000
310
00000000000000000000000000000000000000000000000000000000000000000000000000000000000000000000000000000000000000000000000000000000000000000000000000000000000000000000000000000000000000000000000000000000000000000000000000000000000000000000000000000000000000
310
1E1E1E00000000000000000000001E00000000000000000000000000000000000000000000001E00000000000000000000000000000000000000000000000000000000000000000000000000000000000000000000000000000000000000000000000000000000000000000000000000000000000000000000000000000000
310
0000000000000000000000000000000000000000000000000000000000000000000000000000000000000000000000000000000000000000000000000000000000000000000000000000000000000000000000000000000000000000000000000000001E001E000000000000001E0000000000000000000000000000000000
310
000000000000000000000000000000000000000000000000000000000000000000000000000000001E000000000000000000000000000000001E001E0000000000000000000000000000000000000000000000000000000000000000000000000000000000000000000000001E001E00000000000000000000000000000000
310
00000000000000000000000000000000000000000000000000000000000000000000000000000000000000000000000000000000000000000000000000000000000000000000000000000000000000000000000000000000000000000000000000000000000000000000000000000000000000000000000000000000000000
310
0000000000000000000000000000000000001E00000000000000000000000000000000000000000000001E000000000000000000000000000000000000000000000000000000000000000000000000000000000000000000000000000000000000000000000000000000000000000000000000000000000000000000000000
310
000000000000000000000000000000000000000000000000000000000000000000000000000000000000000000000000000000000000000000000000000000000000000000000000000000000000000000000000000000000000000000000000000000001E0000001E0000000000000000001E000000000000000000000000
310
000000000000000000000000000000000000000000000000000000000000000000000000000000000000001E0000000000000000000000000000000000001E00000000000000000000000000000000000000000000000000000000000000000000000000000000000000000000000000001E00000000000000000000000000
310
00000000000000000000000000000000000000000000000000000000000000000000000000000000000000000000000000000000000000000000000000000000000000000000000000000000000000000000000000000000000000000000000000000000000000000000000000000000000000000000000000000000000000
310
000000000000000000000000000000000000000000001E00000000000000000000000000000000000000000000001E000000000000000000000000000000000000000000001E1E1E00000000000000000000000000000000000000000000000000000000000000000000000000000000000000000000000000000000000000
310
0000000000000000000000000000000000000000000000000000000000000000000000000000000000000000000000000000000000000000000000000000000000000000000000000000000000000000000000000000000000000000000000000000000000001E1E001E000000000000000000000000001E00000000000000
310
000000000000000000000000000000000000000000000000000000000000000000000000000000000000000000001E0000000000000000000000000000000000000000000000000000000000000000000000000000000000000000000000000000000000000000000000000000000000000000000000000000000000000000
310
00000000000000000000000000000000000000000000000000000000000000000000000000000000000000000000000000000000000000000000000000000000000000000000000000000000000000000000000000000000000000000000000000000000000000000000000000000000000000000000000000000000000000
310
001E1E1E000000000000000000000000000000000000000000001E00000000000000000000000000000000000000000000001E000000000000000000000000000000000000000000001E001E000000000000000000000000000000000000000000000000000000000000000000000000000000000000000000000000000000
310
0000000000000000000000000000000000000000000000000000000000000000000000000000000000000000000000000000000000000000000000000000000000000000000000000000000000000000000000000000000000000000000000000000000000000000001E000000001E000000000000000000000000001E0000
310
000000000000000000000000000000000000000000000000000000000000000000000000000000000000000000000000001E0000000000000000000000000000000000000000000000000000000000000000000000000000000000000000000000000000000000000000000000000000000000000000000000000000000000
310
00000000000000000000000000000000000000000000000000000000000000000000000000000000000000000000000000000000000000000000000000000000000000000000000000000000000000000000000000000000000000000000000000000000000000000000000000000000000000000000000000000000000000
310
00000000001E001E000000000000000000000000000000000000000000001E0000000000000000000000000000000000000000000000001E0000000000000000000000000000000000000000001E1E1E0000000000000000000000000000000000000000000000000000000000000000000000000000000000000000000000
310
00000000000000000000000000000000000000000000000000000000000000000000000000000000000000000000000000000000000000000000000000000000000000000000000000000000000000000000000000000000000000000000000000000000000000000000000000001E0000001E000000000000000000000000
310
00001E000000000000000000000000000000000000000000000000000000000000000000000000000000000000000000000000001E0000000000000000000000000000000000000000000000000000000000000000000000000000000000000000000000000000000000000000000000000000000000000000000000000000
310
00000000000000000000000000000000000000000000000000000000000000000000000000000000000000000000000000000000000000000000000000000000000000000000000000000000000000000000000000000000000000000000000000000000000000000000000000000000000000000000000000000000000000
310
0000000000000000001E1E1E0000000000000000000000000000000000000000001E000000000000000000000000000000000000000000000000001E00000000000000000000000000000000000000000000000000000000000000000000000000000000000000000000000000000000000000000000000000000000000000
310
0000000000000000000000000000000000000000000000000000000000000000000000000000000000000000000000000000000000000000000000000000000000000000000000000000000000000000000000000000000000000000000000000000000000000000000000000000000000001E00001E000000000000000000
310
000000000000001E00000000000000000000000000000000000000000000000000000000000000000000000000000000000000000000001E0000000000000000000000000000000000000000000000000000000000000000000000000000000000000000000000000000000000000000000000000000000000000000000000
310
00000000000000000000000000000000000000000000000000000000000000000000000000000000000000000000000000000000000000000000000000000000000000000000000000000000000000000000000000000000000000000000000000000000000000000000000000000000000000000000000000000000000000
310
000000000000000000000000000000000000000000000000000000000000000000000000001E000000000000000000000000000000000000000000000000001E000000001E1E1E0000000000000000000000000000000000000000000000000000000000000000000000000000000000000000000000000000000000000000
310
00000000000000000000000000000000000000000000000000000000000000000000000000000000000000000000000000000000000000000000000000000000000000000000000000000000000000000000000000000000000000000000000000000000000000000000000000000000000000000000001E1E000000000000
310
0000000000000000000000001E0000000000000000000000000000000000000000000000000000000000000000000000000000000000000000001E0000000000000000000000000000000000000000000000000000000000000000000000000000000000000000000000000000000000000000000000000000000000000000
310
00000000000000000000000000000000000000000000000000000000000000000000000000000000000000000000000000000000000000000000000000000000000000000000000000000000000000000000000000000000000000000000000000000000000000000000000000000000000000000000000000000000000000
310
000000000000000000000000000000000000000000000000000000000000000000001E1E1E000000001E000000000000000000000000000000000000000000000000001E000000001E00001E000000000000000000000000000000000000000000000000000000000000000000000000000000000000000000001E1E1E0000
310
00000000000000000000000000000000000000000000000000000000000000000000000000000000000000000000000000000000000000000000000000000000000000000000000000000000000000000000000000000000000000000000000000000000000000000000000000000000000000000000000000000000000000
310
00000000000000000000000000000000001E000000000000000000000000000000000000000000000000000000000000000000000000000000000000001E0000000000000000000000000000000000000000000000000000000000000000000000000000000000000000000000000000000000000000000000000000000000
310
000000000000000000000000000000000000000000000000000000000000000000000000000000000000000000000000000000000000000000000000000000000000000000000000000000000000000000000000000000000000000000000000000000000000000000000000000000000000001E1E1E1E0000000000000000
310
000000000000000000000000000000000000000000000000000000000000000000000000001E00001E000000001E00000000000000000000000000000000000000000000000000001E0000001E001E000000000000000000000000000000000000000000000000000000000000000000000000000000000000001E1E1E1E00
310
00001E1E1E1E00000000000000000000000000000000000000000000000000000000000000000000000000000000000000000000000000000000000000000000000000000000000000000000000000000000000000000000000000000000000000000000000000000000000000000000000000000000000000000000000000
310
000000000000000000000000000000000000000000001E00000000000000000000000000000000000000000000000000000000000000000000000000000000001E0000000000000000000000000000000000000000000000000000000000000000000000000000000000000000000000000000000000000000000000000000
310
000000000000000000000000000000000000000000000000000000000000000000000000000000000000000000000000000000000000000000000000000000000000000000000000000000000000000000000000000000000000000000000000000000000000000000000000000000000000001E1E1E1E000000001E1E1E1E
310
0000000000000000000000000000000000000000000000000000000000000000000000000000000000001E001E0000001E0000000000000000000000000000000000000000000000000000001E000000001E00000000000000000000000000000000000000000000000000000000000000000000000000000000001E1E1E00
310
000000000000000000001E1E000000000000000000000000000000000000000000000000000000000000000000000000000000000000000000000000000000000000000000000000000000000000001E1E1E000000000000000000000000000000000000000000000000000000000000000000000000000000000000000000
310
0000000000000000000000000000000000000000000000000000001E0000000000000000000000000000000000000000000000000000000000000000000000000000001E0000000000000000000000000000000000000000000000000000000000000000000000000000000000000000000000000000000000000000000000
310
00000000000000000000000000000000000000000000000000000000000000000000000000000000000000000000001E1E1E000000000000000000000000000000000000000000000000000000000000000000000000000000000000000000000000000000000000000000000000000000000000001E1E0000000000000000
310
000000001E1E00000000000000000000000000000000000000000000000000000000000000000000000000000000001E000000001E0000000000000000000000000000000000000000000000000000001E0000000000000000000000000000000000000000000000000000000000000000000000000000000000000000001E
310
000000000000000000000000000000001E00000000000000000000000000000000000000000000000000000000000000000000000000000000000000000000000000000000000000000000000000000000001E00001E0000000000000000000000000000000000000000000000000000000000000000000000000000001E1E
310
00000000000000000000000000000000000000000000000000000000000000001E000000000000000000000000000000000000000000000000000000000000000000000000001E0000000000000000000000000000000000000000000000000000000000000000000000000000000000000000000000000000000000000000
310
0000000000000000000000000000000000000000000000000000000000000000000000000000000000000000000000000000001E00001E00000000000000000000000000000000000000000000000000000000000000000000000000000000000000000000000000000000000000000000000000000000001E000000000000
310
000000000000000000001E0000000000000000000000000000000000000000000000000000000000000000000000000000000000000000001E000000000000000000000000000000000000000000000000000000001E00000000000000000000000000001E1E00000000000000000000000000000000000000000000000000
310
00001E0000000000000000000000000000000000001E00000000000000000000000000000000000000000000000000000000000000000000000000000000000000000000000000000000000000000000000000000000001E001E00000000000000000000000000000000000000000000000000000000000000000000000000
310
1E1E00001E1E00000000000000000000000000000000001E1E0000000000000000000000001E00000000000000000000000000000000000000000000000000000000000000000000001E0000000000000000000000000000000000000000000000000000000000000000000000000000000000000000000000000000000000
310
000000000000000000000000000000000000000000000000000000000000000000000000000000000000000000000000000000000000001E001E00000000000000000000000000000000000000000000000000000000000000000000000000000000000000000000000000000000000000000000000000000000001E000000
310
0000000000000000000000000000001E0000000000000000000000000000000000000000000000000000001E1E1E000000000000000000000000001E00000000000000000000000000000000000000000000000000000000001E0000000000000000000000001E1E00001E1E00000000000000000000000000000000000000
310
00000000001E00000000000000000000000000000000000000001E00000000000000000000000000000000000000000000000000000000000000000000000000000000000000000000000000000000000000000000000000000000001E00000000000000000000000000000000000000000000000000000000000000000000
310
000000001E000000001E0000000000000000000000000000001E1E00001E0000000000000000000000001E0000000000000000000000000000000000000000000000000000000000000000001E0000000000000000000000000000000000000000000000000000000000000000000000000000000000000000000000000000
310
0000000000000000000000000000000000000000000000000000000000000000000000000000000000000000000000000000000000000000000000001E00000000000000000000000000000000000000000000000000000000000000000000000000000000000000000000000000000000000000000000000000000000001E
310
00000000000000000000000000000000000000001E0000000000000000000000000000000000000000000000001E1E0000001E0000000000000000000000001E00000000000000000000000000000000000000000000000000000000001E0000000000000000000000001E000000001E000000000000000000000000000000
310
00000000000000001E000000000000000000000000000000000000000000001E00000000000000000000000000000000000000000000000000001E1E1E000000000000000000000000000000000000000000000000000000000000000000000000000000000000000000000000000000000000000000000000000000000000
310
000000000000001E0000000000001E000000000000000000000000001E000000001E000000000000000000000000001E000000000000000000000000000000000000000000000000000000000000001E0000000000000000000000000000000000000000000000000000000000000000000000000000000000000000000000
310
000000000000000000000000000000000000000000001E1E1E0000000000000000000000000000000000000000000000000000000000000000000000000000000000000000000000000000000000000000000000000000000000000000000000000000001E1E1E000000000000000000000000000000000000000000000000
310
00001E000000000000000000000000000000000000000000001E00000000000000000000000000000000000000000000001E000000001E0000000000000000000000001E0000000000000000000000000000000000000000000000000000000000001E000000000000000000001E0000000000001E00000000000000000000
310
00000000000000000000001E0000000000000000000000000000000000000000000000001E000000000000000000000000000000000000000000000000001E001E0000000000000000000000000000000000000000000000000000000000000000000000000000000000000000000000000000000000000000000000000000
310
00000000000000000000001E0000000000001E000000000000000000000000001E000000001E00000000000000000000000000001E00000000000000000000000000000000000000000000000000000000001E0000000000000000000000000000000000000000000000000000000000000000000000000000000000000000
310
00000000000000000000000000000000000000000000000000001E001E00000000000000000000000000000000000000000000000000000000000000000000000000000000000000000000000000000000000000000000000000000000000000000000000000001E00001E0000000000000000000000000000000000000000
310
00000000001E0000000000000000000000000000000000000000000000001E0000000000000000000000000000000000000000001E0000000000001E000000000000000000001E000000000000000000000000000000000000000000000000000000000000001E000000000000000000001E0000000000001E000000000000
310
0000000000000000000000000000001E0000000000000000000000000000000000000000000000001E000000000000000000000000000000000000000000000000001E00001E000000000000000000000000000000000000000000000000000000000000000000000000000000000000000000000000000000000000000000
310
000000000000000000000000000000001E00000000001E00000000000000000000000000001E00001E1E0000000000000000000000000000001E0000000000000000000000000000000000000000000000000000001E0000000000000000000000000000000000000000000000000000000000000000000000000000000000
310
0000000000000000000000000000000000000000000000000000000000001E1E1E00000000000000000000000000000000000000000000000000000000000000000000000000000000000000000000000000000000000000000000000000000000000000000000000000001E00001E00000000000000000000000000000000
310
0000000000000000001E0000000000000000000000000000000000000000000000001E0000000000000000000000000000000000000000001E0000000000001E000000000000000000001E000000000000000000000000000000000000000000000000000000000000001E000000000000000000001E0000000000001E0000
310
0000000000000000000000000000000000001E000000000000000000000000000000000000000000000000001E000000000000000000000000000000000000000000000000001E1E1E000000000000000000000000000000000000000000000000000000000000000000000000000000000000000000000000000000000000
310
00000000000000000000000000000000000000001E0000001E1E000000000000000000000000000000001E1E0000000000000000000000000000000000001E000000000000000000000000000000000000000000000000001E0000000000000000000000000000000000000000000000000000000000000000000000000000
310
000000000000000000000000000000000000000000000000000000000000000000000000000000000000000000000000000000000000000000000000000000000000000000000000000000000000000000000000000000000000000000000000000000000000000000000000000000001E1E1E000000000000000000000000
310
0000000000000000000000001E000000000000000000000000000000000000000000000000001E0000000000000000000000000000000000000000001E0000000000001E000000000000000000001E00000000000000000000000000000000000000000000000000000000000000001E000000000000000000001E00000000
310
1E0000000000000000000000000000000000000000001E00000000000000000000000000000000000000000000000000001E0000000000000000000000000000000000000000000000000000000000000000000000000000000000000000000000000000000000000000000000000000000000000000000000000000000000
310
000000000000000000000000000000000000000000000000001E1E1E0000000000000000000000000000000000000000000000000000000000000000000000000000001E00000000000000000000000000000000000000000000001E0000000000000000000000000000000000000000000000000000000000000000000000
310
00000000000000000000000000000000000000000000000000000000000000000000000000000000000000000000000000000000000000000000000000000000000000000000000000000000000000000000000000000000000000000000000000000000000000000000000000000000000000000000000000000000000000
310
000000000000000000000000000000001E00000000000000000000000000000000000000000000000000001E0000000000000000000000000000000000000000001E000000001E000000000000000000001E0000000000000000000000000000000000000000000000000000000000000000001E000000000000000000001E
310
0000001E1E0000000000000000000000000000000000000000001E00000000000000000000000000000000000000000000000000001E00000000000000000000000000000000000000000000000000000000000000000000000000000000000000000000000000000000000000000000000000000000000000000000000000
310
0000000000000000000000000000000000000000000000000000000000000000000000000000000000000000000000000000000000000000000000000000000000000000000000001E0000000000000000000000000000000000000000001E0000000000000000000000000000000000000000000000000000000000000000
310
00000000000000000000000000000000000000000000000000000000000000000000000000000000000000000000000000000000000000000000000000000000000000000000000000000000000000000000000000000000000000000000000000000000000000000000000000000000000000000000000000000000000000
310
00000000000000000000000000000000000000001E00000000000000000000000000000000000000000000000000001E0000000000000000000000000000000000000000001E1E00001E1E000000000000000000001E0000000000000000000000000000000000000000000000000000000000000000001E00000000000000
310
000000001E1E1E00000000000000000000000000000000000000000000001E00000000000000000000000000000000000000000000000000001E000000000000000000000000000000000000000000000000000000000000000000000000000000000000000000000000000000000000000000000000000000000000000000
310
00000000000000000000000000000000000000000000000000000000000000000000000000000000000000000000000000000000000000000000000000000000000000000000000000000000001E000000000000000000000000000000000000001E0000000000000000000000000000000000000000000000000000000000
310
00000000000000000000000000000000000000000000000000000000000000000000000000000000000000000000000000000000000000000000000000000000000000000000000000000000000000000000000000000000000000000000000000000000000000000000000000000000000000000000000000000000000000
310
0000000000000000000000000000000000000000000000001E00000000000000000000000000000000000000000000000000001E00000000000000000000000000000000000000000000001E1E0000000000000000000000001E000000000000000000000000000000000000000000000000000000000000000000001E0000
310
0000000000000000000000000000000000000000001E00000000000000000000001E0000000000000000000000000000000000000000000000000000001E0000000000000000000000000000000000000000000000000000000000000000000000000000000000000000000000000000000000000000000000000000000000
310
000000000000001E1E1E0000000000000000000000000000000000000000000000000000000000000000000000000000000000000000000000000000000000000000000000000000000000000000000000001E00000000000000000000000000000000001E000000000000001E1E1E1E1E1E1E1E1E1E1E1E1E000000000000
310
00000000000000000000000000000000000000000000000000000000000000000000000000000000000000000000000000000000000000000000000000000000000000000000000000000000000000000000000000000000000000000000000000000000000000000000000000000000000000000000000000000000000000
310
0000000000000000000000000000000000000000000000000000001E0000000000000000000000000000000000000000000000000000001E0000000000000000000000001E00000000000000000000000000000000000000000000001E00000000000000000000000000000000000000000000000000000000000000000000
310
001E000000000000000000000000000000000000000000001E001E000000000000000000001E000000000000000000000000000000000000000000000000000000001E000000000000000000000000000000000000000000000000000000000000000000000000000000000000000000000000000000000000000000000000
310
0000000000000000001E1E0000001E00000000000000000000000000000000001E1E0000000000000000000000000000000000000000000000000000000000000000000000000000001E1E0000000000000000000000001E0000000000000000000000000000001E00000000000000001E00000000000000000000001E0000
310
00000000000000000000000000000000000000000000000000000000000000000000000000000000000000000000000000000000000000000000000000000000000000000000000000000000000000000000000000000000000000000000000000000000000000000000000000000000000000000000000000000000000000
310
000000000000000000000000000000000000000000000000000000000000001E000000000000000000000000000000000000000000000000000000001E000000000000000000001E001E000000000000000000000000000000000000000000001E000000000000000000000000000000000000000000000000000000000000
310
00000000001E0000000000000000000000000000000000000000001E00001E000000000000000000001E000000000000000000000000000000000000000000000000000000001E0000000000000000000000000000000000000000000000000000000000000000000000000000000000000000000000000000000000000000
310
000000000000000000000000001E00000000001E00000000000000000000000000001E1E00001E0000000000000000000000000000000000001E00000000000000000000000000000000001E1E00001E0000000000000000000000001E000000000000000000000000001E0000000000000000001E00000000000000000000
310
001E0000000000000000000000000000000000000000000000000000000000000000000000000000000000000000000000000000000000000000000000000000000000000000000000000000000000000000000000000000000000000000000000000000000000000000000000000000000000000000000000000000000000
310
00000000000000000000000000000000000000000000000000000000000000000000001E000000000000000000000000000000000000000000000000000000001E000000000000000000001E00001E0000000000000000000000000000000000000000001E0000000000000000000000000000000000000000000000000000
310
000000000000000000001E0000000000000000000000000000000000000000001E1E1E000000000000000000001E000000000000000000000000000000000000000000000000000000001E00000000000000000000000000000000000000000000000000000000000000000000000000000000000000000000000000000000
310
000000000000000000000000000000001E0000000000001E00000000000000000000000000001E0000001E00000000000000000000000000000000001E001E000000000000000000000000000000001E0000001E000000000000000000000000001E00000000000000000000001E000000000000000000001E000000000000
310
00000000001E0000000000000000000000000000000000000000000000000000000000000000000000000000000000001E000000000000000000000000000000000000000000000000000000000000000000000000000000000000000000000000000000000000000000000000000000000000000000000000000000000000
310
0000000000000000000000000000000000000000000000000000000000000000000000000000001E000000000000000000000000000000000000000000000000000000001E000000000000000000001E1E1E0000000000000000000000000000000000000000001E0000000000000000000000000000000000000000000000
310
00000000000000000000000000001E00000000000000000000000000000000000000000000000000000000000000000000001E00000000000000000000000000000000000000000000000000001E00000000000000000000000000000000000000000000000000000000000000000000000000000000000000000000000000
310
00000000000000000000000000000000000000001E000000000000001E000000000000000000000000001E000000001E0000000000000000000000000000001E00001E000000000000000000000000000000001E000000001E000000000000000000000000001E0000000000000000001E00000000000000000000001E0000
310
0000000000000000001E00000000000000000000000000000000000000000000000000000000000000000000000000000000001E001E00000000000000000000000000000000000000000000000000000000000000000000000000000000000000000000000000000000000000000000000000000000000000000000000000
310
00000000000000000000000000000000000000000000000000000000000000000000000000000000000000001E00000000000000000000000000000000000000000000000000001E00000000000000000000000000000000000000000000000000000000000000000000001E00000000000000000000000000000000000000
310
0000000000000000000000000000000000001E00000000000000000000000000000000000000000000000000000000000000000000001E00000000000000000000000000000000000000000000000000001E000000000000000000000000000000000000000000000000000000000000000000000000000000000000000000
310
0000000000000000000000000000000000000000000000001E0000000000001E00000000000000000000000000001E000000001E000000000000000000000000000000001E1E1E000000000000000000000000000000001E000000001E000000000000001E0000000000001E000000000000001E0000000000000000000000
310
001E00000000000000000000001E00000000000000000000000000000000000000000000000000000000000000000000000000000000001E00001E0000000000000000000000000000000000000000000000000000000000000000000000000000000000000000000000000000000000000000000000000000000000000000
310
0000000000000000000000000000000000000000000000000000000000000000000000000000000000000000000000001E00000000000000000000000000000000000000000000000000001E00000000000000000000000000000000000000000000000000000000000000000000001E000000000000000000000000000000
310
00000000000000000000000000000000000000000000001E00000000001E000000000000000000000000000000000000000000000000000000001E00000000000000000000000000000000000000000000000000001E0000000000000000000000000000000000000000000000000000000000000000000000000000000000
310
00000000000000000000000000000000000000000000000000000000001E00000000001E00000000000000000000000000001E1E1E1E1E0000000000000000000000000000000000000000000000000000000000000000000000001E1E1E1E1E000000000000001E001E0000000000001E00000000001E0000000000000000
310
00000000001E1E1E1E1E1E1E1E1E1E1E1E1E00000000000000000000000000000000000000000000000000000000000000000000000000000000001E1E1E0000000000000000000000000000000000000000000000000000000000000000000000000000000000000000000000000000000000000000000000000000000000
310
000000000000000000000000000000000000000000000000000000000000000000000000000000000000000000000000000000001E00000000000000000000000000000000000000000000000000001E000000000000000000000000000000000000000000000000000000001E00000000001E000000000000000000000000
310
0000000000000000000000000000000000000000000000000000001E000000001E001E0000000000000000000000000000000000000000000000000000001E00000000000000000000000000000000000000000000000000001E00000000000000000000000000000000000000000000000000000000000000000000000000
310
0000000000000000000000000000000000000000000000000000000000000000001E1E00001E1E00000000000000000000000000000000000000000000000000000000000000000000000000000000000000000000000000000000000000000000000000000000000000001E001E000000000000001E0000001E0000000000
310
00000000000000000000000000000000000000000000000000000000000000000000000000000000000000000000000000000000000000000000000000000000000000000000000000000000000000000000000000000000000000000000000000000000000000000000000000000000000000000000000000000000000000
310
00000000000000000000000000000000000000000000000000000000000000000000000000000000000000000000000000000000000000001E00000000000000000000000000000000000000000000000000001E0000000000000000000000000000000000000000000000000000001E001E000000001E0000000000000000
310
000000000000000000000000000000000000000000000000000000000000001E0000001E00001E000000000000000000000000000000000000000000000000000000001E0000000000000000000000000000000000000000000000001E00000000000000000000000000000000000000000000000000000000000000000000
310
0000000000000000000000000000000000000000000000000000000000000000000000000000001E1E000000000000000000000000000000000000000000000000000000000000000000000000000000000000000000000000000000000000000000000000000000000000000000001E1E1E00000000000000001E001E0000
310
00000000000000000000000000000000000000000000000000000000000000000000000000000000000000000000000000000000000000000000000000000000000000000000000000000000000000000000000000000000000000000000000000000000000000000000000000000000000000000000000000000000000000
310
000000000000000000000000000000000000000000000000000000000000000000000000000000000000000000000000000000000000000000000000001E0000000000000000000000000000000000000000000000001E000000000000000000000000000000000000000000000000000000001E00001E0000001E00000000
310
0000000000000000000000000000000000000000000000000000000000000000000000001E0000001E1E1E000000000000000000000000000000000000000000000000000000001E0000000000000000000000000000000000000000000000001E000000000000000000000000000000000000000000000000000000000000
310
0000000000000000000000001E000000000000000000000000000000000000000000000000000000000000000000000000000000000000000000000000000000000000000000000000000000000000000000000000000000000000000000000000000000000000000000000000000000000000000000000000000000000000
310
1E000000000000000000000000000000000000000000000000000000000000000000000000000000000000000000000000000000000000000000000000000000000000000000000000000000000000000000000000000000000000000000000000000000000000000000000000000000000000000000000000000000000000
310
000000000000000000000000000000000000000000001E0000000000000000000000000000000000000000000000000000000000000000000000000000000000001E0000000000000000000000000000000000000000000000001E000000000000000000000000000000000000000000000000000000001E1E1E0000001E00
310
000000000000000000000000000000000000000000000000000000000000000000000000000000001E00000000000000000000000000000000000000000000000000000000000000000000001E000000000000000000000000000000000000000000001E000000000000000000000000000000000000000000000000000000
310
0000000000000000000000000000001E001E00000000000000000000000000000000000000000000000000000000000000000000000000000000000000000000000000000000000000000000000000000000000000000000000000000000000000001E1E1E0000000000000000000000000000000000000000000000000000
310
00000000000000000000000000000000000000000000000000000000000000000000000000000000000000000000000000000000000000000000000000000000000000000000000000000000000000000000000000000000000000000000000000000000000000000000000000000000000000000000000000000000000000
310
000000000000000000000000000000000000000000000000001E001E0000000000000000000000000000000000000000000000000000000000000000000000000000000000001E000000000000000000000000000000000000000000001E000000000000000000000000000000000000000000000000000000000000000000
310
00001E00000000000000000000000000000000000000000000000000000000000000000000000000000000001E0000000000000000000000000000001E1E1E0000000000000000000000000000000000001E00000000000000000000000000000000000000001E000000000000000000000000000000000000000000000000
310
000000000000000000000000000000000000001E00001E00000000000000000000000000000000000000000000000000000000000000000000000000000000000000000000000000000000000000000000000000000000000000000000000000000000001E1E0000001E1E0000000000000000000000000000000000000000
310
00000000000000000000000000000000000000000000000000000000000000000000000000000000000000000000000000000000000000000000000000000000000000000000000000000000000000000000000000000000000000000000000000000000000000000000000000000000000000000000000000000000000000
310
000000000000000000000000000000000000000000000000000000001E00001E000000000000000000000000000000000000000000000000000000000000000000000000000000000000001E00000000000000000000000000000000000000001E000000000000000000000000000000000000001E1E000000000000000000
310
0000000000001E0000000000000000000000000000000000000000000000000000000000000000000000000000000000001E0000000000000000000000001E1E0000001E0000000000000000000000000000000000001E0000000000000000000000000000000000001E000000000000000000000000000000000000000000
310
00000000000000000000000000000000000000000000001E1E1E00000000000000000000000000000000000000000000000000000000000000000000000000000000000000000000000000000000000000000000001E1E1E1E0000000000000000000000000000001E00000000001E0000000000000000000000000000001E
310
1E1E1E00000000000000000000000000000000000000000000000000000000000000000000000000000000000000000000000000000000000000000000000000000000000000000000000000000000000000000000000000000000000000000000000000000000000000000000000000000000000000000000000000000000
310
0000000000000000000000000000000000000000000000000000000000000000001E1E1E00000000000000000000000000000000000000000000000000000000000000000000000000000000000000001E0000000000000000000000000000000000001E0000000000000000000000000000000000001E1E00001E1E000000
310
0000000000000000001E000000000000000000000000000000000000000000000000000000000000000000000000000000000000001E0000000000000000000000001E000000001E000000000000000000000000000000000000001E000000000000000000000000000000001E000000000000000000000000000000000000
310
0000000000000000000000000000000000000000000000000000000000000000000000000000000000000000000000000000000000000000000000000000000000000000001E1E1E000000000000000000000000000000001E0000001E00000000000000000000000000001E000000000000001E0000000000000000000000
310
00001E0000001E000000000000000000000000000000000000000000000000000000000000000000000000000000000000000000000000000000000000000000000000000000000000000000000000000000000000000000000000000000000000000000000000000000000000000000000000000000000000000000000000
310
000000000000000000000000000000000000000000000000000000000000000000000000000000000000000000000000000000000000000000000000000000000000000000000000000000000000000000000000001E000000000000000000000000000000001E000000000000000000000000000000000000001E00000000
310
1E0000000000000000000000001E000000000000000000000000000000000000000000000000000000000000000000000000000000000000001E00000000000000000000001E0000000000001E000000000000000000000000000000000000001E1E0000000000000000000000001E1E000000000000000000000000000000
310
0000000000000000000000000000000000000000000000000000000000000000000000000000000000000000000000000000000000000000000000000000000000000000000000001E00001E000000000000000000000000000000001E000000001E000000000000000000000000001E000000000000001E00000000000000
310
0000000000001E000000001E00000000000000000000000000000000000000000000000000000000000000000000000000000000000000000000000000000000000000000000000000000000000000000000000000000000000000000000000000000000000000000000000000000000000000000000000000000000000000
310
0000000000000000000000000000000000000000000000000000000000000000000000000000000000000000000000000000000000000000000000000000000000000000000000000000000000000000000000000000000000001E1E00000000000000000000001E1E1E000000000000000000000000000000000000001E00
310
00000000001E00000000000000000000001E00000000000000000000000000000000000000000000000000000000000000000000000000000000000000001E000000000000000000001E0000000000001E0000000000000000000000000000000000000000001E1E1E1E000000001E1E1E1E00000000000000000000000000
310
00000000000000000000000000000000000000000000000000000000000000000000000000000000000000000000000000000000000000000000000000000000000000000000000000000000001E001E00000000000000000000000000000000001E0000001E000000000000000000000000001E000000000000001E000000
310
00000000000000000000001E0000001E000000000000000000000000000000000000000000000000000000000000000000000000000000000000000000000000000000000000000000000000000000000000000000000000000000000000000000000000000000000000000000000000000000000000000000000000000000
310
0000000000000000000000000000000000000000000000000000000000000000000000000000000000000000000000000000000000000000000000000000000000000000000000000000000000000000000000000000000000000000000000001E1E1E1E0000001E1E1E1E0000000000000000000000000000000000000000
310
00001E0000000000001E000000000000000000001E0000000000000000000000000000000000000000000000000000000000000000000000000000000000000000001E00000000000000000000001E00000000001E000000000000000000000000000000000000000000000000001E1E1E1E00000000000000000000000000
310
000000000000000000000000000000000000000000000000000000000000000000000000000000000000000000000000000000000000000000000000000000000000000000000000000000000000000000001E0000000000000000000000000000000000001E001E1E0000000000000000000000000000001E00000000001E
310
0000000000000000000000000000001E001E1E000000000000000000000000000000000000000000000000000000000000000000000000000000000000000000000000000000000000000000000000000000000000000000000000000000000000000000000000000000000000000000000000000000000000000000000000
310
00000000000000000000000000000000000000000000000000000000000000000000000000000000000000000000000000000000000000000000000000000000000000000000000000000000000000000000000000000000000000000000000000000000000000001E1E1E0000000000000000000000000000000000000000
310
000000000000001E00000000001E000000000000000000001E0000000000000000000000000000000000000000000000000000000000000000000000000000000000000000001E00000000000000000000001E1E00001E1E000000000000000000000000000000000000000000000000000000000000000000000000000000
310
000000000000000000000000000000000000000000000000000000000000000000000000000000000000000000000000000000000000000000000000000000000000000000000000000000000000000000000000000000000000000000000000000000000000000000001E00000000000000000000000000000000001E1E00
310
00001E1E000000000000000000000000000000001E00000000000000000000000000000000000000000000000000000000000000000000000000000000000000000000000000000000000000000000000000000000000000000000000000000000000000000000000000000000000000000000000000000000000000000000
310
00000000000000000000000000000000000000000000000000000000000000000000000000000000000000000000000000000000000000000000000000000000000000000000000000000000000000000000000000000000000000000000000000000000000000000000000000000000000000000000000000000000000000
310
00000000000000000000001E0000001E1E00000000000000000000001E000000000000000000000000000000000000000000000000000000000000000000000000000000000000000000001E0000000000000000000000001E1E00000000000000000000000000000000000000000000000000000000000000000000000000
310
00000000000000000000000000000000000000000000000000000000000000000000000000000000000000000000000000000000000000000000000000000000000000000000000000000000000000000000000000000000000000000000000000000000000000000000000000000000000000000000000000000000000000
310
0000001E1E1E00000000000000000000000000000000000000000000000000000000000000000000000000000000000000000000000000000000000000000000000000000000000000000000000000000000000000000000000000000000000000000000000000000000000000000000000000000000000000000000000000
310
00000000000000000000000000000000000000000000000000000000000000000000000000000000000000000000000000000000000000000000000000000000000000000000000000000000000000000000000000000000000000000000000000000000000000000000000000000000000000000000000000000000000000
310
000000000000000000000000000000001E1E1E0000000000000000000000001E00000000000000000000000000000000000000000000000000000000000000000000000000000000000000000000001E0000000000000000000000000000000000000000000000001E1E1E0000000000000000000000000000000000000000
310
00000000000000000000000000000000000000000000000000000000000000000000000000000000000000000000000000000000000000000000000000000000000000000000000000000000000000000000000000000000000000000000000000000000000000000000000000000000000000000000000000000000000000
310
00000000000000000000000000000000000000000000000000000000000000000000000000000000000000000000000000000000000000000000000000000000000000000000000000000000000000000000000000000000000000000000000000000000000000000000000000000000000000000000000000000000000000
310
00000000000000000000000000000000000000000000000000000000000000000000000000000000000000000000000000000000000000000000000000000000000000000000000000000000000000000000000000000000000000000000000000000000000000000000000000000000000000000000000000000000000000
310
00000000000000001E1E1E0000000000000000000000000000000000000000000000001E0000000000000000000000000000000000000000000000000000000000000000000000000000000000000000000000001E000000000000000000000000000000000000000000001E00001E00000000000000000000000000000000
310
0000000000000000000000000000000000000000000000000000000000000000000000000000000000000000000000000000000000000000000000000000000000000000000000000000000000000000000000000000000000000000000000000000000000000000000000001E000000000000000000000000000000000000
310
00000000000000000000000000000000000000000000000000000000000000000000000000000000000000000000000000000000000000000000000000000000000000000000000000000000000000000000000000000000000000000000000000000000000000000000000000000000000000000000000000000000000000
310
00000000000000000000000000000000000000000000000000000000000000000000000000000000000000000000000000000000000000000000000000000000000000000000000000000000000000000000000000000000000000000000000000000000000000000000000000000000000000000000000000000000000000
310
0000000000000000000000001E00001E000000000000000000000000000000000000000000001E000000000000000000000000000000000000000000000000000000000000000000000000000000000000000000000000001E00000000000000000000000000000000000000000000001E001E000000000000000000000000
310
00000000000000000000000000000000000000000000000000000000000000000000000000000000000000000000000000000000000000000000000000000000000000000000000000000000000000000000000000000000000000000000000000000000000000000000000000001E1E001E1E000000000000000000000000
310
00000000000000000000000000000000000000000000000000000000000000000000000000000000000000000000000000000000000000000000000000000000000000000000000000000000000000000000000000000000000000000000000000000000000000000000000000000000000000000000000000000000000000
310
00000000000000000000000000000000000000000000000000000000000000000000000000000000000000000000000000000000000000000000000000000000000000000000000000000000000000000000000000000000000000000000000000000000000000000000000000000000000000000000000000000000000000
310
000000000000000000000000000000001E001E00000000000000000000000000000000000000000000001E00000000000000000000000000000000000000000000000000000000000000000000000000000000000000000000000000001E00000000000000000000000000000000000000000000001E000000000000000000
310
00000000000000000000000000000000000000000000000000000000000000000000000000000000000000000000000000000000000000000000000000000000000000000000000000000000000000000000000000000000000000000000000000000000000000000000000000000000001E00000000001E00000000000000
310
000000000000000000001E0000000000000000000000000000000000000000000000000000000000000000000000000000000000000000000000000000000000000000000000000000000000000000000000000000000000000000000000000000000000000000000000000000000000000000000000000000000000000000
310
00000000000000000000000000000000000000000000000000000000000000000000000000000000000000000000000000000000000000000000000000000000000000000000000000000000000000000000000000000000000000000000000000000000000000000000000000000000000000000000000000000000000000
310
0000000000000000000000000000000000000000001E00000000000000000000000000000000000000000000001E0000000000000000000000000000000000000000000000000000000000000000000000000000000000000000000000000000001E0000000000000000000000000000000000000000000000000000000000
310
00000000000000000000000000000000000000000000000000000000000000000000000000000000000000000000000000000000000000000000000000000000000000000000000000000000000000000000000000000000000000000000000000000000000000000000000000000000000000001E0000000000001E000000
310
0000000000000000000000001E1E001E00000000000000000000000000000000001E1E1E00000000000000000000000000000000000000000000000000000000000000000000000000000000000000000000000000000000000000000000000000000000000000000000000000000000000000000000000000000000000000
310
00000000000000000000000000000000000000000000000000000000000000000000000000000000000000000000000000000000000000000000000000000000000000000000000000000000000000000000000000000000000000000000000000000000000000000000000000000000000000000000000000000000000000
310
000000000000000000000000000000000000000000000000000000000000000000000000000000000000000000000000001E000000000000000000000000000000000000000000000000000000000000000000000000000000000000000000000000000000001E000000000000000000000000000000000000000000000000
310
0000000000000000000000000000000000000000000000000000000000000000000000000000000000000000000000000000000000000000000000000000000000000000000000000000000000000000000000000000000000000000000000000000000000000000000000000000000000000000000000001E000000000000
310
001E000000000000000000000000001E000000001E000000000000000000000000000000001E00001E0000000000000000000000000000000000000000000000000000000000000000000000000000000000000000000000000000000000000000000000000000000000000000000000000000000000000000000000000000
310
00000000000000000000000000000000000000000000000000000000000000000000000000000000000000000000000000000000000000000000000000000000000000000000000000000000000000000000000000000000000000000000000000000000000000000000000000000000000000000000000000000000000000
310
000000000000000000000000000000000000000000000000000000000000000000000000000000000000000000000000000000001E00000000000000000000000000000000000000000000000000000000000000000000000000000000000000000000000000000000001E0000000000000000000000000000000000000000
310
000000000000000000000000000000000000000000000000000000000000000000000000000000000000000000000000000000000000000000000000000000000000000000000000000000000000000000000000000000000000000000000000000000000000000000000000000000000000000000000000000000001E0000
310
00000000001E00000000000000000000000000001E0000001E000000000000000000000000000000001E001E0000000000000000000000000000000000000000000000000000000000000000000000000000000000000000000000000000000000000000000000000000000000000000000000000000000000000000000000
310
00000000000000000000000000000000000000000000000000000000000000000000000000000000000000000000000000000000000000000000000000000000000000000000000000000000000000000000000000000000000000000000000000000000000000000000000000000000000000000000000000000000000000
310
00000000000000000000000000000000000000000000000000000000000000000000000000000000000000000000000000000000000000001E00000000000000000000000000000000000000000000000000000000000000000000000000000000000000000000000000000000001E0000000000001E000000000000000000
310
00000000000000000000000000000000000000000000000000000000000000000000000000000000000000000000000000000000000000000000000000000000000000000000000000000000000000000000000000000000000000000000000000000000000000000000000000000000000000000000000000000000000000
310
00001E00000000001E0000000000000000000000000000001E00001E0000000000000000000000000000000000001E0000000000000000000000000000000000000000000000000000000000000000000000000000000000000000000000000000000000000000000000000000000000000000000000000000000000000000
310
00000000000000000000000000000000000000000000000000000000000000000000000000000000000000000000000000000000000000000000000000000000000000000000000000000000000000000000000000000000000000000000000000000000000000000000000000000000000000000000000000000000000000
310
00000000000000000000000000000000000000000000000000000000000000000000000000000000000000000000000000000000001E0000000000001E0000000000000000000000000000000000000000000000000000000000000000000000000000000000000000000000000000000000001E000000001E001E00000000
310
00000000000000000000000000000000000000000000000000000000000000000000000000000000000000000000000000000000000000000000000000000000000000000000000000000000000000000000000000000000000000000000000000000000000000000000000000000000000000000000000000000000000000
310
0000000000001E1E0000001E1E000000000000000000000000000000001E1E000000000000000000000000000000000000000000000000000000000000000000000000000000000000000000000000000000000000000000000000000000000000000000000000000000000000000000000000000000000000000000000000
310
00000000000000000000000000000000000000000000000000000000000000000000000000000000000000000000000000000000000000000000000000000000000000000000000000000000000000000000000000000000000000000000000000000000000000000000000000000000000000000000000000000000000000
310
00000000000000000000000000000000000000000000000000000000000000000000000000000000000000000000000000000000000000001E001E000000001E000000000000000000000000000000000000000000000000000000000000000000000000000000000000000000000000000000000000001E0000001E00001E
310
00000000000000000000000000000000000000000000000000000000000000000000000000000000000000000000000000000000000000000000000000000000000000000000000000000000000000000000000000000000000000000000000000000000000000000000000000000000000000000000000000000000000000
310
0000000000000000000000001E1E1E00000000000000000000000000000000000000000000000000000000000000000000000000000000000000000000000000000000000000000000000000000000000000000000000000000000000000000000000000000000000000000000000000000000000000000000000000000000
310
00000000000000000000000000000000000000000000000000000000000000000000000000000000000000000000000000000000000000000000000000000000000000000000000000000000000000000000000000000000000000000000000000000000000000000000000000000000000000000000000000000000000000
310
0000000000000000000000000000000000000000000000000000000000000000000000000000000000000000000000000000000000000000000000001E00001E0000001E00000000000000000000000000000000000000000000000000000000000000000000000000000000000000000000000000000000000000001E0000
310
001E1E1E0000000000000000001E1E1E000000000000000000000000000000000000000000000000000000000000000000000000000000000000000000000000000000000000000000000000000000000000000000000000000000000000000000000000000000000000000000000000000000000000000000000000000000
310
00000000000000000000000000000000000000000000000000000000000000000000000000000000000000000000000000000000000000000000000000000000000000000000000000000000000000000000000000000000000000000000000000000000000000000000000000000000000000000000000000000000000000
310
00000000000000000000000000000000000000000000000000000000000000000000000000000000000000000000000000000000000000000000000000000000000000000000000000000000000000000000000000000000000000000000000000000000000000000000000000000000000000000000000000000000000000
310
000000000000000000000000000000000000000000000000000000000000000000000000000000000000000000000000000000001E1E1E0000000000000000001E1E1E0000001E0000000000000000000000000000000000000000000000000000000000000000000000000000000000000000000000000000000000000000
310
001E000000000000000000000000001E1E0000001E1E000000000000000000000000000000000000000000000000000000000000000000000000000000000000000000000000000000000000000000000000000000000000000000000000000000000000000000000000000000000000000000000000000000000000000000
310
00000000000000000000000000000000000000000000000000000000000000000000000000000000000000000000000000000000000000000000000000000000000000000000000000000000000000000000000000000000000000000000000000000000000000000000000000000000000000000000000000000000000000
310
00000000000000000000000000000000000000000000000000000000000000000000000000000000000000000000000000000000000000000000000000000000000000000000000000000000000000000000000000000000000000000000000000000000000000000000000000000000000000000000000000000000000000
310
0000000000000000000000000000000000000000000000000000000000000000000000000000000000000000000000000000000000001E1E0000001E1E000000000000000000000000001E00000000000000000000000000000000000000000000000000000000000000000000000000000000000000000000000000000000
310
0000000000001E0000000000000000000000001E00000000001E0000000000000000000000000000000000000000000000000000000000000000000000000000000000000000000000000000000000000000000000000000000000000000000000000000000000000000000000000000000000000000000000000000000000
310
00000000000000000000000000000000000000000000000000000000000000000000000000000000000000000000000000000000000000000000000000000000000000000000000000000000000000000000000000000000000000000000000000000000000000000000000000000000000000000000000000000000000000
310
00000000000000000000000000000000000000000000000000000000000000000000000000000000000000000000000000000000000000000000000000000000000000000000000000000000000000000000000000000000000000000000000000000000000000000000000000000000000000000000000000000000000000
310
000000000000000000000000000000000000000000000000000000000000000000000000000000000000000000000000000000000000000000001E00000000001E0000000000000000000000001E00000000000000000000000000000000000000000000000000000000000000000000000000000000000000000000000000
310
000000000000000000001E00000000000000000000001E000000000000001E000000000000000000000000000000000000000000000000000000000000000000000000000000000000000000000000000000000000000000000000000000000000000000000000000000000000000000000000000000000000000000000000
310
00000000000000000000000000000000000000000000000000000000000000000000000000000000000000000000000000000000000000000000000000000000000000000000000000000000000000000000000000000000000000000000000000000000000000000000000000000000000000000000000000000000000000
310
00000000000000000000000000000000000000000000000000000000000000000000000000000000000000000000000000000000000000000000000000000000000000000000000000000000000000000000000000000000000000000000000000000000000000000000000000000000000000000000000000000000000000
310
000000000000000000000000000000000000000000000000000000000000000000000000000000000000000000000000000000000000000000000000001E000000000000001E00000000000000000000001E000000000000000000000000000000000000000000000000000000000000000000000000000000000000000000
310
0000000000000000000000000000001E000000000000000000001E000000000000001E0000000000000000000000000000000000000000000000000000000000000000000000000000000000000000000000000000000000000000000000000000000000000000000000000000000000000000000000000000000000000000
310
00000000000000000000000000000000000000000000000000000000000000000000000000000000000000000000000000000000000000000000000000000000000000000000000000000000000000000000000000000000000000000000000000000000000000000000000000000000000000000000000000000000000000
310
00000000000000000000000000000000000000000000000000000000000000000000000000000000000000000000000000000000000000000000000000000000000000000000000000000000000000000000000000000000000000000000000000000000000000000000000000000000000000000000000000000000000000
310
00000000000000000000000000000000000000000000000000000000000000000000000000000000000000000000000000000000000000000000000000000000001E000000000000001E000000000000000000001E000000000000000000000000000000000000000000000000000000000000000000000000000000000000
310
000000000000000000000000000000000000001E000000000000000000001E000000000000001E00000000000000000000000000000000000000000000000000000000000000000000000000000000000000000000000000000000000000000000000000000000000000000000000000000000000000000000000000000000
310
00000000000000000000000000000000000000000000000000000000000000000000000000000000000000000000000000000000000000000000000000000000000000000000000000000000000000000000000000000000000000000000000000000000000000000000000000000000000000000000000000000000000000
310
000000000000000000000000000000000000000000000000000000000000000000000000000000000000000000000000000000000000001E1E1E000000000000000000000000000000000000000000000000000000000000000000000000000000000000000000000000000000000000000000000000000000000000000000
310
0000000000000000000000000000000000000000000000000000000000000000000000000000000000000000000000000000000000000000000000000000000000000000001E000000000000001E000000000000000000001E0000000000000000000000000000000000000000000000000000000000000000000000000000
310
0000000000000000000000000000000000000000000000001E000000000000000000001E00000000001E00000000000000000000000000000000000000000000000000000000000000000000000000000000000000000000000000000000000000000000000000000000000000000000000000000000000000000000000000
310
00000000000000000000000000000000000000000000000000000000000000000000000000000000000000000000000000000000000000000000000000000000000000000000000000000000000000000000000000000000000000000000000000000000000000000000000000000000000000000000000000000000000000
310
00000000000000000000000000000000000000000000000000000000000000000000000000000000000000000000000000000000000000000000001E00001E00000000000000000000000000000000000000000000000000000000000000000000000000000000000000000000000000000000000000000000000000000000
310
00000000000000000000000000000000000000000000000000000000000000000000000000000000000000000000000000000000000000000000000000000000000000000000000000001E00000000001E000000000000000000001E0000000000000000000000000000000000000000000000000000000000000000000000
310
000000000000000000000000000000000000000000000000000000001E000000000000000000001E1E0000001E1E0000000000000000001E0000000000000000000000000000000000000000000000000000000000000000000000000000000000000000000000000000000000000000000000000000000000000000000000
310
00000000000000000000000000000000000000000000000000000000000000000000000000000000000000000000000000000000000000000000000000000000000000000000000000000000000000000000000000000000000000000000000000000000000000000000000000000000000000000000000000000000000000
310
0000000000000000000000000000000000000000000000000000000000000000000000000000000000000000000000000000000000000000000000000000001E001E00000000000000000000000000000000000000000000000000000000000000000000000000000000000000000000000000000000000000000000000000
310
00000000000000000000000000000000000000000000000000000000000000000000000000000000000000000000000000000000000000000000000000000000000000001E0000000000000000001E1E0000001E1E000000000000000000001E00000000000000000000000000000000000000000000000000000000000000
310
00000000000000000000000000000000000000000000000000000000000000001E0000000000000000000000001E1E1E000000000000000000001E001E000000000000000000000000000000000000000000000000000000000000000000000000000000000000000000000000000000000000000000000000000000000000
310
00000000000000000000000000000000000000000000000000000000000000000000000000000000000000000000000000000000000000000000000000000000000000000000000000000000000000000000000000000000000000000000000000000000000000000000000000000000000000000000000000000000000000
310
00000000000000000000000000000000000000000000000000000000000000000000000000000000000000000000000000000000000000000000000000000000000000001E00000000000000000000000000000000000000000000000000000000000000000000000000000000000000000000000000000000000000000000
310
00000000000000000000000000000000000000000000000000000000000000000000000000000000000000000000000000000000000000000000000000000000000000000000001E001E000000000000000000001E1E1E0000000000000000000000001E000000000000000000000000000000000000000000000000000000
310
000000000000000000000000000000000000000000000000000000000000000000000000001E00000000000000000000000000000000000000000000001E00001E0000000000000000000000000000000000000000000000000000000000000000000000000000000000000000000000000000000000000000000000000000
310
00000000000000000000000000000000000000000000000000000000000000000000000000000000000000000000000000000000000000000000000000000000000000000000000000000000000000000000000000000000000000000000000000000000000000000000000000000000000000000000000000000000000000
310
00000000000000000000000000000000000000000000000000000000000000000000000000000000000000000000000000000000000000000000000000000000000000000000000000000000000000000000000000000000000000000000000000000000000000000000000000000000000000000000000000000000000000
310
0000000000000000000000000000000000000000000000000000000000000000000000000000000000000000000000000000000000000000000000000000000000000000000000000000001E00001E00000000000000000000000000000000000000000000001E000000000000000000000000000000000000000000000000
310
00000000000000000000000000000000000000000000000000000000000000000000000000000000001E0000000000000000000000000000000000000000000000001E1E1E00000000000000000000000000000000000000000000000000000000000000000000000000000000000000000000000000000000000000000000
310
00000000000000000000000000000000000000000000000000000000000000000000000000000000000000000000000000000000000000000000000000000000000000000000000000000000000000000000000000000000000000000000000000000000000000000000000000000000000000000000000000000000000000
310
00000000000000000000000000000000000000000000000000000000000000000000000000000000000000000000000000000000000000000000000000000000000000000000000000000000000000000000000000000000000000000000000000000000000000000000000000000000000000000000000000000000000000
310
000000000000000000000000000000000000000000000000000000000000000000000000000000000000000000000000000000000000000000000000000000000000000000000000000000000000001E1E1E0000000000000000000000000000000000000000000000001E0000000000000000000000000000000000000000
310
000000000000000000000000000000000000000000000000000000000000000000000000000000000000000000001E0000000000000000000000000000000000000000000000000000000000000000000000000000000000000000000000000000000000000000000000000000000000000000000000000000000000000000
310
00000000000000000000000000000000000000000000000000000000000000000000000000000000000000000000000000000000000000000000000000000000000000000000000000000000000000000000000000000000000000000000000000000000000000000000000000000000000000000000000000000000000000
310
00000000000000000000000000000000000000000000000000000000000000000000000000000000000000000000000000000000000000000000000000000000000000000000000000000000000000000000000000000000000000000000000000000000000000000000000000000000000000000000000000000000000000
310
000000000000000000000000000000000000000000000000000000000000000000000000000000000000000000000000000000000000000000000000000000000000000000000000000000000000000000000000000000000000000000000000000000000000000000000000001E0000000000000000000000000000000000
310
00000000000000000000000000000000000000000000000000000000000000000000000000000000000000000000000000001E00000000000000000000000000000000000000000000000000000000000000000000000000000000000000000000000000000000000000000000000000000000000000000000000000000000
310
00000000000000000000000000000000000000000000000000000000000000000000000000000000000000000000000000000000000000000000000000000000000000000000000000000000000000000000000000000000000000000000000000000000000000000000000000000000000000000000000000000000000000
310
00000000000000000000000000000000000000000000000000000000000000000000000000000000000000000000000000000000000000000000000000000000000000000000000000000000000000000000000000000000000000000000000000000000000000000000000000000000000000000000000000000000000000
310
00000000000000000000000000000000000000000000000000000000000000000000000000000000000000000000000000000000000000000000000000000000000000000000000000000000000000000000000000000000000000000000000000000000000000000000000000000000001E00000000000000000000000000
310
000000000000000000000000000000000000000000000000000000000000000000000000000000000000000000000000000000000000001E0000000000000000000000000000000000000000000000000000000000000000000000000000000000000000000000000000000000000000000000000000000000000000000000
310
00000000000000000000000000000000000000000000000000000000000000000000000000000000000000000000000000000000000000000000000000000000000000000000000000000000000000000000000000000000000000000000000000000000000000000000000000000000000000000000000000000000000000
310
00000000000000000000000000000000000000000000000000000000000000000000000000000000000000000000000000000000000000000000000000000000000000000000000000000000000000000000000000000000000000000000000000000000000000000000000000000000000000000000000000000000000000
310
00000000000000000000000000000000000000000000000000000000000000000000000000000000000000000000000000000000000000000000000000000000000000000000000000000000000000000000000000000000000000000000000000000000000000000000000000000000000000001E00000000000000000000
310
00000000000000000000000000000000000000000000000000000000000000000000000000000000000000000000000000000000000000000000001E00000000000000000000000000000000000000000000000000000000000000000000000000000000000000000000000000000000000000000000000000000000000000
310
00000000000000000000000000000000000000000000000000000000000000000000000000000000000000000000000000000000000000000000000000000000000000000000000000000000000000000000000000000000000000000000000000000000000000000000000000000000000000000000000000000000000000
310
00000000000000000000000000000000000000000000000000000000000000000000000000000000000000000000000000000000000000000000000000000000000000000000000000000000000000000000000000000000000000000000000000000000000000000000000000000000000000000000000000000000000000
310
0000000000000000000000000000000000000000000000000000000000000000000000000000000000000000000000000000000000000000000000000000000000000000000000000000000000000000000000000000000000000000000000000000000000000000000000000000000000000000000000001E000000000000
310
000000000000000000000000000000000000000000000000000000000000000000000000000000000000000000000000000000000000000000000000000000001E0000000000000000000000000000000000000000000000000000000000000000000000000000000000000000000000000000000000000000000000000000
310
00000000000000000000000000000000000000000000000000000000000000000000000000000000000000000000000000000000000000000000000000000000000000000000000000000000000000000000000000000000000000000000000000000000000000000000000000000000000000000000000000000000000000
310
00000000000000000000000000000000000000000000000000000000000000000000000000000000000000000000000000000000000000000000000000000000000000000000000000000000000000000000000000000000000000000000000000000000000000000000000000000000000000000000000000000000000000
310
0000000000000000000000000000000000000000000000000000000000000000000000000000000000000000000000000000000000000000000000000000000000000000000000000000000000000000000000000000000000000000000000000000000000000000000000000000000000000000000000000000001E000000
310
00000000000000000000000000000000000000000000000000000000000000000000000000000000000000000000000000000000000000000000000000000000000000001E000000000000001E0000000000000000000000000000000000000000000000000000000000000000000000000000000000000000000000000000
310
00000000000000000000000000000000000000000000000000000000000000000000000000000000000000000000000000000000000000000000000000000000000000000000000000000000000000000000000000000000000000000000000000000000000000000000000000000000000000000000000000000000000000
310
00000000000000000000000000000000000000000000000000000000000000000000000000000000000000000000000000000000000000000000000000000000000000000000000000000000000000000000000000000000000000000000000000000000000000000000000000000000000000000000000000000000000000
310
00000000000000000000000000000000000000000000000000000000000000000000000000000000000000000000000000000000000000000000000000000000000000000000000000000000000000000000000000000000000000000000000000000000000000000000000000000000000000000000001E00000000000000
310
1E0000000000000000000000000000000000000000000000000000000000000000000000000000000000000000000000000000000000000000000000000000000000000000000000001E00000000001E001E000000000000000000000000000000000000000000000000000000000000000000000000000000000000000000
310
00000000000000000000000000000000000000000000000000000000000000000000000000000000000000000000000000000000000000000000000000000000000000000000000000000000000000000000000000000000000000000000000000000000000000000000000000000000000000000000000000000000000000
310
00000000000000000000000000000000000000000000000000000000000000000000000000000000000000000000000000000000000000000000000000000000000000000000000000000000000000000000000000000000000000000000000000000000000000000000000000000000000000000000000000000000000000
310
00000000000000000000000000000000000000000000000000000000000000000000000000000000000000000000000000000000000000000000000000000000000000000000000000000000000000000000000000000000000000000000000000000000000000000000000000000000000000000000000000001E001E0000
310
0000001E000000000000000000000000000000000000000000000000000000000000000000000000000000000000000000000000000000000000000000000000000000000000000000000000001E000000001E00001E000000000000000000001E1E1E00000000000000000000000000000000000000000000000000000000
310
00000000000000000000000000000000000000000000000000000000000000000000000000000000000000000000000000000000000000000000000000000000000000000000000000000000000000000000000000000000000000000000000000000000000000000000000000000000000000000000000000000000000000
310
00000000000000000000000000000000000000000000000000000000000000000000000000000000000000000000000000000000000000000000000000000000000000000000000000000000000000000000000000000000000000000000000000000000000000000000000000000000000000000000000000000000000000
310
0000000000000000000000000000000000000000000000000000000000000000000000000000000000000000000000000000000000000000000000000000000000000000000000000000000000000000000000000000000000000000000000000000000000000000000000000000000000001E1E000000000000000000001E
310
00001E000000001E00000000000000000000000000000000000000000000000000000000000000000000000000000000000000000000000000000000000000000000000000000000000000000000000000001E000000001E1E1E00000000000000001E1E0000001E0000000000000000000000000000000000000000000000
310
00000000000000000000000000000000000000000000000000000000000000000000000000000000000000000000000000000000000000000000000000000000000000000000000000000000000000000000000000000000000000000000000000000000000000000000000000000000000000000000000000000000000000
310
00000000000000000000000000000000000000000000000000000000000000000000000000000000000000000000000000000000000000000000000000000000000000000000000000000000000000000000000000000000000000000000000000000000000000000000000000000000000000000000000000000000000000
310
00000000000000000000000000000000000000000000000000000000000000000000000000000000000000000000000000000000000000000000000000000000000000000000000000000000000000000000000000000000000000000000000000000000000000000000000000000000000000001E1E00001E1E0000000000
310
0000001E1E1E000000001E000000000000000000000000000000000000000000000000000000000000000000000000000000000000000000000000000000000000000000000000000000000000000000000000000000001E00000000000000000000000000001E000000001E00000000000000000000000000000000000000
310
00000000000000000000000000000000000000000000000000000000000000000000000000000000000000000000000000000000000000000000000000000000000000000000000000000000000000000000000000000000000000000000000000000000000000000000000000000000000000000000000000000000000000
310
00000000000000000000000000000000000000000000000000000000000000000000000000000000000000000000000000000000000000000000000000000000000000000000000000000000000000000000000000000000000000000000000000000000000000000000000000000000000000000000000000000000000000
310
0000000000000000000000000000000000000000000000000000000000000000000000000000000000000000000000000000000000000000000000000000000000000000000000000000000000000000000000000000000000000000000000000000000000000000000000000000000000000000000000001E000000001E00
310
000000000000000000000000001E00000000000000000000000000000000000000000000000000000000000000000000000000000000000000000000000000000000000000000000000000000000000000000000000000000000001E000000000000000000000000001E0000000000001E0000000000000000000000000000
310
00000000000000000000000000000000000000000000000000000000000000000000000000000000000000000000000000000000000000000000000000000000000000000000000000000000000000000000000000000000000000000000000000000000000000000000000000000000000000000000000000000000000000
310
000000000000000000000000000000000000000000000000000000000000000000000000000000000000000000000000000000000000000000000000000000000000000000000000000000000000000000000000000000000000000000000000000000000000001E1E1E000000000000000000000000000000000000000000
310
0000000000000000000000000000000000000000000000000000000000000000000000000000000000000000000000000000000000000000000000000000000000000000000000000000000000000000000000000000000000000000000000000000000000000000000000000000000000000000000000000000001E000000
310
0000001E000000000000000000000000001E0000000000000000000000000000000000000000000000000000000000000000000000000000000000000000000000000000000000000000000000000000000000000000000000000000000000001E0000000000000000000000001E0000000000001E00000000000000000000
310
00000000000000000000000000000000000000000000000000000000000000000000000000000000000000000000000000000000000000000000000000000000000000000000000000000000000000000000000000000000000000000000000000000000000000000000000000000000000000000000000000000000000000
310
00000000000000000000000000000000000000000000000000000000000000000000000000000000000000000000000000000000000000000000000000000000000000000000000000000000000000000000000000000000000000000000000000000000000000000000001E001E0000000000000000000000000000000000
310
00000000000000000000000000000000000000000000000000000000000000000000000000000000000000000000000000000000000000000000000000000000000000000000000000000000000000000000000000000000000000000000000000000000000000000000000000000000000000000000000000000000000000
310
1E0000000000001E0000000000000000000000001E000000000000000000000000000000000000000000000000000000000000000000000000000000000000000000000000000000000000000000000000000000000000000000000000000000000000001E0000000000000000000000001E0000000000001E000000000000
310
00000000000000000000000000000000000000000000000000000000000000000000000000000000000000000000000000000000000000000000000000000000000000000000000000000000000000000000000000000000000000000000000000000000000000000000000000000000000000000000000000000000000000
310
0000000000000000000000000000000000000000000000000000000000000000000000000000000000000000000000000000000000000000000000000000000000000000000000000000000000000000000000000000000000000000000000000000000000000000000000000000001E001E00000000000000000000000000
310
00000000000000000000000000000000000000000000000000000000000000000000000000000000000000000000000000000000000000000000000000000000000000000000000000000000000000000000000000000000000000000000000000000000000000000000000000000000000000000000000000000000000000
310
000000001E0000000000001E0000000000000000000000001E00000000000000000000000000000000000000000000000000000000000000000000000000000000000000000000000000000000000000000000000000000000000000000000000000000000000000001E0000000000000000000000001E000000001E000000
310
0000000000001E000000000000000000000000000000000000000000000000000000000000000000000000000000000000000000000000000000000000000000000000000000000000000000000000000000000000000000000000000000000000000000000000000000000000000000000000000000000000000000000000
310
00000000000000000000000000000000000000000000000000000000000000000000000000000000000000000000000000000000000000000000000000000000000000000000000000000000000000000000000000000000000000000000000000000000000000000000000000000000000000001E00000000000000000000
310
0000000000000000000000000000000000000000000000000000000000000000000000000000000000000000000000000000000000000000000000000000000000000000000000000000000000000000000000000000000000000000000000000000000000000000000000000000000000000000000000000000000000001E
310
0000000000000000001E000000001E0000000000000000000000001E000000000000000000000000000000000000000000000000000000000000000000000000000000000000000000000000000000000000000000000000000000000000000000000000000000000000000000001E00000000000000000000001E1E00001E
310
1E00000000000000001E001E00000000000000000000000000000000000000000000000000000000000000000000000000000000000000000000000000000000000000000000000000000000000000000000000000000000000000000000000000000000000000000000000000000000000000000000000000000000000000
310
00000000000000000000000000000000000000000000000000000000000000000000000000000000000000000000000000000000000000000000000000000000000000000000000000000000000000000000000000000000000000000000000000000000000000000000000000000000000000000000000000000000000000
310
0000000000000000000000000000000000000000000000000000000000001E000000000000000000000000000000000000000000000000000000000000000000000000000000000000000000000000000000000000000000000000000000000000000000000000000000000000000000000000000000000000000000000000
310
00001E001E00000000000000001E0000001E1E00000000000000000000001E00000000000000000000000000000000000000000000000000000000000000000000000000000000000000000000000000000000000000000000000000000000000000000000000000000000000000000000001E000000000000000000000000
310
001E1E000000000000000000001E00001E0000000000000000000000000000000000000000000000000000000000000000000000000000000000000000000000000000000000000000000000000000000000000000000000000000000000000000000000000000000000000000000000000000000000000000000000000000
310
00000000000000000000000000000000000000000000000000000000000000000000000000000000000000000000000000000000000000000000000000000000000000000000000000000000000000000000000000000000000000000000000000000000000000000000000000000000000000000000000000000000000000
310
0000000000000000000000000000000000000000000000000000000000000000001E001E00000000000000000000000000000000000000000000000000000000000000000000000000000000000000000000000000000000000000000000000000000000000000000000000000000000000000000000000000000000000000
310
00000000001E00001E0000000000000000001E1E1E000000000000000000000000001E0000000000000000000000000000000000000000000000000000000000000000000000000000000000000000000000000000000000000000000000000000000000000000000000000000000000000000000000001E00000000000000
310
00000000000000000000000000000000001E1E1E0000000000000000000000000000000000000000000000000000000000000000000000000000000000000000000000000000000000000000000000000000000000000000000000000000000000000000000000000000000000000000000000000000000000000000000000
310
00000000000000000000000000000000000000000000000000000000000000000000000000000000000000000000000000000000000000000000000000000000000000000000000000000000000000000000000000000000000000000000000000000000000000000000000000000000000000000000000000000000000000
310
0000000000000000000000000000000000000000000000000000000000000000000000001E00001E000000000000000000000000000000000000000000000000000000000000000000000000000000000000000000000000000000000000000000000000000000000000000000000000000000000000000000000000000000
310
000000000000000000001E1E1E0000000000000000000000000000000000000000000000001E00000000000000000000000000000000000000000000000000000000000000000000000000000000000000000000000000000000000000000000000000000000000000000000000000000000000000000000000000001E0000
310
00000000000000000000000000000000000000000000000000000000000000000000000000000000000000000000000000000000000000000000000000000000000000000000000000000000000000000000000000000000000000000000000000000000000000000000000000000000000000000000000000000000000000
310
00000000000000000000000000000000000000000000000000000000000000000000000000000000000000000000000000000000000000000000000000000000000000000000000000000000000000000000000000000000000000000000000000000000000000000000000000000000000000000000000000000000000000
310
00000000000000000000000000000000000000000000000000000000000000000000000000000000001E1E1E0000000000000000000000000000000000000000000000000000000000000000000000000000000000000000000000000000000000000000000000000000000000000000000000000000000000000000000000
310
000000000000000000000000000000000000000000000000000000000000000000000000000000001E0000000000000000000000000000000000000000000000000000000000000000000000000000000000000000000000000000000000000000000000000000000000000000000000000000000000000000000000000000
310
001E0000000000000000000000000000000000000000000000000000000000000000000000000000000000000000000000000000000000000000000000000000000000000000000000000000000000000000000000000000000000000000000000000000000000000000000000000000000000000000000000000000000000
310
00000000000000000000000000000000000000000000000000000000000000000000000000000000000000000000000000000000000000000000000000000000000000000000000000000000000000000000000000000000000000000000000000000000000000000000000000000000000000000000000000000000000000
310
00000000000000000000000000000000000000000000000000000000000000000000000000000000000000000000000000000000000000000000000000000000000000000000000000000000000000000000000000000000000000000000000000000000000000000000000000000000000000000000000000000000000000
310
00000000000000000000000000000000000000000000000000000000000000000000000000000000000000001E00000000000000000000000000000000000000000000000000000000000000000000000000000000000000000000000000000000000000000000000000000000000000000000000000000000000000000000
310
0000000000001E000000000000000000000000000000000000000000000000000000000000000000000000000000000000000000000000000000000000000000000000000000000000000000000000000000000000000000000000000000000000000000000000000000000000000000000000000000000000000000000000
310
00000000000000000000000000000000000000000000000000000000000000000000000000000000000000000000000000000000000000000000000000000000000000000000000000000000000000000000000000000000000000000000000000000000000000000000000000000000000000000000000000000000000000
310
00000000000000000000000000000000000000000000000000000000000000000000000000000000000000000000000000000000000000000000000000000000000000000000000000000000000000000000000000000000000000000000000000000000000000000000000000000000000000000000000000000000000000
310
00000000000000000000000000000000000000000000000000000000000000000000000000000000000000000000001E00000000000000000000000000000000000000000000000000000000000000000000000000000000000000000000000000000000000000000000000000000000000000000000000000000000000000
310
000000000000000000001E0000000000000000000000000000000000000000000000000000000000000000000000000000000000000000000000000000000000000000000000000000000000000000000000000000000000000000000000000000000000000000000000000000000000000000000000000000000000000000
310
00000000000000000000000000000000000000000000000000000000000000000000000000000000000000000000000000000000000000000000000000000000000000000000000000000000000000000000000000000000000000000000000000000000000000000000000000000000000000000000000000000000000000
310
00000000000000000000000000000000000000000000000000000000000000000000000000000000000000000000000000000000000000000000000000000000000000000000000000000000000000000000000000000000000000000000000000000000000000000000000000000000000000000000000000000000000000
310
0000000000000000000000000000000000000000000000000000000000000000000000000000000000000000000000000000001E000000000000000000000000000000000000000000000000000000000000000000000000000000000000000000000000000000000000000000000000000000000000000000000000000000
310
0000000000000000000000000000001E000000000000000000000000000000000000000000000000000000000000000000000000000000000000000000000000000000000000000000000000000000000000000000000000000000000000000000000000000000000000000000000000000000000000000000000000000000
310
00000000000000000000000000000000000000000000000000000000000000000000000000000000000000000000000000000000000000000000000000000000000000000000000000000000000000000000000000000000000000000000000000000000000000000000000000000000000000000000000000000000000000
310
00000000000000000000000000000000000000000000000000000000000000000000000000000000000000000000000000000000000000000000000000000000000000000000000000000000000000000000000000000000000000000000000000000000000000000000000000000000000000000000000000000000000000
310
0000000000000000000000000000000000000000000000000000000000000000000000000000000000000000000000000000000000001E000000000000000000000000000000000000000000000000000000000000000000000000000000000000000000000000000000000000000000000000000000000000000000000000
310
00000000000000000000000000000000000000001E00000000000000000000000000000000000000000000000000000000000000000000000000000000000000000000000000000000000000000000000000000000000000000000000000000000000000000000000000000000000000000000000000000000000000000000
310
00000000000000000000000000000000000000000000000000000000000000000000000000000000000000000000000000000000000000000000000000000000000000000000000000000000000000000000000000000000000000000000000000000000000000000000000000000000000000000000000000000000000000
310
00000000000000000000000000000000000000000000000000000000000000000000000000000000000000000000000000000000000000000000000000000000000000000000000000000000000000000000000000000000000000000000000000000000000000000000000000000000000000000000000000000000000000
310
0000000000000000000000000000000000000000000000000000000000000000000000000000000000000000000000000000000000000000001E000000000000000000000000000000000000000000000000000000000000000000000000000000000000000000000000000000000000000000000000000000000000000000
310
0000000000000000000000000000000000000000000000001E000000000000001E00000000000000000000000000000000000000000000000000000000000000000000000000000000000000000000000000000000000000000000000000000000000000000000000000000000000000000000000000000000000000000000
310
00000000000000000000000000000000000000000000000000000000000000000000000000000000000000000000000000000000000000000000000000000000000000000000000000000000000000000000000000000000000000000000000000000000000000000000000000000000000000000000000000000000000000
310
00000000000000000000000000000000000000000000000000000000000000000000000000000000000000000000000000000000000000000000000000000000000000000000000000000000000000000000000000000000000000000000000000000000000000000000000000000000000000000000000000000000000000
310
00000000000000000000000000000000000000000000000000000000000000000000000000000000000000000000000000000000001E000000000000001E0000000000000000000000000000000000000000000000000000000000000000000000000000000000000000000000000000000000000000000000000000000000
310
00000000000000000000000000000000000000000000000000000000001E00000000001E001E00000000000000000000001E1E00000000000000000000000000000000000000000000000000000000000000000000000000000000000000000000000000000000000000000000000000000000000000000000000000000000
310
00000000000000000000000000000000000000000000000000000000000000000000000000000000000000000000000000000000000000000000000000000000000000000000000000000000000000000000000000000000000000000000000000000000000000000000000000000000000000000000000000000000000000
310
00000000000000000000000000000000000000000000000000000000000000000000000000000000000000000000000000000000000000000000000000000000000000000000000000000000000000000000000000000000000000000000000000000000000000000000000000000000000000000000000000000000000000
310
000000000000000000000000000000000000000000000000000000000000000000000000000000000000001E1E1E000000000000000000001E001E00000000001E0000000000000000000000000000000000000000000000000000000000000000000000000000000000000000000000000000000000000000000000000000
310
000000000000000000000000000000000000000000000000000000000000000000001E000000001E00001E00000000000000001E1E00001E1E00000000000000000000000000000000000000000000000000000000000000000000000000000000000000000000000000000000000000000000000000000000000000000000
310
00000000000000000000000000000000000000000000000000000000000000000000000000000000000000000000000000000000000000000000000000000000000000000000000000000000000000000000000000000000000000000000000000000000000000000000000000000000000000000000000000000000000000
310
00000000000000000000000000000000000000000000000000000000000000000000000000000000000000000000000000000000000000000000000000000000000000000000000000000000000000000000000000000000000000000000000000000000000000000000000000000000000000000000000000000000000000
310
0000000000000000000000000000000000000000000000000000000000000000000000000000000000000000001E1E0000001E00000000000000001E00001E000000001E0000000000000000000000000000000000000000000000000000000000000000000000000000000000000000000000000000000000000000000000
310
00000000000000000000000000000000000000000000000000000000000000000000000000001E000000001E1E1E0000000000000000001E000000001E000000000000000000000000000000000000000000000000000000000000000000000000000000000000000000000000000000000000000000000000000000000000
310
00000000000000000000000000000000000000000000000000000000000000000000000000000000000000000000000000000000000000000000000000000000000000000000000000000000000000000000000000000000000000000000000000000000000000000000000000000000000000000000000000000000000000
310
00000000000000000000000000000000000000000000000000000000000000000000000000000000000000000000000000000000000000000000000000000000000000000000000000000000000000000000000000000000000000000000000000000000000000000000000000000000000000000000000000000000000000
310
000000000000000000000000000000000000000000000000000000000000000000000000000000000000000000000000001E000000001E0000000000000000001E1E1E000000001E00000000000000000000000000000000000000000000000000000000000000000000000000000000000000000000000000000000000000
310
000000000000000000000000000000000000000000000000000000000000000000000000000000000000001E00000000000000000000000000001E0000000000001E00000000000000000000000000000000000000000000000000000000000000000000000000000000000000000000000000000000000000000000000000
310
00000000000000000000000000000000000000000000000000000000000000000000000000000000000000000000000000000000000000000000000000000000000000000000000000000000000000000000000000000000000000000000000000000000000000000000000000000000000000000000000000000000000000
310
00000000000000000000000000000000000000000000000000000000000000000000000000000000000000000000000000000000000000000000000000000000000000000000000000000000000000000000000000000000000000000000000000000000000000000000000000000000000000000000000000000000000000
310
000000000000000000000000000000000000000000000000000000000000000000000000000000000000000000000000000000001E0000000000001E00000000000000000000000000001E00000000000000000000000000000000000000000000000000000000000000000000000000000000000000000000000000000000
310
00000000000000000000000000000000000000000000000000000000000000000000000000000000000000000000001E00000000000000000000000000001E0000000000001E000000000000000000000000000000000000000000000000000000000000000000000000000000000000000000000000000000000000000000
310
00000000000000000000000000000000000000000000000000000000000000000000000000000000000000000000000000000000000000000000000000000000000000000000000000000000000000000000000000000000000000000000000000000000000000000000000000000000000000000000000000000000000000
310
00000000000000000000000000000000000000000000000000000000000000000000000000000000000000000000000000000000000000000000000000000000000000000000000000000000000000000000000000000000000000000000000000000000000000000000000000000000000000000000000000000000000000
310
00000000000000000000000000000000000000000000000000000000000000000000000000000000000000000000000000000000000000001E0000000000001E00000000000000000000000000001E000000000000000000000000000000000000000000000000000000000000000000000000000000000000000000000000
310
000000000000000000000000000000000000000000000000000000000000000000000000000000000000000000000000000000001E000000000000000000000000001E0000000000001E000000000000001E1E1E1E000000000000000000000000000000000000000000000000000000000000000000000000000000000000
310
00000000000000000000000000000000000000000000000000000000000000000000000000000000000000000000000000000000000000000000000000000000000000000000000000000000000000000000000000000000000000000000000000000000000000000000000000000000000000000000000000000000000000
310
00000000000000000000000000000000000000000000000000000000000000000000000000000000000000000000000000000000000000000000000000000000000000000000000000000000000000000000000000000000000000000000000000000000000000000000000000000000000000000000000000000000000000
310
000000000000000000000000000000000000000000000000000000000000000000000000000000000000000000000000001E1E1E1E000000000000001E0000000000001E000000000000000000000000001E000000000000000000000000000000000000000000000000000000000000000000000000000000000000000000
310
0000000000000000000000000000000000000000000000000000000000000000000000000000000000000000000000000000000000000000001E000000000000000000000000001E000000001E00000000000000001E00001E0000000000000000000000000000000000000000000000000000000000000000000000000000
310
00000000000000000000000000000000000000000000000000000000000000000000000000000000000000000000000000000000000000000000000000000000000000000000000000000000000000000000000000000000000000000000000000000000000000000000000000000000000000000000000000000000000000
310
0000000000000000000000000000000000000000000000000000000000000000000000000000000000000000000000000000000000000000000000000000000000000000000000000000000000001E000000000000000000000000000000000000000000000000000000000000000000000000000000000000000000000000
310
00000000000000000000000000000000000000000000000000000000000000000000000000000000000000000000000000000000001E00001E00000000000000001E000000001E000000000000000000000000001E000000000000000000000000000000000000000000000000000000000000000000000000000000000000
310
000000000000000000000000000000000000000000000000000000000000000000000000000000000000000000000000000000000000000000000000001E000000000000000000000000001E0000001E1E00000000000000001E001E1E00000000000000000000000000000000000000000000000000000000000000000000
310
00000000000000000000000000000000000000000000000000000000000000000000000000000000000000000000000000000000000000000000000000000000000000000000000000000000000000000000000000000000000000000000000000000000000000000000000000000000000000000000000000000000000000
310
00000000000000000000000000000000000000000000000000000000000000000000000000000000000000000000000000000000000000000000000000000000000000000000000000000000000000001E1E001E00000000000000000000000000000000000000000000000000000000000000000000000000000000000000
310
0000000000000000000000000000000000000000000000000000000000000000000000000000000000000000000000000000000000000000001E00001E00000000000000001E1E00001E1E000000000000000000000000001E0000000000000000000000000000000000000000000000000000000000000000000000000000
310
0000000000000000000000000000000000000000000000000000000000000000000000000000000000000000000000000000000000000000000000000000000000001E000000000000000000000000001E1E1E00000000000000000000001E0000000000000000000000000000000000000000000000000000000000000000
310
00000000000000000000000000000000000000000000000000000000000000000000000000000000000000000000000000000000000000000000000000000000000000000000000000000000000000000000000000000000000000000000000000000000000000000000000000000000000000000000000000000000000000
310
0000000000000000000000000000000000000000000000000000000000000000000000000000000000000000000000000000000000000000000000000000000000000000000000000000000000000000000000001E00001E000000000000000000000000000000000000000000000000000000000000000000000000000000
310
00000000000000000000000000000000000000000000000000000000000000000000000000000000000000000000000000000000000000000000000000001E1E00000000000000000000001E1E00000000000000000000000000001E0000000000000000000000000000000000000000000000000000000000000000000000
310
00000000000000000000000000000000000000000000000000000000000000000000000000000000000000000000000000000000000000000000000000000000000000000000001E00000000000000000000000000000000000000000000000000000000000000000000000000000000000000000000000000000000000000
310
00000000000000000000000000000000000000000000000000000000000000000000000000000000000000000000000000000000000000000000000000000000000000000000000000000000000000000000000000000000000000000000000000000000000000000000000000000000000000000000000000000000000000
310
000000000000000000000000000000000000000000000000000000000000000000000000000000000000000000000000000000000000000000000000000000000000000000000000000000000000000000000000000000001E1E1E1E0000000000000000000000000000000000000000000000000000000000000000000000
310
000000000000000000000000000000000000000000000000000000000000000000000000000000000000000000000000000000000000000000000000000000000000000000000000000000000000000000000000000000000000000000001E0000000000000000000000000000000000000000000000000000000000000000
310
000000000000000000000000000000000000000000000000000000000000000000000000000000000000000000000000000000000000000000000000000000000000000000000000000000001E0000000000000000000000000000000000000000000000000000000000000000000000000000000000000000000000000000
310
00000000000000000000000000000000000000000000000000000000000000000000000000000000000000000000000000000000000000000000000000000000000000000000000000000000000000000000000000000000000000000000000000000000000000000000000000000000000000000000000000000000000000
310
00000000000000000000000000000000000000000000000000000000000000000000000000000000000000000000000000000000000000000000000000000000000000000000000000000000000000000000000000000000000000000000000000000000000000000000000000000000000000000000000000000000000000
310
000000000000000000000000000000000000000000000000000000000000000000000000000000000000000000000000000000000000000000000000000000000000000000000000000000000000000000000000000000000000000000000000001E0000000000000000000000000000000000000000000000000000000000
310
0000000000000000000000000000000000000000000000000000000000000000000000000000000000000000000000000000000000000000000000000000000000000000000000000000000000000000001E000000000000000000000000000000000000000000000000000000000000000000000000000000000000000000
310
00000000000000000000000000000000000000000000000000000000000000000000000000000000000000000000000000000000000000000000000000000000000000000000000000000000000000000000000000000000000000000000000000000000000000000000000000000000000000000000000000000000000000
310
00000000000000000000000000000000000000000000000000000000000000000000000000000000000000000000000000000000000000000000000000000000000000000000000000000000000000000000000000000000000000000000000000000000000000000000000000000000000000000000000000000000000000
310
00000000000000000000000000000000000000000000000000000000000000000000000000000000000000000000000000000000000000000000000000000000000000000000000000000000000000000000000000000000000000000000000000000000001E00000000000000000000000000000000000000000000000000
310
000000000000000000000000000000000000000000000000000000000000000000000000000000000000000000000000000000000000000000000000000000000000000000000000000000000000000000000000001E0000000000000000000000000000000000000000000000000000000000000000000000000000000000
310
00000000000000000000000000000000000000000000000000000000000000000000000000000000000000000000000000000000000000000000000000000000000000000000000000000000000000000000000000000000000000000000000000000000000000000000000000000000000000000000000000000000000000
310
00000000000000000000000000000000000000000000000000000000000000000000000000000000000000000000000000000000000000000000000000000000000000000000000000000000000000000000000000000000000000000000000000000000000000000000000000000000000000000000000000000000000000
310
00000000000000000000000000000000000000000000000000000000000000000000000000000000000000000000000000000000000000000000000000000000000000000000000000000000000000000000000000000000000000000000000000000000000000001E00000000000000000000000000000000000000000000
310
0000000000000000000000000000000000000000000000000000000000000000000000000000000000000000000000000000000000000000000000000000000000000000000000000000000000000000000000000000000000001E000000000000000000000000000000000000000000000000000000000000000000000000
310
00000000000000000000000000000000000000000000000000000000000000000000000000000000000000000000000000000000000000000000000000000000000000000000000000000000000000000000000000000000000000000000000000000000000000000000000000000000000000000000000000000000000000
310
00000000000000000000000000000000000000000000000000000000000000000000000000000000000000000000000000000000000000000000000000000000000000000000000000000000000000000000000000000000000000000000000000000000000000000000000000000000000000000000000000000000000000
310
00000000000000000000000000000000000000000000000000000000000000000000000000000000000000000000000000000000000000000000000000000000000000000000000000000000000000000000000000000000000000000000000000000000000000000000001E00000000000000000000000000000000000000
310
00000000000000000000000000000000000000000000000000000000000000000000000000000000000000000000000000000000000000000000000000000000000000000000000000000000000000000000000000000000000000000000001E00000000000000000000000000000000000000000000000000000000000000
310
00000000000000000000000000000000000000000000000000000000000000000000000000000000000000000000000000000000000000000000000000000000000000000000000000000000000000000000000000000000000000000000000000000000000000000000000000000000000000000000000000000000000000
310
00000000000000000000000000000000000000000000000000000000000000000000000000000000000000000000000000000000000000000000000000000000000000000000000000000000000000000000000000000000000000000000000000000000000000000000000000000000000000000000000000000000000000
310
00000000000000000000000000000000000000000000000000000000000000000000000000000000000000000000000000000000000000000000000000000000000000000000000000000000000000000000000000000000000000000000000000000000000000000000000000001E00000000000000000000000000000000
310
000000000000000000000000000000000000000000000000000000000000000000000000000000000000000000000000000000000000000000000000000000000000000000000000000000000000000000000000000000000000000000000000000000001E0000000000000000000000000000000000000000000000000000
310
00000000000000000000000000000000000000000000000000000000000000000000000000000000000000000000000000000000000000000000000000000000000000000000000000000000000000000000000000000000000000000000000000000000000000000000000000000000000000000000000000000000000000
310
00000000000000000000000000000000000000000000000000000000000000000000000000000000000000000000000000000000000000000000000000000000000000000000000000000000000000000000000000000000000000000000000000000000000000000000000000000000000000000000000000000000000000
310
00000000000000000000000000000000000000000000000000000000000000000000000000000000000000000000000000000000000000000000000000000000000000000000000000000000000000000000000000000000000000000000000000000000000000000000000000000000001E00000000000000000000000000
310
0000000000000000000000000000000000000000000000000000000000000000000000000000000000000000000000000000000000000000000000000000000000000000000000000000000000000000000000000000000000000000000000000000000000000000001E000000000000001E0000000000000000000000001E
310
1E1E0000000000000000000000000000000000000000000000000000000000000000000000000000000000000000000000000000000000000000000000000000000000000000000000000000000000000000000000000000000000000000000000000000000000000000000000000000000000000000000000000000000000
310
00000000000000000000000000000000000000000000000000000000000000000000000000000000000000000000000000000000000000000000000000000000000000000000000000000000000000000000000000000000000000000000000000000000000000000000000000000000000000000000000000000000000000
310
000000000000000000000000000000000000000000000000000000000000000000000000000000000000000000000000000000000000000000000000000000000000000000000000000000000000000000000000000000000000000000001E1E0000000000000000000000001E000000000000001E00000000000000000000
310
00000000000000000000000000000000000000000000000000000000000000000000000000000000000000000000000000000000000000000000000000000000000000000000000000000000000000000000000000000000000000000000000000000000000000000000000000001E00000000001E001E0000000000000000
310
001E1E0000001E000000000000000000000000000000000000000000000000000000000000000000000000000000000000000000000000000000000000000000000000000000000000000000000000000000000000000000000000000000000000000000000000000000000000000000000000000000000000000000000000
310
00000000000000000000000000000000000000000000000000000000000000000000000000000000000000000000000000000000000000000000000000000000000000000000000000000000000000000000000000000000000000000000000000000000000000000000000000000000000000000000000000000000000000
310
0000000000000000000000000000000000000000000000000000000000000000000000000000000000000000000000000000000000000000000000000000000000000000000000000000000000000000000000000000000000000000000000001E1E00001E1E0000000000000000001E001E0000000000001E000000000000
310
0000000000000000000000000000000000000000000000000000000000000000000000000000000000000000000000000000000000000000000000000000000000000000000000000000000000000000000000000000000000000000000000000000000000000000000000000000000000001E00000000001E00001E000000
310
00000000001E000000001E0000000000000000000000000000000000000000000000000000000000000000000000000000000000000000000000000000000000000000000000000000000000000000000000000000000000000000000000000000000000000000000000000000000000000000000000000000000000000000
310
00000000000000000000000000000000000000000000000000000000000000000000000000000000000000000000000000000000000000000000000000000000000000000000000000000000000000000000000000000000000000000000000000000000000000000000000000000000000000000000000000000000000000
310
000000000000000000000000000000000000000000000000000000000000000000000000000000000000000000000000000000000000000000000000000000000000000000000000000000000000000000000000000000000000000000000000000000001E000000001E00000000000000001E00001E00000000001E000000
310
00000000000000000000000000000000000000000000000000000000000000000000000000000000000000000000000000000000000000000000000000000000000000000000000000000000000000000000000000000000000000000000000000000000000000000000000000000000000000000000001E000000001E1E1E
310
00000000000000001E0000000000001E000000000000000000000000000000000000000000000000000000000000000000000000000000000000000000000000000000000000000000000000000000000000000000000000000000000000000000000000000000000000000000000000000000000000000000000000000000
310
00000000000000000000000000000000000000000000000000000000000000000000000000000000000000000000000000000000000000000000000000000000000000000000000000000000000000000000000000000000000000000000000000000000000000000000000000000000000000000000000000000000000000
310
000000000000000000000000000000000000000000000000000000000000000000000000000000000000000000000000000000000000000000000000000000000000000000000000000000000000000000000000000000000000000000000000000000000000001E0000000000001E00000000000000001E1E1E000000001E
310
000000000000000000000000000000000000000000000000000000000000000000000000000000000000000000000000000000000000000000000000000000000000000000000000000000000000000000000000000000000000000000000000000000000000000000000000000000000000000000000000000000001E0000
310
0000000000000000000000001E0000000000001E00000000000000001E1E1E000000000000000000000000000000000000000000000000000000000000000000000000000000000000000000000000000000000000000000000000000000000000000000000000000000000000000000000000000000000000000000000000
310
00000000000000000000000000000000000000000000000000000000000000000000000000000000000000000000000000000000000000000000000000000000000000000000000000000000000000000000000000000000000000000000000000000000000000000000000000000000000000000000000000000000000000
310
0000000000000000000000000000000000000000000000000000000000000000000000000000000000000000000000000000000000000000000000000000000000000000000000000000000000000000000000000000000000000000000000001E1E1E00000000000000001E0000000000001E000000000000000000000000
310
00001E00000000000000000000000000000000000000000000000000000000000000000000000000000000000000000000000000000000000000000000000000000000000000000000000000000000000000000000000000000000000000000000000000000000000000000000000000000000000000000000000000000000
310
00001E000000000000000000000000001E0000000000001E000000000000001E00001E0000000000000000000000000000000000000000000000000000000000000000000000000000000000000000000000000000000000000000000000000000000000000000000000000000000000000000000000000000000000000000
310
00000000000000000000000000000000000000000000000000000000000000000000000000000000000000000000000000000000000000000000000000000000000000000000000000000000000000000000000000000000000000000000000000000000000000000000000000000000000000000000000000000000000000
310
000000000000000000000000000000000000000000000000000000000000000000000000000000000000000000000000000000000000000000000000000000000000000000000000000000000000000000000000000000000000000000000000000000001E00001E000000000000001E0000000000001E0000000000000000
310
00000000001E00000000000000000000000000000000000000000000000000000000000000000000000000000000000000000000000000000000000000000000000000000000000000000000000000000000000000000000000000000000000000000000000000000000000000000000000000000000000000000000000000
310
000000000000001E000000000000000000000000001E000000001E0000000000000000001E001E00000000000000000000000000000000000000000000000000000000000000000000000000000000000000000000000000000000000000000000000000000000000000000000000000000000000000000000000000000000
310
00000000000000000000000000000000000000000000000000000000000000000000000000000000000000000000000000000000000000000000000000000000000000000000000000000000000000000000000000000000000000000000000000000000000000000000000000000000000000000000000000000000000000
310
00000000000000000000000000000000000000000000000000000000000000000000000000000000000000000000000000000000000000000000000000000000000000000000000000000000000000000000000000000000000000000000000000000000000000001E001E0000000000000000001E000000001E0000000000
310
00000000000000001E00000000000000000000000000000000000000000000000000000000000000000000000000000000000000000000000000000000000000000000000000000000000000000000000000000000000000000000000000000000000000000000000000000000000000000000000000000000000000000000
310
0000000000000000000000001E0000000000000000000000001E1E00001E1E000000000000000000001E00000000000000000000000000000000000000000000000000000000000000000000000000000000000000000000000000000000000000000000000000000000000000000000000000000000000000000000000000
310
00000000000000000000000000000000000000000000000000000000000000000000000000000000000000000000000000000000000000000000000000000000000000000000000000000000000000000000000000000000000000000000000000000000000000000000000000000000000000000000000000000000000000
310
000000000000000000000000000000000000000000000000000000000000000000000000000000000000000000000000000000000000000000000000000000000000000000000000000000000000000000000000000000000000000000000000000000000000000000000000001E000000000000000000001E0000001E1E00
310
0000000000000000000000001E000000000000000000000000000000000000000000000000000000000000000000000000000000000000000000000000000000000000000000000000000000000000000000000000000000000000000000000000000000000000000000000000000000000000000000000000000000000000
310
000000000000000000000000000000001E00000000000000000000000000001E1E00000000000000000000000000000000000000000000000000000000000000000000000000000000000000000000000000000000000000000000000000000000000000000000000000000000000000000000000000000000000000000000
310
0000000000000000000000000000000000000000000000000000000000000000000000000000000000000000000000000000000000000000000000000000000000000000000000000000000000000000000000000000000000001E1E1E1E000000000000000000000000000000000000000000000000000000000000000000
310
00000000000000000000000000000000000000000000000000000000000000000000000000000000000000000000000000000000000000000000000000000000000000000000000000000000000000000000000000000000000000000000000000000000000000000000000000000000000000000000000000000000001E1E
310
1E00000000000000000000000000001E000000000000000000000000000000000000000000000000000000000000000000000000000000000000000000000000000000000000000000000000000000000000000000000000000000000000000000000000000000000000000000000000000000000000000000000000000000
310
0000000000000000000000000000000000000000001E000000000000000000000000000000000000000000000000000000000000000000000000000000000000000000000000000000000000000000000000000000000000000000000000000000000000000000000000000000000000000000000000000000000000000000
310
000000000000000000000000000000000000000000000000000000000000000000000000000000000000000000000000000000000000000000000000000000000000000000000000000000000000000000000000000000000000000000001E00001E0000000000000000000000000000000000000000000000000000000000
310
00000000000000000000000000000000000000000000000000000000000000000000000000000000000000000000000000000000000000000000000000000000000000000000000000000000000000000000000000000000000000000000000000000000000000000000000000000000000000000000000000000000000000
310
0000000000000000000000000000000000001E000000000000000000000000000000000000000000000000000000000000000000000000000000000000000000000000000000000000000000000000000000000000000000000000000000000000000000000000000000000000000000000000000000000000000000000000
310
00000000000000000000000000000000000000000000000000001E00000000000000000000000000000000000000000000000000000000000000000000000000000000000000000000000000000000000000000000000000000000000000000000000000000000000000000000000000000000000000000000000000000000
310
00000000000000000000000000000000000000000000000000000000000000000000000000000000000000000000000000000000000000000000000000000000000000000000000000000000000000000000000000000000000000000000000000001E1E1E1E00000000000000000000000000000000000000000000000000
310
00000000000000000000000000000000000000000000000000000000000000000000000000000000000000000000000000000000000000000000000000000000000000000000000000000000000000000000000000000000000000000000000000000000000000000000000000000000000000000000000000000000000000
310
0000000000000000000000000000000000000000001E000000000000000000000000000000000000000000000000000000000000000000000000000000000000000000000000000000000000000000000000000000000000000000000000000000000000000000000000000000000000000000000000000000000000000000
310
000000000000000000000000000000000000000000000000000000000000001E0000000000000000000000000000000000000000000000000000000000000000000000000000000000000000000000000000000000000000000000000000000000000000000000000000000000000000000000000000000000000000000000
310
00000000000000000000000000000000000000000000000000000000000000000000000000000000000000000000000000000000000000000000000000000000000000000000000000000000000000000000000000000000000000000000000000000000000000000000000000000000000000000000000000000000000000
310
00000000000000000000000000000000000000000000000000000000000000000000000000000000000000000000000000000000000000000000000000000000000000000000000000000000000000000000000000000000000000000000000000000000000000000000000000000000000000000000000000000000000000
310
0000000000000000000000000000000000000000000000001E000000000000000000000000000000000000000000000000000000000000000000000000000000000000000000000000000000000000000000000000000000000000000000000000000000000000000000000000000000000000000000000000000000000000
310
0000000000000000000000000000000000000000000000000000000000000000000000001E000000000000000000000000000000000000000000000000000000000000000000000000000000000000000000000000000000000000000000000000000000000000000000000000000000000000000000000000000000000000
310
00000000000000000000000000000000000000000000000000000000000000000000000000000000000000000000000000000000000000000000000000000000000000000000000000000000000000000000000000000000000000000000000000000000000000000000000000000000000000000000000000000000000000
310
00000000000000000000000000000000000000000000000000000000000000000000000000000000000000000000000000000000000000000000000000000000000000000000000000000000000000000000000000000000000000000000000000000000000000000000000000000000000000000000000000000000000000
310
0000000000000000000000000000000000000000000000000000001E000000000000000000000000000000000000000000000000000000000000000000000000000000000000000000000000000000000000000000000000000000000000000000000000000000000000000000000000000000000000000000000000000000
310
00000000000000000000000000000000000000000000000000000000000000000000000000000000001E00000000000000000000000000000000000000000000000000000000000000000000000000000000000000000000000000000000000000000000000000000000000000000000000000000000000000000000000000
310
000000000000000000000000000000000000000000000000000000000000000000000000000000000000000000000000000000000000000000000000000000000000000000000000000000000000000000000000001E0000000000000000000000000000000000000000000000000000001E1E000000000000000000000000
310
00000000000000000000000000000000000000000000000000000000000000000000000000000000000000000000000000000000000000000000000000000000000000000000000000000000000000000000000000000000000000000000000000000000000000000000000000000000000000000000000000000000000000
310
000000000000000000000000000000000000000000000000000000000000001E0000000000000000000000000000000000000000000000000000000000000000000000000000000000000000000000000000000000000000000000000000000000000000000000000000000000000000000000000000000000000000000000
310
0000000000000000000000000000000000000000000000000000000000000000000000000000000000000000001E000000000000000000000000000000000000000000000000000000000000000000000000000000000000000000000000000000000000000000000000000000000000000000000000000000000000000000
310
0000000000000000000000000000000000000000000000000000000000000000000000000000000000000000000000000000000000000000000000000000000000000000000000000000000000000000000000000000001E1E001E000000000000000000000000000000000000000000000000001E00001E00000000000000
310
00000000000000000000000000000000000000000000000000000000000000000000000000000000000000000000000000000000000000000000000000000000000000000000000000000000000000000000000000000000000000000000000000000000000000000000000000000000000000000000000000000000000000
310
000000000000000000000000000000000000000000000000000000000000000000001E0000000000000000000000000000000000000000000000000000000000000000000000000000000000000000000000000000000000000000000000000000000000000000000000000000000000000000000000000000000000000000
310
00000000000000000000000000000000000000000000000000000000000000000000000000000000000000000000000000001E000000000000000000000000000000000000000000001E1E1E000000000000000000000000000000000000000000000000000000000000000000000000000000000000000000000000000000
310
000000000000000000000000000000000000000000000000000000000000000000000000000000000000000000000000000000000000000000000000000000000000000000000000000000000000000000000000000000000000001E00001E000000000000000000000000000000000000000000000000001E00001E000000
310
00000000000000000000000000000000000000000000000000000000000000000000000000000000000000000000000000000000000000000000000000000000000000000000000000000000000000000000000000000000000000000000000000000000000000000000000000000000000000000000000000000000000000
310
0000000000000000000000001E1E1E000000000000000000000000000000000000000000001E0000000000000000000000000000000000000000000000000000000000000000000000000000000000000000000000000000000000000000000000000000000000000000000000000000000000000000000000000000000000
310
000000000000000000000000000000000000000000000000000000000000000000000000000000000000000000000000000000000000001E00000000000000001E1E1E00000000000000001E1E0000001E1E000000000000000000000000000000000000000000000000000000000000000000000000000000000000000000
310
00000000000000000000000000000000000000000000000000000000000000000000000000000000000000000000000000000000000000000000000000000000000000000000000000000000000000000000000000000000000000000000001E1E1E1E000000000000000000000000000000000000000000000000001E1E1E
310
1E000000000000000000000000000000000000000000000000000000000000000000000000000000000000000000000000000000000000000000000000000000000000000000000000000000000000000000000000000000000000000000000000000000000000000000000000000000000000000000000000000000000000
310
00000000000000000000000000001E1E0000001E1E00000000000000001E1E1E00000000000000001E0000000000000000000000000000000000000000000000000000000000000000000000000000000000000000000000000000000000000000000000000000000000000000000000000000000000000000000000000000
310
0000000000000000000000000000000000000000000000000000000000000000000000000000000000000000000000000000000000000000000000001E0000000000001E00001E000000000000001E0000000000001E0000000000000000001E1E1E0000000000000000000000000000000000000000000000000000000000
310
0000000000000000000000000000000000000000000000000000000000000000000000001E1E1E1E000000000000000000000000000000000000000000000000000000000000000000000000000000000000000000000000000000000000000000000000000000000000000000000000000000000000000000000000000000
310
00000000000000000000000000000000000000000000000000000000000000000000000000000000000000000000000000000000000000000000000000000000001E1E1E0000000000000000000000000000000000000000000000000000000000000000000000000000000000000000000000000000000000000000000000
310
0000000000001E1E1E00000000000000001E0000000000001E00000000000000001E00001E0000000000001E0000000000000000000000000000000000000000000000000000000000000000000000000000000000000000000000000000000000000000000000000000000000000000000000000000000000000000000000
310
00000000000000000000000000000000000000000000000000000000000000000000000000000000000000000000000000000000000000000000000000000000001E0000000000001E001E000000000000001E000000000000001E000000000000001E00001E00000000000000000000000000000000000000000000000000
310
0000000000000000000000000000000000000000000000000000000000000000000000001E1E1E1E000000001E1E1E1E00000000000000000000000000000000000000000000000000000000000000000000000000000000000000000000000000000000000000000000000000000000000000000000000000000000000000
310
00000000000000000000000000000000000000000000000000000000000000000000000000000000000000000000000000000000000000000000000000000000001E1E1E1E0000001E1E1E1E000000000000000000000000000000000000000000000000000000000000000000000000000000000000000000000000000000
310
000000000000000000001E001E00000000000000001E000000000000001E000000000000001E001E0000000000001E0000000000000000000000000000000000000000000000000000000000000000000000000000000000000000000000000000000000000000000000000000000000000000000000000000000000000000
310
000000000000000000000000000000000000000000000000000000000000000000000000000000000000000000000000000000000000000000000000000000000000000000001E0000000000001E00000000000000001E000000000000001E000000000000001E00001E000000000000000000000000000000000000000000
310
00000000000000000000000000000000000000000000000000000000000000000000000000001E1E0000000000000000000000001E1E00000000000000000000000000000000000000000000000000000000000000000000000000000000000000000000000000000000000000000000000000000000000000000000000000
310
0000000000000000000000000000000000000000000000000000000000000000000000000000000000000000000000000000000000000000000000000000000000001E1E1E00000000000000000000001E1E000000000000000000000000000000000000000000000000000000000000000000000000000000000000000000
310
00000000000000000000000000001E00001E000000000000001E000000000000001E00000000000000001E0000000000001E0000000000000000000000000000000000000000000000000000000000000000000000000000000000000000000000000000000000000000000000000000000000000000000000000000000000
310
0000000000000000000000000000000000000000000000000000000000000000000000000000000000000000000000000000000000000000000000000000000000000000000000000000001E0000000000000000000000000000001E00000000001E0000000000000000001E1E1E0000000000000000000000000000000000
310
00000000000000000000000000000000000000000000000000000000000000000000000000000000001E000000000000000000000000000000001E0000000000000000000000000000000000000000000000000000000000000000000000000000000000000000000000000000000000000000000000000000000000000000
310
0000000000000000000000000000000000000000000000000000000000000000000000000000000000000000000000000000000000000000000000000000000000000000001E000000000000000000000000000000001E00000000000000000000000000000000000000000000000000000000000000000000000000000000
310
0000000000000000000000000000000000001E1E1E0000000000000000001E00000000001E0000000000000000000000000000001E0000000000000000000000000000000000000000000000000000000000000000000000000000000000000000000000000000000000000000000000000000000000000000000000000000
310
00000000000000000000000000000000000000000000000000000000000000000000000000000000000000000000000000000000000000000000000000000000000000000000000000000000000000001E1E000000000000000000000000001E1E0000001E1E00000000000000000000000000000000000000000000000000
310
00000000000000000000000000000000000000000000000000000000000000000000000000000000000000001E0000000000000000000000000000000000001E000000000000000000000000000000000000000000000000000000000000000000000000000000000000000000000000000000000000000000000000000000
310
0000000000000000000000000000000000000000000000000000000000000000000000000000000000000000000000000000000000000000000000000000000000000000000000001E0000000000000000000000000000000000001E0000000000000000000000000000000000000000000000000000000000000000000000
310
000000000000000000000000000000000000000000000000000000000000000000001E1E0000001E1E000000000000000000000000001E1E0000000000000000000000000000000000000000000000000000000000000000000000000000000000000000000000000000000000000000000000000000000000000000000000
310
00000000000000000000000000000000000000000000000000000000000000000000000000000000000000000000000000000000000000000000000000000000000000000000000000000000000000000000000000001E00000000000000000000000000001E1E1E0000000000000000000000000000000000000000000000
310
00000000000000000000000000000000000000000000000000000000000000000000000000000000000000000000001E00000000000000000000000000000000000000001E00000000000000000000000000000000000000000000000000000000000000000000000000000000000000000000000000000000000000000000
310
0000000000000000000000000000000000000000000000000000000000000000000000000000000000000000000000000000000000000000000000000000000000000000000000000000001E00000000000000000000000000000000000000001E000000000000000000000000000000000000000000000000000000000000
310
000000000000000000000000000000000000000000000000000000000000000000000000000000001E1E1E00000000000000000000000000001E000000000000000000000000000000000000000000000000000000000000000000000000000000000000000000000000000000000000000000000000000000000000000000
310
000000000000000000000000000000000000000000000000000000000000000000000000000000000000000000000000000000000000000000000000000000000000000000000000000000000000000000000000000000000000001E0000000000000000000000000000000000000000000000000000000000000000000000
310
00000000000000000000000000000000000000000000000000000000000000000000000000000000000000000000000000001E000000000000000000000000000000000000000000001E0000000000000000000000000000000000000000000000000000000000000000000000000000000000000000000000000000000000
310
0000000000000000000000000000000000000000000000000000000000000000000000000000000000000000000000000000000000000000000000000000000000000000000000000000000000001E000000000000000000000000000000000000000000001E00000000000000000000000000000000000000000000000000
310
0000000000000000000000000000000000000000000000000000000000000000000000000000000000000000000000000000000000000000000000001E000000000000000000000000000000000000000000000000000000000000000000000000000000000000000000000000000000000000000000000000000000000000
310
0000000000000000000000000000000000000000000000000000000000000000000000000000000000000000000000000000000000000000000000000000000000000000000000000000000000000000000000000000000000000000000000001E000000000000000000000000000000000000000000000000000000000000
310
00000000000000000000000000000000000000000000000000000000000000000000000000000000000000000000000000000000001E0000000000000000000000000000000000000000000000001E000000000000000000000000000000000000000000000000000000000000000000000000000000000000000000000000
310
0000000000000000000000000000000000000000000000000000000000000000000000000000000000000000000000000000000000000000000000000000000000000000000000000000000000000000001E0000000000000000000000000000000000000000000000001E0000000000000000000000000000000000000000
310
0000000000000000000000000000000000000000000000000000000000000000000000000000000000000000000000000000000000000000000000000000001E000000000000000000000000000000000000000000000000000000000000000000000000000000000000000000000000000000000000000000000000000000
310
00000000000000000000000000000000000000000000000000000000000000000000000000000000000000000000000000000000000000000000000000000000000000000000000000000000000000000000000000000000000000000000000000000000001E00000000000000000000000000000000000000000000000000
310
0000000000000000000000000000000000000000000000000000000000000000000000000000000000000000000000000000000000000000001E0000000000000000000000000000000000000000000000001E0000000000000000000000000000000000000000000000000000000000000000000000000000000000000000
310
000000000000000000000000000000000000000000000000000000000000000000000000000000000000000000000000000000000000000000000000000000000000000000000000000000000000000000000000001E0000000000000000000000000000000000000000000000001E00000000000000000000000000000000
310
0000000000000000000000000000000000000000000000000000000000000000000000000000000000000000000000000000000000000000000000000000000000001E000000000000000000000000000000000000000000000000000000000000000000000000000000000000000000000000000000000000000000000000
310
000000000000000000000000000000000000000000000000000000000000000000000000000000000000000000000000000000000000000000000000000000000000000000000000000000000000000000000000000000000000000000000000000000000000000000001E0000000000000000000000000000000000000000
310
0000000000000000000000000000000000000000000000000000000000000000000000000000000000000000000000000000000000000000000000001E00000000000000000000000000000000000000000000000000001E000000000000000000000000000000000000000000000000000000000000000000000000000000
310
000000000000000000000000000000000000000000000000000000000000000000000000000000000000000000000000000000000000000000000000000000000000000000000000000000000000000000000000000000001E00000000000000000000000000000000000000000000000000001E0000000000000000000000
310
0000000000000000000000000000000000000000000000000000000000000000000000000000000000000000000000000000000000000000000000000000000000000000001E000000000000000000000000000000000000000000000000000000000000000000000000000000000000000000000000000000000000000000
310
0000000000000000000000000000000000000000000000000000000000000000000000000000000000000000000000000000000000000000000000000000000000000000000000000000000000000000000000000000000000000000000000000000000000000000000000000000001E000000000000000000000000000000
310
000000000000000000000000000000000000000000000000000000000000000000000000000000000000000000000000000000000000000000000000000000001E00000000000000000000000000000000000000000000000000001E0000000000000000000000000000000000000000000000000000000000000000000000
310
00000000000000000000000000000000000000000000000000000000000000000000000000000000000000000000000000000000000000000000000000000000000000000000000000000000000000000000000000000000000000001E00000000000000000000000000000000000000000000000000001E00000000000000
310
0000000000000000000000000000000000000000000000000000000000000000000000000000000000000000000000000000000000000000000000000000000000000000000000001E000000000000000000000000000000000000000000000000000000000000000000000000000000000000000000000000000000000000
310
00000000000000000000000000000000000000000000000000000000000000000000000000000000000000000000000000000000000000000000000000000000000000000000000000000000000000000000000000000000000000000000000000000000000000000000000000000000000000001E00000000000000000000
310
00000000000000000000000000001E1E1E0000000000000000000000000000000000000000000000000000000000000000000000000000000000000000000000000000001E00000000000000000000000000000000000000000000000000001E00000000000000000000000000000000000000000000000000000000000000
310
000000000000000000000000000000000000000000000000000000000000000000000000000000000000000000000000000000000000000000000000000000001E1E1E00000000000000000000000000000000000000000000000000000000001E00000000000000000000000000000000000000000000000000001E000000
310
0000000000000000000000000000000000000000000000000000000000000000000000000000000000000000000000001E1E1E0000000000000000000000000000000000000000000000001E000000000000000000000000000000000000000000000000000000000000000000000000000000000000000000000000000000
310
000000000000000000000000000000000000000000000000000000000000000000000000000000000000000000000000000000000000000000000000000000000000000000000000000000000000000000000000000000000000000000000000000000000000000000000000000000000000000000000000001E0000000000
310
000000000000000000000000000000001E1E0000001E1E0000000000000000001E0000000000000000000000000000000000000000000000000000000000000000000000000000001E00000000000000000000000000000000000000000000000000001E000000000000000000000000000000000000000000000000000000
310
00000000000000000000000000000000000000000000000000000000000000000000000000000000000000000000000000000000000000000000000000000000000000001E001E00000000000000000000000000000000000000000000000000000000001E0000000000000000000000000000000000000000000000000000
310
1E0000000000000000000000000000000000000000000000000000000000000000000000000000001E0000000000000000001E1E0000001E1E0000000000000000000000000000000000000000001E000000000000000000000000000000000000000000000000000000000000000000000000000000000000000000000000
310
0000000000000000000000000000000000000000000000000000000000000000000000000000000000000000000000000000000000000000000000000000000000000000000000000000000000000000000000000000000000000000000000000000000000000000000000000000000000000000000000000000000000001E
310
0000000000000000001E000000000000000000001E00000000001E00000000000000001E001E000000000000000000000000000000000000000000000000000000000000000000000000001E000000000000000000000000000000000000000000000000000000001E00000000000000000000000000000000000000000000
310
0000000000000000000000000000000000000000000000000000000000000000000000000000001E1E1E0000000000000000000000000000000000000000000000000000000000001E001E000000000000000000000000000000000000000000000000000000001E0000000000000000000000000000000000000000000000
310
00000000001E000000000000000000000000000000000000000000000000000000000000000000000000001E001E00000000000000001E00000000001E000000000000000000001E0000000000000000001E000000000000000000000000000000000000000000000000000000000000000000000000000000000000000000
310
00000000000000000000000000000000000000000000000000000000000000000000000000000000000000000000000000000000000000000000000000000000000000000000000000000000000000000000000000000000000000000000000000000000000000000000000000000000000000000000000000000000000000
310
000000001E000000000000001E001E00000000000000001E000000000000001E000000000000001E00001E0000000000000000000000000000000000000000000000000000000000000000000000001E000000000000000000000000000000000000000000000000000000001E000000000000000000000000000000000000
310
00000000000000000000000000000000000000000000000000000000000000000000000000000000001E1E0000001E1E00000000000000000000000000000000000000000000000000000000001E00000000000000000000000000000000000000000000000000000000001E00000000000000000000000000000000000000
310
0000000000000000001E0000000000000000000000000000000000000000000000000000000000000000000000001E00001E000000000000001E000000000000001E00000000000000001E001E000000000000001E000000000000000000000000000000000000000000000000000000000000000000000000000000000000
310
00000000000000000000000000000000000000000000000000000000000000000000000000000000000000000000000000000000000000000000000000000000000000000000000000000000000000000000000000000000000000000000000000000000000000000000000000000000000000000000000000000000000000
310
0000000000000000001E1E00000000001E00001E000000000000001E000000000000001E000000000000001E1E1E000000000000000000000000000000000000000000000000000000000000000000000000001E000000000000000000000000000000000000000000000000000000001E0000000000000000000000000000
310
0000000000000000000000000000000000000000000000000000000000000000000000000000000000000000001E00000000001E00000000000000000000000000000000000000000000000000000000000000000000000000000000000000000000000000000000000000000000001E000000000000000000000000000000
310
000000000000000000000000001E000000000000000000000000000000000000000000000000000000000000000000000000001E1E1E000000000000001E000000000000001E000000000000001E00001E00000000001E1E000000000000000000000000000000000000000000000000000000000000000000000000000000
310
00000000000000000000000000000000000000000000000000000000000000000000000000000000000000000000000000000000000000000000000000000000000000000000000000000000000000000000000000000000000000000000000000000000000000000000000000000000000000000000000000000000000000
310
0000000000000000000000000000001E000000001E1E1E0000000000000000001E0000000000001E0000000000000000000000000000000000000000000000000000000000000000000000000000000000000000000000001E0000000000000000000000000000000000000000000000000000001E00000000000000000000
310
0000000000000000000000000000000000000000000000000000000000000000000000000000000000000000000000001E000000000000001E00000000000000000000000000000000000000000000000000000000000000000000000000000000000000000000000000000000000000000000001E00000000000000000000
310
00000000000000000000000000000000001E0000000000000000000000000000000000000000000000000000000000000000000000000000000000000000000000001E0000000000001E00000000000000001E1E1E000000001E00000000000000000000000000000000000000000000000000000000000000000000000000
310
00000000000000000000000000000000000000000000000000000000000000000000000000000000000000000000000000000000000000000000000000000000000000000000000000000000000000000000000000000000000000000000000000000000000000000000000000000000000000000000000000000000000000
310
00000000000000000000000000000000000000001E0000000000000000000000000000001E1E0000001E1E000000000000000000000000000000000000000000000000000000000000000000000000000000000000000000000000001E00000000000000000000000000000000000000000000000000001E00000000000000
310
000000000000000000000000000000000000000000000000000000000000000000000000000000000000000000000000000000001E000000000000001E00000000000000000000000000000000000000000000000000000000000000000000000000000000000000000000000000000000000000000000001E000000000000
310
00000000000000000000000000000000000000001E000000000000000000000000000000000000000000000000000000000000000000000000000000000000000000000000001E1E0000001E1E0000000000000000000000000000001E00000000000000000000000000000000000000000000000000000000000000000000
310
00000000000000000000000000000000000000000000000000000000000000000000000000000000000000000000000000000000000000000000000000000000000000000000000000000000000000000000000000000000000000000000000000000000000000000000000000000000000000000000000000000000000000
310
000000000000000000000000000000000000000000000000001E000000000000000000000000000000001E1E1E0000000000000000000000000000000000000000000000000000000000000000000000000000000000000000000000000000001E00000000000000000000000000000000000000000000000000001E000000
310
00000000000000000000000000000000000000000000000000000000000000000000000000000000000000001E1E1E0000000000000000001E000000000000001E00000000000000000000000000000000000000000000000000000000000000000000000000000000000000000000000000000000000000000000001E0000
310
0000000000000000000000000000000000000000000000001E0000000000000000000000000000000000000000000000000000000000000000000000000000000000000000000000000000001E1E1E000000000000000000000000000000001E00000000000000000000000000000000000000000000000000000000000000
310
00000000000000000000000000000000000000000000000000000000000000000000000000000000000000000000000000000000000000000000000000000000000000000000000000000000000000000000000000000000000000000000000000000000000000000000000000000000000000000000000000000000000000
310
0000000000000000000000000000000000000000000000000000000000001E0000000000000000000000000000000000000000000000000000000000000000000000000000000000000000000000000000000000000000000000000000000000000000001E0000000000000000000000000000000000000000000000000000
310
1E00000000000000000000000000000000000000000000000000000000000000000000000000000000000000000000001E00001E0000000000000000001E00000000001E0000000000000000000000000000000000000000000000000000000000000000000000000000000000000000000000000000000000000000000000
310
001E00000000000000000000000000000000000000000000000000001E0000000000000000000000000000000000000000000000000000000000000000000000000000000000000000000000000000000000000000000000000000000000000000001E00000000000000000000000000000000000000000000000000000000
310
00000000000000000000000000000000000000000000000000000000000000000000000000000000000000000000000000000000000000000000000000000000000000000000000000000000000000000000000000000000000000000000000000000000000000000000000000000000000000000000000000000000000000
310
00000000000000000000000000000000000000000000000000000000000000000000001E0000000000000000000000000000000000000000000000000000000000000000000000000000000000000000000000000000000000000000000000000000000000000000001E000000000000000000000000000000000000000000
310
000000001E00000000000000000000000000000000000000000000000000000000000000000000000000000000000000000000001E001E000000000000000000001E1E0000001E1E00000000000000000000000000000000000000000000000000000000000000000000000000000000000000000000000000000000000000
310
0000000000001E000000000000000000000000000000000000000000000000001E00000000000000000000000000000000000000000000000000000000000000000000000000000000000000000000000000000000000000000000000000000000000000001E00000000000000000000000000000000000000000000000000
310
00000000000000000000000000000000000000000000000000000000000000000000000000000000000000000000000000000000000000000000000000000000000000000000000000000000000000000000000000000000000000000000000000000000000000000000000000000000000000000000000000000000000000
310
000000000000000000000000000000000000000000000000000000000000000000000000000000001E1E000000000000000000000000000000000000000000000000000000000000000000000000000000000000000000000000000000000000000000000000000000000000001E0000000000000000000000000000000000
310
000000000000001E000000000000000000000000000000000000000000000000000000000000000000000000000000000000000000000000001E000000000000000000000000001E1E1E0000000000000000000000000000000000000000000000000000000000000000000000000000000000000000000000000000000000
310
000000000000000000001E0000000000000000000000000000000000000000000000001E000000000000000000000000000000000000000000000000000000000000000000000000000000000000000000000000000000000000000000000000000000000000001E1E00000000000000000000000000000000000000000000
310
00000000000000000000000000000000000000000000000000000000000000000000000000000000000000000000000000000000000000000000000000000000000000000000000000000000000000000000000000000000000000000000000000000000000000000000000000000000000000000000000000000000000000
310
000000000000000000000000000000000000000000000000000000000000000000000000000000000000000000001E0000000000000000000000000000000000000000000000000000000000000000000000000000000000000000000000000000000000000000000000000000000000001E00000000000000000000000000
310
00000000000000000000001E00000000000000000000000000000000000000000000000000000000000000000000000000000000000000000000000000000000000000000000000000000000000000000000000000000000000000000000000000000000000000000000000000000000000000000000000000000000000000
310
00000000000000000000000000001E0000000000000000000000000000000000000000000000001E0000000000000000000000000000000000000000000000000000000000000000000000000000000000000000000000000000000000000000000000000000000000001E0000000000000000000000000000000000000000
310
00000000000000000000000000000000000000000000000000000000000000000000000000000000000000000000000000000000000000000000000000000000000000000000000000000000000000000000000000000000000000000000000000000000000000000000000000000000000000000000000000000000000000
310
0000000000000000000000000000000000000000000000000000000000000000000000000000000000000000000000000000001E0000000000000000000000000000000000000000000000000000001E1E1E000000000000000000001E1E1E00000000000000000000000000000000000000000000001E0000000000000000
310
00000000000000000000000000001E00000000000000000000000000000000000000000000000000000000000000000000000000000000000000000000000000000000000000000000000000000000000000000000000000000000000000000000000000000000000000000000000000000000000000000000000000000000
310
000000000000000000000000000000000000001E000000000000000000000000000000000000000000001E00000000000000000000000000000000000000000000001E1E1E000000000000000000001E1E1E0000000000000000000000000000000000000000000000000000001E0000000000000000000000000000000000
310
00000000000000000000000000000000000000000000000000000000000000000000000000000000000000000000000000000000000000000000000000000000000000000000000000000000000000000000000000000000000000000000000000000000000000000000000000000000000000000000000000000000000000
310
00000000000000000000000000000000000000000000000000000000000000000000000000000000000000000000000000000000000000001E1E00000000000000000000000000000000000000000000001E1E0000001E1E00000000000000001E00001E00000000000000000000000000000000000000000000001E000000
310
00000000000000000000000000000000001E00000000000000000000000000000000000000000000000000000000000000000000000000000000000000000000000000000000000000000000000000000000000000000000000000000000000000000000000000000000000000000000000000000000000000000000000000
310
0000000000000000000000000000000000000000000000001E00000000000000000000000000000000000000001E00000000000000000000000000000000000000000000001E00001E00000000000000001E1E0000001E1E00000000000000000000000000000000000000000000001E1E0000000000000000000000000000
310
00000000000000000000000000000000000000000000000000000000000000000000000000000000000000000000000000000000000000000000000000000000000000000000000000000000000000000000000000000000000000000000000000000000000000000000000000000000000000000000000000000000000000
310
00000000000000000000000000000000000000000000000000000000000000000000000000000000000000000000000000000000000000000000000000001E0000000000000000000000000000000000000000001E0000000000001E00000000000000001E001E000000000000000000000000000000000000000000000000
310
001E0000000000000000000000000000000000001E00000000000000000000000000000000000000000000000000000000000000000000000000000000000000000000000000000000000000000000000000000000000000000000000000000000000000000000000000000000000000000000000000000000000000000000
310
00000000000000000000000000000000000000000000000000000000001E0000000000000000000000000000000000001E000000000000000000000000000000000000000000000000001E001E000000000000001E0000000000001E000000000000000000000000000000000000000000001E000000000000000000000000
310
00000000000000000000000000000000000000000000000000000000000000000000000000000000000000000000000000000000000000000000000000000000000000000000000000000000000000000000000000000000000000000000000000000000000000000000000000000000000000000000000000000000000000
310
000000000000000000000000000000000000000000000000000000000000000000000000000000000000000000000000000000000000000000000000000000000000001E000000000000000000001E0000000000000000001E000000000000001E00000000000000001E000000000000000000000000000000000000000000
310
0000000000001E000000000000000000000000000000001E00000000000000000000000000000000000000000000000000000000000000000000000000000000000000000000000000000000000000000000000000000000000000000000000000000000000000000000000000000000000000000000000000000000000000
310
000000000000000000000000000000000000000000000000000000000000000000001E000000000000000000000000000000001E0000000000000000000000000000000000000000000000000000001E00000000000000001E000000000000001E0000000000000000001E000000000000000000001E000000000000000000
310
00000000000000000000000000000000000000000000000000000000000000000000000000000000000000000000000000000000000000000000000000000000000000000000000000000000000000000000000000000000000000000000000000000000000000000000000000000000000000000000000000000000000000
310
0000000000000000000000000000000000000000000000000000000000000000000000000000000000000000000000000000000000000000000000000000000000000000000000001E1E000000000000001E001E00000000000000001E000000000000001E0000000000000000000000000000000000000000000000000000
310
00000000000000000000001E1E00000000000000000000001E1E1E00000000000000000000000000000000000000000000000000000000000000000000000000000000000000000000000000000000000000000000000000000000000000000000000000000000000000000000000000000000000000000000000000000000
310
0000000000000000000000000000000000000000000000000000000000000000000000000000001E1E0000000000000000000000001E1E000000000000000000000000000000000000000000000000000000000000000000000000001E000000000000001E00000000000000001E001E000000000000001E1E000000000000
310
00000000000000000000000000000000000000000000000000000000000000000000000000000000000000000000000000000000000000000000000000000000000000000000000000000000000000000000000000000000000000000000000000000000000000000000000000000000000000000000000000000000000000
310
0000000000000000000000000000000000000000000000000000000000000000000000000000000000000000000000000000000000000000000000000000000000000000000000000000000000001E0000000000001E00001E00000000000000001E00000000001E0000000000000000000000000000000000000000000000
310
00000000000000000000000000000000001E1E1E1E0000001E1E1E1E000000000000000000000000000000000000000000000000000000000000000000000000000000000000000000000000000000000000000000000000000000000000000000000000000000000000000000000000000000000000000000000000000000
310
0000000000000000000000000000000000000000000000000000000000000000000000000000000000000000001E1E1E1E000000001E1E1E1E000000000000000000000000000000000000000000000000000000000000000000000000000000001E00000000001E00000000000000001E00001E0000000000001E00000000
310
00000000000000000000000000000000000000000000000000000000000000000000000000000000000000000000000000000000000000000000000000000000000000000000000000000000000000000000000000000000000000000000000000000000000000000000000000000000000000000000000000000000000000
310
00000000000000000000000000000000000000000000000000000000000000000000000000000000000000000000000000000000000000000000000000000000000000000000000000000000000000000000001E00000000001E1E1E0000000000000000001E1E0000001E1E00000000000000000000000000000000000000
310
000000000000000000000000000000000000000000000000001E1E1E000000000000000000000000000000000000000000000000000000000000000000000000000000000000000000000000000000000000000000000000000000000000000000000000000000000000000000000000000000000000000000000000000000
310
00000000000000000000000000000000000000000000000000000000000000000000000000000000000000000000000000000000001E1E1E1E00000000000000000000000000000000000000000000000000000000000000000000000000000000000000001E1E0000001E1E0000000000000000001E1E1E000000001E1E00
310
00000000000000000000000000000000000000000000000000000000000000000000000000000000000000000000000000000000000000000000000000000000000000000000000000000000000000000000000000000000000000000000000000000000000000000000000000000000000000000000000000000000000000
310
000000000000000000000000000000000000000000000000000000000000000000000000000000000000000000000000000000000000000000000000000000000000000000000000000000000000000000000000000000001E1E00000000000000000000000000000000001E1E1E0000000000000000000000000000000000
310
00000000000000000000000000000000000000000000000000000000000000000000000000000000000000000000000000000000000000000000000000000000000000000000000000000000000000000000000000000000000000000000000000000000000000000000000000000000000000000000000000000000000000
310
00000000000000000000000000000000000000000000000000000000000000000000000000000000000000000000000000000000000000000000000000000000000000000000000000000000000000000000000000000000000000000000000000000000000000000000001E1E1E0000000000000000000000000000000000
310
1E000000000000000000000000000000000000000000000000000000000000000000000000000000000000000000000000000000000000000000000000000000000000000000000000000000000000000000000000000000000000000000000000000000000000000000000000000000000000000000000000000000000000
310
000000000000000000000000000000000000000000000000000000000000000000000000000000000000000000000000000000000000000000000000000000000000000000000000000000000000000000000000000000000000000000001E0000000000000000000000000000000000000000000000000000000000000000
310
00000000000000000000000000000000000000000000000000000000000000000000000000000000000000000000000000000000000000000000000000000000000000000000000000000000000000000000000000000000000000000000000000000000000000000000000000000000000000000000000000000000000000
310
00000000000000000000000000000000000000000000000000000000000000000000000000000000000000000000000000000000000000000000000000000000000000000000000000000000000000000000000000000000000000000000000000000000000000000000000000000000000000000000000000000000000000
310
0000001E000000000000000000000000000000000000000000000000000000000000000000000000000000000000000000000000000000000000000000000000000000000000000000000000000000000000000000000000000000000000000000000000000000000000000000000000000000000000000000000000000000
310
0000000000000000000000000000000000000000000000000000000000000000000000000000000000000000000000000000000000000000000000000000000000000000000000000000000000000000000000000000000000000000000000000000001E1E0000000000000000000000000000000000000000000000000000
310
000000000000000000000000000000000000001E1E1E000000000000000000000000000000000000000000000000000000000000000000000000000000000000000000000000000000000000000000000000000000000000000000000000000000000000000000000000000000000000000000000000000000000000000000
310
0000000000000000000000000000000000000000000000000000000000000000000000000000000000000000000000000000000000000000000000000000000000000000000000000000000000000000000000001E1E1E00000000000000000000000000000000000000000000000000000000000000000000000000000000
310
00000000001E1E000000000000000000000000000000000000000000000000000000000000000000000000000000000000000000000000000000000000000000000000000000000000000000000000000000000000000000000000000000000000000000000000000000000000000000000000000000000000000000000000
310
0000000000000000000000000000000000000000000000000000000000000000000000000000000000000000000000000000000000000000000000000000000000000000000000000000000000000000000000000000000000000000000000000000000000000000001E000000000000000000000000000000000000000000
310
000000000000000000001E1E1E0000000000000000001E00001E0000000000000000000000000000000000000000000000000000000000000000000000000000000000000000000000000000000000000000000000000000000000000000000000000000000000000000000000000000000000000000000000000000000000
310
000000000000000000000000000000000000000000000000000000000000000000000000000000000000000000000000000000000000000000000000000000000000000000000000000000000000000000000000000000001E00001E0000000000000000001E1E1E0000000000000000000000000000000000000000000000
310
00000000000000001E00000000000000000000000000000000000000000000000000000000000000000000000000000000000000000000000000000000000000000000000000000000000000000000000000000000000000000000000000000000000000000000000000000000000000000000000000000000000000000000
310
00000000000000000000000000000000000000000000000000000000000000000000000000000000000000000000000000000000000000000000000000000000000000000000000000000000000000000000000000000000000000000000000000000000000000000000000000001E00000000000000000000000000000000
310
0000000000000000000000001E1E0000001E1E00000000000000001E001E00000000000000000000000000000000000000000000000000000000000000000000000000000000000000000000000000000000000000000000000000000000000000000000000000000000000000000000000000000000000000000000000000
310
00000000000000000000000000000000000000000000000000000000000000000000000000000000000000000000000000000000000000000000000000000000000000000000000000000000000000000000000000000000000000001E001E00000000000000001E1E0000001E1E0000000000000000000000000000000000
310
00000000000000000000001E00000000000000000000000000000000000000000000000000000000000000000000000000000000000000000000000000000000000000000000000000000000000000000000000000000000000000000000000000000000000000000000000000000000000000000000000000000000000000
310
000000000000000000000000000000000000000000000000000000000000000000000000000000000000000000000000000000000000000000000000000000000000000000000000000000000000000000000000000000000000000000000000000000000000000000000000000000000000001E1E00000000000000000000
310
000000000000000000000000000000001E00000000001E0000000000000000001E000000000000000000000000000000000000000000000000000000000000000000000000000000000000000000000000000000000000000000000000000000000000000000000000000000000000001E1E1E1E0000000000000000000000
310
00000000000000000000000000001E1E1E1E000000000000000000000000000000000000000000000000000000000000000000000000000000000000000000000000000000000000000000000000000000000000000000000000000000000000001E0000000000000000001E00000000001E00000000000000000000000000
310
000000000000000000000000001E1E00000000000000000000000000000000000000000000000000000000000000000000000000000000000000000000000000000000000000000000000000000000000000000000000000000000000000000000000000000000000000000000000000000000000000000000000000000000
310
000000000000000000000000000000000000000000000000000000000000000000000000000000000000000000000000000000000000000000000000000000000000000000000000000000000000000000000000000000000000000000000000000000000000000000000000000000000000000000000000001E0000000000
310
000000000000000000000000000000000000001E000000000000001E000000000000000000000000000000000000000000000000000000000000000000000000000000000000000000000000000000000000000000000000000000000000000000000000000000000000000000000000000000001E00001E00000000000000
310
0000000000000000000000000000000000001E00001E000000000000000000000000000000000000000000000000000000000000000000000000000000000000000000000000000000000000000000000000000000000000000000000000000000000000000000000000000000001E000000000000001E0000000000000000
310
000000000000000000000000000000001E0000000000000000000000000000000000000000000000000000000000000000000000000000000000000000000000000000000000000000000000000000000000000000000000000000000000000000000000000000000000000000000000000000000000000000000000000000
310
0000000000000000000000000000000000000000000000000000000000000000000000000000000000000000000000000000000000000000000000000000000000000000000000000000000000000000000000000000000000000000000000000000000000000000000000000000000000000000000000000000000000001E
310
00000000000000000000000000000000000000000000001E000000000000001E000000000000000000000000000000000000000000000000000000000000000000000000000000000000000000000000000000000000000000000000000000000000000000000000000000000000000000000000000000001E00001E000000
310
000000000000000000000000000000000000000000001E001E1E000000000000000000000000000000000000000000000000000000000000000000000000000000000000000000000000000000000000000000000000000000000000000000000000000000000000000000000000000000001E000000000000001E00000000
310
000000000000000000000000000000000000001E0000000000000000000000000000000000000000000000000000000000000000000000000000000000000000000000000000000000000000000000000000000000000000000000000000000000000000000000000000000000000000000000000000000000000000000000
310
00000000000000000000000000000000000000000000000000000000000000000000000000000000000000000000000000000000000000000000000000000000000000000000000000000000000000000000000000000000000000000000000000000000000000000000000000000000000000000000000000000000000000
310
000000001E1E000000000000000000001E1E1E00000000000000001E000000000000001E00000000000000000000000000000000000000000000000000000000000000000000000000000000000000000000000000000000000000000000000000000000000000000000000000000000000000000000000000000000001E1E
310
000000000000000000000000000000000000001E000000000000001E0000000000000000000000000000000000000000000000000000000000000000000000000000000000000000000000000000000000000000000000000000000000000000000000000000000000000000000000000000000000001E000000000000001E
310
00000000000000001E1E1E000000000000000000001E1E0000000000000000000000000000000000000000000000000000000000000000000000000000000000000000000000000000000000000000000000000000000000000000000000000000000000000000000000000000000000000000000000000000000000000000
310
00000000000000000000000000000000000000000000000000000000000000000000000000000000000000000000000000000000000000000000000000000000000000000000000000000000000000000000000000000000000000000000000000000000000000000000000000000000000000000000000000000000000000
310
000000000000000000001E0000000000000000001E00001E00000000000000001E00000000001E00000000000000000000000000000000000000000000000000000000000000000000000000000000000000000000000000000000000000000000000000000000000000000000000000000000000000000000000000000000
310
000000000000000000000000000000000000000000001E001E00000000000000000000000000000000000000000000000000000000000000000000000000000000000000000000000000000000000000000000000000000000000000000000000000000000000000000000000000000000000000000000000000001E000000
310
00001E00000000000000001E00001E0000000000000000001E000000000000000000000000000000000000000000000000000000000000000000000000000000000000000000000000000000000000000000000000000000000000000000000000000000000000000000000000000000000000000000000000000000000000
310
00000000000000000000000000000000000000000000000000000000000000000000000000000000000000000000000000000000000000000000000000000000000000000000000000000000000000000000000000000000000000000000000000000000000000000000000000000000000000000000000000000000000000
310
0000000000000000000000000000001E1E000000000000001E001E0000000000000000001E1E0000001E1E00000000000000000000000000000000000000000000000000001E1E1E00000000000000000000000000000000000000000000000000000000000000000000000000000000000000000000000000000000000000
310
000000000000000000000000000000000000000000000000001E00001E0000000000000000000000000000000000000000000000000000000000000000000000000000000000000000000000000000000000000000000000000000000000000000001E1E1E0000000000000000000000000000000000000000000000000000
310
1E1E0000001E1E0000000000000000001E001E000000000000001E1E000000000000000000000000000000000000000000000000000000000000000000000000000000000000000000000000000000000000000000000000000000000000000000000000000000000000000000000000000000000000000000000000000000
310
00000000000000000000000000000000000000000000000000000000000000000000000000000000000000000000000000000000000000000000000000000000000000000000000000000000000000000000000000000000000000000000000000000000000000000000000000000000000000000000000000000000000000
310
0000000000000000000000000000000000000000001E1E0000000000001E0000000000000000000000001E1E1E000000000000000000000000000000000000000000000000000000001E00001E0000000000000000000000000000000000000000000000000000000000000000000000000000000000000000000000000000
310
0000000000000000000000000000000000000000000000000000000000001E1E1E00000000000000000000000000000000000000000000000000000000000000000000000000000000000000000000000000000000000000000000000000000000000000001E00001E00000000000000000000000000000000000000000000
310
0000000000001E1E1E0000000000000000000000001E0000000000001E1E00000000000000000000000000000000000000000000000000000000000000000000000000000000000000000000000000000000000000000000000000000000000000000000000000000000000000000000000000000000000000000000000000
310
00000000000000000000000000000000000000000000000000000000000000000000000000000000000000000000000000000000000000000000000000000000000000000000000000000000000000000000000000000000000000000000000000000000000000000000000000000000000000000000000000000000000000
310
0000000000000000000000000000000000000000000000000000001E1E0000000000000000000000000000000000000000000000000000000000000000000000001E1E000000000000000000001E001E0000000000000000000000000000000000000000000000000000000000000000000000000000000000000000000000
310
000000000000000000000000000000000000000000000000000000000000000000000000000000000000000000000000000000000000000000000000000000000000000000000000000000000000000000000000000000000000000000000000000000000000000000001E001E000000000000000000001E1E1E0000000000
310
0000000000000000000000000000000000000000000000000000000000001E1E0000000000000000000000000000000000000000000000000000000000000000000000000000000000000000000000000000000000000000000000000000000000000000000000000000000000000000000000000000000000000000000000
310
00000000000000000000000000000000000000000000000000000000000000000000000000000000000000000000000000000000000000000000000000000000000000000000000000000000000000000000000000000000000000000000000000000000000000000000000000000000000000000000000000000000000000
310
0000000000000000000000000000000000000000000000000000000000000000001E1E00000000000000000000000000000000000000000000000000000000000000001E1E00001E1E0000000000000000001E0000000000000000000000000000000000000000000000000000000000000000000000000000000000000000
310
0000000000000000000000000000000000000000000000000000000000000000000000000000000000000000000000000000000000000000000000000000000000000000000000000000000000000000000000000000000000000000000000000000000000000000000000000000001E0000000000000000001E1E0000001E
310
00000000000000000000000000000000000000000000000000000000000000001E1E000000000000000000000000000000000000000000000000000000000000000000000000000000000000000000000000000000000000000000000000000000000000000000000000000000000000000000000000000000000000000000
310
00000000000000000000000000000000000000000000000000000000000000000000000000000000000000000000000000000000000000000000000000000000000000000000000000000000000000000000000000000000000000000000000000000000000000000000000000000000000000000000000000000000000000
310
0000000000000000000000000000000000000000000000000000000000000000000000000000001E0000000000000000000000000000000000000000000000000000000000001E00000000001E0000000000000000000000000000000000000000000000000000000000000000000000000000000000000000000000000000
310
000000000000000000000000000000000000000000000000000000000000000000000000000000000000000000000000000000000000000000000000000000000000000000000000000000000000000000000000000000000000000000000000000000000000000000000000000000000000000000000000000000001E0000
310
0000001E000000000000000000000000000000000000000000000000000000000000001E00000000000000000000000000000000000000000000000000000000000000000000000000000000000000000000000000000000000000000000000000000000000000000000000000000000000000000000000000000000000000
310
00000000000000000000000000000000000000000000000000000000000000000000000000000000000000000000000000000000000000000000000000000000000000000000000000000000000000000000000000000000000000000000000000000000000000000000000000000000000000000000000000000000000000
310
00000000000000000000000000000000000000000000000000000000000000000000000000000000000000001E1E000000000000000000000000000000000000000000000000000000001E0000000000001E000000000000000000000000000000000000000000000000000000000000000000000000000000000000000000
310
00000000000000000000000000000000000000000000000000000000000000000000000000000000000000000000000000000000000000000000000000000000000000000000000000000000000000000000000000000000000000000000000000000000000000000000000000000000000000000000000000000000000000
310
001E0000000000001E000000000000000000000000000000000000000000000000000000001E1E00000000000000000000000000000000000000000000000000000000000000000000000000000000000000000000000000000000000000000000000000000000000000000000000000000000000000000000000000000000
310
00000000000000000000000000000000000000000000000000000000000000000000000000000000000000000000000000000000000000000000000000000000000000000000000000000000000000000000000000000000000000000000000000000000000000000000000000000000000000000000000000000000000000
310
00000000000000000000000000000000000000000000000000000000000000000000000000000000000000000000000000001E1E00000000000000000000000000000000000000000000000000001E0000000000001E00000000000000000000000000000000000000000000000000001E1E1E000000000000000000000000
310
000000000000000000000000000000000000000000000000000000000000000000000000000000000000000000000000000000000000000000000000000000000000000000000000000000000000000000000000000000000000000000000000000000000000001E1E1E000000000000000000000000000000000000000000
310
00000000001E0000000000001E00000000000000000000000000000000000000000000000000001E1E0000000000000000000000000000000000000000000000000000000000000000000000000000000000000000000000000000000000000000000000000000000000000000000000000000000000000000000000000000
310
00000000000000000000000000000000000000000000000000000000000000000000000000000000000000000000000000000000000000000000000000000000000000000000000000000000000000000000000000000000000000000000000000000000000000000000000000000000000000000000000000000000000000
310
00000000000000000000000000000000000000000000000000000000000000000000000000000000000000000000000000000000000000001E1E000000000000000000000000000000000000000000000000001E000000001E0000000000000000000000000000000000000000000000000000001E001E0000000000000000
310
00000000000000000000000000000000000000000000000000000000000000000000000000000000000000000000000000000000000000000000000000000000000000000000000000000000000000000000000000000000000000000000000000000000000000000000001E001E0000000000000000000000000000000000
310
000000000000000000001E000000001E000000000000000000000000000000000000000000000000001E1E000000000000000000000000000000000000000000000000000000000000000000000000000000000000000000000000000000000000000000000000000000000000000000000000000000000000000000000000
310
00000000000000000000000000000000000000000000000000000000000000000000000000000000000000000000000000000000000000000000000000000000000000000000000000000000000000000000000000000000000000000000000000000000000000000000000000000000000000000000000000000000000000
310
00000000000000000000000000000000000000000000000000000000000000000000000000000000000000000000000000000000000000000000000000001E1E00000000000000000000001E1E1E0000000000000000001E0000001E1E0000000000000000000000000000000000000000000000000000001E1E1E00000000
310
0000000000000000000000000000000000000000000000000000000000000000000000000000000000000000000000000000000000000000000000000000000000000000000000000000000000000000000000000000000000000000000000000000000000000000000000000000001E1E1E00000000000000000000000000
310
00000000000000000000000000001E1E00001E1E0000000000000000001E1E1E00000000000000000000001E1E00000000000000000000000000000000000000000000000000000000000000000000000000000000000000000000000000000000000000000000000000000000000000000000000000000000000000000000
310
00000000000000000000000000000000000000000000000000000000000000000000000000000000000000000000000000000000000000000000000000000000000000000000000000000000000000000000000000000000000000000000000000000000000000000000000000000000000000000000000000000000000000
310
00000000000000000000000000000000000000000000000000000000000000000000000000000000000000000000000000000000000000000000000000000000000000001E000000000000000000001E00001E0000000000000000001E1E1E00000000000000000000000000000000001E1E1E000000000000000000000000
310
00000000000000000000000000000000000000000000000000000000000000000000000000000000000000000000000000000000000000000000000000000000000000000000000000000000000000000000000000000000000000000000000000000000000000000000000000000000000000000000000000000000000000
310
1E1E1E00000000000000000000000000000000001E1E000000000000000000001E00001E000000000000000000001E0000000000000000000000000000000000000000000000000000000000000000000000000000000000000000000000000000000000000000000000000000000000000000000000000000000000000000
310
00000000000000000000000000000000000000000000000000000000000000000000000000000000000000000000000000000000000000000000000000000000000000000000000000000000000000000000000000000000000000000000000000000000000000000000000000000000000000000000000000000000000000
310
000000000000000000000000000000000000000000000000000000000000000000000000000000000000000000000000000000000000000000000000000000000000000000000000001E1E00000000000000001E001E000000000000000000000000000000000000000000000000000000001E1E0000001E1E000000000000
310
00000000000000000000000000000000000000001E1E1E00000000000000000000000000000000000000000000000000000000000000000000000000000000000000000000000000000000000000000000000000000000000000000000000000000000001E1E1E000000000000000000000000000000000000000000000000
310
00001E1E0000001E1E000000000000000000000000000000000000000000000000000000001E001E00000000000000001E1E0000000000000000000000000000000000000000000000000000000000000000000000000000000000000000000000000000000000000000000000000000000000000000000000000000000000
310
00000000000000000000000000000000000000000000000000000000000000000000000000000000000000000000000000000000000000000000000000000000000000000000000000000000000000000000000000000000000000000000000000000000000000000000000000000000000000000000000000000000000000
310
000000000000000000000000000000000000000000000000000000000000000000000000000000000000000000000000000000000000000000000000000000000000000000000000000000000000001E1E000000000000001E00000000000000000000000000000000000000000000000000000000001E00000000001E0000
310
0000000000000000000000000000000000000000000000001E00001E0000000000000000000000000000000000000000000000000000000000000000000000000000000000000000000000000000000000000000000000000000000000000000000000000000001E00001E0000000000000000000000000000000000000000
310
0000000000001E00000000001E00000000000000000000000000000000000000000000000000000000001E000000000000001E1E000000000000000000000000000000000000000000000000000000000000000000000000000000000000000000000000000000000000000000000000000000000000000000000000000000
310
00000000000000000000000000000000000000000000000000000000000000000000000000000000000000000000000000000000000000000000000000000000000000000000000000000000000000000000000000000000000000000000000000000000000000000000000000000000000000000000000000000000000000
310
000000000000000000000000000000000000000000000000000000000000000000000000000000000000000000000000000000000000000000000000000000000000000000000000000000000000000000000000001E1E000000000000000000000000000000000000000000000000000000000000000000001E0000000000
310
00001E000000000000000000000000000000000000000000000000001E001E0000000000000000000000000000000000001E0000000000000000000000000000000000000000000000000000000000000000000000000000001E0000000000000000000000000000000000001E001E00000000000000000000000000000000
310
0000000000000000001E000000000000001E000000000000000000000000000000000000000000000000000000000000000000001E1E00000000000000000000000000000000000000000000000000000000000000000000000000000000000000000000000000000000000000000000000000000000000000000000000000
310
00000000000000000000000000000000000000000000000000000000000000000000000000000000000000000000000000000000000000000000000000000000000000000000000000000000000000000000000000000000000000000000000000000000000000000000000000000000000000000000000000000000000000
310
000000000000000000000000000000000000000000000000000000000000000000000000000000000000000000000000000000000000000000000000000000000000000000000000000000000000000000000000000000000000001E1E00000000000000000000000000000000000000000000000000000000000000001E00
310
0000000000001E00000000000000000000000000000000000000000000000000001E0000000000000000000000000000000000001E001E0000000000000000000000000000000000001E0000000000000000000000000000000000001E001E0000000000000000000000000000000000001E00000000000000000000000000
310
000000000000000000000000001E000000000000001E00000000000000000000000000000000000000000000000000000000000000001E1E0000000000000000000000000000000000000000000000000000000000000000000000000000000000000000000000000000000000000000000000000000000000000000000000
310
00000000000000000000000000000000000000000000000000000000000000000000000000000000000000000000000000000000000000000000000000000000000000000000000000000000000000000000000000000000000000000000000000000000000000000000000000000000000000000000000000000000000000
310
000000000000000000000000000000000000000000000000000000000000000000000000000000000000000000000000000000000000000000000000000000000000000000000000000000000000000000000000000000000000000000000000001E1E00000000000000000000000000000000000000000000000000000000
310
0000001E0000000000001E00000000000000000000000000001E1E1E000000000000000000000000000000000000000000000000000000001E00001E000000000000000000000000000000001E001E000000000000000000000000000000001E00001E00000000000000000000000000000000000000000000000000000000
310
1E1E1E0000000000000000000000000000001E0000000000001E0000000000000000000000000000000000000000000000000000000000001E1E000000000000000000000000000000000000000000000000000000000000000000000000000000000000000000000000000000000000000000000000000000000000000000
310
00000000000000000000000000000000000000000000000000000000000000000000000000000000000000000000000000000000000000000000000000000000000000000000000000000000000000000000000000000000000000000000000000000000000000000000000000000000000000000000000000000000000000
310
000000000000000000000000000000000000000000000000000000000000000000000000000000000000000000000000000000000000000000000000000000000000000000000000000000000000000000000000000000000000000000000000000000000000001E1E00000000000000000000000000000000000000000000
310
000000000000001E1E0000001E1E000000000000000000000000001E1E0000001E1E00000000000000000000000000000000000000000000000000001E1E1E00000000000000000000000000000000001E001E00000000000000000000000000000000001E1E1E000000000000000000000000000000000000000000000000
310
00001E1E0000001E1E000000000000000000000000001E1E0000001E1E00000000000000000000000000000000000000000000000000000000001E1E00000000000000000000000000000000000000000000000000000000000000000000000000000000000000000000000000000000000000000000000000000000000000
310
00000000000000000000000000000000000000000000000000000000000000000000000000000000000000000000000000000000000000000000000000000000000000000000000000000000000000000000000000000000000000000000000000000000000000000000000000000000000000000000000000000000000000
310
000000000000000000000000000000000000000000000000000000000000000000000000000000000000000000000000000000000000000000000000000000000000000000000000000000000000000000000000000000000000000000000000000000000000000000000000001E1E1E000000000000000000000000000000
310
1E1E1E000000000000000000001E1E1E0000000000000000000000000000001E00000000001E000000000000000000000000000000000000000000000000000000000000000000000000000000000000000000001E1E1E00000000000000000000000000000000000000000000000000000000000000000000000000000000
310
0000000000001E00000000001E0000000000000000000000000000001E1E1E000000000000000000001E1E1E0000000000000000000000000000001E1E1E0000000000000000000000000000000000000000000000000000000000000000000000000000000000000000000000000000000000000000000000000000000000
310
00000000000000000000000000000000000000000000000000000000000000000000000000000000000000000000000000000000000000000000000000000000000000000000000000000000000000000000000000000000000000000000000000000000000000000000000000000000000000000000000000000000000000
310
00000000000000000000000000000000000000000000000000000000000000000000000000000000000000000000000000000000000000000000000000000000000000000000000000000000000000000000000000000000000000000000000000000000000000000000000000000000000000001E1E000000000000000000
310
000000001E00001E00000000000000000000000000000000000000000000000000001E000000000000001E000000000000000000000000000000000000000000000000000000000000000000000000000000000000000000000000000000000000000000000000000000000000000000000000000000000000000000000000
310
0000000000000000001E000000000000001E00000000000000000000000000000000000000000000000000001E00001E000000000000000000000000001E1E00000000000000000000000000000000000000000000000000000000000000000000000000000000000000000000000000000000000000000000000000000000
310
00000000000000000000000000000000000000000000000000000000000000000000000000000000000000000000000000000000000000000000000000000000000000000000000000000000000000000000000000000000000000000000000000000000000000000000000000000000000000000000000000000000000000
310
00000000000000000000000000000000000000000000000000000000000000000000000000000000000000000000000000000000000000000000000000000000000000000000000000000000000000000000000000000000000000000000000000000000000000000000000000000000000000000000000000001E1E000000
310
00000000000000001E001E0000000000000000000000000000000000000000000000000000001E000000000000001E00000000000000000000000000001E1E1E00000000000000000000000000000000000000000000000000000000000000000000000000000000000000000000000000000000000000000000001E1E1E00
310
000000000000000000000000001E000000000000001E0000000000000000000000000000000000000000000000000000001E001E00000000000000000000001E1E0000000000000000000000000000000000000000000000000000000000000000000000000000000000000000000000000000000000000000000000000000
310
00000000000000000000000000000000000000000000000000000000000000000000000000000000000000000000000000000000000000000000000000000000000000000000000000000000000000000000000000000000000000000000000000000000000000000000000000000000000000000000000000000000000000
310
00000000000000000000000000000000000000000000000000000000000000000000000000000000000000000000000000000000000000000000000000000000000000000000000000000000000000000000000000000000000000000000000000000000000000000000000000000000000000000000000000000000000000
310
001E1E1E0000000000000000001E000000000000000000000000000000000000000000000000000000001E000000000000001E0000000000000000000000001E1E0000001E1E00000000000000000000000000000000001E000000000000000000000000000000000000001E00000000000000000000000000000000001E1E
310
0000001E1E0000000000000000000000001E000000000000001E000000000000000000000000000000000000000000000000000000001E0000000000000000001E1E1E000000000000000000000000000000000000000000000000000000000000000000000000000000000000000000000000000000000000000000000000
310
00000000000000000000000000000000000000000000000000000000000000000000000000000000000000000000000000000000000000000000000000000000000000000000000000000000000000000000000000000000000000000000000000000000000000000000000000000000000000000000000000000000000000
310
00000000000000000000000000000000000000000000000000000000000000000000000000000000000000000000000000000000000000000000000000000000000000000000000000000000000000000000000000000000000000000000000000000000000000000000000000000000000000000000000000000000000000
310
00000000000000001E1E000000000000000000000000000000000000000000000000000000000000000000000000001E00000000001E0000000000000000000000001E0000000000001E0000000000000000000000000000001E1E001E00000000000000000000000000000000001E001E1E00000000000000000000000000
310
001E0000000000001E000000000000000000000000001E00000000001E000000000000000000000000000000000000000000000000000000000000000000000000001E1E0000000000000000000000000000000000000000000000000000000000000000000000000000000000000000000000000000000000000000000000
310
00000000000000000000000000000000000000000000000000000000000000000000000000000000000000000000000000000000000000000000000000000000000000000000000000000000000000000000000000000000000000000000000000000000000000000000000000000000000000000000000000000000000000
310
00000000000000000000000000000000000000000000000000000000000000000000000000000000000000000000000000000000000000000000000000000000000000000000000000000000000000000000000000000000000000000000000000000000000000000000000000000000000000000000000000000000000000
310
00000000000000000000000000001E1E1E000000000000000000000000000000000000000000000000000000000000000000001E1E0000001E1E0000000000000000000000001E000000000000001E000000000000000000000000001E000000001E0000000000000000000000000000001E000000001E0000000000000000
310
00000000001E000000000000001E0000000000000000000000001E1E0000001E1E000000000000000000000000000000000000000000000000000000000000000000001E1E1E000000000000000000000000000000000000000000000000000000000000000000000000000000000000000000000000000000000000000000
310
00000000000000000000000000000000000000000000000000000000000000000000000000000000000000000000000000000000000000000000000000000000000000000000000000000000000000000000000000000000000000000000000000000000000000000000000000000000000000000000000000000000000000
310
00000000000000000000000000000000000000000000000000000000000000000000000000000000000000000000000000000000000000000000000000000000000000000000000000000000000000000000000000000000000000000000000000000000000000000000000000000000000000000000000000000000000000
310
0000000000000000000000000000000000000000001E1E00000000000000000000000000000000000000000000001E000000000000000000001E1E1E00000000000000000000000000001E000000000000001E0000000000000000000000001E0000000000001E000000000000000000000000001E00000000001E00000000
310
0000000000000000001E000000000000001E00000000000000000000000000001E1E1E000000000000000000001E00000000000000000000000000000000000000000000001E1E0000000000000000000000000000000000000000000000000000000000000000000000000000000000000000000000000000000000000000
310
00000000000000000000000000000000000000000000000000000000000000000000000000000000000000000000000000000000000000000000000000000000000000000000000000000000000000000000000000000000000000000000000000000000000000000000000000000000000000000000000000000000000000
310
00000000000000000000000000000000000000000000000000000000000000000000000000000000000000000000000000000000000000000000000000000000000000000000000000000000000000000000000000000000000000000000000000000000000000000000000000000000000000000000000000000000000000
310
0000000000000000000000000000000000000000000000000000001E1E00000000000000000000000000000000000000001E001E0000000000000000000000000000000000000000000000000000001E00000000001E000000000000000000000000001E000000000000001E00000000000000000000001E00000000000000
310
1E000000000000000000000000001E00000000001E0000000000000000000000000000000000000000000000000000001E001E00000000000000000000000000000000000000001E1E000000000000000000000000000000000000000000000000000000000000000000000000000000000000000000000000000000000000
310
00000000000000000000000000000000000000000000000000000000000000000000000000000000000000000000000000000000000000000000000000000000000000000000000000000000000000000000000000000000000000000000000000000000000000000000000000000000000000000000000000000000000000
310
00000000000000000000000000000000000000000000000000000000000000000000000000000000000000000000000000000000000000000000000000000000000000000000000000000000000000000000000000000000000000000000000000000000000000000000000000000000000000000000000000000000000000
310
0000000000000000000000000000000000000000000000000000000000000000001E1E1E000000000000000000000000000000001E00001E0000000000000000000000000000000000000000000000000000001E1E0000001E1E000000000000000000000000001E0000000000001E000000000000000000000000001E0000
310
000000001E000000000000000000000000001E1E0000001E1E0000000000000000000000000000000000000000000000000000001E00001E000000000000000000000000000000001E1E1E00000000000000000000000000000000000000000000000000000000000000000000000000000000000000000000000000000000
310
00000000000000000000000000000000000000000000000000000000000000000000000000000000000000000000000000000000000000000000000000000000000000000000000000000000000000000000000000000000000000000000000000000000000000000000000000000000000000000000000000000000000000
310
00000000000000000000000000000000000000000000000000000000000000000000000000000000000000000000000000000000000000000000000000000000000000000000000000000000000000000000000000000000000000000000000000000000000000000000000000000000000000000000000000000000000000
310
000000000000000000000000000000000000000000000000000000000000000000000000000000001E1E0000000000000000000000000000001E1E1E00000000000000000000000000000000000000000000000000000000001E1E1E000000000000000000000000000000001E00000000001E000000000000000000000000
310
001E00000000001E000000000000000000000000000000001E1E1E00000000000000000000000000000000000000000000000000000000001E1E1E0000000000000000000000000000001E1E000000000000000000000000000000000000000000000000000000000000000000000000000000000000000000000000000000
310
00000000000000000000000000000000000000000000000000000000000000000000000000000000000000000000000000000000000000000000000000000000000000000000000000000000000000000000000000000000000000000000000000000000000000000000000000000000000000000000000000000000000000
310
00000000000000000000000000000000000000000000000000000000000000000000000000000000000000000000000000000000000000000000000000000000000000000000000000000000000000000000000000000000000000000000000000000000000000000000000000000000000000000000000000000000000000
310
000000000000000000000000000000000000000000000000000000000000000000000000000000000000000000001E1E1E0000000000000000000000000000000000000000000000000000000000000000000000000000000000000000000000000000000000000000000000000000001E1E00001E1E000000000000000000
310
0000000000001E0000001E1E0000000000000000000000000000000000000000000000000000000000000000000000000000000000000000000000000000000000000000000000000000001E1E1E00000000000000000000000000000000000000000000000000000000000000000000000000000000000000000000000000
310
00000000000000000000000000000000000000000000000000000000000000000000000000000000000000000000000000000000000000000000000000000000000000000000000000000000000000000000000000000000000000000000000000000000000000000000000000000000000000000000000000000000000000
310
00000000000000000000000000000000000000000000000000000000000000000000000000000000000000000000000000000000000000000000000000000000000000000000000000000000000000000000000000000000000000000000000000000000000000000000000000000000000000000000000000000000000000
310
00000000000000000000000000000000000000000000000000000000000000000000000000000000000000000000000000000000001E1E1E1E000000000000000000000000000000000000000000000000000000001E1E1E0000000000000000000000000000000000000000000000000000000000001E1E00000000000000
310
00000000000000000000001E1E1E0000000000000000000000000000000000000000000000000000000000001E1E1E000000000000000000000000000000000000000000000000000000001E1E1E1E000000000000000000000000000000000000000000000000000000000000000000000000000000000000000000000000
310
00000000000000000000000000000000000000000000000000000000000000000000000000000000000000000000000000000000000000000000000000000000000000000000000000000000000000000000000000000000000000000000000000000000000000000000000000000000000000000000000000000000000000
310
00000000000000000000000000000000000000000000000000000000000000000000000000000000000000000000000000000000000000000000000000000000000000000000000000000000000000000000000000000000000000000000000000000000000000000000000000000000000000000000000000000000000000
310
000000000000000000000000000000000000000000000000000000000000000000000000000000000000000000000000000000000000000000000000001E1E1E1E0000000000000000000000000000000000000000000000001E00001E00000000000000000000000000000000000000000000000000000000000000000000
310
00000000000000000000000000000000000000000000000000000000000000000000000000000000000000000000001E00001E0000000000000000000000000000000000000000000000001E1E1E1E000000000000000000000000000000000000000000000000000000000000000000000000000000000000000000000000
310
00000000000000000000000000000000000000000000000000000000000000000000000000000000000000000000000000000000000000000000000000000000000000000000000000000000000000000000000000000000000000000000000000000000000000000000000000000000000000000000000000000000000000
310
00000000000000000000000000000000000000000000000000000000000000000000000000000000000000000000000000000000000000000000000000000000000000000000000000000000000000000000000000000000000000000000000000000000000000000000000000000000000000000000000000000000000000
310
0000000000000000000000000000000000000000000000000000000000000000000000000000000000000000000000000000000000000000000000000000000000000000001E1E1E1E00000000000000000000000000000000000000001E001E00000000000000000000000000000000000000000000000000000000000000
310
000000000000000000000000000000000000000000000000000000000000000000000000000000000000000000000000000000001E001E00000000000000000000000000000000000000001E1E1E1E000000000000000000000000000000000000000000000000000000000000000000000000000000000000000000000000
310
00000000000000000000000000000000000000000000000000000000000000000000000000000000000000000000000000000000000000000000000000000000000000000000000000000000000000000000000000000000000000000000000000000000000000000000000000000000000000000000000000000000000000
310
00000000000000000000000000000000000000000000000000000000000000000000000000000000000000000000000000000000000000000000000000000000000000000000000000000000000000000000000000000000000000000000000000000000000000000000000000000000000000000000000000000000000000
310
00000000000000000000000000000000000000000000000000000000000000000000000000000000000000000000000000000000000000000000000000000000000000000000000000000000001E1E1E1E00000000000000000000000000000000001E00000000000000000000000000000000000000001E1E1E0000000000
310
000000000000000000000000000000000000000000000000000000000000000000001E1E1E00000000000000000000000000000000000000001E00000000000000000000000000000000001E1E1E1E000000000000000000000000000000000000000000000000000000000000000000000000000000000000000000000000
310
00000000000000000000000000000000000000000000000000000000000000000000000000000000000000000000000000000000000000000000000000000000000000000000000000000000000000000000000000000000000000000000000000000000000000000000000000000000000000000000000000000000000000
310
00000000000000000000000000000000000000000000000000000000000000000000000000000000000000000000000000000000000000000000000000000000000000000000000000000000000000000000000000000000000000000000000000000000000000000000000000000000000000000000000000000000000000
310
000000000000000000000000000000000000000000000000000000000000000000000000000000000000000000000000000000000000000000000000000000000000000000000000000000000000000000000000001E1E1E1E0000000000000000000000000000000000000000000000000000000000000000001E00001E00
310
00000000000000000000000000000000001E1E1E0000000000000000000000000000000000001E00001E0000000000000000000000000000000000000000000000000000000000000000001E1E1E1E000000000000000000000000000000000000000000000000000000000000000000000000000000000000000000000000
310
00000000000000000000000000000000000000000000000000000000000000000000000000000000000000000000000000000000000000000000000000000000000000000000000000000000000000000000000000000000000000000000000000000000000000000000000000000000000000000000000000000000000000
310
00000000000000000000000000000000000000000000000000000000000000000000000000000000000000000000000000000000000000000000000000000000000000000000000000000000000000000000000000000000000000000000000000000000000000000000000000000000000000000000000000000000000000
310
0000000000000000000000000000000000000000000000000000000000000000000000000000000000000000000000000000000000000000000000000000000000000000000000000000000000000000000000000000000000000000001E1E1E1E000000000000000000000000000000000000000000000000000000000000
310
1E001E0000000000000000000000000000000000001E001E0000000000000000000000000000000000001E001E0000000000000000000000000000000000000000000000000000000000001E1E1E1E000000000000000000000000000000000000000000000000000000000000000000000000000000000000000000000000
310
00000000000000000000000000000000000000000000000000000000000000000000000000000000000000000000000000000000000000000000000000000000000000000000000000000000000000000000000000000000000000000000000000000000000000000000000000000000000000000000000000000000000000
310
00000000000000000000000000000000000000000000000000000000000000000000000000000000000000000000000000000000000000000000000000000000000000000000000000000000000000000000000000000000000000000000000000000000000000000000000000000000000000000000000000000000000000
310
00000000000000000000000000000000000000000000000000000000000000000000000000000000000000000000000000000000000000000000000000000000000000000000000000000000000000000000000000000000000000000000000000000000001E1E1E1E00000000000000000000000000000000000000000000
310
00000000001E000000000000000000000000000000000000001E001E000000000000000000000000000000000000001E0000000000000000000000000000000000000000000000000000001E1E1E1E000000000000000000000000000000000000000000000000000000000000000000000000000000000000000000000000
310
00000000000000000000000000000000000000000000000000000000000000000000000000000000000000000000000000000000000000000000000000000000000000000000000000000000000000000000000000000000000000000000000000000000000000000000000000000000000000000000000000000000000000
310
00000000000000000000000000000000000000000000000000000000000000000000000000000000000000000000000000000000000000000000000000000000000000000000000000000000000000000000000000000000000000000000000000000000000000000000000000000000000000000000000000000000000000
310
000000000000000000000000000000000000000000000000000000000000000000000000000000000000000000000000000000000000000000000000000000000000000000000000000000000000000000000000000000000000000000000000000000000000000000000000001E1E1E1E1E1E1E0000000000000000000000
310
0000000000000000000000000000000000000000000000000000000000001E00000000000000000000000000000000000000000000000000000000000000000000000000000000001E1E1E1E1E1E1E000000000000000000000000000000000000000000000000000000000000000000000000000000000000000000000000
310
00000000000000000000000000000000000000000000000000000000000000000000000000000000000000000000000000000000000000000000000000000000000000000000000000000000000000000000000000000000000000000000000000000000000000000000000000000000000000000000000000000000000000
310
00000000000000000000000000000000000000000000000000000000000000000000000000000000000000000000000000000000000000000000000000000000000000000000000000000000000000000000000000000000000000000000000000000000000000000000000000000000000000000000000000000000000000
310
0000000000000000000000000000000000000000000000000000000000000000000000000000000000000000000000000000000000000000000000000000000000000000000000000000000000000000000000000000000000000000000000000000000000000000000000000000000000000000000000001E1E1E1E1E1E1E
310
1E1E1E0000000000000000000000000000000000000000000000000000000000000000000000000000000000000000000000000000000000000000000000000000001E1E1E1E1E1E1E1E1E1E000000000000000000000000000000000000000000000000000000000000000000000000000000000000000000000000000000
310
00000000000000000000000000000000000000000000000000000000000000000000000000000000000000000000000000000000000000000000000000000000000000000000000000000000000000000000000000000000000000000000000000000000000000000000000000000000000000000000000000000000000000
310
00000000000000000000000000000000000000000000000000000000000000000000000000000000000000000000000000000000000000000000000000000000000000000000000000000000000000000000000000000000000000000000000000000000000000000000000000000000000000000000000000000000000000
310
00000000000000000000000000000000000000000000000000000000000000000000000000000000000000000000000000000000000000000000000000000000000000000000000000000000000000000000000000000000000000000000000000000000000000000000000000000000000000000000000000000000000000
310
000000000000001E1E1E1E1E1E1E1E1E1E000000000000000000000000000000000000000000000000000000000000000000000000000000000000001E1E1E1E1E1E1E1E1E1E000000000000000000000000000000000000000000000000000000000000000000000000000000000000000000000000000000000000000000
310
00000000000000000000000000000000000000000000000000000000000000000000000000000000000000000000000000000000000000000000000000000000000000000000000000000000000000000000000000000000000000000000000000000000000000000000000000000000000000000000000000000000000000
310
00000000000000000000000000000000000000000000000000000000000000000000000000000000000000000000000000000000000000000000000000000000000000000000000000000000000000000000000000000000000000000000000000000000000000000000000000000000000000000000000000000000000000
310
00000000000000000000000000000000000000000000000000000000000000000000000000000000000000000000000000000000000000000000000000000000000000000000000000000000000000000000000000000000000000000000000000000000000000000000000000000000000000000000000000000000000000
310
0000000000000000000000000000000000000000001E1E1E1E1E1E1E1E1E1E1E1E1E1E1E1E1E1E1E1E1E1E1E1E1E1E1E1E1E1E1E1E1E1E1E1E1E1E1E1E1E1E1E000000000000000000000000000000000000000000000000000000000000000000000000000000000000000000000000000000000000000000000000000000
310
00000000000000000000000000000000000000000000000000000000000000000000000000000000000000000000000000000000000000000000000000000000000000000000000000000000000000000000000000000000000000000000000000000000000000000000000000000000000000000000000000000000000000
310
00000000000000000000000000000000000000000000000000000000000000000000000000000000000000000000000000000000000000000000000000000000000000000000000000000000000000000000000000000000000000000000000000000000000000000000000000000000000000000000000000000000000000
310
00000000000000000000000000000000000000000000000000000000000000000000000000000000000000000000000000000000000000000000000000000000000000000000000000000000000000000000000000000000000000000000000000000000000000000000000000000000000000000000000000000000000000
310
00000000000000000000000000000000000000000000000000000000000000000000000000000000000000000000000000000000000000000000000000000000000000000000000000000000000000000000000000000000000000000000000000000000000000000000000000000000000000000000000000000000000000
310
00000000000000000000000000000000000000000000000000000000000000000000000000000000000000000000000000000000000000000000000000000000000000000000000000000000000000000000000000000000000000000000000000000000000000000000000000000000000000000000000000000000000000
310
00000000000000000000000000000000000000000000000000000000000000000000000000000000000000000000000000000000000000000000000000000000000000000000000000000000000000000000000000000000000000000000000000000000000000000000000000000000000000000000000000000000000000
310
00000000000000000000000000000000000000000000000000000000000000000000000000000000000000000000000000000000000000000000000000000000000000000000000000000000000000000000000000000000000000000000000000000000000000000000000000000000000000000000000000000000000000
310
00000000000000000000000000000000000000000000000000000000000000000000000000000000000000000000000000000000000000000000000000000000000000000000000000000000000000000000000000000000000000000000000000000000000000000000000000000000000000000000000000000000000000
310
00000000000000000000000000000000000000000000000000000000000000000000000000000000000000000000000000000000000000000000000000000000000000000000000000000000000000000000000000000000000000000000000000000000000000000000000000000000000000000000000000000000000000
310
00000000000000000000000000000000000000000000000000000000000000000000000000000000000000000000000000000000000000000000000000000000000000000000000000000000000000000000000000000000000000000000000000000000000000000000000000000000000000000000000000000000000000
310
00000000000000000000000000000000000000000000000000000000000000000000000000000000000000000000000000000000000000000000000000000000000000000000000000000000000000000000000000000000000000000000000000000000000000000000000000000000000000000000000000000000000000
310
00000000000000000000000000000000000000000000000000000000000000000000000000000000000000000000000000000000000000000000000000000000000000000000000000000000000000000000000000000000000000000000000000000000000000000000000000000000000000000000000000000000000000
310
00000000000000000000000000000000000000000000000000000000000000000000000000000000000000000000000000000000000000000000000000000000000000000000000000000000000000000000000000000000000000000000000000000000000000000000000000000000000000000000000000000000000000
310
00000000000000000000000000000000000000000000000000000000000000000000000000000000000000000000000000000000000000000000000000000000000000000000000000000000000000000000000000000000000000000000000000000000000000000000000000000000000000000000000000000000000000
310
00000000000000000000000000000000000000000000000000000000000000000000000000000000000000000000000000000000000000000000000000000000000000000000000000000000000000000000000000000000000000000000000000000000000000000000000000000000000000000000000000000000000000
310
00000000000000000000000000000000000000000000000000000000000000000000000000000000000000000000000000000000000000000000000000000000000000000000000000000000000000000000000000000000000000000000000000000000000000000000000000000000000000000000000000000000000000
310
00000000000000000000000000000000000000000000000000000000000000000000000000000000000000000000000000000000000000000000000000000000000000000000000000000000000000000000000000000000000000000000000000000000000000000000000000000000000000000000000000000000000000
310
00000000000000000000000000000000000000000000000000000000000000000000000000000000000000000000000000000000000000000000000000000000000000000000000000000000000000000000000000000000000000000000000000000000000000000000000000000000000000000000000000000000000000
310
00000000000000000000000000000000000000000000000000000000000000000000000000000000000000000000000000000000000000000000000000000000000000000000000000000000000000000000000000000000000000000000000000000000000000000000000000000000000000000000000000000000000000
310
00000000000000000000000000000000000000000000000000000000000000000000000000000000000000000000000000000000000000000000000000000000000000000000000000000000000000000000000000000000000000000000000000000000000000000000000000000000000000000000000000000000000000
310
00000000000000000000000000000000000000000000000000000000000000000000000000000000000000000000000000000000000000000000000000000000000000000000000000000000000000000000000000000000000000000000000000000000000000000000000000000000000000000000000000000000000000
310
00000000000000000000000000000000000000000000000000000000000000000000000000000000000000000000000000000000000000000000000000000000
  0
ENDSEC
  0
EOF
