ISO-10303-21;
HEADER;
FILE_DESCRIPTION(('STEP AP214'),
    '1');
FILE_NAME('MilledFloorFrame',
    '',
    ('UNSPECIFIED'),
    ('UNSPECIFIED'),
    'C3D Converter',
    'C3D Toolkit',
    '');
FILE_SCHEMA(('AUTOMOTIVE_DESIGN { 1 0 10303 214 3 1 1}'));
ENDSEC;

DATA;
#1=PRODUCT_DEFINITION('','UNSPECIFIED',#28,#31);
#2=SHAPE_DEFINITION_REPRESENTATION(#26,#3);
#3=SHAPE_REPRESENTATION('NONE',(#4,#53),#8);
#4=AXIS2_PLACEMENT_3D('',#5,#6,#7);
#5=CARTESIAN_POINT('',(0.,0.,0.));
#6=DIRECTION('',(0.,0.,1.));
#7=DIRECTION('',(1.,0.,0.));
#8=(GEOMETRIC_REPRESENTATION_CONTEXT(3)GLOBAL_UNCERTAINTY_ASSIGNED_CONTEXT((#10))
GLOBAL_UNIT_ASSIGNED_CONTEXT((#9,#11,#12))REPRESENTATION_CONTEXT('NONE','NONE'));
#9=(LENGTH_UNIT()NAMED_UNIT(*)SI_UNIT(.MILLI.,.METRE.));
#10=UNCERTAINTY_MEASURE_WITH_UNIT(LENGTH_MEASURE(1.E-5),#9,'NONE','NONE');
#11=(NAMED_UNIT(*)PLANE_ANGLE_UNIT()SI_UNIT($,.RADIAN.));
#12=(NAMED_UNIT(*)SI_UNIT($,.STERADIAN.)SOLID_ANGLE_UNIT());
#13=MANIFOLD_SOLID_BREP('',#14);
#14=CLOSED_SHELL('',(#109,#110,#111,#112,#113,#114,#115,#116,#117,#118,#119,#120,
#121,#122,#123,#124,#125,#126,#127,#128,#129,#130,#131,#132,#133,#134,#135,#136,
#137,#138,#139,#140,#141,#142,#143,#144,#145,#146,#147,#148,#149,#150,#151,#152,
#153,#154,#155,#156,#157,#158,#159,#160,#161,#162,#163,#164,#165,#166,#167,#168,
#169,#170,#171,#172,#173,#174,#175,#176,#177,#178,#179,#180,#181,#182,#183,#184,
#185,#186,#187,#188,#189,#190,#191,#192,#193,#194,#195,#196,#197,#198,#199,#200,
#201,#202,#203,#204,#205,#206,#207,#208,#209,#210,#211,#212,#213,#214,#215,#216,
#217,#218,#219,#220,#221,#222,#223,#224,#225,#226,#227,#228,#229,#230,#231,#232,
#233,#234,#235,#236,#237,#238,#239,#240,#241,#242,#243,#244,#245,#246,#247,#248,
#249,#250,#251,#252,#253,#254,#255,#256,#257,#258,#259,#260,#261,#262,#263,#264,
#265,#266,#267,#268,#269,#270,#271,#272,#273,#274,#275,#276,#277,#278,#279,#280,
#281,#282,#283,#284,#285,#286,#287,#288,#289,#290,#291,#292,#293,#294,#295,#296,
#297,#298,#299,#300,#301,#302,#303,#304,#305,#306,#307,#308,#309,#310,#311,#312,
#313,#314,#315,#316,#317,#318,#319,#320,#321,#322,#323,#324,#325,#326,#327,#328,
#329,#330,#331,#332,#333,#334,#335,#336,#337,#338,#339,#340,#341,#342,#343,#344,
#345,#346,#347,#348,#349,#350,#351,#352,#353,#354,#355,#356,#357,#358,#359,#360,
#361,#362,#363,#364,#365,#366,#367,#368,#369,#370,#371,#372,#373,#374,#375,#376,
#377,#378,#379,#380,#381,#382,#383,#384,#385,#386,#387,#388,#389,#390,#391,#392,
#393,#394,#395,#396,#397,#398,#399,#400,#401,#402,#403,#404,#405,#406,#407,#408,
#409,#410,#411,#412,#413,#414,#415,#416,#417,#418,#419,#420,#421,#422,#423,#424,
#425,#426,#427,#428,#429,#430,#431,#432,#433,#434,#435,#436,#437,#438,#439,#440,
#441,#442,#443,#444,#445,#446,#447,#448,#449,#450,#451,#452,#453,#454));
#15=COLOUR_RGB('',0.564705882352941,0.564705882352941,0.564705882352941);
#16=FILL_AREA_STYLE_COLOUR('',#15);
#17=FILL_AREA_STYLE($,(#16));
#18=SURFACE_STYLE_FILL_AREA(#17);
#19=SURFACE_SIDE_STYLE('',(#18));
#20=SURFACE_STYLE_USAGE(.BOTH.,#19);
#21=PRESENTATION_STYLE_ASSIGNMENT((#20));
#22=MECHANICAL_DESIGN_GEOMETRIC_PRESENTATION_REPRESENTATION('NONE',(#23),#8);
#23=STYLED_ITEM('',(#21),#13);
#24=ADVANCED_BREP_SHAPE_REPRESENTATION('NONE',(#13),#8);
#25=SHAPE_REPRESENTATION_RELATIONSHIP('','',#3,#24);
#26=PRODUCT_DEFINITION_SHAPE('NONE','NONE',#1);
#27=MECHANICAL_CONTEXT('NONE',#32,'mechanical');
#28=PRODUCT_DEFINITION_FORMATION_WITH_SPECIFIED_SOURCE('ANY','UNSPECIFIED',#29,.NOT_KNOWN.);
#29=PRODUCT('','MilledFloorFrame','NONE',(#27));
#30=PRODUCT_RELATED_PRODUCT_CATEGORY('detail','',(#29));
#31=DESIGN_CONTEXT('detailed design',#32,'design');
#32=APPLICATION_CONTEXT('configuration controlled 3d designs of mechanical parts and assemblies');
#33=APPLICATION_PROTOCOL_DEFINITION('international standard','config_control_design',
1994,#32);
#34=CC_DESIGN_DATE_AND_TIME_ASSIGNMENT(#35,#39,(#1));
#35=DATE_AND_TIME(#36,#37);
#36=CALENDAR_DATE(0,1,1);
#37=LOCAL_TIME(0,0,0.,#38);
#38=COORDINATED_UNIVERSAL_TIME_OFFSET(0,0,.AHEAD.);
#39=DATE_TIME_ROLE('creation_date');
#40=CC_DESIGN_APPROVAL(#41,(#1));
#41=APPROVAL(#42,'UNSPECIFIED');
#42=APPROVAL_STATUS('not_yet_approved');
#43=APPROVAL_DATE_TIME(#44,#41);
#44=DATE_AND_TIME(#45,#46);
#45=CALENDAR_DATE(0,1,1);
#46=LOCAL_TIME(0,0,0.,#47);
#47=COORDINATED_UNIVERSAL_TIME_OFFSET(0,0,.AHEAD.);
#48=PERSON('UNSPECIFIED','User','UNSPECIFIED',('UNSPECIFIED'),('UNSPECIFIED'),('UNSPECIFIED'));
#49=ORGANIZATION('UNSPECIFIED','UNSPECIFIED','UNSPECIFIED');
#50=PERSON_AND_ORGANIZATION(#48,#49);
#51=PERSON_AND_ORGANIZATION_ROLE('creator');
#52=CC_DESIGN_PERSON_AND_ORGANIZATION_ASSIGNMENT(#50,#51,(#28,#1));
#53=AXIS2_PLACEMENT_3D('',#54,#55,#56);
#54=CARTESIAN_POINT('',(0.,0.,0.));
#55=DIRECTION('',(0.,0.,1.));
#56=DIRECTION('',(1.,0.,0.));
#57=PRODUCT_DEFINITION('','UNSPECIFIED',#62,#65);
#58=SHAPE_DEFINITION_REPRESENTATION(#60,#59);
#59=SHAPE_REPRESENTATION('NONE',(#4),#8);
#60=PRODUCT_DEFINITION_SHAPE('NONE','NONE',#57);
#61=MECHANICAL_CONTEXT('NONE',#66,'mechanical');
#62=PRODUCT_DEFINITION_FORMATION_WITH_SPECIFIED_SOURCE('ANY','UNSPECIFIED',#63,.NOT_KNOWN.);
#63=PRODUCT('Body','Body','NONE',(#61));
#64=PRODUCT_RELATED_PRODUCT_CATEGORY('detail','',(#63));
#65=DESIGN_CONTEXT('detailed design',#66,'design');
#66=APPLICATION_CONTEXT('configuration controlled 3d designs of mechanical parts and assemblies');
#67=APPLICATION_PROTOCOL_DEFINITION('international standard','config_control_design',
1994,#66);
#68=CC_DESIGN_DATE_AND_TIME_ASSIGNMENT(#69,#73,(#57));
#69=DATE_AND_TIME(#70,#71);
#70=CALENDAR_DATE(0,1,1);
#71=LOCAL_TIME(0,0,0.,#72);
#72=COORDINATED_UNIVERSAL_TIME_OFFSET(0,0,.AHEAD.);
#73=DATE_TIME_ROLE('creation_date');
#74=CC_DESIGN_APPROVAL(#75,(#57));
#75=APPROVAL(#76,'UNSPECIFIED');
#76=APPROVAL_STATUS('not_yet_approved');
#77=APPROVAL_DATE_TIME(#78,#75);
#78=DATE_AND_TIME(#79,#80);
#79=CALENDAR_DATE(0,1,1);
#80=LOCAL_TIME(0,0,0.,#81);
#81=COORDINATED_UNIVERSAL_TIME_OFFSET(0,0,.AHEAD.);
#82=PERSON('UNSPECIFIED','User','UNSPECIFIED',('UNSPECIFIED'),('UNSPECIFIED'),('UNSPECIFIED'));
#83=ORGANIZATION('UNSPECIFIED','UNSPECIFIED','UNSPECIFIED');
#84=PERSON_AND_ORGANIZATION(#82,#83);
#85=PERSON_AND_ORGANIZATION_ROLE('creator');
#86=CC_DESIGN_PERSON_AND_ORGANIZATION_ASSIGNMENT(#84,#85,(#62,#57));
#87=ITEM_DEFINED_TRANSFORMATION('','',#4,#53);
#88=(REPRESENTATION_RELATIONSHIP('','',#59,#3)REPRESENTATION_RELATIONSHIP_WITH_TRANSFORMATION(
#87)SHAPE_REPRESENTATION_RELATIONSHIP());
#89=NEXT_ASSEMBLY_USAGE_OCCURRENCE('ANY','MilledFloorFrame','',#1,#57,'');
#90=CC_DESIGN_SECURITY_CLASSIFICATION(#91,(#89));
#91=SECURITY_CLASSIFICATION('','',#92);
#92=SECURITY_CLASSIFICATION_LEVEL('unclassified');
#93=CC_DESIGN_DATE_AND_TIME_ASSIGNMENT(#94,#98,(#91));
#94=DATE_AND_TIME(#95,#96);
#95=CALENDAR_DATE(0,1,1);
#96=LOCAL_TIME(0,0,0.,#97);
#97=COORDINATED_UNIVERSAL_TIME_OFFSET(0,0,.AHEAD.);
#98=DATE_TIME_ROLE('classification_date');
#99=CC_DESIGN_APPROVAL(#100,(#91));
#100=APPROVAL(#101,'UNSPECIFIED');
#101=APPROVAL_STATUS('not_yet_approved');
#102=APPROVAL_DATE_TIME(#103,#100);
#103=DATE_AND_TIME(#104,#105);
#104=CALENDAR_DATE(0,1,1);
#105=LOCAL_TIME(0,0,0.,#106);
#106=COORDINATED_UNIVERSAL_TIME_OFFSET(0,0,.AHEAD.);
#107=PRODUCT_DEFINITION_SHAPE('NONE','NONE',#89);
#108=CONTEXT_DEPENDENT_SHAPE_REPRESENTATION(#88,#107);
#109=ADVANCED_FACE('',(#455,#457,#459,#461,#463,#465,#467,#469,#471,#473,#475,#477,
#479,#481,#483,#485,#487,#489,#491,#493,#495,#497,#499,#501,#503,#505,#507,#509,
#511,#513,#515,#517,#519,#521,#523,#525,#527,#529,#531,#533,#535,#537,#539,#541,
#543,#545,#547,#549,#551,#553,#555,#557,#559,#561,#563,#565,#567,#569,#571,#573,
#575,#577,#579,#581,#583,#585,#587,#589,#591,#593,#595,#597,#599,#601,#603,#605,
#607,#609,#611,#613,#615,#617,#619,#621,#623,#625,#627,#629,#631,#633,#635,#637,
#639,#641,#643,#645,#647,#649,#651,#653,#655,#657,#659,#661,#663,#665,#667,#669,
#671,#673,#675,#677,#679,#681,#683,#685,#687,#689,#691,#693,#695,#697,#699,#701,
#703,#705,#707,#709,#711,#713,#715,#717,#719,#721,#723,#725,#727,#729,#731,#733,
#735,#737,#739,#741,#743,#745,#747,#749,#751,#753,#755,#757,#759,#761,#763,#765,
#767,#769,#771,#773,#775,#777,#779,#781,#783,#785,#787,#789,#791,#793,#795,#797,
#799,#801,#803,#805,#807,#809,#811,#813,#815,#817,#819,#821,#823,#825,#827,#829,
#831,#833,#835,#837,#839,#841,#843,#845,#847,#849,#851,#853,#855,#857,#859,#861,
#863,#865,#867,#869,#871,#873,#875,#877,#879,#881,#883,#885,#887,#889,#891,#893,
#895,#897,#899,#901,#903,#905,#907,#909,#911,#913,#915,#917,#919,#921,#923,#925,
#927,#929,#931,#933,#935,#937,#939,#941,#943,#945,#947,#949,#951,#953,#955,#957,
#959,#961,#963,#965,#967,#969,#971,#973,#975,#977,#979,#981,#983,#985,#987,#989,
#991,#993,#995,#997,#999,#1001,#1003,#1005,#1007,#1009,#1011,#1013,#1015,#1017,#1019,
#1021,#1023,#1025,#1027,#1029,#1031,#1033,#1035,#1037,#1039,#1041,#1043,#1045,#1047,
#1049,#1051,#1053,#1055,#1057,#1059,#1061,#1063,#1065,#1067,#1069,#1071,#1073,#1075,
#1077,#1079,#1081,#1083,#1085,#1087,#1089,#1091,#1093,#1095,#1097,#1099,#1101,#1103),
#1105,.F.);
#110=ADVANCED_FACE('',(#1110,#1112,#1114,#1116,#1118,#1120,#1122,#1124,#1126,#1128,
#1130,#1132,#1134,#1136,#1138,#1140,#1142,#1144,#1146,#1148,#1150,#1152,#1154,#1156,
#1158,#1160,#1162,#1164,#1166,#1168,#1170,#1172,#1174,#1176,#1178,#1180,#1182,#1184,
#1186,#1188,#1190,#1192,#1194,#1196,#1198,#1200,#1202,#1204,#1206,#1208,#1210,#1212,
#1214,#1216,#1218,#1220,#1222,#1224,#1226,#1228,#1230,#1232,#1234,#1236,#1238,#1240,
#1242,#1244,#1246,#1248,#1250,#1252,#1254,#1256,#1258,#1260,#1262,#1264,#1266,#1268,
#1270,#1272,#1274,#1276,#1278,#1280,#1282,#1284,#1286,#1288,#1290,#1292,#1294,#1296,
#1298,#1300,#1302,#1304,#1306,#1308,#1310,#1312,#1314,#1316,#1318,#1320,#1322,#1324,
#1326,#1328,#1330,#1332,#1334,#1336,#1338,#1340,#1342,#1344,#1346,#1348,#1350,#1352,
#1354,#1356,#1358,#1360,#1362,#1364,#1366,#1368,#1370,#1372,#1374,#1376,#1378,#1380,
#1382,#1384,#1386,#1388,#1390,#1392,#1394,#1396,#1398,#1400,#1402,#1404,#1406,#1408,
#1410,#1412,#1414,#1416,#1418,#1420,#1422,#1424,#1426,#1428,#1430,#1432,#1434,#1436,
#1438,#1440,#1442,#1444,#1446,#1448,#1450,#1452,#1454,#1456,#1458,#1460,#1462,#1464,
#1466,#1468,#1470,#1472,#1474,#1476,#1478,#1480,#1482,#1484,#1486,#1488,#1490,#1492,
#1494,#1496,#1498,#1500,#1502,#1504,#1506,#1508,#1510,#1512,#1514,#1516,#1518,#1520,
#1522,#1524,#1526,#1528,#1530,#1532,#1534,#1536,#1538,#1540,#1542,#1544,#1546,#1548,
#1550,#1552,#1554,#1556,#1558,#1560,#1562,#1564,#1566,#1568,#1570,#1572,#1574,#1576,
#1578,#1580,#1582,#1584,#1586,#1588,#1590,#1592,#1594,#1596,#1598,#1600,#1602,#1604,
#1606,#1608,#1610,#1612,#1614,#1616,#1618,#1620,#1622,#1624,#1626,#1628,#1630,#1632,
#1634,#1636,#1638,#1640,#1642,#1644,#1646,#1648,#1650,#1652,#1654,#1656,#1658,#1660,
#1662,#1664,#1666,#1668,#1670,#1672,#1674,#1676,#1678,#1680,#1682,#1684,#1686,#1688,
#1690,#1692,#1694,#1696,#1698,#1700,#1702,#1704,#1706,#1708,#1710,#1712,#1714,#1716,
#1718,#1720,#1722,#1724,#1726,#1728,#1730,#1732,#1734,#1736,#1738,#1740,#1742,#1744,
#1746,#1748,#1750,#1752,#1754,#1756,#1758),#1760,.T.);
#111=ADVANCED_FACE('',(#1765,#1767),#1769,.F.);
#112=ADVANCED_FACE('',(#1774,#1776),#1778,.F.);
#113=ADVANCED_FACE('',(#1783,#1785),#1787,.F.);
#114=ADVANCED_FACE('',(#1792,#1794),#1796,.F.);
#115=ADVANCED_FACE('',(#1801,#1803),#1805,.F.);
#116=ADVANCED_FACE('',(#1810,#1812),#1814,.F.);
#117=ADVANCED_FACE('',(#1819,#1821),#1823,.F.);
#118=ADVANCED_FACE('',(#1828,#1830),#1832,.T.);
#119=ADVANCED_FACE('',(#1837,#1839),#1841,.F.);
#120=ADVANCED_FACE('',(#1846,#1848),#1850,.F.);
#121=ADVANCED_FACE('',(#1855,#1857),#1859,.F.);
#122=ADVANCED_FACE('',(#1864,#1866),#1868,.F.);
#123=ADVANCED_FACE('',(#1873,#1875),#1877,.F.);
#124=ADVANCED_FACE('',(#1882,#1884),#1886,.F.);
#125=ADVANCED_FACE('',(#1891,#1893),#1895,.F.);
#126=ADVANCED_FACE('',(#1900,#1902),#1904,.F.);
#127=ADVANCED_FACE('',(#1909,#1911),#1913,.F.);
#128=ADVANCED_FACE('',(#1918,#1920),#1922,.F.);
#129=ADVANCED_FACE('',(#1927,#1929),#1931,.F.);
#130=ADVANCED_FACE('',(#1936,#1938),#1940,.F.);
#131=ADVANCED_FACE('',(#1945,#1947),#1949,.F.);
#132=ADVANCED_FACE('',(#1954,#1956),#1958,.F.);
#133=ADVANCED_FACE('',(#1963,#1965),#1967,.F.);
#134=ADVANCED_FACE('',(#1972,#1974),#1976,.F.);
#135=ADVANCED_FACE('',(#1981,#1983),#1985,.F.);
#136=ADVANCED_FACE('',(#1990,#1992),#1994,.F.);
#137=ADVANCED_FACE('',(#1999,#2001),#2003,.F.);
#138=ADVANCED_FACE('',(#2008,#2010),#2012,.F.);
#139=ADVANCED_FACE('',(#2017,#2019),#2021,.F.);
#140=ADVANCED_FACE('',(#2026,#2028),#2030,.F.);
#141=ADVANCED_FACE('',(#2035,#2037),#2039,.F.);
#142=ADVANCED_FACE('',(#2044,#2046),#2048,.F.);
#143=ADVANCED_FACE('',(#2053,#2055),#2057,.F.);
#144=ADVANCED_FACE('',(#2062,#2064),#2066,.F.);
#145=ADVANCED_FACE('',(#2071,#2073),#2075,.F.);
#146=ADVANCED_FACE('',(#2080,#2082),#2084,.F.);
#147=ADVANCED_FACE('',(#2089,#2091),#2093,.F.);
#148=ADVANCED_FACE('',(#2098,#2100),#2102,.F.);
#149=ADVANCED_FACE('',(#2107,#2109),#2111,.F.);
#150=ADVANCED_FACE('',(#2116,#2118),#2120,.F.);
#151=ADVANCED_FACE('',(#2125,#2127),#2129,.F.);
#152=ADVANCED_FACE('',(#2134,#2136),#2138,.F.);
#153=ADVANCED_FACE('',(#2143,#2145),#2147,.F.);
#154=ADVANCED_FACE('',(#2152,#2154),#2156,.F.);
#155=ADVANCED_FACE('',(#2161,#2163),#2165,.F.);
#156=ADVANCED_FACE('',(#2170,#2172),#2174,.F.);
#157=ADVANCED_FACE('',(#2179,#2181),#2183,.F.);
#158=ADVANCED_FACE('',(#2188,#2190),#2192,.F.);
#159=ADVANCED_FACE('',(#2197,#2199),#2201,.F.);
#160=ADVANCED_FACE('',(#2206,#2208),#2210,.F.);
#161=ADVANCED_FACE('',(#2215,#2217),#2219,.F.);
#162=ADVANCED_FACE('',(#2224,#2226),#2228,.F.);
#163=ADVANCED_FACE('',(#2233,#2235),#2237,.F.);
#164=ADVANCED_FACE('',(#2242,#2244),#2246,.F.);
#165=ADVANCED_FACE('',(#2251,#2253),#2255,.F.);
#166=ADVANCED_FACE('',(#2260,#2262),#2264,.F.);
#167=ADVANCED_FACE('',(#2269,#2271),#2273,.F.);
#168=ADVANCED_FACE('',(#2278,#2280),#2282,.F.);
#169=ADVANCED_FACE('',(#2287,#2289),#2291,.F.);
#170=ADVANCED_FACE('',(#2296,#2298),#2300,.F.);
#171=ADVANCED_FACE('',(#2305,#2307),#2309,.F.);
#172=ADVANCED_FACE('',(#2314,#2316),#2318,.F.);
#173=ADVANCED_FACE('',(#2323,#2325),#2327,.F.);
#174=ADVANCED_FACE('',(#2332,#2334),#2336,.F.);
#175=ADVANCED_FACE('',(#2341,#2343),#2345,.F.);
#176=ADVANCED_FACE('',(#2350,#2352),#2354,.F.);
#177=ADVANCED_FACE('',(#2359,#2361),#2363,.F.);
#178=ADVANCED_FACE('',(#2368,#2370),#2372,.F.);
#179=ADVANCED_FACE('',(#2377,#2379),#2381,.F.);
#180=ADVANCED_FACE('',(#2386,#2388),#2390,.F.);
#181=ADVANCED_FACE('',(#2395,#2397),#2399,.F.);
#182=ADVANCED_FACE('',(#2404,#2406),#2408,.F.);
#183=ADVANCED_FACE('',(#2413,#2415),#2417,.F.);
#184=ADVANCED_FACE('',(#2422,#2424),#2426,.F.);
#185=ADVANCED_FACE('',(#2431,#2433),#2435,.F.);
#186=ADVANCED_FACE('',(#2440,#2442),#2444,.F.);
#187=ADVANCED_FACE('',(#2449,#2451),#2453,.F.);
#188=ADVANCED_FACE('',(#2458,#2460),#2462,.F.);
#189=ADVANCED_FACE('',(#2467,#2469),#2471,.F.);
#190=ADVANCED_FACE('',(#2476,#2478),#2480,.F.);
#191=ADVANCED_FACE('',(#2485,#2487),#2489,.F.);
#192=ADVANCED_FACE('',(#2494,#2496),#2498,.F.);
#193=ADVANCED_FACE('',(#2503,#2505),#2507,.F.);
#194=ADVANCED_FACE('',(#2512,#2514),#2516,.F.);
#195=ADVANCED_FACE('',(#2521,#2523),#2525,.F.);
#196=ADVANCED_FACE('',(#2530,#2532),#2534,.F.);
#197=ADVANCED_FACE('',(#2539,#2541),#2543,.F.);
#198=ADVANCED_FACE('',(#2548,#2550),#2552,.F.);
#199=ADVANCED_FACE('',(#2557,#2559),#2561,.F.);
#200=ADVANCED_FACE('',(#2566,#2568),#2570,.F.);
#201=ADVANCED_FACE('',(#2575,#2577),#2579,.F.);
#202=ADVANCED_FACE('',(#2584,#2586),#2588,.F.);
#203=ADVANCED_FACE('',(#2593,#2595),#2597,.F.);
#204=ADVANCED_FACE('',(#2602,#2604),#2606,.F.);
#205=ADVANCED_FACE('',(#2611,#2613),#2615,.F.);
#206=ADVANCED_FACE('',(#2620,#2622),#2624,.F.);
#207=ADVANCED_FACE('',(#2629,#2631),#2633,.F.);
#208=ADVANCED_FACE('',(#2638,#2640),#2642,.F.);
#209=ADVANCED_FACE('',(#2647,#2649),#2651,.F.);
#210=ADVANCED_FACE('',(#2656,#2658),#2660,.F.);
#211=ADVANCED_FACE('',(#2665,#2667),#2669,.F.);
#212=ADVANCED_FACE('',(#2674,#2676),#2678,.F.);
#213=ADVANCED_FACE('',(#2683,#2685),#2687,.F.);
#214=ADVANCED_FACE('',(#2692,#2694),#2696,.F.);
#215=ADVANCED_FACE('',(#2701,#2703),#2705,.F.);
#216=ADVANCED_FACE('',(#2710,#2712),#2714,.F.);
#217=ADVANCED_FACE('',(#2719,#2721),#2723,.F.);
#218=ADVANCED_FACE('',(#2728,#2730),#2732,.F.);
#219=ADVANCED_FACE('',(#2737,#2739),#2741,.F.);
#220=ADVANCED_FACE('',(#2746,#2748),#2750,.F.);
#221=ADVANCED_FACE('',(#2755,#2757),#2759,.F.);
#222=ADVANCED_FACE('',(#2764,#2766),#2768,.F.);
#223=ADVANCED_FACE('',(#2773,#2775),#2777,.F.);
#224=ADVANCED_FACE('',(#2782,#2784),#2786,.F.);
#225=ADVANCED_FACE('',(#2791,#2793),#2795,.F.);
#226=ADVANCED_FACE('',(#2800,#2802),#2804,.F.);
#227=ADVANCED_FACE('',(#2809,#2811),#2813,.F.);
#228=ADVANCED_FACE('',(#2818,#2820),#2822,.F.);
#229=ADVANCED_FACE('',(#2827,#2829),#2831,.F.);
#230=ADVANCED_FACE('',(#2836,#2838),#2840,.F.);
#231=ADVANCED_FACE('',(#2845,#2847),#2849,.F.);
#232=ADVANCED_FACE('',(#2854,#2856),#2858,.F.);
#233=ADVANCED_FACE('',(#2863,#2865),#2867,.F.);
#234=ADVANCED_FACE('',(#2872,#2874),#2876,.F.);
#235=ADVANCED_FACE('',(#2881,#2883),#2885,.F.);
#236=ADVANCED_FACE('',(#2890,#2892),#2894,.F.);
#237=ADVANCED_FACE('',(#2899,#2901),#2903,.F.);
#238=ADVANCED_FACE('',(#2908,#2910),#2912,.F.);
#239=ADVANCED_FACE('',(#2917,#2919),#2921,.F.);
#240=ADVANCED_FACE('',(#2926,#2928),#2930,.F.);
#241=ADVANCED_FACE('',(#2935,#2937),#2939,.F.);
#242=ADVANCED_FACE('',(#2944,#2946),#2948,.F.);
#243=ADVANCED_FACE('',(#2953,#2955),#2957,.F.);
#244=ADVANCED_FACE('',(#2962,#2964),#2966,.F.);
#245=ADVANCED_FACE('',(#2971,#2973),#2975,.F.);
#246=ADVANCED_FACE('',(#2980,#2982),#2984,.F.);
#247=ADVANCED_FACE('',(#2989,#2991),#2993,.F.);
#248=ADVANCED_FACE('',(#2998,#3000),#3002,.F.);
#249=ADVANCED_FACE('',(#3007,#3009),#3011,.F.);
#250=ADVANCED_FACE('',(#3016,#3018),#3020,.F.);
#251=ADVANCED_FACE('',(#3025,#3027),#3029,.F.);
#252=ADVANCED_FACE('',(#3034,#3036),#3038,.F.);
#253=ADVANCED_FACE('',(#3043,#3045),#3047,.F.);
#254=ADVANCED_FACE('',(#3052,#3054),#3056,.F.);
#255=ADVANCED_FACE('',(#3061,#3063),#3065,.F.);
#256=ADVANCED_FACE('',(#3070,#3072),#3074,.F.);
#257=ADVANCED_FACE('',(#3079,#3081),#3083,.F.);
#258=ADVANCED_FACE('',(#3088,#3090),#3092,.F.);
#259=ADVANCED_FACE('',(#3097,#3099),#3101,.F.);
#260=ADVANCED_FACE('',(#3106,#3108),#3110,.F.);
#261=ADVANCED_FACE('',(#3115,#3117),#3119,.F.);
#262=ADVANCED_FACE('',(#3124,#3126),#3128,.F.);
#263=ADVANCED_FACE('',(#3133,#3135),#3137,.F.);
#264=ADVANCED_FACE('',(#3142,#3144),#3146,.F.);
#265=ADVANCED_FACE('',(#3151,#3153),#3155,.F.);
#266=ADVANCED_FACE('',(#3160,#3162),#3164,.F.);
#267=ADVANCED_FACE('',(#3169,#3171),#3173,.F.);
#268=ADVANCED_FACE('',(#3178,#3180),#3182,.F.);
#269=ADVANCED_FACE('',(#3187,#3189),#3191,.F.);
#270=ADVANCED_FACE('',(#3196,#3198),#3200,.F.);
#271=ADVANCED_FACE('',(#3205,#3207),#3209,.F.);
#272=ADVANCED_FACE('',(#3214,#3216),#3218,.F.);
#273=ADVANCED_FACE('',(#3223,#3225),#3227,.F.);
#274=ADVANCED_FACE('',(#3232,#3234),#3236,.F.);
#275=ADVANCED_FACE('',(#3241,#3243),#3245,.F.);
#276=ADVANCED_FACE('',(#3250,#3252),#3254,.F.);
#277=ADVANCED_FACE('',(#3259,#3261),#3263,.F.);
#278=ADVANCED_FACE('',(#3268,#3270),#3272,.F.);
#279=ADVANCED_FACE('',(#3277,#3279),#3281,.F.);
#280=ADVANCED_FACE('',(#3286,#3288),#3290,.F.);
#281=ADVANCED_FACE('',(#3295,#3297),#3299,.F.);
#282=ADVANCED_FACE('',(#3304,#3306),#3308,.F.);
#283=ADVANCED_FACE('',(#3313,#3315),#3317,.F.);
#284=ADVANCED_FACE('',(#3322,#3324),#3326,.F.);
#285=ADVANCED_FACE('',(#3331,#3333),#3335,.F.);
#286=ADVANCED_FACE('',(#3340,#3342),#3344,.F.);
#287=ADVANCED_FACE('',(#3349,#3351),#3353,.F.);
#288=ADVANCED_FACE('',(#3358,#3360),#3362,.F.);
#289=ADVANCED_FACE('',(#3367,#3369),#3371,.F.);
#290=ADVANCED_FACE('',(#3376,#3378),#3380,.F.);
#291=ADVANCED_FACE('',(#3385,#3387),#3389,.F.);
#292=ADVANCED_FACE('',(#3394,#3396),#3398,.F.);
#293=ADVANCED_FACE('',(#3403,#3405),#3407,.F.);
#294=ADVANCED_FACE('',(#3412,#3414),#3416,.F.);
#295=ADVANCED_FACE('',(#3421,#3423),#3425,.F.);
#296=ADVANCED_FACE('',(#3430,#3432),#3434,.F.);
#297=ADVANCED_FACE('',(#3439,#3441),#3443,.F.);
#298=ADVANCED_FACE('',(#3448,#3450),#3452,.F.);
#299=ADVANCED_FACE('',(#3457,#3459),#3461,.F.);
#300=ADVANCED_FACE('',(#3466,#3468),#3470,.F.);
#301=ADVANCED_FACE('',(#3475,#3477),#3479,.F.);
#302=ADVANCED_FACE('',(#3484,#3486),#3488,.F.);
#303=ADVANCED_FACE('',(#3493,#3495),#3497,.F.);
#304=ADVANCED_FACE('',(#3502,#3504),#3506,.F.);
#305=ADVANCED_FACE('',(#3511,#3513),#3515,.F.);
#306=ADVANCED_FACE('',(#3520,#3522),#3524,.F.);
#307=ADVANCED_FACE('',(#3529,#3531),#3533,.F.);
#308=ADVANCED_FACE('',(#3538,#3540),#3542,.F.);
#309=ADVANCED_FACE('',(#3547,#3549),#3551,.F.);
#310=ADVANCED_FACE('',(#3556,#3558),#3560,.F.);
#311=ADVANCED_FACE('',(#3565,#3567),#3569,.F.);
#312=ADVANCED_FACE('',(#3574,#3576),#3578,.F.);
#313=ADVANCED_FACE('',(#3583,#3585),#3587,.F.);
#314=ADVANCED_FACE('',(#3592,#3594),#3596,.F.);
#315=ADVANCED_FACE('',(#3601,#3603),#3605,.F.);
#316=ADVANCED_FACE('',(#3610,#3612),#3614,.F.);
#317=ADVANCED_FACE('',(#3619,#3621),#3623,.F.);
#318=ADVANCED_FACE('',(#3628,#3630),#3632,.F.);
#319=ADVANCED_FACE('',(#3637,#3639),#3641,.F.);
#320=ADVANCED_FACE('',(#3646,#3648),#3650,.F.);
#321=ADVANCED_FACE('',(#3655,#3657),#3659,.F.);
#322=ADVANCED_FACE('',(#3664,#3666),#3668,.F.);
#323=ADVANCED_FACE('',(#3673,#3675),#3677,.F.);
#324=ADVANCED_FACE('',(#3682,#3684),#3686,.F.);
#325=ADVANCED_FACE('',(#3691,#3693),#3695,.F.);
#326=ADVANCED_FACE('',(#3700,#3702),#3704,.F.);
#327=ADVANCED_FACE('',(#3709,#3711),#3713,.F.);
#328=ADVANCED_FACE('',(#3718,#3720),#3722,.F.);
#329=ADVANCED_FACE('',(#3727,#3729),#3731,.F.);
#330=ADVANCED_FACE('',(#3736,#3738),#3740,.F.);
#331=ADVANCED_FACE('',(#3745,#3747),#3749,.F.);
#332=ADVANCED_FACE('',(#3754,#3756),#3758,.F.);
#333=ADVANCED_FACE('',(#3763,#3765),#3767,.F.);
#334=ADVANCED_FACE('',(#3772,#3774),#3776,.F.);
#335=ADVANCED_FACE('',(#3781,#3783),#3785,.F.);
#336=ADVANCED_FACE('',(#3790,#3792),#3794,.F.);
#337=ADVANCED_FACE('',(#3799,#3801),#3803,.F.);
#338=ADVANCED_FACE('',(#3808,#3810),#3812,.F.);
#339=ADVANCED_FACE('',(#3817,#3819),#3821,.F.);
#340=ADVANCED_FACE('',(#3826,#3828),#3830,.F.);
#341=ADVANCED_FACE('',(#3835,#3837),#3839,.F.);
#342=ADVANCED_FACE('',(#3844,#3846),#3848,.F.);
#343=ADVANCED_FACE('',(#3853,#3855),#3857,.F.);
#344=ADVANCED_FACE('',(#3862,#3864),#3866,.F.);
#345=ADVANCED_FACE('',(#3871,#3873),#3875,.F.);
#346=ADVANCED_FACE('',(#3880,#3882),#3884,.F.);
#347=ADVANCED_FACE('',(#3889,#3891),#3893,.F.);
#348=ADVANCED_FACE('',(#3898,#3900),#3902,.F.);
#349=ADVANCED_FACE('',(#3907,#3909),#3911,.F.);
#350=ADVANCED_FACE('',(#3916,#3918),#3920,.F.);
#351=ADVANCED_FACE('',(#3925,#3927),#3929,.F.);
#352=ADVANCED_FACE('',(#3934,#3936),#3938,.F.);
#353=ADVANCED_FACE('',(#3943,#3945),#3947,.F.);
#354=ADVANCED_FACE('',(#3952,#3954),#3956,.F.);
#355=ADVANCED_FACE('',(#3961,#3963),#3965,.F.);
#356=ADVANCED_FACE('',(#3970,#3972),#3974,.F.);
#357=ADVANCED_FACE('',(#3979,#3981),#3983,.F.);
#358=ADVANCED_FACE('',(#3988,#3990),#3992,.F.);
#359=ADVANCED_FACE('',(#3997,#3999),#4001,.F.);
#360=ADVANCED_FACE('',(#4006,#4008),#4010,.F.);
#361=ADVANCED_FACE('',(#4015,#4017),#4019,.F.);
#362=ADVANCED_FACE('',(#4024,#4026),#4028,.F.);
#363=ADVANCED_FACE('',(#4033,#4035),#4037,.F.);
#364=ADVANCED_FACE('',(#4042,#4044),#4046,.F.);
#365=ADVANCED_FACE('',(#4051,#4053),#4055,.F.);
#366=ADVANCED_FACE('',(#4060,#4062),#4064,.F.);
#367=ADVANCED_FACE('',(#4069,#4071),#4073,.F.);
#368=ADVANCED_FACE('',(#4078,#4080),#4082,.F.);
#369=ADVANCED_FACE('',(#4087,#4089),#4091,.F.);
#370=ADVANCED_FACE('',(#4096,#4098),#4100,.F.);
#371=ADVANCED_FACE('',(#4105,#4107),#4109,.F.);
#372=ADVANCED_FACE('',(#4114,#4116),#4118,.F.);
#373=ADVANCED_FACE('',(#4123,#4125),#4127,.F.);
#374=ADVANCED_FACE('',(#4132,#4134),#4136,.F.);
#375=ADVANCED_FACE('',(#4141,#4143),#4145,.F.);
#376=ADVANCED_FACE('',(#4150,#4152),#4154,.F.);
#377=ADVANCED_FACE('',(#4159,#4161),#4163,.F.);
#378=ADVANCED_FACE('',(#4168,#4170),#4172,.F.);
#379=ADVANCED_FACE('',(#4177,#4179),#4181,.F.);
#380=ADVANCED_FACE('',(#4186,#4188),#4190,.F.);
#381=ADVANCED_FACE('',(#4195,#4197),#4199,.F.);
#382=ADVANCED_FACE('',(#4204,#4206),#4208,.F.);
#383=ADVANCED_FACE('',(#4213,#4215),#4217,.F.);
#384=ADVANCED_FACE('',(#4222,#4224),#4226,.F.);
#385=ADVANCED_FACE('',(#4231,#4233),#4235,.F.);
#386=ADVANCED_FACE('',(#4240,#4242),#4244,.F.);
#387=ADVANCED_FACE('',(#4249,#4251),#4253,.F.);
#388=ADVANCED_FACE('',(#4258,#4260),#4262,.F.);
#389=ADVANCED_FACE('',(#4267,#4269),#4271,.F.);
#390=ADVANCED_FACE('',(#4276,#4278),#4280,.F.);
#391=ADVANCED_FACE('',(#4285,#4287),#4289,.F.);
#392=ADVANCED_FACE('',(#4294,#4296),#4298,.F.);
#393=ADVANCED_FACE('',(#4303,#4305),#4307,.F.);
#394=ADVANCED_FACE('',(#4312,#4314),#4316,.F.);
#395=ADVANCED_FACE('',(#4321,#4323),#4325,.F.);
#396=ADVANCED_FACE('',(#4330,#4332),#4334,.F.);
#397=ADVANCED_FACE('',(#4339,#4341),#4343,.F.);
#398=ADVANCED_FACE('',(#4348,#4350),#4352,.F.);
#399=ADVANCED_FACE('',(#4357,#4359),#4361,.F.);
#400=ADVANCED_FACE('',(#4366,#4368),#4370,.F.);
#401=ADVANCED_FACE('',(#4375,#4377),#4379,.F.);
#402=ADVANCED_FACE('',(#4384,#4386),#4388,.F.);
#403=ADVANCED_FACE('',(#4393,#4395),#4397,.F.);
#404=ADVANCED_FACE('',(#4402,#4404),#4406,.F.);
#405=ADVANCED_FACE('',(#4411,#4413),#4415,.F.);
#406=ADVANCED_FACE('',(#4420,#4422),#4424,.F.);
#407=ADVANCED_FACE('',(#4429,#4431),#4433,.F.);
#408=ADVANCED_FACE('',(#4438,#4440),#4442,.F.);
#409=ADVANCED_FACE('',(#4447,#4449),#4451,.F.);
#410=ADVANCED_FACE('',(#4456,#4458),#4460,.F.);
#411=ADVANCED_FACE('',(#4465,#4467),#4469,.F.);
#412=ADVANCED_FACE('',(#4474,#4476),#4478,.F.);
#413=ADVANCED_FACE('',(#4483,#4485),#4487,.F.);
#414=ADVANCED_FACE('',(#4492,#4494),#4496,.F.);
#415=ADVANCED_FACE('',(#4501,#4503),#4505,.F.);
#416=ADVANCED_FACE('',(#4510,#4512),#4514,.F.);
#417=ADVANCED_FACE('',(#4519,#4521),#4523,.F.);
#418=ADVANCED_FACE('',(#4528,#4530),#4532,.F.);
#419=ADVANCED_FACE('',(#4537,#4539),#4541,.F.);
#420=ADVANCED_FACE('',(#4546,#4548),#4550,.F.);
#421=ADVANCED_FACE('',(#4555,#4557),#4559,.F.);
#422=ADVANCED_FACE('',(#4564,#4566),#4568,.F.);
#423=ADVANCED_FACE('',(#4573,#4575),#4577,.F.);
#424=ADVANCED_FACE('',(#4582,#4584),#4586,.F.);
#425=ADVANCED_FACE('',(#4591,#4593),#4595,.F.);
#426=ADVANCED_FACE('',(#4600,#4602),#4604,.F.);
#427=ADVANCED_FACE('',(#4609,#4611),#4613,.F.);
#428=ADVANCED_FACE('',(#4618,#4620),#4622,.F.);
#429=ADVANCED_FACE('',(#4627,#4629),#4631,.F.);
#430=ADVANCED_FACE('',(#4636),#4638,.T.);
#431=ADVANCED_FACE('',(#4643),#4645,.F.);
#432=ADVANCED_FACE('',(#4650),#4652,.T.);
#433=ADVANCED_FACE('',(#4657),#4659,.T.);
#434=ADVANCED_FACE('',(#4664),#4666,.F.);
#435=ADVANCED_FACE('',(#4671),#4673,.T.);
#436=ADVANCED_FACE('',(#4678),#4680,.T.);
#437=ADVANCED_FACE('',(#4685),#4687,.T.);
#438=ADVANCED_FACE('',(#4692),#4694,.F.);
#439=ADVANCED_FACE('',(#4699),#4701,.T.);
#440=ADVANCED_FACE('',(#4706),#4708,.T.);
#441=ADVANCED_FACE('',(#4713),#4715,.T.);
#442=ADVANCED_FACE('',(#4720),#4722,.T.);
#443=ADVANCED_FACE('',(#4727),#4729,.F.);
#444=ADVANCED_FACE('',(#4734),#4736,.T.);
#445=ADVANCED_FACE('',(#4741),#4743,.T.);
#446=ADVANCED_FACE('',(#4748),#4750,.F.);
#447=ADVANCED_FACE('',(#4755),#4757,.F.);
#448=ADVANCED_FACE('',(#4762),#4764,.F.);
#449=ADVANCED_FACE('',(#4769),#4771,.T.);
#450=ADVANCED_FACE('',(#4776),#4778,.T.);
#451=ADVANCED_FACE('',(#4783),#4785,.T.);
#452=ADVANCED_FACE('',(#4790),#4792,.T.);
#453=ADVANCED_FACE('',(#4797),#4799,.T.);
#454=ADVANCED_FACE('',(#4804,#4806),#4808,.F.);
#455=FACE_BOUND('',#456,.T.);
#456=EDGE_LOOP('',(#4813));
#457=FACE_BOUND('',#458,.T.);
#458=EDGE_LOOP('',(#4814));
#459=FACE_BOUND('',#460,.T.);
#460=EDGE_LOOP('',(#4815));
#461=FACE_BOUND('',#462,.T.);
#462=EDGE_LOOP('',(#4816));
#463=FACE_BOUND('',#464,.T.);
#464=EDGE_LOOP('',(#4817));
#465=FACE_BOUND('',#466,.T.);
#466=EDGE_LOOP('',(#4818));
#467=FACE_BOUND('',#468,.T.);
#468=EDGE_LOOP('',(#4819));
#469=FACE_BOUND('',#470,.T.);
#470=EDGE_LOOP('',(#4820));
#471=FACE_BOUND('',#472,.T.);
#472=EDGE_LOOP('',(#4821));
#473=FACE_BOUND('',#474,.T.);
#474=EDGE_LOOP('',(#4822));
#475=FACE_BOUND('',#476,.T.);
#476=EDGE_LOOP('',(#4823));
#477=FACE_BOUND('',#478,.T.);
#478=EDGE_LOOP('',(#4824));
#479=FACE_BOUND('',#480,.T.);
#480=EDGE_LOOP('',(#4825));
#481=FACE_BOUND('',#482,.T.);
#482=EDGE_LOOP('',(#4826));
#483=FACE_BOUND('',#484,.T.);
#484=EDGE_LOOP('',(#4827));
#485=FACE_BOUND('',#486,.T.);
#486=EDGE_LOOP('',(#4828));
#487=FACE_BOUND('',#488,.T.);
#488=EDGE_LOOP('',(#4829));
#489=FACE_BOUND('',#490,.T.);
#490=EDGE_LOOP('',(#4830));
#491=FACE_BOUND('',#492,.T.);
#492=EDGE_LOOP('',(#4831));
#493=FACE_BOUND('',#494,.T.);
#494=EDGE_LOOP('',(#4832));
#495=FACE_BOUND('',#496,.T.);
#496=EDGE_LOOP('',(#4833));
#497=FACE_BOUND('',#498,.T.);
#498=EDGE_LOOP('',(#4834));
#499=FACE_BOUND('',#500,.T.);
#500=EDGE_LOOP('',(#4835));
#501=FACE_BOUND('',#502,.T.);
#502=EDGE_LOOP('',(#4836));
#503=FACE_BOUND('',#504,.T.);
#504=EDGE_LOOP('',(#4837));
#505=FACE_BOUND('',#506,.T.);
#506=EDGE_LOOP('',(#4838));
#507=FACE_BOUND('',#508,.T.);
#508=EDGE_LOOP('',(#4839));
#509=FACE_BOUND('',#510,.T.);
#510=EDGE_LOOP('',(#4840));
#511=FACE_BOUND('',#512,.T.);
#512=EDGE_LOOP('',(#4841));
#513=FACE_BOUND('',#514,.T.);
#514=EDGE_LOOP('',(#4842));
#515=FACE_BOUND('',#516,.T.);
#516=EDGE_LOOP('',(#4843));
#517=FACE_BOUND('',#518,.T.);
#518=EDGE_LOOP('',(#4844));
#519=FACE_BOUND('',#520,.T.);
#520=EDGE_LOOP('',(#4845));
#521=FACE_BOUND('',#522,.T.);
#522=EDGE_LOOP('',(#4846));
#523=FACE_BOUND('',#524,.T.);
#524=EDGE_LOOP('',(#4847));
#525=FACE_BOUND('',#526,.T.);
#526=EDGE_LOOP('',(#4848));
#527=FACE_BOUND('',#528,.T.);
#528=EDGE_LOOP('',(#4849));
#529=FACE_BOUND('',#530,.T.);
#530=EDGE_LOOP('',(#4850));
#531=FACE_BOUND('',#532,.T.);
#532=EDGE_LOOP('',(#4851));
#533=FACE_BOUND('',#534,.T.);
#534=EDGE_LOOP('',(#4852));
#535=FACE_BOUND('',#536,.T.);
#536=EDGE_LOOP('',(#4853));
#537=FACE_BOUND('',#538,.T.);
#538=EDGE_LOOP('',(#4854));
#539=FACE_BOUND('',#540,.T.);
#540=EDGE_LOOP('',(#4855));
#541=FACE_BOUND('',#542,.T.);
#542=EDGE_LOOP('',(#4856));
#543=FACE_BOUND('',#544,.T.);
#544=EDGE_LOOP('',(#4857));
#545=FACE_BOUND('',#546,.T.);
#546=EDGE_LOOP('',(#4858));
#547=FACE_BOUND('',#548,.T.);
#548=EDGE_LOOP('',(#4859));
#549=FACE_BOUND('',#550,.T.);
#550=EDGE_LOOP('',(#4860));
#551=FACE_BOUND('',#552,.T.);
#552=EDGE_LOOP('',(#4861));
#553=FACE_BOUND('',#554,.T.);
#554=EDGE_LOOP('',(#4862));
#555=FACE_BOUND('',#556,.T.);
#556=EDGE_LOOP('',(#4863));
#557=FACE_BOUND('',#558,.T.);
#558=EDGE_LOOP('',(#4864));
#559=FACE_BOUND('',#560,.T.);
#560=EDGE_LOOP('',(#4865));
#561=FACE_BOUND('',#562,.T.);
#562=EDGE_LOOP('',(#4866));
#563=FACE_BOUND('',#564,.T.);
#564=EDGE_LOOP('',(#4867));
#565=FACE_BOUND('',#566,.T.);
#566=EDGE_LOOP('',(#4868));
#567=FACE_BOUND('',#568,.T.);
#568=EDGE_LOOP('',(#4869));
#569=FACE_BOUND('',#570,.T.);
#570=EDGE_LOOP('',(#4870));
#571=FACE_BOUND('',#572,.T.);
#572=EDGE_LOOP('',(#4871));
#573=FACE_BOUND('',#574,.T.);
#574=EDGE_LOOP('',(#4872));
#575=FACE_BOUND('',#576,.T.);
#576=EDGE_LOOP('',(#4873));
#577=FACE_BOUND('',#578,.T.);
#578=EDGE_LOOP('',(#4874));
#579=FACE_BOUND('',#580,.T.);
#580=EDGE_LOOP('',(#4875));
#581=FACE_BOUND('',#582,.T.);
#582=EDGE_LOOP('',(#4876));
#583=FACE_BOUND('',#584,.T.);
#584=EDGE_LOOP('',(#4877));
#585=FACE_BOUND('',#586,.T.);
#586=EDGE_LOOP('',(#4878));
#587=FACE_BOUND('',#588,.T.);
#588=EDGE_LOOP('',(#4879));
#589=FACE_BOUND('',#590,.T.);
#590=EDGE_LOOP('',(#4880));
#591=FACE_BOUND('',#592,.T.);
#592=EDGE_LOOP('',(#4881));
#593=FACE_BOUND('',#594,.T.);
#594=EDGE_LOOP('',(#4882));
#595=FACE_BOUND('',#596,.T.);
#596=EDGE_LOOP('',(#4883));
#597=FACE_BOUND('',#598,.T.);
#598=EDGE_LOOP('',(#4884));
#599=FACE_BOUND('',#600,.T.);
#600=EDGE_LOOP('',(#4885));
#601=FACE_BOUND('',#602,.T.);
#602=EDGE_LOOP('',(#4886));
#603=FACE_BOUND('',#604,.T.);
#604=EDGE_LOOP('',(#4887));
#605=FACE_BOUND('',#606,.T.);
#606=EDGE_LOOP('',(#4888));
#607=FACE_BOUND('',#608,.T.);
#608=EDGE_LOOP('',(#4889));
#609=FACE_BOUND('',#610,.T.);
#610=EDGE_LOOP('',(#4890));
#611=FACE_BOUND('',#612,.T.);
#612=EDGE_LOOP('',(#4891));
#613=FACE_BOUND('',#614,.T.);
#614=EDGE_LOOP('',(#4892));
#615=FACE_BOUND('',#616,.T.);
#616=EDGE_LOOP('',(#4893));
#617=FACE_BOUND('',#618,.T.);
#618=EDGE_LOOP('',(#4894));
#619=FACE_BOUND('',#620,.T.);
#620=EDGE_LOOP('',(#4895));
#621=FACE_BOUND('',#622,.T.);
#622=EDGE_LOOP('',(#4896));
#623=FACE_BOUND('',#624,.T.);
#624=EDGE_LOOP('',(#4897));
#625=FACE_BOUND('',#626,.T.);
#626=EDGE_LOOP('',(#4898,#4899));
#627=FACE_BOUND('',#628,.T.);
#628=EDGE_LOOP('',(#4900));
#629=FACE_BOUND('',#630,.T.);
#630=EDGE_LOOP('',(#4901));
#631=FACE_BOUND('',#632,.T.);
#632=EDGE_LOOP('',(#4902));
#633=FACE_BOUND('',#634,.T.);
#634=EDGE_LOOP('',(#4903));
#635=FACE_BOUND('',#636,.T.);
#636=EDGE_LOOP('',(#4904));
#637=FACE_BOUND('',#638,.T.);
#638=EDGE_LOOP('',(#4905));
#639=FACE_BOUND('',#640,.T.);
#640=EDGE_LOOP('',(#4906));
#641=FACE_BOUND('',#642,.T.);
#642=EDGE_LOOP('',(#4907));
#643=FACE_BOUND('',#644,.T.);
#644=EDGE_LOOP('',(#4908));
#645=FACE_BOUND('',#646,.T.);
#646=EDGE_LOOP('',(#4909));
#647=FACE_BOUND('',#648,.T.);
#648=EDGE_LOOP('',(#4910));
#649=FACE_BOUND('',#650,.T.);
#650=EDGE_LOOP('',(#4911));
#651=FACE_BOUND('',#652,.T.);
#652=EDGE_LOOP('',(#4912));
#653=FACE_BOUND('',#654,.T.);
#654=EDGE_LOOP('',(#4913));
#655=FACE_BOUND('',#656,.T.);
#656=EDGE_LOOP('',(#4914));
#657=FACE_BOUND('',#658,.T.);
#658=EDGE_LOOP('',(#4915));
#659=FACE_BOUND('',#660,.T.);
#660=EDGE_LOOP('',(#4916));
#661=FACE_BOUND('',#662,.T.);
#662=EDGE_LOOP('',(#4917));
#663=FACE_BOUND('',#664,.T.);
#664=EDGE_LOOP('',(#4918));
#665=FACE_BOUND('',#666,.T.);
#666=EDGE_LOOP('',(#4919));
#667=FACE_BOUND('',#668,.T.);
#668=EDGE_LOOP('',(#4920));
#669=FACE_BOUND('',#670,.T.);
#670=EDGE_LOOP('',(#4921));
#671=FACE_BOUND('',#672,.T.);
#672=EDGE_LOOP('',(#4922));
#673=FACE_BOUND('',#674,.T.);
#674=EDGE_LOOP('',(#4923));
#675=FACE_BOUND('',#676,.T.);
#676=EDGE_LOOP('',(#4924));
#677=FACE_BOUND('',#678,.T.);
#678=EDGE_LOOP('',(#4925));
#679=FACE_BOUND('',#680,.T.);
#680=EDGE_LOOP('',(#4926));
#681=FACE_BOUND('',#682,.T.);
#682=EDGE_LOOP('',(#4927));
#683=FACE_BOUND('',#684,.T.);
#684=EDGE_LOOP('',(#4928));
#685=FACE_BOUND('',#686,.T.);
#686=EDGE_LOOP('',(#4929));
#687=FACE_BOUND('',#688,.T.);
#688=EDGE_LOOP('',(#4930));
#689=FACE_BOUND('',#690,.T.);
#690=EDGE_LOOP('',(#4931));
#691=FACE_BOUND('',#692,.T.);
#692=EDGE_LOOP('',(#4932));
#693=FACE_BOUND('',#694,.T.);
#694=EDGE_LOOP('',(#4933));
#695=FACE_BOUND('',#696,.T.);
#696=EDGE_LOOP('',(#4934));
#697=FACE_BOUND('',#698,.T.);
#698=EDGE_LOOP('',(#4935));
#699=FACE_BOUND('',#700,.T.);
#700=EDGE_LOOP('',(#4936));
#701=FACE_BOUND('',#702,.T.);
#702=EDGE_LOOP('',(#4937));
#703=FACE_BOUND('',#704,.T.);
#704=EDGE_LOOP('',(#4938));
#705=FACE_BOUND('',#706,.T.);
#706=EDGE_LOOP('',(#4939));
#707=FACE_BOUND('',#708,.T.);
#708=EDGE_LOOP('',(#4940));
#709=FACE_BOUND('',#710,.T.);
#710=EDGE_LOOP('',(#4941));
#711=FACE_BOUND('',#712,.T.);
#712=EDGE_LOOP('',(#4942));
#713=FACE_BOUND('',#714,.T.);
#714=EDGE_LOOP('',(#4943));
#715=FACE_BOUND('',#716,.T.);
#716=EDGE_LOOP('',(#4944));
#717=FACE_BOUND('',#718,.T.);
#718=EDGE_LOOP('',(#4945));
#719=FACE_BOUND('',#720,.T.);
#720=EDGE_LOOP('',(#4946));
#721=FACE_BOUND('',#722,.T.);
#722=EDGE_LOOP('',(#4947));
#723=FACE_BOUND('',#724,.T.);
#724=EDGE_LOOP('',(#4948));
#725=FACE_BOUND('',#726,.T.);
#726=EDGE_LOOP('',(#4949));
#727=FACE_BOUND('',#728,.T.);
#728=EDGE_LOOP('',(#4950));
#729=FACE_BOUND('',#730,.T.);
#730=EDGE_LOOP('',(#4951));
#731=FACE_BOUND('',#732,.T.);
#732=EDGE_LOOP('',(#4952));
#733=FACE_BOUND('',#734,.T.);
#734=EDGE_LOOP('',(#4953));
#735=FACE_BOUND('',#736,.T.);
#736=EDGE_LOOP('',(#4954));
#737=FACE_BOUND('',#738,.T.);
#738=EDGE_LOOP('',(#4955));
#739=FACE_BOUND('',#740,.T.);
#740=EDGE_LOOP('',(#4956));
#741=FACE_BOUND('',#742,.T.);
#742=EDGE_LOOP('',(#4957));
#743=FACE_BOUND('',#744,.T.);
#744=EDGE_LOOP('',(#4958));
#745=FACE_BOUND('',#746,.T.);
#746=EDGE_LOOP('',(#4959));
#747=FACE_BOUND('',#748,.T.);
#748=EDGE_LOOP('',(#4960));
#749=FACE_BOUND('',#750,.T.);
#750=EDGE_LOOP('',(#4961));
#751=FACE_BOUND('',#752,.T.);
#752=EDGE_LOOP('',(#4962));
#753=FACE_BOUND('',#754,.T.);
#754=EDGE_LOOP('',(#4963));
#755=FACE_BOUND('',#756,.T.);
#756=EDGE_LOOP('',(#4964));
#757=FACE_BOUND('',#758,.T.);
#758=EDGE_LOOP('',(#4965));
#759=FACE_BOUND('',#760,.T.);
#760=EDGE_LOOP('',(#4966));
#761=FACE_BOUND('',#762,.T.);
#762=EDGE_LOOP('',(#4967));
#763=FACE_BOUND('',#764,.T.);
#764=EDGE_LOOP('',(#4968));
#765=FACE_BOUND('',#766,.T.);
#766=EDGE_LOOP('',(#4969));
#767=FACE_BOUND('',#768,.T.);
#768=EDGE_LOOP('',(#4970));
#769=FACE_BOUND('',#770,.T.);
#770=EDGE_LOOP('',(#4971));
#771=FACE_BOUND('',#772,.T.);
#772=EDGE_LOOP('',(#4972));
#773=FACE_BOUND('',#774,.T.);
#774=EDGE_LOOP('',(#4973));
#775=FACE_BOUND('',#776,.T.);
#776=EDGE_LOOP('',(#4974));
#777=FACE_BOUND('',#778,.T.);
#778=EDGE_LOOP('',(#4975));
#779=FACE_BOUND('',#780,.T.);
#780=EDGE_LOOP('',(#4976));
#781=FACE_BOUND('',#782,.T.);
#782=EDGE_LOOP('',(#4977));
#783=FACE_BOUND('',#784,.T.);
#784=EDGE_LOOP('',(#4978));
#785=FACE_BOUND('',#786,.T.);
#786=EDGE_LOOP('',(#4979));
#787=FACE_BOUND('',#788,.T.);
#788=EDGE_LOOP('',(#4980));
#789=FACE_BOUND('',#790,.T.);
#790=EDGE_LOOP('',(#4981));
#791=FACE_BOUND('',#792,.T.);
#792=EDGE_LOOP('',(#4982));
#793=FACE_BOUND('',#794,.T.);
#794=EDGE_LOOP('',(#4983));
#795=FACE_BOUND('',#796,.T.);
#796=EDGE_LOOP('',(#4984));
#797=FACE_BOUND('',#798,.T.);
#798=EDGE_LOOP('',(#4985));
#799=FACE_BOUND('',#800,.T.);
#800=EDGE_LOOP('',(#4986));
#801=FACE_BOUND('',#802,.T.);
#802=EDGE_LOOP('',(#4987));
#803=FACE_BOUND('',#804,.T.);
#804=EDGE_LOOP('',(#4988));
#805=FACE_BOUND('',#806,.T.);
#806=EDGE_LOOP('',(#4989));
#807=FACE_BOUND('',#808,.T.);
#808=EDGE_LOOP('',(#4990));
#809=FACE_BOUND('',#810,.T.);
#810=EDGE_LOOP('',(#4991));
#811=FACE_BOUND('',#812,.T.);
#812=EDGE_LOOP('',(#4992));
#813=FACE_BOUND('',#814,.T.);
#814=EDGE_LOOP('',(#4993));
#815=FACE_BOUND('',#816,.T.);
#816=EDGE_LOOP('',(#4994));
#817=FACE_BOUND('',#818,.T.);
#818=EDGE_LOOP('',(#4995));
#819=FACE_BOUND('',#820,.T.);
#820=EDGE_LOOP('',(#4996));
#821=FACE_BOUND('',#822,.T.);
#822=EDGE_LOOP('',(#4997));
#823=FACE_BOUND('',#824,.T.);
#824=EDGE_LOOP('',(#4998));
#825=FACE_BOUND('',#826,.T.);
#826=EDGE_LOOP('',(#4999));
#827=FACE_BOUND('',#828,.T.);
#828=EDGE_LOOP('',(#5000));
#829=FACE_BOUND('',#830,.T.);
#830=EDGE_LOOP('',(#5001));
#831=FACE_BOUND('',#832,.T.);
#832=EDGE_LOOP('',(#5002));
#833=FACE_BOUND('',#834,.T.);
#834=EDGE_LOOP('',(#5003));
#835=FACE_BOUND('',#836,.T.);
#836=EDGE_LOOP('',(#5004));
#837=FACE_BOUND('',#838,.T.);
#838=EDGE_LOOP('',(#5005));
#839=FACE_BOUND('',#840,.T.);
#840=EDGE_LOOP('',(#5006));
#841=FACE_BOUND('',#842,.T.);
#842=EDGE_LOOP('',(#5007));
#843=FACE_BOUND('',#844,.T.);
#844=EDGE_LOOP('',(#5008));
#845=FACE_BOUND('',#846,.T.);
#846=EDGE_LOOP('',(#5009));
#847=FACE_BOUND('',#848,.T.);
#848=EDGE_LOOP('',(#5010));
#849=FACE_BOUND('',#850,.T.);
#850=EDGE_LOOP('',(#5011));
#851=FACE_BOUND('',#852,.T.);
#852=EDGE_LOOP('',(#5012));
#853=FACE_BOUND('',#854,.T.);
#854=EDGE_LOOP('',(#5013));
#855=FACE_BOUND('',#856,.T.);
#856=EDGE_LOOP('',(#5014));
#857=FACE_BOUND('',#858,.T.);
#858=EDGE_LOOP('',(#5015));
#859=FACE_BOUND('',#860,.T.);
#860=EDGE_LOOP('',(#5016));
#861=FACE_BOUND('',#862,.T.);
#862=EDGE_LOOP('',(#5017));
#863=FACE_BOUND('',#864,.T.);
#864=EDGE_LOOP('',(#5018));
#865=FACE_BOUND('',#866,.T.);
#866=EDGE_LOOP('',(#5019));
#867=FACE_BOUND('',#868,.T.);
#868=EDGE_LOOP('',(#5020));
#869=FACE_BOUND('',#870,.T.);
#870=EDGE_LOOP('',(#5021));
#871=FACE_BOUND('',#872,.T.);
#872=EDGE_LOOP('',(#5022));
#873=FACE_BOUND('',#874,.T.);
#874=EDGE_LOOP('',(#5023));
#875=FACE_BOUND('',#876,.T.);
#876=EDGE_LOOP('',(#5024));
#877=FACE_BOUND('',#878,.T.);
#878=EDGE_LOOP('',(#5025));
#879=FACE_BOUND('',#880,.T.);
#880=EDGE_LOOP('',(#5026));
#881=FACE_BOUND('',#882,.T.);
#882=EDGE_LOOP('',(#5027));
#883=FACE_BOUND('',#884,.T.);
#884=EDGE_LOOP('',(#5028));
#885=FACE_BOUND('',#886,.T.);
#886=EDGE_LOOP('',(#5029));
#887=FACE_BOUND('',#888,.T.);
#888=EDGE_LOOP('',(#5030));
#889=FACE_BOUND('',#890,.T.);
#890=EDGE_LOOP('',(#5031));
#891=FACE_BOUND('',#892,.T.);
#892=EDGE_LOOP('',(#5032));
#893=FACE_BOUND('',#894,.T.);
#894=EDGE_LOOP('',(#5033));
#895=FACE_BOUND('',#896,.T.);
#896=EDGE_LOOP('',(#5034));
#897=FACE_BOUND('',#898,.T.);
#898=EDGE_LOOP('',(#5035));
#899=FACE_BOUND('',#900,.T.);
#900=EDGE_LOOP('',(#5036));
#901=FACE_BOUND('',#902,.T.);
#902=EDGE_LOOP('',(#5037));
#903=FACE_BOUND('',#904,.T.);
#904=EDGE_LOOP('',(#5038));
#905=FACE_BOUND('',#906,.T.);
#906=EDGE_LOOP('',(#5039));
#907=FACE_BOUND('',#908,.T.);
#908=EDGE_LOOP('',(#5040));
#909=FACE_BOUND('',#910,.T.);
#910=EDGE_LOOP('',(#5041));
#911=FACE_BOUND('',#912,.T.);
#912=EDGE_LOOP('',(#5042));
#913=FACE_BOUND('',#914,.T.);
#914=EDGE_LOOP('',(#5043));
#915=FACE_BOUND('',#916,.T.);
#916=EDGE_LOOP('',(#5044));
#917=FACE_BOUND('',#918,.T.);
#918=EDGE_LOOP('',(#5045));
#919=FACE_BOUND('',#920,.T.);
#920=EDGE_LOOP('',(#5046));
#921=FACE_BOUND('',#922,.T.);
#922=EDGE_LOOP('',(#5047));
#923=FACE_BOUND('',#924,.T.);
#924=EDGE_LOOP('',(#5048));
#925=FACE_BOUND('',#926,.T.);
#926=EDGE_LOOP('',(#5049));
#927=FACE_BOUND('',#928,.T.);
#928=EDGE_LOOP('',(#5050));
#929=FACE_BOUND('',#930,.T.);
#930=EDGE_LOOP('',(#5051));
#931=FACE_BOUND('',#932,.T.);
#932=EDGE_LOOP('',(#5052));
#933=FACE_BOUND('',#934,.T.);
#934=EDGE_LOOP('',(#5053));
#935=FACE_BOUND('',#936,.T.);
#936=EDGE_LOOP('',(#5054));
#937=FACE_BOUND('',#938,.T.);
#938=EDGE_LOOP('',(#5055));
#939=FACE_BOUND('',#940,.T.);
#940=EDGE_LOOP('',(#5056));
#941=FACE_BOUND('',#942,.T.);
#942=EDGE_LOOP('',(#5057));
#943=FACE_BOUND('',#944,.T.);
#944=EDGE_LOOP('',(#5058));
#945=FACE_BOUND('',#946,.T.);
#946=EDGE_LOOP('',(#5059));
#947=FACE_BOUND('',#948,.T.);
#948=EDGE_LOOP('',(#5060));
#949=FACE_BOUND('',#950,.T.);
#950=EDGE_LOOP('',(#5061));
#951=FACE_BOUND('',#952,.T.);
#952=EDGE_LOOP('',(#5062));
#953=FACE_BOUND('',#954,.T.);
#954=EDGE_LOOP('',(#5063));
#955=FACE_BOUND('',#956,.T.);
#956=EDGE_LOOP('',(#5064));
#957=FACE_BOUND('',#958,.T.);
#958=EDGE_LOOP('',(#5065));
#959=FACE_BOUND('',#960,.T.);
#960=EDGE_LOOP('',(#5066));
#961=FACE_BOUND('',#962,.T.);
#962=EDGE_LOOP('',(#5067));
#963=FACE_BOUND('',#964,.T.);
#964=EDGE_LOOP('',(#5068));
#965=FACE_BOUND('',#966,.T.);
#966=EDGE_LOOP('',(#5069));
#967=FACE_BOUND('',#968,.T.);
#968=EDGE_LOOP('',(#5070));
#969=FACE_BOUND('',#970,.T.);
#970=EDGE_LOOP('',(#5071));
#971=FACE_BOUND('',#972,.T.);
#972=EDGE_LOOP('',(#5072));
#973=FACE_BOUND('',#974,.T.);
#974=EDGE_LOOP('',(#5073));
#975=FACE_BOUND('',#976,.T.);
#976=EDGE_LOOP('',(#5074));
#977=FACE_BOUND('',#978,.T.);
#978=EDGE_LOOP('',(#5075));
#979=FACE_BOUND('',#980,.T.);
#980=EDGE_LOOP('',(#5076));
#981=FACE_BOUND('',#982,.T.);
#982=EDGE_LOOP('',(#5077));
#983=FACE_BOUND('',#984,.T.);
#984=EDGE_LOOP('',(#5078));
#985=FACE_BOUND('',#986,.T.);
#986=EDGE_LOOP('',(#5079));
#987=FACE_BOUND('',#988,.T.);
#988=EDGE_LOOP('',(#5080));
#989=FACE_BOUND('',#990,.T.);
#990=EDGE_LOOP('',(#5081));
#991=FACE_BOUND('',#992,.T.);
#992=EDGE_LOOP('',(#5082));
#993=FACE_BOUND('',#994,.T.);
#994=EDGE_LOOP('',(#5083));
#995=FACE_BOUND('',#996,.T.);
#996=EDGE_LOOP('',(#5084));
#997=FACE_BOUND('',#998,.T.);
#998=EDGE_LOOP('',(#5085));
#999=FACE_BOUND('',#1000,.T.);
#1000=EDGE_LOOP('',(#5086));
#1001=FACE_BOUND('',#1002,.T.);
#1002=EDGE_LOOP('',(#5087));
#1003=FACE_BOUND('',#1004,.T.);
#1004=EDGE_LOOP('',(#5088));
#1005=FACE_BOUND('',#1006,.T.);
#1006=EDGE_LOOP('',(#5089));
#1007=FACE_BOUND('',#1008,.T.);
#1008=EDGE_LOOP('',(#5090));
#1009=FACE_BOUND('',#1010,.T.);
#1010=EDGE_LOOP('',(#5091));
#1011=FACE_BOUND('',#1012,.T.);
#1012=EDGE_LOOP('',(#5092));
#1013=FACE_BOUND('',#1014,.T.);
#1014=EDGE_LOOP('',(#5093));
#1015=FACE_BOUND('',#1016,.T.);
#1016=EDGE_LOOP('',(#5094));
#1017=FACE_BOUND('',#1018,.T.);
#1018=EDGE_LOOP('',(#5095));
#1019=FACE_BOUND('',#1020,.T.);
#1020=EDGE_LOOP('',(#5096));
#1021=FACE_BOUND('',#1022,.T.);
#1022=EDGE_LOOP('',(#5097));
#1023=FACE_BOUND('',#1024,.T.);
#1024=EDGE_LOOP('',(#5098));
#1025=FACE_BOUND('',#1026,.T.);
#1026=EDGE_LOOP('',(#5099));
#1027=FACE_BOUND('',#1028,.T.);
#1028=EDGE_LOOP('',(#5100));
#1029=FACE_BOUND('',#1030,.T.);
#1030=EDGE_LOOP('',(#5101));
#1031=FACE_BOUND('',#1032,.T.);
#1032=EDGE_LOOP('',(#5102));
#1033=FACE_BOUND('',#1034,.T.);
#1034=EDGE_LOOP('',(#5103));
#1035=FACE_BOUND('',#1036,.T.);
#1036=EDGE_LOOP('',(#5104));
#1037=FACE_BOUND('',#1038,.T.);
#1038=EDGE_LOOP('',(#5105));
#1039=FACE_BOUND('',#1040,.T.);
#1040=EDGE_LOOP('',(#5106));
#1041=FACE_BOUND('',#1042,.T.);
#1042=EDGE_LOOP('',(#5107));
#1043=FACE_BOUND('',#1044,.T.);
#1044=EDGE_LOOP('',(#5108));
#1045=FACE_BOUND('',#1046,.T.);
#1046=EDGE_LOOP('',(#5109));
#1047=FACE_BOUND('',#1048,.T.);
#1048=EDGE_LOOP('',(#5110));
#1049=FACE_BOUND('',#1050,.T.);
#1050=EDGE_LOOP('',(#5111));
#1051=FACE_BOUND('',#1052,.T.);
#1052=EDGE_LOOP('',(#5112));
#1053=FACE_BOUND('',#1054,.T.);
#1054=EDGE_LOOP('',(#5113));
#1055=FACE_BOUND('',#1056,.T.);
#1056=EDGE_LOOP('',(#5114));
#1057=FACE_BOUND('',#1058,.T.);
#1058=EDGE_LOOP('',(#5115));
#1059=FACE_BOUND('',#1060,.T.);
#1060=EDGE_LOOP('',(#5116));
#1061=FACE_BOUND('',#1062,.T.);
#1062=EDGE_LOOP('',(#5117));
#1063=FACE_BOUND('',#1064,.T.);
#1064=EDGE_LOOP('',(#5118));
#1065=FACE_BOUND('',#1066,.T.);
#1066=EDGE_LOOP('',(#5119));
#1067=FACE_BOUND('',#1068,.T.);
#1068=EDGE_LOOP('',(#5120));
#1069=FACE_BOUND('',#1070,.T.);
#1070=EDGE_LOOP('',(#5121));
#1071=FACE_BOUND('',#1072,.T.);
#1072=EDGE_LOOP('',(#5122));
#1073=FACE_BOUND('',#1074,.T.);
#1074=EDGE_LOOP('',(#5123));
#1075=FACE_BOUND('',#1076,.T.);
#1076=EDGE_LOOP('',(#5124));
#1077=FACE_BOUND('',#1078,.T.);
#1078=EDGE_LOOP('',(#5125));
#1079=FACE_BOUND('',#1080,.T.);
#1080=EDGE_LOOP('',(#5126));
#1081=FACE_BOUND('',#1082,.T.);
#1082=EDGE_LOOP('',(#5127));
#1083=FACE_BOUND('',#1084,.T.);
#1084=EDGE_LOOP('',(#5128));
#1085=FACE_BOUND('',#1086,.T.);
#1086=EDGE_LOOP('',(#5129));
#1087=FACE_BOUND('',#1088,.T.);
#1088=EDGE_LOOP('',(#5130));
#1089=FACE_BOUND('',#1090,.T.);
#1090=EDGE_LOOP('',(#5131));
#1091=FACE_BOUND('',#1092,.T.);
#1092=EDGE_LOOP('',(#5132,#5133,#5134,#5135));
#1093=FACE_BOUND('',#1094,.T.);
#1094=EDGE_LOOP('',(#5136,#5137,#5138,#5139));
#1095=FACE_BOUND('',#1096,.T.);
#1096=EDGE_LOOP('',(#5140,#5141,#5142,#5143));
#1097=FACE_BOUND('',#1098,.T.);
#1098=EDGE_LOOP('',(#5144,#5145,#5146,#5147));
#1099=FACE_BOUND('',#1100,.T.);
#1100=EDGE_LOOP('',(#5148,#5149,#5150,#5151));
#1101=FACE_BOUND('',#1102,.T.);
#1102=EDGE_LOOP('',(#5152,#5153,#5154,#5155));
#1103=FACE_BOUND('',#1104,.T.);
#1104=EDGE_LOOP('',(#5156));
#1105=PLANE('',#1106);
#1106=AXIS2_PLACEMENT_3D('',#1107,#1108,#1109);
#1107=CARTESIAN_POINT('',(0.,0.,4.));
#1108=DIRECTION('',(0.,0.,-1.));
#1109=DIRECTION('',(1.,1.22464679914735E-16,0.));
#1110=FACE_BOUND('',#1111,.T.);
#1111=EDGE_LOOP('',(#5157));
#1112=FACE_BOUND('',#1113,.T.);
#1113=EDGE_LOOP('',(#5158));
#1114=FACE_BOUND('',#1115,.T.);
#1115=EDGE_LOOP('',(#5159));
#1116=FACE_BOUND('',#1117,.T.);
#1117=EDGE_LOOP('',(#5160));
#1118=FACE_BOUND('',#1119,.T.);
#1119=EDGE_LOOP('',(#5161));
#1120=FACE_BOUND('',#1121,.T.);
#1121=EDGE_LOOP('',(#5162));
#1122=FACE_BOUND('',#1123,.T.);
#1123=EDGE_LOOP('',(#5163));
#1124=FACE_BOUND('',#1125,.T.);
#1125=EDGE_LOOP('',(#5164));
#1126=FACE_BOUND('',#1127,.T.);
#1127=EDGE_LOOP('',(#5165));
#1128=FACE_BOUND('',#1129,.T.);
#1129=EDGE_LOOP('',(#5166));
#1130=FACE_BOUND('',#1131,.T.);
#1131=EDGE_LOOP('',(#5167));
#1132=FACE_BOUND('',#1133,.T.);
#1133=EDGE_LOOP('',(#5168));
#1134=FACE_BOUND('',#1135,.T.);
#1135=EDGE_LOOP('',(#5169));
#1136=FACE_BOUND('',#1137,.T.);
#1137=EDGE_LOOP('',(#5170));
#1138=FACE_BOUND('',#1139,.T.);
#1139=EDGE_LOOP('',(#5171));
#1140=FACE_BOUND('',#1141,.T.);
#1141=EDGE_LOOP('',(#5172));
#1142=FACE_BOUND('',#1143,.T.);
#1143=EDGE_LOOP('',(#5173));
#1144=FACE_BOUND('',#1145,.T.);
#1145=EDGE_LOOP('',(#5174));
#1146=FACE_BOUND('',#1147,.T.);
#1147=EDGE_LOOP('',(#5175));
#1148=FACE_BOUND('',#1149,.T.);
#1149=EDGE_LOOP('',(#5176));
#1150=FACE_BOUND('',#1151,.T.);
#1151=EDGE_LOOP('',(#5177));
#1152=FACE_BOUND('',#1153,.T.);
#1153=EDGE_LOOP('',(#5178));
#1154=FACE_BOUND('',#1155,.T.);
#1155=EDGE_LOOP('',(#5179));
#1156=FACE_BOUND('',#1157,.T.);
#1157=EDGE_LOOP('',(#5180));
#1158=FACE_BOUND('',#1159,.T.);
#1159=EDGE_LOOP('',(#5181));
#1160=FACE_BOUND('',#1161,.T.);
#1161=EDGE_LOOP('',(#5182));
#1162=FACE_BOUND('',#1163,.T.);
#1163=EDGE_LOOP('',(#5183));
#1164=FACE_BOUND('',#1165,.T.);
#1165=EDGE_LOOP('',(#5184));
#1166=FACE_BOUND('',#1167,.T.);
#1167=EDGE_LOOP('',(#5185));
#1168=FACE_BOUND('',#1169,.T.);
#1169=EDGE_LOOP('',(#5186));
#1170=FACE_BOUND('',#1171,.T.);
#1171=EDGE_LOOP('',(#5187));
#1172=FACE_BOUND('',#1173,.T.);
#1173=EDGE_LOOP('',(#5188));
#1174=FACE_BOUND('',#1175,.T.);
#1175=EDGE_LOOP('',(#5189));
#1176=FACE_BOUND('',#1177,.T.);
#1177=EDGE_LOOP('',(#5190));
#1178=FACE_BOUND('',#1179,.T.);
#1179=EDGE_LOOP('',(#5191));
#1180=FACE_BOUND('',#1181,.T.);
#1181=EDGE_LOOP('',(#5192));
#1182=FACE_BOUND('',#1183,.T.);
#1183=EDGE_LOOP('',(#5193));
#1184=FACE_BOUND('',#1185,.T.);
#1185=EDGE_LOOP('',(#5194));
#1186=FACE_BOUND('',#1187,.T.);
#1187=EDGE_LOOP('',(#5195));
#1188=FACE_BOUND('',#1189,.T.);
#1189=EDGE_LOOP('',(#5196));
#1190=FACE_BOUND('',#1191,.T.);
#1191=EDGE_LOOP('',(#5197));
#1192=FACE_BOUND('',#1193,.T.);
#1193=EDGE_LOOP('',(#5198));
#1194=FACE_BOUND('',#1195,.T.);
#1195=EDGE_LOOP('',(#5199));
#1196=FACE_BOUND('',#1197,.T.);
#1197=EDGE_LOOP('',(#5200));
#1198=FACE_BOUND('',#1199,.T.);
#1199=EDGE_LOOP('',(#5201));
#1200=FACE_BOUND('',#1201,.T.);
#1201=EDGE_LOOP('',(#5202));
#1202=FACE_BOUND('',#1203,.T.);
#1203=EDGE_LOOP('',(#5203));
#1204=FACE_BOUND('',#1205,.T.);
#1205=EDGE_LOOP('',(#5204));
#1206=FACE_BOUND('',#1207,.T.);
#1207=EDGE_LOOP('',(#5205));
#1208=FACE_BOUND('',#1209,.T.);
#1209=EDGE_LOOP('',(#5206));
#1210=FACE_BOUND('',#1211,.T.);
#1211=EDGE_LOOP('',(#5207));
#1212=FACE_BOUND('',#1213,.T.);
#1213=EDGE_LOOP('',(#5208));
#1214=FACE_BOUND('',#1215,.T.);
#1215=EDGE_LOOP('',(#5209));
#1216=FACE_BOUND('',#1217,.T.);
#1217=EDGE_LOOP('',(#5210));
#1218=FACE_BOUND('',#1219,.T.);
#1219=EDGE_LOOP('',(#5211));
#1220=FACE_BOUND('',#1221,.T.);
#1221=EDGE_LOOP('',(#5212));
#1222=FACE_BOUND('',#1223,.T.);
#1223=EDGE_LOOP('',(#5213));
#1224=FACE_BOUND('',#1225,.T.);
#1225=EDGE_LOOP('',(#5214));
#1226=FACE_BOUND('',#1227,.T.);
#1227=EDGE_LOOP('',(#5215));
#1228=FACE_BOUND('',#1229,.T.);
#1229=EDGE_LOOP('',(#5216));
#1230=FACE_BOUND('',#1231,.T.);
#1231=EDGE_LOOP('',(#5217));
#1232=FACE_BOUND('',#1233,.T.);
#1233=EDGE_LOOP('',(#5218));
#1234=FACE_BOUND('',#1235,.T.);
#1235=EDGE_LOOP('',(#5219));
#1236=FACE_BOUND('',#1237,.T.);
#1237=EDGE_LOOP('',(#5220));
#1238=FACE_BOUND('',#1239,.T.);
#1239=EDGE_LOOP('',(#5221));
#1240=FACE_BOUND('',#1241,.T.);
#1241=EDGE_LOOP('',(#5222));
#1242=FACE_BOUND('',#1243,.T.);
#1243=EDGE_LOOP('',(#5223));
#1244=FACE_BOUND('',#1245,.T.);
#1245=EDGE_LOOP('',(#5224));
#1246=FACE_BOUND('',#1247,.T.);
#1247=EDGE_LOOP('',(#5225));
#1248=FACE_BOUND('',#1249,.T.);
#1249=EDGE_LOOP('',(#5226));
#1250=FACE_BOUND('',#1251,.T.);
#1251=EDGE_LOOP('',(#5227));
#1252=FACE_BOUND('',#1253,.T.);
#1253=EDGE_LOOP('',(#5228));
#1254=FACE_BOUND('',#1255,.T.);
#1255=EDGE_LOOP('',(#5229));
#1256=FACE_BOUND('',#1257,.T.);
#1257=EDGE_LOOP('',(#5230));
#1258=FACE_BOUND('',#1259,.T.);
#1259=EDGE_LOOP('',(#5231));
#1260=FACE_BOUND('',#1261,.T.);
#1261=EDGE_LOOP('',(#5232));
#1262=FACE_BOUND('',#1263,.T.);
#1263=EDGE_LOOP('',(#5233));
#1264=FACE_BOUND('',#1265,.T.);
#1265=EDGE_LOOP('',(#5234));
#1266=FACE_BOUND('',#1267,.T.);
#1267=EDGE_LOOP('',(#5235));
#1268=FACE_BOUND('',#1269,.T.);
#1269=EDGE_LOOP('',(#5236));
#1270=FACE_BOUND('',#1271,.T.);
#1271=EDGE_LOOP('',(#5237));
#1272=FACE_BOUND('',#1273,.T.);
#1273=EDGE_LOOP('',(#5238));
#1274=FACE_BOUND('',#1275,.T.);
#1275=EDGE_LOOP('',(#5239));
#1276=FACE_BOUND('',#1277,.T.);
#1277=EDGE_LOOP('',(#5240));
#1278=FACE_BOUND('',#1279,.T.);
#1279=EDGE_LOOP('',(#5241));
#1280=FACE_BOUND('',#1281,.T.);
#1281=EDGE_LOOP('',(#5242,#5243));
#1282=FACE_BOUND('',#1283,.T.);
#1283=EDGE_LOOP('',(#5244));
#1284=FACE_BOUND('',#1285,.T.);
#1285=EDGE_LOOP('',(#5245));
#1286=FACE_BOUND('',#1287,.T.);
#1287=EDGE_LOOP('',(#5246));
#1288=FACE_BOUND('',#1289,.T.);
#1289=EDGE_LOOP('',(#5247));
#1290=FACE_BOUND('',#1291,.T.);
#1291=EDGE_LOOP('',(#5248));
#1292=FACE_BOUND('',#1293,.T.);
#1293=EDGE_LOOP('',(#5249));
#1294=FACE_BOUND('',#1295,.T.);
#1295=EDGE_LOOP('',(#5250));
#1296=FACE_BOUND('',#1297,.T.);
#1297=EDGE_LOOP('',(#5251));
#1298=FACE_BOUND('',#1299,.T.);
#1299=EDGE_LOOP('',(#5252));
#1300=FACE_BOUND('',#1301,.T.);
#1301=EDGE_LOOP('',(#5253));
#1302=FACE_BOUND('',#1303,.T.);
#1303=EDGE_LOOP('',(#5254));
#1304=FACE_BOUND('',#1305,.T.);
#1305=EDGE_LOOP('',(#5255));
#1306=FACE_BOUND('',#1307,.T.);
#1307=EDGE_LOOP('',(#5256));
#1308=FACE_BOUND('',#1309,.T.);
#1309=EDGE_LOOP('',(#5257));
#1310=FACE_BOUND('',#1311,.T.);
#1311=EDGE_LOOP('',(#5258));
#1312=FACE_BOUND('',#1313,.T.);
#1313=EDGE_LOOP('',(#5259));
#1314=FACE_BOUND('',#1315,.T.);
#1315=EDGE_LOOP('',(#5260));
#1316=FACE_BOUND('',#1317,.T.);
#1317=EDGE_LOOP('',(#5261));
#1318=FACE_BOUND('',#1319,.T.);
#1319=EDGE_LOOP('',(#5262));
#1320=FACE_BOUND('',#1321,.T.);
#1321=EDGE_LOOP('',(#5263));
#1322=FACE_BOUND('',#1323,.T.);
#1323=EDGE_LOOP('',(#5264));
#1324=FACE_BOUND('',#1325,.T.);
#1325=EDGE_LOOP('',(#5265));
#1326=FACE_BOUND('',#1327,.T.);
#1327=EDGE_LOOP('',(#5266));
#1328=FACE_BOUND('',#1329,.T.);
#1329=EDGE_LOOP('',(#5267));
#1330=FACE_BOUND('',#1331,.T.);
#1331=EDGE_LOOP('',(#5268));
#1332=FACE_BOUND('',#1333,.T.);
#1333=EDGE_LOOP('',(#5269));
#1334=FACE_BOUND('',#1335,.T.);
#1335=EDGE_LOOP('',(#5270));
#1336=FACE_BOUND('',#1337,.T.);
#1337=EDGE_LOOP('',(#5271));
#1338=FACE_BOUND('',#1339,.T.);
#1339=EDGE_LOOP('',(#5272));
#1340=FACE_BOUND('',#1341,.T.);
#1341=EDGE_LOOP('',(#5273));
#1342=FACE_BOUND('',#1343,.T.);
#1343=EDGE_LOOP('',(#5274));
#1344=FACE_BOUND('',#1345,.T.);
#1345=EDGE_LOOP('',(#5275));
#1346=FACE_BOUND('',#1347,.T.);
#1347=EDGE_LOOP('',(#5276));
#1348=FACE_BOUND('',#1349,.T.);
#1349=EDGE_LOOP('',(#5277));
#1350=FACE_BOUND('',#1351,.T.);
#1351=EDGE_LOOP('',(#5278));
#1352=FACE_BOUND('',#1353,.T.);
#1353=EDGE_LOOP('',(#5279));
#1354=FACE_BOUND('',#1355,.T.);
#1355=EDGE_LOOP('',(#5280));
#1356=FACE_BOUND('',#1357,.T.);
#1357=EDGE_LOOP('',(#5281));
#1358=FACE_BOUND('',#1359,.T.);
#1359=EDGE_LOOP('',(#5282));
#1360=FACE_BOUND('',#1361,.T.);
#1361=EDGE_LOOP('',(#5283));
#1362=FACE_BOUND('',#1363,.T.);
#1363=EDGE_LOOP('',(#5284));
#1364=FACE_BOUND('',#1365,.T.);
#1365=EDGE_LOOP('',(#5285));
#1366=FACE_BOUND('',#1367,.T.);
#1367=EDGE_LOOP('',(#5286));
#1368=FACE_BOUND('',#1369,.T.);
#1369=EDGE_LOOP('',(#5287));
#1370=FACE_BOUND('',#1371,.T.);
#1371=EDGE_LOOP('',(#5288));
#1372=FACE_BOUND('',#1373,.T.);
#1373=EDGE_LOOP('',(#5289));
#1374=FACE_BOUND('',#1375,.T.);
#1375=EDGE_LOOP('',(#5290));
#1376=FACE_BOUND('',#1377,.T.);
#1377=EDGE_LOOP('',(#5291));
#1378=FACE_BOUND('',#1379,.T.);
#1379=EDGE_LOOP('',(#5292));
#1380=FACE_BOUND('',#1381,.T.);
#1381=EDGE_LOOP('',(#5293));
#1382=FACE_BOUND('',#1383,.T.);
#1383=EDGE_LOOP('',(#5294));
#1384=FACE_BOUND('',#1385,.T.);
#1385=EDGE_LOOP('',(#5295));
#1386=FACE_BOUND('',#1387,.T.);
#1387=EDGE_LOOP('',(#5296));
#1388=FACE_BOUND('',#1389,.T.);
#1389=EDGE_LOOP('',(#5297));
#1390=FACE_BOUND('',#1391,.T.);
#1391=EDGE_LOOP('',(#5298));
#1392=FACE_BOUND('',#1393,.T.);
#1393=EDGE_LOOP('',(#5299));
#1394=FACE_BOUND('',#1395,.T.);
#1395=EDGE_LOOP('',(#5300));
#1396=FACE_BOUND('',#1397,.T.);
#1397=EDGE_LOOP('',(#5301));
#1398=FACE_BOUND('',#1399,.T.);
#1399=EDGE_LOOP('',(#5302));
#1400=FACE_BOUND('',#1401,.T.);
#1401=EDGE_LOOP('',(#5303));
#1402=FACE_BOUND('',#1403,.T.);
#1403=EDGE_LOOP('',(#5304));
#1404=FACE_BOUND('',#1405,.T.);
#1405=EDGE_LOOP('',(#5305));
#1406=FACE_BOUND('',#1407,.T.);
#1407=EDGE_LOOP('',(#5306));
#1408=FACE_BOUND('',#1409,.T.);
#1409=EDGE_LOOP('',(#5307));
#1410=FACE_BOUND('',#1411,.T.);
#1411=EDGE_LOOP('',(#5308));
#1412=FACE_BOUND('',#1413,.T.);
#1413=EDGE_LOOP('',(#5309));
#1414=FACE_BOUND('',#1415,.T.);
#1415=EDGE_LOOP('',(#5310));
#1416=FACE_BOUND('',#1417,.T.);
#1417=EDGE_LOOP('',(#5311));
#1418=FACE_BOUND('',#1419,.T.);
#1419=EDGE_LOOP('',(#5312));
#1420=FACE_BOUND('',#1421,.T.);
#1421=EDGE_LOOP('',(#5313));
#1422=FACE_BOUND('',#1423,.T.);
#1423=EDGE_LOOP('',(#5314));
#1424=FACE_BOUND('',#1425,.T.);
#1425=EDGE_LOOP('',(#5315));
#1426=FACE_BOUND('',#1427,.T.);
#1427=EDGE_LOOP('',(#5316));
#1428=FACE_BOUND('',#1429,.T.);
#1429=EDGE_LOOP('',(#5317));
#1430=FACE_BOUND('',#1431,.T.);
#1431=EDGE_LOOP('',(#5318));
#1432=FACE_BOUND('',#1433,.T.);
#1433=EDGE_LOOP('',(#5319));
#1434=FACE_BOUND('',#1435,.T.);
#1435=EDGE_LOOP('',(#5320));
#1436=FACE_BOUND('',#1437,.T.);
#1437=EDGE_LOOP('',(#5321));
#1438=FACE_BOUND('',#1439,.T.);
#1439=EDGE_LOOP('',(#5322));
#1440=FACE_BOUND('',#1441,.T.);
#1441=EDGE_LOOP('',(#5323));
#1442=FACE_BOUND('',#1443,.T.);
#1443=EDGE_LOOP('',(#5324));
#1444=FACE_BOUND('',#1445,.T.);
#1445=EDGE_LOOP('',(#5325));
#1446=FACE_BOUND('',#1447,.T.);
#1447=EDGE_LOOP('',(#5326));
#1448=FACE_BOUND('',#1449,.T.);
#1449=EDGE_LOOP('',(#5327));
#1450=FACE_BOUND('',#1451,.T.);
#1451=EDGE_LOOP('',(#5328));
#1452=FACE_BOUND('',#1453,.T.);
#1453=EDGE_LOOP('',(#5329));
#1454=FACE_BOUND('',#1455,.T.);
#1455=EDGE_LOOP('',(#5330));
#1456=FACE_BOUND('',#1457,.T.);
#1457=EDGE_LOOP('',(#5331));
#1458=FACE_BOUND('',#1459,.T.);
#1459=EDGE_LOOP('',(#5332));
#1460=FACE_BOUND('',#1461,.T.);
#1461=EDGE_LOOP('',(#5333));
#1462=FACE_BOUND('',#1463,.T.);
#1463=EDGE_LOOP('',(#5334));
#1464=FACE_BOUND('',#1465,.T.);
#1465=EDGE_LOOP('',(#5335));
#1466=FACE_BOUND('',#1467,.T.);
#1467=EDGE_LOOP('',(#5336));
#1468=FACE_BOUND('',#1469,.T.);
#1469=EDGE_LOOP('',(#5337));
#1470=FACE_BOUND('',#1471,.T.);
#1471=EDGE_LOOP('',(#5338));
#1472=FACE_BOUND('',#1473,.T.);
#1473=EDGE_LOOP('',(#5339));
#1474=FACE_BOUND('',#1475,.T.);
#1475=EDGE_LOOP('',(#5340));
#1476=FACE_BOUND('',#1477,.T.);
#1477=EDGE_LOOP('',(#5341));
#1478=FACE_BOUND('',#1479,.T.);
#1479=EDGE_LOOP('',(#5342));
#1480=FACE_BOUND('',#1481,.T.);
#1481=EDGE_LOOP('',(#5343));
#1482=FACE_BOUND('',#1483,.T.);
#1483=EDGE_LOOP('',(#5344));
#1484=FACE_BOUND('',#1485,.T.);
#1485=EDGE_LOOP('',(#5345));
#1486=FACE_BOUND('',#1487,.T.);
#1487=EDGE_LOOP('',(#5346));
#1488=FACE_BOUND('',#1489,.T.);
#1489=EDGE_LOOP('',(#5347));
#1490=FACE_BOUND('',#1491,.T.);
#1491=EDGE_LOOP('',(#5348));
#1492=FACE_BOUND('',#1493,.T.);
#1493=EDGE_LOOP('',(#5349));
#1494=FACE_BOUND('',#1495,.T.);
#1495=EDGE_LOOP('',(#5350));
#1496=FACE_BOUND('',#1497,.T.);
#1497=EDGE_LOOP('',(#5351));
#1498=FACE_BOUND('',#1499,.T.);
#1499=EDGE_LOOP('',(#5352));
#1500=FACE_BOUND('',#1501,.T.);
#1501=EDGE_LOOP('',(#5353));
#1502=FACE_BOUND('',#1503,.T.);
#1503=EDGE_LOOP('',(#5354));
#1504=FACE_BOUND('',#1505,.T.);
#1505=EDGE_LOOP('',(#5355));
#1506=FACE_BOUND('',#1507,.T.);
#1507=EDGE_LOOP('',(#5356));
#1508=FACE_BOUND('',#1509,.T.);
#1509=EDGE_LOOP('',(#5357));
#1510=FACE_BOUND('',#1511,.T.);
#1511=EDGE_LOOP('',(#5358));
#1512=FACE_BOUND('',#1513,.T.);
#1513=EDGE_LOOP('',(#5359));
#1514=FACE_BOUND('',#1515,.T.);
#1515=EDGE_LOOP('',(#5360));
#1516=FACE_BOUND('',#1517,.T.);
#1517=EDGE_LOOP('',(#5361));
#1518=FACE_BOUND('',#1519,.T.);
#1519=EDGE_LOOP('',(#5362));
#1520=FACE_BOUND('',#1521,.T.);
#1521=EDGE_LOOP('',(#5363));
#1522=FACE_BOUND('',#1523,.T.);
#1523=EDGE_LOOP('',(#5364));
#1524=FACE_BOUND('',#1525,.T.);
#1525=EDGE_LOOP('',(#5365));
#1526=FACE_BOUND('',#1527,.T.);
#1527=EDGE_LOOP('',(#5366));
#1528=FACE_BOUND('',#1529,.T.);
#1529=EDGE_LOOP('',(#5367));
#1530=FACE_BOUND('',#1531,.T.);
#1531=EDGE_LOOP('',(#5368));
#1532=FACE_BOUND('',#1533,.T.);
#1533=EDGE_LOOP('',(#5369));
#1534=FACE_BOUND('',#1535,.T.);
#1535=EDGE_LOOP('',(#5370));
#1536=FACE_BOUND('',#1537,.T.);
#1537=EDGE_LOOP('',(#5371));
#1538=FACE_BOUND('',#1539,.T.);
#1539=EDGE_LOOP('',(#5372));
#1540=FACE_BOUND('',#1541,.T.);
#1541=EDGE_LOOP('',(#5373));
#1542=FACE_BOUND('',#1543,.T.);
#1543=EDGE_LOOP('',(#5374));
#1544=FACE_BOUND('',#1545,.T.);
#1545=EDGE_LOOP('',(#5375));
#1546=FACE_BOUND('',#1547,.T.);
#1547=EDGE_LOOP('',(#5376));
#1548=FACE_BOUND('',#1549,.T.);
#1549=EDGE_LOOP('',(#5377));
#1550=FACE_BOUND('',#1551,.T.);
#1551=EDGE_LOOP('',(#5378));
#1552=FACE_BOUND('',#1553,.T.);
#1553=EDGE_LOOP('',(#5379));
#1554=FACE_BOUND('',#1555,.T.);
#1555=EDGE_LOOP('',(#5380));
#1556=FACE_BOUND('',#1557,.T.);
#1557=EDGE_LOOP('',(#5381));
#1558=FACE_BOUND('',#1559,.T.);
#1559=EDGE_LOOP('',(#5382));
#1560=FACE_BOUND('',#1561,.T.);
#1561=EDGE_LOOP('',(#5383));
#1562=FACE_BOUND('',#1563,.T.);
#1563=EDGE_LOOP('',(#5384));
#1564=FACE_BOUND('',#1565,.T.);
#1565=EDGE_LOOP('',(#5385));
#1566=FACE_BOUND('',#1567,.T.);
#1567=EDGE_LOOP('',(#5386));
#1568=FACE_BOUND('',#1569,.T.);
#1569=EDGE_LOOP('',(#5387));
#1570=FACE_BOUND('',#1571,.T.);
#1571=EDGE_LOOP('',(#5388));
#1572=FACE_BOUND('',#1573,.T.);
#1573=EDGE_LOOP('',(#5389));
#1574=FACE_BOUND('',#1575,.T.);
#1575=EDGE_LOOP('',(#5390));
#1576=FACE_BOUND('',#1577,.T.);
#1577=EDGE_LOOP('',(#5391));
#1578=FACE_BOUND('',#1579,.T.);
#1579=EDGE_LOOP('',(#5392));
#1580=FACE_BOUND('',#1581,.T.);
#1581=EDGE_LOOP('',(#5393));
#1582=FACE_BOUND('',#1583,.T.);
#1583=EDGE_LOOP('',(#5394));
#1584=FACE_BOUND('',#1585,.T.);
#1585=EDGE_LOOP('',(#5395));
#1586=FACE_BOUND('',#1587,.T.);
#1587=EDGE_LOOP('',(#5396));
#1588=FACE_BOUND('',#1589,.T.);
#1589=EDGE_LOOP('',(#5397));
#1590=FACE_BOUND('',#1591,.T.);
#1591=EDGE_LOOP('',(#5398));
#1592=FACE_BOUND('',#1593,.T.);
#1593=EDGE_LOOP('',(#5399));
#1594=FACE_BOUND('',#1595,.T.);
#1595=EDGE_LOOP('',(#5400));
#1596=FACE_BOUND('',#1597,.T.);
#1597=EDGE_LOOP('',(#5401));
#1598=FACE_BOUND('',#1599,.T.);
#1599=EDGE_LOOP('',(#5402));
#1600=FACE_BOUND('',#1601,.T.);
#1601=EDGE_LOOP('',(#5403));
#1602=FACE_BOUND('',#1603,.T.);
#1603=EDGE_LOOP('',(#5404));
#1604=FACE_BOUND('',#1605,.T.);
#1605=EDGE_LOOP('',(#5405));
#1606=FACE_BOUND('',#1607,.T.);
#1607=EDGE_LOOP('',(#5406));
#1608=FACE_BOUND('',#1609,.T.);
#1609=EDGE_LOOP('',(#5407));
#1610=FACE_BOUND('',#1611,.T.);
#1611=EDGE_LOOP('',(#5408));
#1612=FACE_BOUND('',#1613,.T.);
#1613=EDGE_LOOP('',(#5409));
#1614=FACE_BOUND('',#1615,.T.);
#1615=EDGE_LOOP('',(#5410));
#1616=FACE_BOUND('',#1617,.T.);
#1617=EDGE_LOOP('',(#5411));
#1618=FACE_BOUND('',#1619,.T.);
#1619=EDGE_LOOP('',(#5412));
#1620=FACE_BOUND('',#1621,.T.);
#1621=EDGE_LOOP('',(#5413));
#1622=FACE_BOUND('',#1623,.T.);
#1623=EDGE_LOOP('',(#5414));
#1624=FACE_BOUND('',#1625,.T.);
#1625=EDGE_LOOP('',(#5415));
#1626=FACE_BOUND('',#1627,.T.);
#1627=EDGE_LOOP('',(#5416));
#1628=FACE_BOUND('',#1629,.T.);
#1629=EDGE_LOOP('',(#5417));
#1630=FACE_BOUND('',#1631,.T.);
#1631=EDGE_LOOP('',(#5418));
#1632=FACE_BOUND('',#1633,.T.);
#1633=EDGE_LOOP('',(#5419));
#1634=FACE_BOUND('',#1635,.T.);
#1635=EDGE_LOOP('',(#5420));
#1636=FACE_BOUND('',#1637,.T.);
#1637=EDGE_LOOP('',(#5421));
#1638=FACE_BOUND('',#1639,.T.);
#1639=EDGE_LOOP('',(#5422));
#1640=FACE_BOUND('',#1641,.T.);
#1641=EDGE_LOOP('',(#5423));
#1642=FACE_BOUND('',#1643,.T.);
#1643=EDGE_LOOP('',(#5424));
#1644=FACE_BOUND('',#1645,.T.);
#1645=EDGE_LOOP('',(#5425));
#1646=FACE_BOUND('',#1647,.T.);
#1647=EDGE_LOOP('',(#5426));
#1648=FACE_BOUND('',#1649,.T.);
#1649=EDGE_LOOP('',(#5427));
#1650=FACE_BOUND('',#1651,.T.);
#1651=EDGE_LOOP('',(#5428));
#1652=FACE_BOUND('',#1653,.T.);
#1653=EDGE_LOOP('',(#5429));
#1654=FACE_BOUND('',#1655,.T.);
#1655=EDGE_LOOP('',(#5430));
#1656=FACE_BOUND('',#1657,.T.);
#1657=EDGE_LOOP('',(#5431));
#1658=FACE_BOUND('',#1659,.T.);
#1659=EDGE_LOOP('',(#5432));
#1660=FACE_BOUND('',#1661,.T.);
#1661=EDGE_LOOP('',(#5433));
#1662=FACE_BOUND('',#1663,.T.);
#1663=EDGE_LOOP('',(#5434));
#1664=FACE_BOUND('',#1665,.T.);
#1665=EDGE_LOOP('',(#5435));
#1666=FACE_BOUND('',#1667,.T.);
#1667=EDGE_LOOP('',(#5436));
#1668=FACE_BOUND('',#1669,.T.);
#1669=EDGE_LOOP('',(#5437));
#1670=FACE_BOUND('',#1671,.T.);
#1671=EDGE_LOOP('',(#5438));
#1672=FACE_BOUND('',#1673,.T.);
#1673=EDGE_LOOP('',(#5439));
#1674=FACE_BOUND('',#1675,.T.);
#1675=EDGE_LOOP('',(#5440));
#1676=FACE_BOUND('',#1677,.T.);
#1677=EDGE_LOOP('',(#5441));
#1678=FACE_BOUND('',#1679,.T.);
#1679=EDGE_LOOP('',(#5442));
#1680=FACE_BOUND('',#1681,.T.);
#1681=EDGE_LOOP('',(#5443));
#1682=FACE_BOUND('',#1683,.T.);
#1683=EDGE_LOOP('',(#5444));
#1684=FACE_BOUND('',#1685,.T.);
#1685=EDGE_LOOP('',(#5445));
#1686=FACE_BOUND('',#1687,.T.);
#1687=EDGE_LOOP('',(#5446));
#1688=FACE_BOUND('',#1689,.T.);
#1689=EDGE_LOOP('',(#5447));
#1690=FACE_BOUND('',#1691,.T.);
#1691=EDGE_LOOP('',(#5448));
#1692=FACE_BOUND('',#1693,.T.);
#1693=EDGE_LOOP('',(#5449));
#1694=FACE_BOUND('',#1695,.T.);
#1695=EDGE_LOOP('',(#5450));
#1696=FACE_BOUND('',#1697,.T.);
#1697=EDGE_LOOP('',(#5451));
#1698=FACE_BOUND('',#1699,.T.);
#1699=EDGE_LOOP('',(#5452));
#1700=FACE_BOUND('',#1701,.T.);
#1701=EDGE_LOOP('',(#5453));
#1702=FACE_BOUND('',#1703,.T.);
#1703=EDGE_LOOP('',(#5454));
#1704=FACE_BOUND('',#1705,.T.);
#1705=EDGE_LOOP('',(#5455));
#1706=FACE_BOUND('',#1707,.T.);
#1707=EDGE_LOOP('',(#5456));
#1708=FACE_BOUND('',#1709,.T.);
#1709=EDGE_LOOP('',(#5457));
#1710=FACE_BOUND('',#1711,.T.);
#1711=EDGE_LOOP('',(#5458));
#1712=FACE_BOUND('',#1713,.T.);
#1713=EDGE_LOOP('',(#5459));
#1714=FACE_BOUND('',#1715,.T.);
#1715=EDGE_LOOP('',(#5460));
#1716=FACE_BOUND('',#1717,.T.);
#1717=EDGE_LOOP('',(#5461));
#1718=FACE_BOUND('',#1719,.T.);
#1719=EDGE_LOOP('',(#5462));
#1720=FACE_BOUND('',#1721,.T.);
#1721=EDGE_LOOP('',(#5463));
#1722=FACE_BOUND('',#1723,.T.);
#1723=EDGE_LOOP('',(#5464));
#1724=FACE_BOUND('',#1725,.T.);
#1725=EDGE_LOOP('',(#5465));
#1726=FACE_BOUND('',#1727,.T.);
#1727=EDGE_LOOP('',(#5466));
#1728=FACE_BOUND('',#1729,.T.);
#1729=EDGE_LOOP('',(#5467));
#1730=FACE_BOUND('',#1731,.T.);
#1731=EDGE_LOOP('',(#5468));
#1732=FACE_BOUND('',#1733,.T.);
#1733=EDGE_LOOP('',(#5469));
#1734=FACE_BOUND('',#1735,.T.);
#1735=EDGE_LOOP('',(#5470));
#1736=FACE_BOUND('',#1737,.T.);
#1737=EDGE_LOOP('',(#5471));
#1738=FACE_BOUND('',#1739,.T.);
#1739=EDGE_LOOP('',(#5472));
#1740=FACE_BOUND('',#1741,.T.);
#1741=EDGE_LOOP('',(#5473));
#1742=FACE_BOUND('',#1743,.T.);
#1743=EDGE_LOOP('',(#5474));
#1744=FACE_BOUND('',#1745,.T.);
#1745=EDGE_LOOP('',(#5475));
#1746=FACE_BOUND('',#1747,.T.);
#1747=EDGE_LOOP('',(#5476,#5477,#5478,#5479));
#1748=FACE_BOUND('',#1749,.T.);
#1749=EDGE_LOOP('',(#5480,#5481,#5482,#5483));
#1750=FACE_BOUND('',#1751,.T.);
#1751=EDGE_LOOP('',(#5484,#5485,#5486,#5487));
#1752=FACE_BOUND('',#1753,.T.);
#1753=EDGE_LOOP('',(#5488,#5489,#5490,#5491));
#1754=FACE_BOUND('',#1755,.T.);
#1755=EDGE_LOOP('',(#5492,#5493,#5494,#5495));
#1756=FACE_BOUND('',#1757,.T.);
#1757=EDGE_LOOP('',(#5496,#5497,#5498,#5499));
#1758=FACE_BOUND('',#1759,.T.);
#1759=EDGE_LOOP('',(#5500));
#1760=PLANE('',#1761);
#1761=AXIS2_PLACEMENT_3D('',#1762,#1763,#1764);
#1762=CARTESIAN_POINT('',(0.,0.,0.));
#1763=DIRECTION('',(0.,0.,-1.));
#1764=DIRECTION('',(1.,1.22464679914735E-16,0.));
#1765=FACE_OUTER_BOUND('',#1766,.T.);
#1766=EDGE_LOOP('',(#5501));
#1767=FACE_OUTER_BOUND('',#1768,.T.);
#1768=EDGE_LOOP('',(#5502));
#1769=CYLINDRICAL_SURFACE('',#1770,15.);
#1770=AXIS2_PLACEMENT_3D('',#1771,#1772,#1773);
#1771=CARTESIAN_POINT('',(194.014701827371,-80.3635207966668,10.));
#1772=DIRECTION('',(0.,0.,-1.));
#1773=DIRECTION('',(-0.707106781186548,-0.707106781186548,0.));
#1774=FACE_OUTER_BOUND('',#1775,.T.);
#1775=EDGE_LOOP('',(#5503));
#1776=FACE_OUTER_BOUND('',#1777,.T.);
#1777=EDGE_LOOP('',(#5504));
#1778=CYLINDRICAL_SURFACE('',#1779,15.);
#1779=AXIS2_PLACEMENT_3D('',#1780,#1781,#1782);
#1780=CARTESIAN_POINT('',(80.3635207966709,-194.014701827369,10.));
#1781=DIRECTION('',(0.,0.,-1.));
#1782=DIRECTION('',(-1.,0.,0.));
#1783=FACE_OUTER_BOUND('',#1784,.T.);
#1784=EDGE_LOOP('',(#5505));
#1785=FACE_OUTER_BOUND('',#1786,.T.);
#1786=EDGE_LOOP('',(#5506));
#1787=CYLINDRICAL_SURFACE('',#1788,15.);
#1788=AXIS2_PLACEMENT_3D('',#1789,#1790,#1791);
#1789=CARTESIAN_POINT('',(-80.3635207966668,-194.014701827371,10.));
#1790=DIRECTION('',(0.,0.,-1.));
#1791=DIRECTION('',(-0.707106781186548,0.707106781186548,0.));
#1792=FACE_OUTER_BOUND('',#1793,.T.);
#1793=EDGE_LOOP('',(#5507));
#1794=FACE_OUTER_BOUND('',#1795,.T.);
#1795=EDGE_LOOP('',(#5508));
#1796=CYLINDRICAL_SURFACE('',#1797,15.);
#1797=AXIS2_PLACEMENT_3D('',#1798,#1799,#1800);
#1798=CARTESIAN_POINT('',(-194.014701827369,-80.3635207966709,10.));
#1799=DIRECTION('',(0.,0.,-1.));
#1800=DIRECTION('',(0.,1.,0.));
#1801=FACE_OUTER_BOUND('',#1802,.T.);
#1802=EDGE_LOOP('',(#5509));
#1803=FACE_OUTER_BOUND('',#1804,.T.);
#1804=EDGE_LOOP('',(#5510));
#1805=CYLINDRICAL_SURFACE('',#1806,15.);
#1806=AXIS2_PLACEMENT_3D('',#1807,#1808,#1809);
#1807=CARTESIAN_POINT('',(-194.014701827371,80.3635207966668,10.));
#1808=DIRECTION('',(0.,0.,-1.));
#1809=DIRECTION('',(0.707106781186548,0.707106781186548,0.));
#1810=FACE_OUTER_BOUND('',#1811,.T.);
#1811=EDGE_LOOP('',(#5511));
#1812=FACE_OUTER_BOUND('',#1813,.T.);
#1813=EDGE_LOOP('',(#5512));
#1814=CYLINDRICAL_SURFACE('',#1815,15.);
#1815=AXIS2_PLACEMENT_3D('',#1816,#1817,#1818);
#1816=CARTESIAN_POINT('',(-80.3635207966709,194.014701827369,10.));
#1817=DIRECTION('',(0.,0.,-1.));
#1818=DIRECTION('',(1.,0.,0.));
#1819=FACE_OUTER_BOUND('',#1820,.T.);
#1820=EDGE_LOOP('',(#5513));
#1821=FACE_OUTER_BOUND('',#1822,.T.);
#1822=EDGE_LOOP('',(#5514));
#1823=CYLINDRICAL_SURFACE('',#1824,15.);
#1824=AXIS2_PLACEMENT_3D('',#1825,#1826,#1827);
#1825=CARTESIAN_POINT('',(80.3635207966668,194.014701827371,10.));
#1826=DIRECTION('',(0.,0.,-1.));
#1827=DIRECTION('',(0.707106781186548,-0.707106781186548,0.));
#1828=FACE_OUTER_BOUND('',#1829,.T.);
#1829=EDGE_LOOP('',(#5515));
#1830=FACE_OUTER_BOUND('',#1831,.T.);
#1831=EDGE_LOOP('',(#5516));
#1832=CYLINDRICAL_SURFACE('',#1833,260.);
#1833=AXIS2_PLACEMENT_3D('',#1834,#1835,#1836);
#1834=CARTESIAN_POINT('',(2.44699547E-8,-1.923599758E-7,0.));
#1835=DIRECTION('',(0.,0.,-1.));
#1836=DIRECTION('',(1.,0.,0.));
#1837=FACE_OUTER_BOUND('',#1838,.T.);
#1838=EDGE_LOOP('',(#5517));
#1839=FACE_OUTER_BOUND('',#1840,.T.);
#1840=EDGE_LOOP('',(#5518));
#1841=CYLINDRICAL_SURFACE('',#1842,1.5);
#1842=AXIS2_PLACEMENT_3D('',#1843,#1844,#1845);
#1843=CARTESIAN_POINT('',(-220.405183695829,5.86898628383327,10.));
#1844=DIRECTION('',(0.,0.,-1.));
#1845=DIRECTION('',(-0.707106781186553,0.707106781186542,0.));
#1846=FACE_OUTER_BOUND('',#1847,.T.);
#1847=EDGE_LOOP('',(#5519));
#1848=FACE_OUTER_BOUND('',#1849,.T.);
#1849=EDGE_LOOP('',(#5520));
#1850=CYLINDRICAL_SURFACE('',#1851,1.5);
#1851=AXIS2_PLACEMENT_3D('',#1852,#1853,#1854);
#1852=CARTESIAN_POINT('',(-192.120912448372,34.1532575312849,10.));
#1853=DIRECTION('',(0.,0.,-1.));
#1854=DIRECTION('',(0.707106781186538,0.707106781186557,0.));
#1855=FACE_OUTER_BOUND('',#1856,.T.);
#1856=EDGE_LOOP('',(#5521));
#1857=FACE_OUTER_BOUND('',#1858,.T.);
#1858=EDGE_LOOP('',(#5522));
#1859=CYLINDRICAL_SURFACE('',#1860,1.5);
#1860=AXIS2_PLACEMENT_3D('',#1861,#1862,#1863);
#1861=CARTESIAN_POINT('',(-153.230039483086,73.0441304965973,10.));
#1862=DIRECTION('',(0.,0.,-1.));
#1863=DIRECTION('',(0.707106781186538,0.707106781186557,0.));
#1864=FACE_OUTER_BOUND('',#1865,.T.);
#1865=EDGE_LOOP('',(#5523));
#1866=FACE_OUTER_BOUND('',#1867,.T.);
#1867=EDGE_LOOP('',(#5524));
#1868=CYLINDRICAL_SURFACE('',#1869,1.5);
#1869=AXIS2_PLACEMENT_3D('',#1870,#1871,#1872);
#1870=CARTESIAN_POINT('',(-136.25947673462,90.0146932450537,10.));
#1871=DIRECTION('',(0.,0.,-1.));
#1872=DIRECTION('',(0.707106781186552,-0.707106781186543,0.));
#1873=FACE_OUTER_BOUND('',#1874,.T.);
#1874=EDGE_LOOP('',(#5525));
#1875=FACE_OUTER_BOUND('',#1876,.T.);
#1876=EDGE_LOOP('',(#5526));
#1877=CYLINDRICAL_SURFACE('',#1878,1.5);
#1878=AXIS2_PLACEMENT_3D('',#1879,#1880,#1881);
#1879=CARTESIAN_POINT('',(-115.046273299034,68.8014898094366,10.));
#1880=DIRECTION('',(0.,0.,-1.));
#1881=DIRECTION('',(0.707106781186552,-0.707106781186543,0.));
#1882=FACE_OUTER_BOUND('',#1883,.T.);
#1883=EDGE_LOOP('',(#5527));
#1884=FACE_OUTER_BOUND('',#1885,.T.);
#1885=EDGE_LOOP('',(#5528));
#1886=CYLINDRICAL_SURFACE('',#1887,1.5);
#1887=AXIS2_PLACEMENT_3D('',#1888,#1889,#1890);
#1888=CARTESIAN_POINT('',(-132.0168360475,51.8309270609802,10.));
#1889=DIRECTION('',(0.,0.,-1.));
#1890=DIRECTION('',(0.707106781186538,0.707106781186557,0.));
#1891=FACE_OUTER_BOUND('',#1892,.T.);
#1892=EDGE_LOOP('',(#5529));
#1893=FACE_OUTER_BOUND('',#1894,.T.);
#1894=EDGE_LOOP('',(#5530));
#1895=CYLINDRICAL_SURFACE('',#1896,1.5);
#1896=AXIS2_PLACEMENT_3D('',#1897,#1898,#1899);
#1897=CARTESIAN_POINT('',(-170.907709012776,12.9400540956886,10.));
#1898=DIRECTION('',(0.,0.,-1.));
#1899=DIRECTION('',(0.707106781186538,0.707106781186557,0.));
#1900=FACE_OUTER_BOUND('',#1901,.T.);
#1901=EDGE_LOOP('',(#5531));
#1902=FACE_OUTER_BOUND('',#1903,.T.);
#1903=EDGE_LOOP('',(#5532));
#1904=CYLINDRICAL_SURFACE('',#1905,1.5);
#1905=AXIS2_PLACEMENT_3D('',#1906,#1907,#1908);
#1906=CARTESIAN_POINT('',(-199.191980260232,-15.344217151763,10.));
#1907=DIRECTION('',(0.,0.,-1.));
#1908=DIRECTION('',(-0.707106781186552,0.707106781186543,0.));
#1909=FACE_OUTER_BOUND('',#1910,.T.);
#1910=EDGE_LOOP('',(#5533));
#1911=FACE_OUTER_BOUND('',#1912,.T.);
#1912=EDGE_LOOP('',(#5534));
#1913=CYLINDRICAL_SURFACE('',#1914,1.5);
#1914=AXIS2_PLACEMENT_3D('',#1915,#1916,#1917);
#1915=CARTESIAN_POINT('',(-73.0440238958067,153.230067373541,10.));
#1916=DIRECTION('',(0.,0.,-1.));
#1917=DIRECTION('',(-0.707107475280215,-0.707106087092199,0.));
#1918=FACE_OUTER_BOUND('',#1919,.T.);
#1919=EDGE_LOOP('',(#5535));
#1920=FACE_OUTER_BOUND('',#1921,.T.);
#1921=EDGE_LOOP('',(#5536));
#1922=CYLINDRICAL_SURFACE('',#1923,1.5);
#1923=AXIS2_PLACEMENT_3D('',#1924,#1925,#1926);
#1924=CARTESIAN_POINT('',(-90.014603302511,136.259521283338,10.));
#1925=DIRECTION('',(0.,0.,-1.));
#1926=DIRECTION('',(0.707106087092204,-0.70710747528021,0.));
#1927=FACE_OUTER_BOUND('',#1928,.T.);
#1928=EDGE_LOOP('',(#5537));
#1929=FACE_OUTER_BOUND('',#1930,.T.);
#1930=EDGE_LOOP('',(#5538));
#1931=CYLINDRICAL_SURFACE('',#1932,1.5);
#1932=AXIS2_PLACEMENT_3D('',#1933,#1934,#1935);
#1933=CARTESIAN_POINT('',(-68.801420689745,115.046297024932,10.));
#1934=DIRECTION('',(0.,0.,-1.));
#1935=DIRECTION('',(0.707106087092199,-0.707107475280215,0.));
#1936=FACE_OUTER_BOUND('',#1937,.T.);
#1937=EDGE_LOOP('',(#5539));
#1938=FACE_OUTER_BOUND('',#1939,.T.);
#1939=EDGE_LOOP('',(#5540));
#1940=CYLINDRICAL_SURFACE('',#1941,1.5);
#1941=AXIS2_PLACEMENT_3D('',#1942,#1943,#1944);
#1942=CARTESIAN_POINT('',(-51.8308412830407,132.016843115134,10.));
#1943=DIRECTION('',(0.,0.,-1.));
#1944=DIRECTION('',(-0.707107475280212,-0.707106087092202,0.));
#1945=FACE_OUTER_BOUND('',#1946,.T.);
#1946=EDGE_LOOP('',(#5541));
#1947=FACE_OUTER_BOUND('',#1948,.T.);
#1948=EDGE_LOOP('',(#5542));
#1949=CYLINDRICAL_SURFACE('',#1950,1.5);
#1950=AXIS2_PLACEMENT_3D('',#1951,#1952,#1953);
#1951=CARTESIAN_POINT('',(-34.1531127553638,192.120902163627,10.));
#1952=DIRECTION('',(0.,0.,-1.));
#1953=DIRECTION('',(-0.707107475280212,-0.707106087092202,0.));
#1954=FACE_OUTER_BOUND('',#1955,.T.);
#1955=EDGE_LOOP('',(#5543));
#1956=FACE_OUTER_BOUND('',#1957,.T.);
#1957=EDGE_LOOP('',(#5544));
#1958=CYLINDRICAL_SURFACE('',#1959,1.5);
#1959=AXIS2_PLACEMENT_3D('',#1960,#1961,#1962);
#1960=CARTESIAN_POINT('',(-12.9399301425978,170.907677905221,10.));
#1961=DIRECTION('',(0.,0.,-1.));
#1962=DIRECTION('',(-0.707107475280213,-0.7071060870922,0.));
#1963=FACE_OUTER_BOUND('',#1964,.T.);
#1964=EDGE_LOOP('',(#5545));
#1965=FACE_OUTER_BOUND('',#1966,.T.);
#1966=EDGE_LOOP('',(#5546));
#1967=CYLINDRICAL_SURFACE('',#1968,1.5);
#1968=AXIS2_PLACEMENT_3D('',#1969,#1970,#1971);
#1969=CARTESIAN_POINT('',(-5.86881374416576,220.40514564731,10.));
#1970=DIRECTION('',(0.,0.,-1.));
#1971=DIRECTION('',(-0.707106087092205,0.707107475280209,0.));
#1972=FACE_OUTER_BOUND('',#1973,.T.);
#1973=EDGE_LOOP('',(#5547));
#1974=FACE_OUTER_BOUND('',#1975,.T.);
#1975=EDGE_LOOP('',(#5548));
#1976=CYLINDRICAL_SURFACE('',#1977,1.5);
#1977=AXIS2_PLACEMENT_3D('',#1978,#1979,#1980);
#1978=CARTESIAN_POINT('',(15.3443688686003,199.191921388904,10.));
#1979=DIRECTION('',(0.,0.,-1.));
#1980=DIRECTION('',(-0.707106087092205,0.707107475280209,0.));
#1981=FACE_OUTER_BOUND('',#1982,.T.);
#1982=EDGE_LOOP('',(#5549));
#1983=FACE_OUTER_BOUND('',#1984,.T.);
#1984=EDGE_LOOP('',(#5550));
#1985=CYLINDRICAL_SURFACE('',#1986,1.5);
#1986=AXIS2_PLACEMENT_3D('',#1987,#1988,#1989);
#1987=CARTESIAN_POINT('',(115.046256810272,68.8013499647128,10.));
#1988=DIRECTION('',(0.,0.,-1.));
#1989=DIRECTION('',(-0.707107371446837,-0.707106190925765,0.));
#1990=FACE_OUTER_BOUND('',#1991,.T.);
#1991=EDGE_LOOP('',(#5551));
#1992=FACE_OUTER_BOUND('',#1993,.T.);
#1993=EDGE_LOOP('',(#5552));
#1994=CYLINDRICAL_SURFACE('',#1995,1.5);
#1995=AXIS2_PLACEMENT_3D('',#1996,#1997,#1998);
#1996=CARTESIAN_POINT('',(136.259477953677,90.0145356924857,10.));
#1997=DIRECTION('',(0.,0.,-1.));
#1998=DIRECTION('',(-0.707107371446837,-0.707106190925765,0.));
#1999=FACE_OUTER_BOUND('',#2000,.T.);
#2000=EDGE_LOOP('',(#5553));
#2001=FACE_OUTER_BOUND('',#2002,.T.);
#2002=EDGE_LOOP('',(#5554));
#2003=CYLINDRICAL_SURFACE('',#2004,1.5);
#2004=AXIS2_PLACEMENT_3D('',#2005,#2006,#2007);
#2005=CARTESIAN_POINT('',(153.230026535849,73.0439587777252,10.));
#2006=DIRECTION('',(0.,0.,-1.));
#2007=DIRECTION('',(-0.707106190925765,0.707107371446837,0.));
#2008=FACE_OUTER_BOUND('',#2009,.T.);
#2009=EDGE_LOOP('',(#5555));
#2010=FACE_OUTER_BOUND('',#2011,.T.);
#2011=EDGE_LOOP('',(#5556));
#2012=CYLINDRICAL_SURFACE('',#2013,1.5);
#2013=AXIS2_PLACEMENT_3D('',#2014,#2015,#2016);
#2014=CARTESIAN_POINT('',(132.016805392444,51.8307730499522,10.));
#2015=DIRECTION('',(0.,0.,-1.));
#2016=DIRECTION('',(-0.707106190925763,0.70710737144684,0.));
#2017=FACE_OUTER_BOUND('',#2018,.T.);
#2018=EDGE_LOOP('',(#5557));
#2019=FACE_OUTER_BOUND('',#2020,.T.);
#2020=EDGE_LOOP('',(#5558));
#2021=CYLINDRICAL_SURFACE('',#2022,1.5);
#2022=AXIS2_PLACEMENT_3D('',#2023,#2024,#2025);
#2023=CARTESIAN_POINT('',(170.907645893431,12.9398676204308,10.));
#2024=DIRECTION('',(0.,0.,-1.));
#2025=DIRECTION('',(-0.707106190925763,0.707107371446839,0.));
#2026=FACE_OUTER_BOUND('',#2027,.T.);
#2027=EDGE_LOOP('',(#5559));
#2028=FACE_OUTER_BOUND('',#2029,.T.);
#2029=EDGE_LOOP('',(#5560));
#2030=CYLINDRICAL_SURFACE('',#2031,1.5);
#2031=AXIS2_PLACEMENT_3D('',#2032,#2033,#2034);
#2032=CARTESIAN_POINT('',(192.120867036836,34.1530533482038,10.));
#2033=DIRECTION('',(0.,0.,-1.));
#2034=DIRECTION('',(-0.707106190925763,0.70710737144684,0.));
#2035=FACE_OUTER_BOUND('',#2036,.T.);
#2036=EDGE_LOOP('',(#5561));
#2037=FACE_OUTER_BOUND('',#2038,.T.);
#2038=EDGE_LOOP('',(#5562));
#2039=CYLINDRICAL_SURFACE('',#2040,1.5);
#2040=AXIS2_PLACEMENT_3D('',#2041,#2042,#2043);
#2041=CARTESIAN_POINT('',(220.405114673843,5.8687584903121,10.));
#2042=DIRECTION('',(0.,0.,-1.));
#2043=DIRECTION('',(0.707107371446835,0.707106190925767,0.));
#2044=FACE_OUTER_BOUND('',#2045,.T.);
#2045=EDGE_LOOP('',(#5563));
#2046=FACE_OUTER_BOUND('',#2047,.T.);
#2047=EDGE_LOOP('',(#5564));
#2048=CYLINDRICAL_SURFACE('',#2049,1.5);
#2049=AXIS2_PLACEMENT_3D('',#2050,#2051,#2052);
#2050=CARTESIAN_POINT('',(199.191893530438,-15.3444272374608,10.));
#2051=DIRECTION('',(0.,0.,-1.));
#2052=DIRECTION('',(0.707107371446835,0.707106190925767,0.));
#2053=FACE_OUTER_BOUND('',#2054,.T.);
#2054=EDGE_LOOP('',(#5565));
#2055=FACE_OUTER_BOUND('',#2056,.T.);
#2056=EDGE_LOOP('',(#5566));
#2057=CYLINDRICAL_SURFACE('',#2058,1.5);
#2058=AXIS2_PLACEMENT_3D('',#2059,#2060,#2061);
#2059=CARTESIAN_POINT('',(-68.8015067031925,-115.0462330844,10.));
#2060=DIRECTION('',(0.,0.,-1.));
#2061=DIRECTION('',(0.707106885020002,0.707106677353078,0.));
#2062=FACE_OUTER_BOUND('',#2063,.T.);
#2063=EDGE_LOOP('',(#5567));
#2064=FACE_OUTER_BOUND('',#2065,.T.);
#2065=EDGE_LOOP('',(#5568));
#2066=CYLINDRICAL_SURFACE('',#2067,1.5);
#2067=AXIS2_PLACEMENT_3D('',#2068,#2069,#2070);
#2068=CARTESIAN_POINT('',(-51.8309464466822,-132.016798324834,10.));
#2069=DIRECTION('',(0.,0.,-1.));
#2070=DIRECTION('',(-0.707106677353078,0.707106885020002,0.));
#2071=FACE_OUTER_BOUND('',#2072,.T.);
#2072=EDGE_LOOP('',(#5569));
#2073=FACE_OUTER_BOUND('',#2074,.T.);
#2074=EDGE_LOOP('',(#5570));
#2075=CYLINDRICAL_SURFACE('',#2076,1.5);
#2076=AXIS2_PLACEMENT_3D('',#2077,#2078,#2079);
#2077=CARTESIAN_POINT('',(-90.0147132537926,-136.259433404992,10.));
#2078=DIRECTION('',(0.,0.,-1.));
#2079=DIRECTION('',(0.707106885020007,0.707106677353073,0.));
#2080=FACE_OUTER_BOUND('',#2081,.T.);
#2081=EDGE_LOOP('',(#5571));
#2082=FACE_OUTER_BOUND('',#2083,.T.);
#2083=EDGE_LOOP('',(#5572));
#2084=CYLINDRICAL_SURFACE('',#2085,1.5);
#2085=AXIS2_PLACEMENT_3D('',#2086,#2087,#2088);
#2086=CARTESIAN_POINT('',(-73.0441529972823,-153.229998645426,10.));
#2087=DIRECTION('',(0.,0.,-1.));
#2088=DIRECTION('',(-0.707106677353078,0.707106885020002,0.));
#2089=FACE_OUTER_BOUND('',#2090,.T.);
#2090=EDGE_LOOP('',(#5573));
#2091=FACE_OUTER_BOUND('',#2092,.T.);
#2092=EDGE_LOOP('',(#5574));
#2093=CYLINDRICAL_SURFACE('',#2094,1.5);
#2094=AXIS2_PLACEMENT_3D('',#2095,#2096,#2097);
#2095=CARTESIAN_POINT('',(-12.9400791923177,-170.907677001003,10.));
#2096=DIRECTION('',(0.,0.,-1.));
#2097=DIRECTION('',(-0.707106677353078,0.707106885020002,0.));
#2098=FACE_OUTER_BOUND('',#2099,.T.);
#2099=EDGE_LOOP('',(#5575));
#2100=FACE_OUTER_BOUND('',#2101,.T.);
#2101=EDGE_LOOP('',(#5576));
#2102=CYLINDRICAL_SURFACE('',#2103,1.5);
#2103=AXIS2_PLACEMENT_3D('',#2104,#2105,#2106);
#2104=CARTESIAN_POINT('',(-34.1532857429177,-192.120877321596,10.));
#2105=DIRECTION('',(0.,0.,-1.));
#2106=DIRECTION('',(-0.707106677353078,0.707106885020002,0.));
#2107=FACE_OUTER_BOUND('',#2108,.T.);
#2108=EDGE_LOOP('',(#5577));
#2109=FACE_OUTER_BOUND('',#2110,.T.);
#2110=EDGE_LOOP('',(#5578));
#2111=CYLINDRICAL_SURFACE('',#2112,1.5);
#2112=AXIS2_PLACEMENT_3D('',#2113,#2114,#2115);
#2113=CARTESIAN_POINT('',(15.3441879018236,-199.19195240178,10.));
#2114=DIRECTION('',(0.,0.,-1.));
#2115=DIRECTION('',(-0.707106885019998,-0.707106677353082,0.));
#2116=FACE_OUTER_BOUND('',#2117,.T.);
#2117=EDGE_LOOP('',(#5579));
#2118=FACE_OUTER_BOUND('',#2119,.T.);
#2119=EDGE_LOOP('',(#5580));
#2120=CYLINDRICAL_SURFACE('',#2121,1.5);
#2121=AXIS2_PLACEMENT_3D('',#2122,#2123,#2124);
#2122=CARTESIAN_POINT('',(-5.86901864877645,-220.405152722373,10.));
#2123=DIRECTION('',(0.,0.,-1.));
#2124=DIRECTION('',(-0.707106885019998,-0.707106677353082,0.));
#2125=FACE_OUTER_BOUND('',#2126,.T.);
#2126=EDGE_LOOP('',(#5581));
#2127=FACE_OUTER_BOUND('',#2128,.T.);
#2128=EDGE_LOOP('',(#5582));
#2129=CYLINDRICAL_SURFACE('',#2130,1.5);
#2130=AXIS2_PLACEMENT_3D('',#2131,#2132,#2133);
#2131=CARTESIAN_POINT('',(-127.000051,219.970419,0.));
#2132=DIRECTION('',(0.,0.,-1.));
#2133=DIRECTION('',(1.,0.,0.));
#2134=FACE_OUTER_BOUND('',#2135,.T.);
#2135=EDGE_LOOP('',(#5583));
#2136=FACE_OUTER_BOUND('',#2137,.T.);
#2137=EDGE_LOOP('',(#5584));
#2138=CYLINDRICAL_SURFACE('',#2139,1.5);
#2139=AXIS2_PLACEMENT_3D('',#2140,#2141,#2142);
#2140=CARTESIAN_POINT('',(126.999894,219.970501,0.));
#2141=DIRECTION('',(0.,0.,-1.));
#2142=DIRECTION('',(1.,0.,0.));
#2143=FACE_OUTER_BOUND('',#2144,.T.);
#2144=EDGE_LOOP('',(#5585));
#2145=FACE_OUTER_BOUND('',#2146,.T.);
#2146=EDGE_LOOP('',(#5586));
#2147=CYLINDRICAL_SURFACE('',#2148,1.5);
#2148=AXIS2_PLACEMENT_3D('',#2149,#2150,#2151);
#2149=CARTESIAN_POINT('',(219.970371,127.000116,0.));
#2150=DIRECTION('',(0.,0.,-1.));
#2151=DIRECTION('',(1.,0.,0.));
#2152=FACE_OUTER_BOUND('',#2153,.T.);
#2153=EDGE_LOOP('',(#5587));
#2154=FACE_OUTER_BOUND('',#2155,.T.);
#2155=EDGE_LOOP('',(#5588));
#2156=CYLINDRICAL_SURFACE('',#2157,1.5);
#2157=AXIS2_PLACEMENT_3D('',#2158,#2159,#2160);
#2158=CARTESIAN_POINT('',(57.354497,-31.191577,0.));
#2159=DIRECTION('',(0.,0.,-1.));
#2160=DIRECTION('',(1.,0.,0.));
#2161=FACE_OUTER_BOUND('',#2162,.T.);
#2162=EDGE_LOOP('',(#5589));
#2163=FACE_OUTER_BOUND('',#2164,.T.);
#2164=EDGE_LOOP('',(#5590));
#2165=CYLINDRICAL_SURFACE('',#2166,1.5);
#2166=AXIS2_PLACEMENT_3D('',#2167,#2168,#2169);
#2167=CARTESIAN_POINT('',(-57.35450117886,31.191577192198,0.));
#2168=DIRECTION('',(0.,0.,-1.));
#2169=DIRECTION('',(1.,0.,0.));
#2170=FACE_OUTER_BOUND('',#2171,.T.);
#2171=EDGE_LOOP('',(#5591));
#2172=FACE_OUTER_BOUND('',#2173,.T.);
#2173=EDGE_LOOP('',(#5592));
#2174=CYLINDRICAL_SURFACE('',#2175,1.5);
#2175=AXIS2_PLACEMENT_3D('',#2176,#2177,#2178);
#2176=CARTESIAN_POINT('',(-57.35450972878,83.517479,0.));
#2177=DIRECTION('',(0.,0.,-1.));
#2178=DIRECTION('',(1.,0.,0.));
#2179=FACE_OUTER_BOUND('',#2180,.T.);
#2180=EDGE_LOOP('',(#5593));
#2181=FACE_OUTER_BOUND('',#2182,.T.);
#2182=EDGE_LOOP('',(#5594));
#2183=CYLINDRICAL_SURFACE('',#2184,1.5);
#2184=AXIS2_PLACEMENT_3D('',#2185,#2186,#2187);
#2185=CARTESIAN_POINT('',(-83.51745635772,57.35452382114,0.));
#2186=DIRECTION('',(0.,0.,-1.));
#2187=DIRECTION('',(1.,0.,0.));
#2188=FACE_OUTER_BOUND('',#2189,.T.);
#2189=EDGE_LOOP('',(#5595));
#2190=FACE_OUTER_BOUND('',#2191,.T.);
#2191=EDGE_LOOP('',(#5596));
#2192=CYLINDRICAL_SURFACE('',#2193,1.5);
#2193=AXIS2_PLACEMENT_3D('',#2194,#2195,#2196);
#2194=CARTESIAN_POINT('',(83.517452,-57.354524,0.));
#2195=DIRECTION('',(0.,0.,-1.));
#2196=DIRECTION('',(1.,0.,0.));
#2197=FACE_OUTER_BOUND('',#2198,.T.);
#2198=EDGE_LOOP('',(#5597));
#2199=FACE_OUTER_BOUND('',#2200,.T.);
#2200=EDGE_LOOP('',(#5598));
#2201=CYLINDRICAL_SURFACE('',#2202,1.5);
#2202=AXIS2_PLACEMENT_3D('',#2203,#2204,#2205);
#2203=CARTESIAN_POINT('',(57.354506,-83.517479,0.));
#2204=DIRECTION('',(0.,0.,-1.));
#2205=DIRECTION('',(1.,0.,0.));
#2206=FACE_OUTER_BOUND('',#2207,.T.);
#2207=EDGE_LOOP('',(#5599));
#2208=FACE_OUTER_BOUND('',#2209,.T.);
#2209=EDGE_LOOP('',(#5600));
#2210=CYLINDRICAL_SURFACE('',#2211,1.5);
#2211=AXIS2_PLACEMENT_3D('',#2212,#2213,#2214);
#2212=CARTESIAN_POINT('',(72.5,-72.5,0.));
#2213=DIRECTION('',(0.,0.,-1.));
#2214=DIRECTION('',(1.,0.,0.));
#2215=FACE_OUTER_BOUND('',#2216,.T.);
#2216=EDGE_LOOP('',(#5601));
#2217=FACE_OUTER_BOUND('',#2218,.T.);
#2218=EDGE_LOOP('',(#5602));
#2219=CYLINDRICAL_SURFACE('',#2220,1.5);
#2220=AXIS2_PLACEMENT_3D('',#2221,#2222,#2223);
#2221=CARTESIAN_POINT('',(-72.5,72.5,0.));
#2222=DIRECTION('',(0.,0.,-1.));
#2223=DIRECTION('',(1.,0.,0.));
#2224=FACE_OUTER_BOUND('',#2225,.T.);
#2225=EDGE_LOOP('',(#5603));
#2226=FACE_OUTER_BOUND('',#2227,.T.);
#2227=EDGE_LOOP('',(#5604));
#2228=CYLINDRICAL_SURFACE('',#2229,1.5);
#2229=AXIS2_PLACEMENT_3D('',#2230,#2231,#2232);
#2230=CARTESIAN_POINT('',(-217.,15.,0.));
#2231=DIRECTION('',(0.,0.,-1.));
#2232=DIRECTION('',(1.,0.,0.));
#2233=FACE_OUTER_BOUND('',#2234,.T.);
#2234=EDGE_LOOP('',(#5605));
#2235=FACE_OUTER_BOUND('',#2236,.T.);
#2236=EDGE_LOOP('',(#5606));
#2237=CYLINDRICAL_SURFACE('',#2238,1.5);
#2238=AXIS2_PLACEMENT_3D('',#2239,#2240,#2241);
#2239=CARTESIAN_POINT('',(-177.,15.,0.));
#2240=DIRECTION('',(0.,0.,-1.));
#2241=DIRECTION('',(1.,0.,0.));
#2242=FACE_OUTER_BOUND('',#2243,.T.);
#2243=EDGE_LOOP('',(#5607));
#2244=FACE_OUTER_BOUND('',#2245,.T.);
#2245=EDGE_LOOP('',(#5608));
#2246=CYLINDRICAL_SURFACE('',#2247,1.5);
#2247=AXIS2_PLACEMENT_3D('',#2248,#2249,#2250);
#2248=CARTESIAN_POINT('',(-217.,-15.,0.));
#2249=DIRECTION('',(0.,0.,-1.));
#2250=DIRECTION('',(1.,0.,0.));
#2251=FACE_OUTER_BOUND('',#2252,.T.);
#2252=EDGE_LOOP('',(#5609));
#2253=FACE_OUTER_BOUND('',#2254,.T.);
#2254=EDGE_LOOP('',(#5610));
#2255=CYLINDRICAL_SURFACE('',#2256,1.5);
#2256=AXIS2_PLACEMENT_3D('',#2257,#2258,#2259);
#2257=CARTESIAN_POINT('',(-177.,-15.,0.));
#2258=DIRECTION('',(0.,0.,-1.));
#2259=DIRECTION('',(1.,0.,0.));
#2260=FACE_OUTER_BOUND('',#2261,.T.);
#2261=EDGE_LOOP('',(#5611));
#2262=FACE_OUTER_BOUND('',#2263,.T.);
#2263=EDGE_LOOP('',(#5612));
#2264=CYLINDRICAL_SURFACE('',#2265,1.5);
#2265=AXIS2_PLACEMENT_3D('',#2266,#2267,#2268);
#2266=CARTESIAN_POINT('',(-15.,-217.,0.));
#2267=DIRECTION('',(0.,0.,-1.));
#2268=DIRECTION('',(1.,0.,0.));
#2269=FACE_OUTER_BOUND('',#2270,.T.);
#2270=EDGE_LOOP('',(#5613));
#2271=FACE_OUTER_BOUND('',#2272,.T.);
#2272=EDGE_LOOP('',(#5614));
#2273=CYLINDRICAL_SURFACE('',#2274,1.5);
#2274=AXIS2_PLACEMENT_3D('',#2275,#2276,#2277);
#2275=CARTESIAN_POINT('',(-15.,-177.,0.));
#2276=DIRECTION('',(0.,0.,-1.));
#2277=DIRECTION('',(1.,0.,0.));
#2278=FACE_OUTER_BOUND('',#2279,.T.);
#2279=EDGE_LOOP('',(#5615));
#2280=FACE_OUTER_BOUND('',#2281,.T.);
#2281=EDGE_LOOP('',(#5616));
#2282=CYLINDRICAL_SURFACE('',#2283,1.5);
#2283=AXIS2_PLACEMENT_3D('',#2284,#2285,#2286);
#2284=CARTESIAN_POINT('',(15.,-217.,0.));
#2285=DIRECTION('',(0.,0.,-1.));
#2286=DIRECTION('',(1.,0.,0.));
#2287=FACE_OUTER_BOUND('',#2288,.T.);
#2288=EDGE_LOOP('',(#5617));
#2289=FACE_OUTER_BOUND('',#2290,.T.);
#2290=EDGE_LOOP('',(#5618));
#2291=CYLINDRICAL_SURFACE('',#2292,1.5);
#2292=AXIS2_PLACEMENT_3D('',#2293,#2294,#2295);
#2293=CARTESIAN_POINT('',(15.,-177.,0.));
#2294=DIRECTION('',(0.,0.,-1.));
#2295=DIRECTION('',(1.,0.,0.));
#2296=FACE_OUTER_BOUND('',#2297,.T.);
#2297=EDGE_LOOP('',(#5619));
#2298=FACE_OUTER_BOUND('',#2299,.T.);
#2299=EDGE_LOOP('',(#5620));
#2300=CYLINDRICAL_SURFACE('',#2301,1.5);
#2301=AXIS2_PLACEMENT_3D('',#2302,#2303,#2304);
#2302=CARTESIAN_POINT('',(217.,-15.,0.));
#2303=DIRECTION('',(0.,0.,-1.));
#2304=DIRECTION('',(1.,0.,0.));
#2305=FACE_OUTER_BOUND('',#2306,.T.);
#2306=EDGE_LOOP('',(#5621));
#2307=FACE_OUTER_BOUND('',#2308,.T.);
#2308=EDGE_LOOP('',(#5622));
#2309=CYLINDRICAL_SURFACE('',#2310,1.5);
#2310=AXIS2_PLACEMENT_3D('',#2311,#2312,#2313);
#2311=CARTESIAN_POINT('',(177.,-15.,0.));
#2312=DIRECTION('',(0.,0.,-1.));
#2313=DIRECTION('',(1.,0.,0.));
#2314=FACE_OUTER_BOUND('',#2315,.T.);
#2315=EDGE_LOOP('',(#5623));
#2316=FACE_OUTER_BOUND('',#2317,.T.);
#2317=EDGE_LOOP('',(#5624));
#2318=CYLINDRICAL_SURFACE('',#2319,1.5);
#2319=AXIS2_PLACEMENT_3D('',#2320,#2321,#2322);
#2320=CARTESIAN_POINT('',(217.,15.,0.));
#2321=DIRECTION('',(0.,0.,-1.));
#2322=DIRECTION('',(1.,0.,0.));
#2323=FACE_OUTER_BOUND('',#2324,.T.);
#2324=EDGE_LOOP('',(#5625));
#2325=FACE_OUTER_BOUND('',#2326,.T.);
#2326=EDGE_LOOP('',(#5626));
#2327=CYLINDRICAL_SURFACE('',#2328,1.5);
#2328=AXIS2_PLACEMENT_3D('',#2329,#2330,#2331);
#2329=CARTESIAN_POINT('',(177.,15.,0.));
#2330=DIRECTION('',(0.,0.,-1.));
#2331=DIRECTION('',(1.,0.,0.));
#2332=FACE_OUTER_BOUND('',#2333,.T.);
#2333=EDGE_LOOP('',(#5627));
#2334=FACE_OUTER_BOUND('',#2335,.T.);
#2335=EDGE_LOOP('',(#5628));
#2336=CYLINDRICAL_SURFACE('',#2337,1.5);
#2337=AXIS2_PLACEMENT_3D('',#2338,#2339,#2340);
#2338=CARTESIAN_POINT('',(15.,217.,0.));
#2339=DIRECTION('',(0.,0.,-1.));
#2340=DIRECTION('',(1.,0.,0.));
#2341=FACE_OUTER_BOUND('',#2342,.T.);
#2342=EDGE_LOOP('',(#5629));
#2343=FACE_OUTER_BOUND('',#2344,.T.);
#2344=EDGE_LOOP('',(#5630));
#2345=CYLINDRICAL_SURFACE('',#2346,1.5);
#2346=AXIS2_PLACEMENT_3D('',#2347,#2348,#2349);
#2347=CARTESIAN_POINT('',(15.,177.,0.));
#2348=DIRECTION('',(0.,0.,-1.));
#2349=DIRECTION('',(1.,0.,0.));
#2350=FACE_OUTER_BOUND('',#2351,.T.);
#2351=EDGE_LOOP('',(#5631));
#2352=FACE_OUTER_BOUND('',#2353,.T.);
#2353=EDGE_LOOP('',(#5632));
#2354=CYLINDRICAL_SURFACE('',#2355,1.5);
#2355=AXIS2_PLACEMENT_3D('',#2356,#2357,#2358);
#2356=CARTESIAN_POINT('',(-15.,217.,0.));
#2357=DIRECTION('',(0.,0.,-1.));
#2358=DIRECTION('',(1.,0.,0.));
#2359=FACE_OUTER_BOUND('',#2360,.T.);
#2360=EDGE_LOOP('',(#5633));
#2361=FACE_OUTER_BOUND('',#2362,.T.);
#2362=EDGE_LOOP('',(#5634));
#2363=CYLINDRICAL_SURFACE('',#2364,1.5);
#2364=AXIS2_PLACEMENT_3D('',#2365,#2366,#2367);
#2365=CARTESIAN_POINT('',(-15.,177.,0.));
#2366=DIRECTION('',(0.,0.,-1.));
#2367=DIRECTION('',(1.,0.,0.));
#2368=FACE_OUTER_BOUND('',#2369,.T.);
#2369=EDGE_LOOP('',(#5635));
#2370=FACE_OUTER_BOUND('',#2371,.T.);
#2371=EDGE_LOOP('',(#5636));
#2372=CYLINDRICAL_SURFACE('',#2373,1.5);
#2373=AXIS2_PLACEMENT_3D('',#2374,#2375,#2376);
#2374=CARTESIAN_POINT('',(235.999992918,0.,0.));
#2375=DIRECTION('',(0.,0.,-1.));
#2376=DIRECTION('',(1.,0.,0.));
#2377=FACE_OUTER_BOUND('',#2378,.T.);
#2378=EDGE_LOOP('',(#5637));
#2379=FACE_OUTER_BOUND('',#2380,.T.);
#2380=EDGE_LOOP('',(#5638));
#2381=CYLINDRICAL_SURFACE('',#2382,1.5);
#2382=AXIS2_PLACEMENT_3D('',#2383,#2384,#2385);
#2383=CARTESIAN_POINT('',(235.101949,20.568755,0.));
#2384=DIRECTION('',(0.,0.,-1.));
#2385=DIRECTION('',(1.,0.,0.));
#2386=FACE_OUTER_BOUND('',#2387,.T.);
#2387=EDGE_LOOP('',(#5639));
#2388=FACE_OUTER_BOUND('',#2389,.T.);
#2389=EDGE_LOOP('',(#5640));
#2390=CYLINDRICAL_SURFACE('',#2391,1.5);
#2391=AXIS2_PLACEMENT_3D('',#2392,#2393,#2394);
#2392=CARTESIAN_POINT('',(232.41463,40.98097,0.));
#2393=DIRECTION('',(0.,0.,-1.));
#2394=DIRECTION('',(1.,0.,0.));
#2395=FACE_OUTER_BOUND('',#2396,.T.);
#2396=EDGE_LOOP('',(#5641));
#2397=FACE_OUTER_BOUND('',#2398,.T.);
#2398=EDGE_LOOP('',(#5642));
#2399=CYLINDRICAL_SURFACE('',#2400,1.5);
#2400=AXIS2_PLACEMENT_3D('',#2401,#2402,#2403);
#2401=CARTESIAN_POINT('',(227.958495,61.081295,0.));
#2402=DIRECTION('',(0.,0.,-1.));
#2403=DIRECTION('',(1.,0.,0.));
#2404=FACE_OUTER_BOUND('',#2405,.T.);
#2405=EDGE_LOOP('',(#5643));
#2406=FACE_OUTER_BOUND('',#2407,.T.);
#2407=EDGE_LOOP('',(#5644));
#2408=CYLINDRICAL_SURFACE('',#2409,1.5);
#2409=AXIS2_PLACEMENT_3D('',#2410,#2411,#2412);
#2410=CARTESIAN_POINT('',(221.767459,80.716754,0.));
#2411=DIRECTION('',(0.,0.,-1.));
#2412=DIRECTION('',(1.,0.,0.));
#2413=FACE_OUTER_BOUND('',#2414,.T.);
#2414=EDGE_LOOP('',(#5645));
#2415=FACE_OUTER_BOUND('',#2416,.T.);
#2416=EDGE_LOOP('',(#5646));
#2417=CYLINDRICAL_SURFACE('',#2418,1.5);
#2418=AXIS2_PLACEMENT_3D('',#2419,#2420,#2421);
#2419=CARTESIAN_POINT('',(213.888638,99.73791,0.));
#2420=DIRECTION('',(0.,0.,-1.));
#2421=DIRECTION('',(1.,0.,0.));
#2422=FACE_OUTER_BOUND('',#2423,.T.);
#2423=EDGE_LOOP('',(#5647));
#2424=FACE_OUTER_BOUND('',#2425,.T.);
#2425=EDGE_LOOP('',(#5648));
#2426=CYLINDRICAL_SURFACE('',#2427,1.5);
#2427=AXIS2_PLACEMENT_3D('',#2428,#2429,#2430);
#2428=CARTESIAN_POINT('',(204.381995,118.,0.));
#2429=DIRECTION('',(0.,0.,-1.));
#2430=DIRECTION('',(1.,0.,0.));
#2431=FACE_OUTER_BOUND('',#2432,.T.);
#2432=EDGE_LOOP('',(#5649));
#2433=FACE_OUTER_BOUND('',#2434,.T.);
#2434=EDGE_LOOP('',(#5650));
#2435=CYLINDRICAL_SURFACE('',#2436,1.5);
#2436=AXIS2_PLACEMENT_3D('',#2437,#2438,#2439);
#2437=CARTESIAN_POINT('',(193.319882,135.364039,0.));
#2438=DIRECTION('',(0.,0.,-1.));
#2439=DIRECTION('',(1.,0.,0.));
#2440=FACE_OUTER_BOUND('',#2441,.T.);
#2441=EDGE_LOOP('',(#5651));
#2442=FACE_OUTER_BOUND('',#2443,.T.);
#2443=EDGE_LOOP('',(#5652));
#2444=CYLINDRICAL_SURFACE('',#2445,1.5);
#2445=AXIS2_PLACEMENT_3D('',#2446,#2447,#2448);
#2446=CARTESIAN_POINT('',(180.786489,151.697876,0.));
#2447=DIRECTION('',(0.,0.,-1.));
#2448=DIRECTION('',(1.,0.,0.));
#2449=FACE_OUTER_BOUND('',#2450,.T.);
#2450=EDGE_LOOP('',(#5653));
#2451=FACE_OUTER_BOUND('',#2452,.T.);
#2452=EDGE_LOOP('',(#5654));
#2453=CYLINDRICAL_SURFACE('',#2454,1.5);
#2454=AXIS2_PLACEMENT_3D('',#2455,#2456,#2457);
#2455=CARTESIAN_POINT('',(166.8772,166.8772,0.));
#2456=DIRECTION('',(0.,0.,-1.));
#2457=DIRECTION('',(1.,0.,0.));
#2458=FACE_OUTER_BOUND('',#2459,.T.);
#2459=EDGE_LOOP('',(#5655));
#2460=FACE_OUTER_BOUND('',#2461,.T.);
#2461=EDGE_LOOP('',(#5656));
#2462=CYLINDRICAL_SURFACE('',#2463,1.5);
#2463=AXIS2_PLACEMENT_3D('',#2464,#2465,#2466);
#2464=CARTESIAN_POINT('',(151.697876,180.786489,0.));
#2465=DIRECTION('',(0.,0.,-1.));
#2466=DIRECTION('',(1.,0.,0.));
#2467=FACE_OUTER_BOUND('',#2468,.T.);
#2468=EDGE_LOOP('',(#5657));
#2469=FACE_OUTER_BOUND('',#2470,.T.);
#2470=EDGE_LOOP('',(#5658));
#2471=CYLINDRICAL_SURFACE('',#2472,1.5);
#2472=AXIS2_PLACEMENT_3D('',#2473,#2474,#2475);
#2473=CARTESIAN_POINT('',(135.364039,193.319882,0.));
#2474=DIRECTION('',(0.,0.,-1.));
#2475=DIRECTION('',(1.,0.,0.));
#2476=FACE_OUTER_BOUND('',#2477,.T.);
#2477=EDGE_LOOP('',(#5659));
#2478=FACE_OUTER_BOUND('',#2479,.T.);
#2479=EDGE_LOOP('',(#5660));
#2480=CYLINDRICAL_SURFACE('',#2481,1.5);
#2481=AXIS2_PLACEMENT_3D('',#2482,#2483,#2484);
#2482=CARTESIAN_POINT('',(118.,204.381995,0.));
#2483=DIRECTION('',(0.,0.,-1.));
#2484=DIRECTION('',(1.,0.,0.));
#2485=FACE_OUTER_BOUND('',#2486,.T.);
#2486=EDGE_LOOP('',(#5661));
#2487=FACE_OUTER_BOUND('',#2488,.T.);
#2488=EDGE_LOOP('',(#5662));
#2489=CYLINDRICAL_SURFACE('',#2490,1.5);
#2490=AXIS2_PLACEMENT_3D('',#2491,#2492,#2493);
#2491=CARTESIAN_POINT('',(99.73791,213.888638,0.));
#2492=DIRECTION('',(0.,0.,-1.));
#2493=DIRECTION('',(1.,0.,0.));
#2494=FACE_OUTER_BOUND('',#2495,.T.);
#2495=EDGE_LOOP('',(#5663));
#2496=FACE_OUTER_BOUND('',#2497,.T.);
#2497=EDGE_LOOP('',(#5664));
#2498=CYLINDRICAL_SURFACE('',#2499,1.5);
#2499=AXIS2_PLACEMENT_3D('',#2500,#2501,#2502);
#2500=CARTESIAN_POINT('',(80.716754,221.767459,0.));
#2501=DIRECTION('',(0.,0.,-1.));
#2502=DIRECTION('',(1.,0.,0.));
#2503=FACE_OUTER_BOUND('',#2504,.T.);
#2504=EDGE_LOOP('',(#5665));
#2505=FACE_OUTER_BOUND('',#2506,.T.);
#2506=EDGE_LOOP('',(#5666));
#2507=CYLINDRICAL_SURFACE('',#2508,1.5);
#2508=AXIS2_PLACEMENT_3D('',#2509,#2510,#2511);
#2509=CARTESIAN_POINT('',(61.081295,227.958495,0.));
#2510=DIRECTION('',(0.,0.,-1.));
#2511=DIRECTION('',(1.,0.,0.));
#2512=FACE_OUTER_BOUND('',#2513,.T.);
#2513=EDGE_LOOP('',(#5667));
#2514=FACE_OUTER_BOUND('',#2515,.T.);
#2515=EDGE_LOOP('',(#5668));
#2516=CYLINDRICAL_SURFACE('',#2517,1.5);
#2517=AXIS2_PLACEMENT_3D('',#2518,#2519,#2520);
#2518=CARTESIAN_POINT('',(40.98097,232.41463,0.));
#2519=DIRECTION('',(0.,0.,-1.));
#2520=DIRECTION('',(1.,0.,0.));
#2521=FACE_OUTER_BOUND('',#2522,.T.);
#2522=EDGE_LOOP('',(#5669));
#2523=FACE_OUTER_BOUND('',#2524,.T.);
#2524=EDGE_LOOP('',(#5670));
#2525=CYLINDRICAL_SURFACE('',#2526,1.5);
#2526=AXIS2_PLACEMENT_3D('',#2527,#2528,#2529);
#2527=CARTESIAN_POINT('',(20.568755,235.101949,0.));
#2528=DIRECTION('',(0.,0.,-1.));
#2529=DIRECTION('',(1.,0.,0.));
#2530=FACE_OUTER_BOUND('',#2531,.T.);
#2531=EDGE_LOOP('',(#5671));
#2532=FACE_OUTER_BOUND('',#2533,.T.);
#2533=EDGE_LOOP('',(#5672));
#2534=CYLINDRICAL_SURFACE('',#2535,1.5);
#2535=AXIS2_PLACEMENT_3D('',#2536,#2537,#2538);
#2536=CARTESIAN_POINT('',(0.,236.,0.));
#2537=DIRECTION('',(0.,0.,-1.));
#2538=DIRECTION('',(1.,0.,0.));
#2539=FACE_OUTER_BOUND('',#2540,.T.);
#2540=EDGE_LOOP('',(#5673));
#2541=FACE_OUTER_BOUND('',#2542,.T.);
#2542=EDGE_LOOP('',(#5674));
#2543=CYLINDRICAL_SURFACE('',#2544,1.5);
#2544=AXIS2_PLACEMENT_3D('',#2545,#2546,#2547);
#2545=CARTESIAN_POINT('',(0.,236.,0.));
#2546=DIRECTION('',(0.,0.,-1.));
#2547=DIRECTION('',(1.,0.,0.));
#2548=FACE_OUTER_BOUND('',#2549,.T.);
#2549=EDGE_LOOP('',(#5675));
#2550=FACE_OUTER_BOUND('',#2551,.T.);
#2551=EDGE_LOOP('',(#5676));
#2552=CYLINDRICAL_SURFACE('',#2553,1.5);
#2553=AXIS2_PLACEMENT_3D('',#2554,#2555,#2556);
#2554=CARTESIAN_POINT('',(235.101949,-20.568755,0.));
#2555=DIRECTION('',(0.,0.,-1.));
#2556=DIRECTION('',(1.,0.,0.));
#2557=FACE_OUTER_BOUND('',#2558,.T.);
#2558=EDGE_LOOP('',(#5677));
#2559=FACE_OUTER_BOUND('',#2560,.T.);
#2560=EDGE_LOOP('',(#5678));
#2561=CYLINDRICAL_SURFACE('',#2562,1.5);
#2562=AXIS2_PLACEMENT_3D('',#2563,#2564,#2565);
#2563=CARTESIAN_POINT('',(232.41463,-40.98097,0.));
#2564=DIRECTION('',(0.,0.,-1.));
#2565=DIRECTION('',(1.,0.,0.));
#2566=FACE_OUTER_BOUND('',#2567,.T.);
#2567=EDGE_LOOP('',(#5679));
#2568=FACE_OUTER_BOUND('',#2569,.T.);
#2569=EDGE_LOOP('',(#5680));
#2570=CYLINDRICAL_SURFACE('',#2571,1.5);
#2571=AXIS2_PLACEMENT_3D('',#2572,#2573,#2574);
#2572=CARTESIAN_POINT('',(227.958495,-61.081295,0.));
#2573=DIRECTION('',(0.,0.,-1.));
#2574=DIRECTION('',(1.,0.,0.));
#2575=FACE_OUTER_BOUND('',#2576,.T.);
#2576=EDGE_LOOP('',(#5681));
#2577=FACE_OUTER_BOUND('',#2578,.T.);
#2578=EDGE_LOOP('',(#5682));
#2579=CYLINDRICAL_SURFACE('',#2580,1.5);
#2580=AXIS2_PLACEMENT_3D('',#2581,#2582,#2583);
#2581=CARTESIAN_POINT('',(221.767459,-80.716754,0.));
#2582=DIRECTION('',(0.,0.,-1.));
#2583=DIRECTION('',(1.,0.,0.));
#2584=FACE_OUTER_BOUND('',#2585,.T.);
#2585=EDGE_LOOP('',(#5683));
#2586=FACE_OUTER_BOUND('',#2587,.T.);
#2587=EDGE_LOOP('',(#5684));
#2588=CYLINDRICAL_SURFACE('',#2589,1.5);
#2589=AXIS2_PLACEMENT_3D('',#2590,#2591,#2592);
#2590=CARTESIAN_POINT('',(213.888638,-99.73791,0.));
#2591=DIRECTION('',(0.,0.,-1.));
#2592=DIRECTION('',(1.,0.,0.));
#2593=FACE_OUTER_BOUND('',#2594,.T.);
#2594=EDGE_LOOP('',(#5685));
#2595=FACE_OUTER_BOUND('',#2596,.T.);
#2596=EDGE_LOOP('',(#5686));
#2597=CYLINDRICAL_SURFACE('',#2598,1.5);
#2598=AXIS2_PLACEMENT_3D('',#2599,#2600,#2601);
#2599=CARTESIAN_POINT('',(204.381995,-118.,0.));
#2600=DIRECTION('',(0.,0.,-1.));
#2601=DIRECTION('',(1.,0.,0.));
#2602=FACE_OUTER_BOUND('',#2603,.T.);
#2603=EDGE_LOOP('',(#5687));
#2604=FACE_OUTER_BOUND('',#2605,.T.);
#2605=EDGE_LOOP('',(#5688));
#2606=CYLINDRICAL_SURFACE('',#2607,1.5);
#2607=AXIS2_PLACEMENT_3D('',#2608,#2609,#2610);
#2608=CARTESIAN_POINT('',(193.319882,-135.364039,0.));
#2609=DIRECTION('',(0.,0.,-1.));
#2610=DIRECTION('',(1.,0.,0.));
#2611=FACE_OUTER_BOUND('',#2612,.T.);
#2612=EDGE_LOOP('',(#5689));
#2613=FACE_OUTER_BOUND('',#2614,.T.);
#2614=EDGE_LOOP('',(#5690));
#2615=CYLINDRICAL_SURFACE('',#2616,1.5);
#2616=AXIS2_PLACEMENT_3D('',#2617,#2618,#2619);
#2617=CARTESIAN_POINT('',(180.786489,-151.697876,0.));
#2618=DIRECTION('',(0.,0.,-1.));
#2619=DIRECTION('',(1.,0.,0.));
#2620=FACE_OUTER_BOUND('',#2621,.T.);
#2621=EDGE_LOOP('',(#5691));
#2622=FACE_OUTER_BOUND('',#2623,.T.);
#2623=EDGE_LOOP('',(#5692));
#2624=CYLINDRICAL_SURFACE('',#2625,1.5);
#2625=AXIS2_PLACEMENT_3D('',#2626,#2627,#2628);
#2626=CARTESIAN_POINT('',(166.8772,-166.8772,0.));
#2627=DIRECTION('',(0.,0.,-1.));
#2628=DIRECTION('',(1.,0.,0.));
#2629=FACE_OUTER_BOUND('',#2630,.T.);
#2630=EDGE_LOOP('',(#5693));
#2631=FACE_OUTER_BOUND('',#2632,.T.);
#2632=EDGE_LOOP('',(#5694));
#2633=CYLINDRICAL_SURFACE('',#2634,1.5);
#2634=AXIS2_PLACEMENT_3D('',#2635,#2636,#2637);
#2635=CARTESIAN_POINT('',(151.697876,-180.786489,0.));
#2636=DIRECTION('',(0.,0.,-1.));
#2637=DIRECTION('',(1.,0.,0.));
#2638=FACE_OUTER_BOUND('',#2639,.T.);
#2639=EDGE_LOOP('',(#5695));
#2640=FACE_OUTER_BOUND('',#2641,.T.);
#2641=EDGE_LOOP('',(#5696));
#2642=CYLINDRICAL_SURFACE('',#2643,1.5);
#2643=AXIS2_PLACEMENT_3D('',#2644,#2645,#2646);
#2644=CARTESIAN_POINT('',(135.364039,-193.319882,0.));
#2645=DIRECTION('',(0.,0.,-1.));
#2646=DIRECTION('',(1.,0.,0.));
#2647=FACE_OUTER_BOUND('',#2648,.T.);
#2648=EDGE_LOOP('',(#5697));
#2649=FACE_OUTER_BOUND('',#2650,.T.);
#2650=EDGE_LOOP('',(#5698));
#2651=CYLINDRICAL_SURFACE('',#2652,1.5);
#2652=AXIS2_PLACEMENT_3D('',#2653,#2654,#2655);
#2653=CARTESIAN_POINT('',(118.,-204.381995,0.));
#2654=DIRECTION('',(0.,0.,-1.));
#2655=DIRECTION('',(1.,0.,0.));
#2656=FACE_OUTER_BOUND('',#2657,.T.);
#2657=EDGE_LOOP('',(#5699));
#2658=FACE_OUTER_BOUND('',#2659,.T.);
#2659=EDGE_LOOP('',(#5700));
#2660=CYLINDRICAL_SURFACE('',#2661,1.5);
#2661=AXIS2_PLACEMENT_3D('',#2662,#2663,#2664);
#2662=CARTESIAN_POINT('',(99.73791,-213.888638,0.));
#2663=DIRECTION('',(0.,0.,-1.));
#2664=DIRECTION('',(1.,0.,0.));
#2665=FACE_OUTER_BOUND('',#2666,.T.);
#2666=EDGE_LOOP('',(#5701));
#2667=FACE_OUTER_BOUND('',#2668,.T.);
#2668=EDGE_LOOP('',(#5702));
#2669=CYLINDRICAL_SURFACE('',#2670,1.5);
#2670=AXIS2_PLACEMENT_3D('',#2671,#2672,#2673);
#2671=CARTESIAN_POINT('',(80.716754,-221.767459,0.));
#2672=DIRECTION('',(0.,0.,-1.));
#2673=DIRECTION('',(1.,0.,0.));
#2674=FACE_OUTER_BOUND('',#2675,.T.);
#2675=EDGE_LOOP('',(#5703));
#2676=FACE_OUTER_BOUND('',#2677,.T.);
#2677=EDGE_LOOP('',(#5704));
#2678=CYLINDRICAL_SURFACE('',#2679,1.5);
#2679=AXIS2_PLACEMENT_3D('',#2680,#2681,#2682);
#2680=CARTESIAN_POINT('',(61.081295,-227.958495,0.));
#2681=DIRECTION('',(0.,0.,-1.));
#2682=DIRECTION('',(1.,0.,0.));
#2683=FACE_OUTER_BOUND('',#2684,.T.);
#2684=EDGE_LOOP('',(#5705));
#2685=FACE_OUTER_BOUND('',#2686,.T.);
#2686=EDGE_LOOP('',(#5706));
#2687=CYLINDRICAL_SURFACE('',#2688,1.5);
#2688=AXIS2_PLACEMENT_3D('',#2689,#2690,#2691);
#2689=CARTESIAN_POINT('',(40.98097,-232.41463,0.));
#2690=DIRECTION('',(0.,0.,-1.));
#2691=DIRECTION('',(1.,0.,0.));
#2692=FACE_OUTER_BOUND('',#2693,.T.);
#2693=EDGE_LOOP('',(#5707));
#2694=FACE_OUTER_BOUND('',#2695,.T.);
#2695=EDGE_LOOP('',(#5708));
#2696=CYLINDRICAL_SURFACE('',#2697,1.5);
#2697=AXIS2_PLACEMENT_3D('',#2698,#2699,#2700);
#2698=CARTESIAN_POINT('',(20.568755,-235.101949,0.));
#2699=DIRECTION('',(0.,0.,-1.));
#2700=DIRECTION('',(1.,0.,0.));
#2701=FACE_OUTER_BOUND('',#2702,.T.);
#2702=EDGE_LOOP('',(#5709));
#2703=FACE_OUTER_BOUND('',#2704,.T.);
#2704=EDGE_LOOP('',(#5710));
#2705=CYLINDRICAL_SURFACE('',#2706,1.5);
#2706=AXIS2_PLACEMENT_3D('',#2707,#2708,#2709);
#2707=CARTESIAN_POINT('',(0.,-236.,0.));
#2708=DIRECTION('',(0.,0.,-1.));
#2709=DIRECTION('',(1.,0.,0.));
#2710=FACE_OUTER_BOUND('',#2711,.T.);
#2711=EDGE_LOOP('',(#5711));
#2712=FACE_OUTER_BOUND('',#2713,.T.);
#2713=EDGE_LOOP('',(#5712));
#2714=CYLINDRICAL_SURFACE('',#2715,1.5);
#2715=AXIS2_PLACEMENT_3D('',#2716,#2717,#2718);
#2716=CARTESIAN_POINT('',(-20.568755,-235.101949,0.));
#2717=DIRECTION('',(0.,0.,-1.));
#2718=DIRECTION('',(1.,0.,0.));
#2719=FACE_OUTER_BOUND('',#2720,.T.);
#2720=EDGE_LOOP('',(#5713));
#2721=FACE_OUTER_BOUND('',#2722,.T.);
#2722=EDGE_LOOP('',(#5714));
#2723=CYLINDRICAL_SURFACE('',#2724,1.5);
#2724=AXIS2_PLACEMENT_3D('',#2725,#2726,#2727);
#2725=CARTESIAN_POINT('',(-40.98097,-232.41463,0.));
#2726=DIRECTION('',(0.,0.,-1.));
#2727=DIRECTION('',(1.,0.,0.));
#2728=FACE_OUTER_BOUND('',#2729,.T.);
#2729=EDGE_LOOP('',(#5715));
#2730=FACE_OUTER_BOUND('',#2731,.T.);
#2731=EDGE_LOOP('',(#5716));
#2732=CYLINDRICAL_SURFACE('',#2733,1.5);
#2733=AXIS2_PLACEMENT_3D('',#2734,#2735,#2736);
#2734=CARTESIAN_POINT('',(-61.081295,-227.958495,0.));
#2735=DIRECTION('',(0.,0.,-1.));
#2736=DIRECTION('',(1.,0.,0.));
#2737=FACE_OUTER_BOUND('',#2738,.T.);
#2738=EDGE_LOOP('',(#5717));
#2739=FACE_OUTER_BOUND('',#2740,.T.);
#2740=EDGE_LOOP('',(#5718));
#2741=CYLINDRICAL_SURFACE('',#2742,1.5);
#2742=AXIS2_PLACEMENT_3D('',#2743,#2744,#2745);
#2743=CARTESIAN_POINT('',(-80.716754,-221.767459,0.));
#2744=DIRECTION('',(0.,0.,-1.));
#2745=DIRECTION('',(1.,0.,0.));
#2746=FACE_OUTER_BOUND('',#2747,.T.);
#2747=EDGE_LOOP('',(#5719));
#2748=FACE_OUTER_BOUND('',#2749,.T.);
#2749=EDGE_LOOP('',(#5720));
#2750=CYLINDRICAL_SURFACE('',#2751,1.5);
#2751=AXIS2_PLACEMENT_3D('',#2752,#2753,#2754);
#2752=CARTESIAN_POINT('',(-99.73791,-213.888638,0.));
#2753=DIRECTION('',(0.,0.,-1.));
#2754=DIRECTION('',(1.,0.,0.));
#2755=FACE_OUTER_BOUND('',#2756,.T.);
#2756=EDGE_LOOP('',(#5721));
#2757=FACE_OUTER_BOUND('',#2758,.T.);
#2758=EDGE_LOOP('',(#5722));
#2759=CYLINDRICAL_SURFACE('',#2760,1.5);
#2760=AXIS2_PLACEMENT_3D('',#2761,#2762,#2763);
#2761=CARTESIAN_POINT('',(-118.,-204.381995,0.));
#2762=DIRECTION('',(0.,0.,-1.));
#2763=DIRECTION('',(1.,0.,0.));
#2764=FACE_OUTER_BOUND('',#2765,.T.);
#2765=EDGE_LOOP('',(#5723));
#2766=FACE_OUTER_BOUND('',#2767,.T.);
#2767=EDGE_LOOP('',(#5724));
#2768=CYLINDRICAL_SURFACE('',#2769,1.5);
#2769=AXIS2_PLACEMENT_3D('',#2770,#2771,#2772);
#2770=CARTESIAN_POINT('',(-135.364039,-193.319882,0.));
#2771=DIRECTION('',(0.,0.,-1.));
#2772=DIRECTION('',(1.,0.,0.));
#2773=FACE_OUTER_BOUND('',#2774,.T.);
#2774=EDGE_LOOP('',(#5725));
#2775=FACE_OUTER_BOUND('',#2776,.T.);
#2776=EDGE_LOOP('',(#5726));
#2777=CYLINDRICAL_SURFACE('',#2778,1.5);
#2778=AXIS2_PLACEMENT_3D('',#2779,#2780,#2781);
#2779=CARTESIAN_POINT('',(-151.697876,-180.786489,0.));
#2780=DIRECTION('',(0.,0.,-1.));
#2781=DIRECTION('',(1.,0.,0.));
#2782=FACE_OUTER_BOUND('',#2783,.T.);
#2783=EDGE_LOOP('',(#5727));
#2784=FACE_OUTER_BOUND('',#2785,.T.);
#2785=EDGE_LOOP('',(#5728));
#2786=CYLINDRICAL_SURFACE('',#2787,1.5);
#2787=AXIS2_PLACEMENT_3D('',#2788,#2789,#2790);
#2788=CARTESIAN_POINT('',(-166.8772,-166.8772,0.));
#2789=DIRECTION('',(0.,0.,-1.));
#2790=DIRECTION('',(1.,0.,0.));
#2791=FACE_OUTER_BOUND('',#2792,.T.);
#2792=EDGE_LOOP('',(#5729));
#2793=FACE_OUTER_BOUND('',#2794,.T.);
#2794=EDGE_LOOP('',(#5730));
#2795=CYLINDRICAL_SURFACE('',#2796,1.5);
#2796=AXIS2_PLACEMENT_3D('',#2797,#2798,#2799);
#2797=CARTESIAN_POINT('',(-180.786489,-151.697876,0.));
#2798=DIRECTION('',(0.,0.,-1.));
#2799=DIRECTION('',(1.,0.,0.));
#2800=FACE_OUTER_BOUND('',#2801,.T.);
#2801=EDGE_LOOP('',(#5731));
#2802=FACE_OUTER_BOUND('',#2803,.T.);
#2803=EDGE_LOOP('',(#5732));
#2804=CYLINDRICAL_SURFACE('',#2805,1.5);
#2805=AXIS2_PLACEMENT_3D('',#2806,#2807,#2808);
#2806=CARTESIAN_POINT('',(-193.319882,-135.364039,0.));
#2807=DIRECTION('',(0.,0.,-1.));
#2808=DIRECTION('',(1.,0.,0.));
#2809=FACE_OUTER_BOUND('',#2810,.T.);
#2810=EDGE_LOOP('',(#5733));
#2811=FACE_OUTER_BOUND('',#2812,.T.);
#2812=EDGE_LOOP('',(#5734));
#2813=CYLINDRICAL_SURFACE('',#2814,1.5);
#2814=AXIS2_PLACEMENT_3D('',#2815,#2816,#2817);
#2815=CARTESIAN_POINT('',(-204.381995,-118.,0.));
#2816=DIRECTION('',(0.,0.,-1.));
#2817=DIRECTION('',(1.,0.,0.));
#2818=FACE_OUTER_BOUND('',#2819,.T.);
#2819=EDGE_LOOP('',(#5735));
#2820=FACE_OUTER_BOUND('',#2821,.T.);
#2821=EDGE_LOOP('',(#5736));
#2822=CYLINDRICAL_SURFACE('',#2823,1.5);
#2823=AXIS2_PLACEMENT_3D('',#2824,#2825,#2826);
#2824=CARTESIAN_POINT('',(-213.888638,-99.73791,0.));
#2825=DIRECTION('',(0.,0.,-1.));
#2826=DIRECTION('',(1.,0.,0.));
#2827=FACE_OUTER_BOUND('',#2828,.T.);
#2828=EDGE_LOOP('',(#5737));
#2829=FACE_OUTER_BOUND('',#2830,.T.);
#2830=EDGE_LOOP('',(#5738));
#2831=CYLINDRICAL_SURFACE('',#2832,1.5);
#2832=AXIS2_PLACEMENT_3D('',#2833,#2834,#2835);
#2833=CARTESIAN_POINT('',(-221.767459,-80.716754,0.));
#2834=DIRECTION('',(0.,0.,-1.));
#2835=DIRECTION('',(1.,0.,0.));
#2836=FACE_OUTER_BOUND('',#2837,.T.);
#2837=EDGE_LOOP('',(#5739));
#2838=FACE_OUTER_BOUND('',#2839,.T.);
#2839=EDGE_LOOP('',(#5740));
#2840=CYLINDRICAL_SURFACE('',#2841,1.5);
#2841=AXIS2_PLACEMENT_3D('',#2842,#2843,#2844);
#2842=CARTESIAN_POINT('',(-227.958495,-61.081295,0.));
#2843=DIRECTION('',(0.,0.,-1.));
#2844=DIRECTION('',(1.,0.,0.));
#2845=FACE_OUTER_BOUND('',#2846,.T.);
#2846=EDGE_LOOP('',(#5741));
#2847=FACE_OUTER_BOUND('',#2848,.T.);
#2848=EDGE_LOOP('',(#5742));
#2849=CYLINDRICAL_SURFACE('',#2850,1.5);
#2850=AXIS2_PLACEMENT_3D('',#2851,#2852,#2853);
#2851=CARTESIAN_POINT('',(-232.41463,-40.98097,0.));
#2852=DIRECTION('',(0.,0.,-1.));
#2853=DIRECTION('',(1.,0.,0.));
#2854=FACE_OUTER_BOUND('',#2855,.T.);
#2855=EDGE_LOOP('',(#5743));
#2856=FACE_OUTER_BOUND('',#2857,.T.);
#2857=EDGE_LOOP('',(#5744));
#2858=CYLINDRICAL_SURFACE('',#2859,1.5);
#2859=AXIS2_PLACEMENT_3D('',#2860,#2861,#2862);
#2860=CARTESIAN_POINT('',(-235.101949,-20.568755,0.));
#2861=DIRECTION('',(0.,0.,-1.));
#2862=DIRECTION('',(1.,0.,0.));
#2863=FACE_OUTER_BOUND('',#2864,.T.);
#2864=EDGE_LOOP('',(#5745));
#2865=FACE_OUTER_BOUND('',#2866,.T.);
#2866=EDGE_LOOP('',(#5746));
#2867=CYLINDRICAL_SURFACE('',#2868,1.5);
#2868=AXIS2_PLACEMENT_3D('',#2869,#2870,#2871);
#2869=CARTESIAN_POINT('',(-235.9999999998,-3.28E-14,0.));
#2870=DIRECTION('',(0.,0.,-1.));
#2871=DIRECTION('',(1.,0.,0.));
#2872=FACE_OUTER_BOUND('',#2873,.T.);
#2873=EDGE_LOOP('',(#5747));
#2874=FACE_OUTER_BOUND('',#2875,.T.);
#2875=EDGE_LOOP('',(#5748));
#2876=CYLINDRICAL_SURFACE('',#2877,1.5);
#2877=AXIS2_PLACEMENT_3D('',#2878,#2879,#2880);
#2878=CARTESIAN_POINT('',(-235.1019448212,20.568759190586,0.));
#2879=DIRECTION('',(0.,0.,-1.));
#2880=DIRECTION('',(1.,0.,0.));
#2881=FACE_OUTER_BOUND('',#2882,.T.);
#2882=EDGE_LOOP('',(#5749));
#2883=FACE_OUTER_BOUND('',#2884,.T.);
#2884=EDGE_LOOP('',(#5750));
#2885=CYLINDRICAL_SURFACE('',#2886,1.5);
#2886=AXIS2_PLACEMENT_3D('',#2887,#2888,#2889);
#2887=CARTESIAN_POINT('',(-232.41463,40.98097,0.));
#2888=DIRECTION('',(0.,0.,-1.));
#2889=DIRECTION('',(1.,0.,0.));
#2890=FACE_OUTER_BOUND('',#2891,.T.);
#2891=EDGE_LOOP('',(#5751));
#2892=FACE_OUTER_BOUND('',#2893,.T.);
#2893=EDGE_LOOP('',(#5752));
#2894=CYLINDRICAL_SURFACE('',#2895,1.5);
#2895=AXIS2_PLACEMENT_3D('',#2896,#2897,#2898);
#2896=CARTESIAN_POINT('',(-227.958495,61.081295,0.));
#2897=DIRECTION('',(0.,0.,-1.));
#2898=DIRECTION('',(1.,0.,0.));
#2899=FACE_OUTER_BOUND('',#2900,.T.);
#2900=EDGE_LOOP('',(#5753));
#2901=FACE_OUTER_BOUND('',#2902,.T.);
#2902=EDGE_LOOP('',(#5754));
#2903=CYLINDRICAL_SURFACE('',#2904,1.5);
#2904=AXIS2_PLACEMENT_3D('',#2905,#2906,#2907);
#2905=CARTESIAN_POINT('',(-221.767459,80.716754,0.));
#2906=DIRECTION('',(0.,0.,-1.));
#2907=DIRECTION('',(1.,0.,0.));
#2908=FACE_OUTER_BOUND('',#2909,.T.);
#2909=EDGE_LOOP('',(#5755));
#2910=FACE_OUTER_BOUND('',#2911,.T.);
#2911=EDGE_LOOP('',(#5756));
#2912=CYLINDRICAL_SURFACE('',#2913,1.5);
#2913=AXIS2_PLACEMENT_3D('',#2914,#2915,#2916);
#2914=CARTESIAN_POINT('',(-213.888638,99.73791,0.));
#2915=DIRECTION('',(0.,0.,-1.));
#2916=DIRECTION('',(1.,0.,0.));
#2917=FACE_OUTER_BOUND('',#2918,.T.);
#2918=EDGE_LOOP('',(#5757));
#2919=FACE_OUTER_BOUND('',#2920,.T.);
#2920=EDGE_LOOP('',(#5758));
#2921=CYLINDRICAL_SURFACE('',#2922,1.5);
#2922=AXIS2_PLACEMENT_3D('',#2923,#2924,#2925);
#2923=CARTESIAN_POINT('',(-204.381995,118.,0.));
#2924=DIRECTION('',(0.,0.,-1.));
#2925=DIRECTION('',(1.,0.,0.));
#2926=FACE_OUTER_BOUND('',#2927,.T.);
#2927=EDGE_LOOP('',(#5759));
#2928=FACE_OUTER_BOUND('',#2929,.T.);
#2929=EDGE_LOOP('',(#5760));
#2930=CYLINDRICAL_SURFACE('',#2931,1.5);
#2931=AXIS2_PLACEMENT_3D('',#2932,#2933,#2934);
#2932=CARTESIAN_POINT('',(-193.319882,135.364039,0.));
#2933=DIRECTION('',(0.,0.,-1.));
#2934=DIRECTION('',(1.,0.,0.));
#2935=FACE_OUTER_BOUND('',#2936,.T.);
#2936=EDGE_LOOP('',(#5761));
#2937=FACE_OUTER_BOUND('',#2938,.T.);
#2938=EDGE_LOOP('',(#5762));
#2939=CYLINDRICAL_SURFACE('',#2940,1.5);
#2940=AXIS2_PLACEMENT_3D('',#2941,#2942,#2943);
#2941=CARTESIAN_POINT('',(-180.786489,151.697876,0.));
#2942=DIRECTION('',(0.,0.,-1.));
#2943=DIRECTION('',(1.,0.,0.));
#2944=FACE_OUTER_BOUND('',#2945,.T.);
#2945=EDGE_LOOP('',(#5763));
#2946=FACE_OUTER_BOUND('',#2947,.T.);
#2947=EDGE_LOOP('',(#5764));
#2948=CYLINDRICAL_SURFACE('',#2949,1.5);
#2949=AXIS2_PLACEMENT_3D('',#2950,#2951,#2952);
#2950=CARTESIAN_POINT('',(-166.8772,166.8772,0.));
#2951=DIRECTION('',(0.,0.,-1.));
#2952=DIRECTION('',(1.,0.,0.));
#2953=FACE_OUTER_BOUND('',#2954,.T.);
#2954=EDGE_LOOP('',(#5765));
#2955=FACE_OUTER_BOUND('',#2956,.T.);
#2956=EDGE_LOOP('',(#5766));
#2957=CYLINDRICAL_SURFACE('',#2958,1.5);
#2958=AXIS2_PLACEMENT_3D('',#2959,#2960,#2961);
#2959=CARTESIAN_POINT('',(-151.697876,180.786489,0.));
#2960=DIRECTION('',(0.,0.,-1.));
#2961=DIRECTION('',(1.,0.,0.));
#2962=FACE_OUTER_BOUND('',#2963,.T.);
#2963=EDGE_LOOP('',(#5767));
#2964=FACE_OUTER_BOUND('',#2965,.T.);
#2965=EDGE_LOOP('',(#5768));
#2966=CYLINDRICAL_SURFACE('',#2967,1.5);
#2967=AXIS2_PLACEMENT_3D('',#2968,#2969,#2970);
#2968=CARTESIAN_POINT('',(-135.364039,193.319882,0.));
#2969=DIRECTION('',(0.,0.,-1.));
#2970=DIRECTION('',(1.,0.,0.));
#2971=FACE_OUTER_BOUND('',#2972,.T.);
#2972=EDGE_LOOP('',(#5769));
#2973=FACE_OUTER_BOUND('',#2974,.T.);
#2974=EDGE_LOOP('',(#5770));
#2975=CYLINDRICAL_SURFACE('',#2976,1.5);
#2976=AXIS2_PLACEMENT_3D('',#2977,#2978,#2979);
#2977=CARTESIAN_POINT('',(-118.,204.381995,0.));
#2978=DIRECTION('',(0.,0.,-1.));
#2979=DIRECTION('',(1.,0.,0.));
#2980=FACE_OUTER_BOUND('',#2981,.T.);
#2981=EDGE_LOOP('',(#5771));
#2982=FACE_OUTER_BOUND('',#2983,.T.);
#2983=EDGE_LOOP('',(#5772));
#2984=CYLINDRICAL_SURFACE('',#2985,1.5);
#2985=AXIS2_PLACEMENT_3D('',#2986,#2987,#2988);
#2986=CARTESIAN_POINT('',(-99.73791,213.888638,0.));
#2987=DIRECTION('',(0.,0.,-1.));
#2988=DIRECTION('',(1.,0.,0.));
#2989=FACE_OUTER_BOUND('',#2990,.T.);
#2990=EDGE_LOOP('',(#5773));
#2991=FACE_OUTER_BOUND('',#2992,.T.);
#2992=EDGE_LOOP('',(#5774));
#2993=CYLINDRICAL_SURFACE('',#2994,1.5);
#2994=AXIS2_PLACEMENT_3D('',#2995,#2996,#2997);
#2995=CARTESIAN_POINT('',(-80.716754,221.767459,0.));
#2996=DIRECTION('',(0.,0.,-1.));
#2997=DIRECTION('',(1.,0.,0.));
#2998=FACE_OUTER_BOUND('',#2999,.T.);
#2999=EDGE_LOOP('',(#5775));
#3000=FACE_OUTER_BOUND('',#3001,.T.);
#3001=EDGE_LOOP('',(#5776));
#3002=CYLINDRICAL_SURFACE('',#3003,1.5);
#3003=AXIS2_PLACEMENT_3D('',#3004,#3005,#3006);
#3004=CARTESIAN_POINT('',(-61.081295,227.958495,0.));
#3005=DIRECTION('',(0.,0.,-1.));
#3006=DIRECTION('',(1.,0.,0.));
#3007=FACE_OUTER_BOUND('',#3008,.T.);
#3008=EDGE_LOOP('',(#5777));
#3009=FACE_OUTER_BOUND('',#3010,.T.);
#3010=EDGE_LOOP('',(#5778));
#3011=CYLINDRICAL_SURFACE('',#3012,1.5);
#3012=AXIS2_PLACEMENT_3D('',#3013,#3014,#3015);
#3013=CARTESIAN_POINT('',(-40.98097,232.41463,0.));
#3014=DIRECTION('',(0.,0.,-1.));
#3015=DIRECTION('',(1.,0.,0.));
#3016=FACE_OUTER_BOUND('',#3017,.T.);
#3017=EDGE_LOOP('',(#5779));
#3018=FACE_OUTER_BOUND('',#3019,.T.);
#3019=EDGE_LOOP('',(#5780));
#3020=CYLINDRICAL_SURFACE('',#3021,1.5);
#3021=AXIS2_PLACEMENT_3D('',#3022,#3023,#3024);
#3022=CARTESIAN_POINT('',(-20.568755,235.101949,0.));
#3023=DIRECTION('',(0.,0.,-1.));
#3024=DIRECTION('',(1.,0.,0.));
#3025=FACE_OUTER_BOUND('',#3026,.T.);
#3026=EDGE_LOOP('',(#5781));
#3027=FACE_OUTER_BOUND('',#3028,.T.);
#3028=EDGE_LOOP('',(#5782));
#3029=CYLINDRICAL_SURFACE('',#3030,1.5);
#3030=AXIS2_PLACEMENT_3D('',#3031,#3032,#3033);
#3031=CARTESIAN_POINT('',(-253.033454,22.137553,0.));
#3032=DIRECTION('',(0.,0.,-1.));
#3033=DIRECTION('',(1.,0.,0.));
#3034=FACE_OUTER_BOUND('',#3035,.T.);
#3035=EDGE_LOOP('',(#5783));
#3036=FACE_OUTER_BOUND('',#3037,.T.);
#3037=EDGE_LOOP('',(#5784));
#3038=CYLINDRICAL_SURFACE('',#3039,1.5);
#3039=AXIS2_PLACEMENT_3D('',#3040,#3041,#3042);
#3040=CARTESIAN_POINT('',(-250.141171,44.106627,0.));
#3041=DIRECTION('',(0.,0.,-1.));
#3042=DIRECTION('',(1.,0.,0.));
#3043=FACE_OUTER_BOUND('',#3044,.T.);
#3044=EDGE_LOOP('',(#5785));
#3045=FACE_OUTER_BOUND('',#3046,.T.);
#3046=EDGE_LOOP('',(#5786));
#3047=CYLINDRICAL_SURFACE('',#3048,1.5);
#3048=AXIS2_PLACEMENT_3D('',#3049,#3050,#3051);
#3049=CARTESIAN_POINT('',(-245.345164,65.740022,0.));
#3050=DIRECTION('',(0.,0.,-1.));
#3051=DIRECTION('',(1.,0.,0.));
#3052=FACE_OUTER_BOUND('',#3053,.T.);
#3053=EDGE_LOOP('',(#5787));
#3054=FACE_OUTER_BOUND('',#3055,.T.);
#3055=EDGE_LOOP('',(#5788));
#3056=CYLINDRICAL_SURFACE('',#3057,1.5);
#3057=AXIS2_PLACEMENT_3D('',#3058,#3059,#3060);
#3058=CARTESIAN_POINT('',(-238.681932,86.873097,0.));
#3059=DIRECTION('',(0.,0.,-1.));
#3060=DIRECTION('',(1.,0.,0.));
#3061=FACE_OUTER_BOUND('',#3062,.T.);
#3062=EDGE_LOOP('',(#5789));
#3063=FACE_OUTER_BOUND('',#3064,.T.);
#3064=EDGE_LOOP('',(#5790));
#3065=CYLINDRICAL_SURFACE('',#3066,1.5);
#3066=AXIS2_PLACEMENT_3D('',#3067,#3068,#3069);
#3067=CARTESIAN_POINT('',(-230.202188,107.345015,0.));
#3068=DIRECTION('',(0.,0.,-1.));
#3069=DIRECTION('',(1.,0.,0.));
#3070=FACE_OUTER_BOUND('',#3071,.T.);
#3071=EDGE_LOOP('',(#5791));
#3072=FACE_OUTER_BOUND('',#3073,.T.);
#3073=EDGE_LOOP('',(#5792));
#3074=CYLINDRICAL_SURFACE('',#3075,1.5);
#3075=AXIS2_PLACEMENT_3D('',#3076,#3077,#3078);
#3076=CARTESIAN_POINT('',(-208.064639,145.688384,0.));
#3077=DIRECTION('',(0.,0.,-1.));
#3078=DIRECTION('',(1.,0.,0.));
#3079=FACE_OUTER_BOUND('',#3080,.T.);
#3080=EDGE_LOOP('',(#5793));
#3081=FACE_OUTER_BOUND('',#3082,.T.);
#3082=EDGE_LOOP('',(#5794));
#3083=CYLINDRICAL_SURFACE('',#3084,1.5);
#3084=AXIS2_PLACEMENT_3D('',#3085,#3086,#3087);
#3085=CARTESIAN_POINT('',(-194.575314,163.26802,0.));
#3086=DIRECTION('',(0.,0.,-1.));
#3087=DIRECTION('',(1.,0.,0.));
#3088=FACE_OUTER_BOUND('',#3089,.T.);
#3089=EDGE_LOOP('',(#5795));
#3090=FACE_OUTER_BOUND('',#3091,.T.);
#3091=EDGE_LOOP('',(#5796));
#3092=CYLINDRICAL_SURFACE('',#3093,1.5);
#3093=AXIS2_PLACEMENT_3D('',#3094,#3095,#3096);
#3094=CARTESIAN_POINT('',(-179.605154,179.605088,0.));
#3095=DIRECTION('',(0.,0.,-1.));
#3096=DIRECTION('',(1.,0.,0.));
#3097=FACE_OUTER_BOUND('',#3098,.T.);
#3098=EDGE_LOOP('',(#5797));
#3099=FACE_OUTER_BOUND('',#3100,.T.);
#3100=EDGE_LOOP('',(#5798));
#3101=CYLINDRICAL_SURFACE('',#3102,1.5);
#3102=AXIS2_PLACEMENT_3D('',#3103,#3104,#3105);
#3103=CARTESIAN_POINT('',(-163.268091,194.575254,0.));
#3104=DIRECTION('',(0.,0.,-1.));
#3105=DIRECTION('',(1.,0.,0.));
#3106=FACE_OUTER_BOUND('',#3107,.T.);
#3107=EDGE_LOOP('',(#5799));
#3108=FACE_OUTER_BOUND('',#3109,.T.);
#3109=EDGE_LOOP('',(#5800));
#3110=CYLINDRICAL_SURFACE('',#3111,1.5);
#3111=AXIS2_PLACEMENT_3D('',#3112,#3113,#3114);
#3112=CARTESIAN_POINT('',(-145.688459,208.064585,0.));
#3113=DIRECTION('',(0.,0.,-1.));
#3114=DIRECTION('',(1.,0.,0.));
#3115=FACE_OUTER_BOUND('',#3116,.T.);
#3116=EDGE_LOOP('',(#5801));
#3117=FACE_OUTER_BOUND('',#3118,.T.);
#3118=EDGE_LOOP('',(#5802));
#3119=CYLINDRICAL_SURFACE('',#3120,1.5);
#3120=AXIS2_PLACEMENT_3D('',#3121,#3122,#3123);
#3121=CARTESIAN_POINT('',(-107.345097,230.202146,0.));
#3122=DIRECTION('',(0.,0.,-1.));
#3123=DIRECTION('',(1.,0.,0.));
#3124=FACE_OUTER_BOUND('',#3125,.T.);
#3125=EDGE_LOOP('',(#5803));
#3126=FACE_OUTER_BOUND('',#3127,.T.);
#3127=EDGE_LOOP('',(#5804));
#3128=CYLINDRICAL_SURFACE('',#3129,1.5);
#3129=AXIS2_PLACEMENT_3D('',#3130,#3131,#3132);
#3130=CARTESIAN_POINT('',(-86.873181,238.681897,0.));
#3131=DIRECTION('',(0.,0.,-1.));
#3132=DIRECTION('',(1.,0.,0.));
#3133=FACE_OUTER_BOUND('',#3134,.T.);
#3134=EDGE_LOOP('',(#5805));
#3135=FACE_OUTER_BOUND('',#3136,.T.);
#3136=EDGE_LOOP('',(#5806));
#3137=CYLINDRICAL_SURFACE('',#3138,1.5);
#3138=AXIS2_PLACEMENT_3D('',#3139,#3140,#3141);
#3139=CARTESIAN_POINT('',(-65.740109,245.345135,0.));
#3140=DIRECTION('',(0.,0.,-1.));
#3141=DIRECTION('',(1.,0.,0.));
#3142=FACE_OUTER_BOUND('',#3143,.T.);
#3143=EDGE_LOOP('',(#5807));
#3144=FACE_OUTER_BOUND('',#3145,.T.);
#3145=EDGE_LOOP('',(#5808));
#3146=CYLINDRICAL_SURFACE('',#3147,1.5);
#3147=AXIS2_PLACEMENT_3D('',#3148,#3149,#3150);
#3148=CARTESIAN_POINT('',(-44.106715,250.14115,0.));
#3149=DIRECTION('',(0.,0.,-1.));
#3150=DIRECTION('',(1.,0.,0.));
#3151=FACE_OUTER_BOUND('',#3152,.T.);
#3152=EDGE_LOOP('',(#5809));
#3153=FACE_OUTER_BOUND('',#3154,.T.);
#3154=EDGE_LOOP('',(#5810));
#3155=CYLINDRICAL_SURFACE('',#3156,1.5);
#3156=AXIS2_PLACEMENT_3D('',#3157,#3158,#3159);
#3157=CARTESIAN_POINT('',(-22.137643,253.033439,0.));
#3158=DIRECTION('',(0.,0.,-1.));
#3159=DIRECTION('',(1.,0.,0.));
#3160=FACE_OUTER_BOUND('',#3161,.T.);
#3161=EDGE_LOOP('',(#5811));
#3162=FACE_OUTER_BOUND('',#3163,.T.);
#3163=EDGE_LOOP('',(#5812));
#3164=CYLINDRICAL_SURFACE('',#3165,1.5);
#3165=AXIS2_PLACEMENT_3D('',#3166,#3167,#3168);
#3166=CARTESIAN_POINT('',(-9.E-5,253.999993,0.));
#3167=DIRECTION('',(0.,0.,-1.));
#3168=DIRECTION('',(1.,0.,0.));
#3169=FACE_OUTER_BOUND('',#3170,.T.);
#3170=EDGE_LOOP('',(#5813));
#3171=FACE_OUTER_BOUND('',#3172,.T.);
#3172=EDGE_LOOP('',(#5814));
#3173=CYLINDRICAL_SURFACE('',#3174,1.5);
#3174=AXIS2_PLACEMENT_3D('',#3175,#3176,#3177);
#3175=CARTESIAN_POINT('',(22.137464,253.033454,0.));
#3176=DIRECTION('',(0.,0.,-1.));
#3177=DIRECTION('',(1.,0.,0.));
#3178=FACE_OUTER_BOUND('',#3179,.T.);
#3179=EDGE_LOOP('',(#5815));
#3180=FACE_OUTER_BOUND('',#3181,.T.);
#3181=EDGE_LOOP('',(#5816));
#3182=CYLINDRICAL_SURFACE('',#3183,1.5);
#3183=AXIS2_PLACEMENT_3D('',#3184,#3185,#3186);
#3184=CARTESIAN_POINT('',(44.106538,250.141178,0.));
#3185=DIRECTION('',(0.,0.,-1.));
#3186=DIRECTION('',(1.,0.,0.));
#3187=FACE_OUTER_BOUND('',#3188,.T.);
#3188=EDGE_LOOP('',(#5817));
#3189=FACE_OUTER_BOUND('',#3190,.T.);
#3190=EDGE_LOOP('',(#5818));
#3191=CYLINDRICAL_SURFACE('',#3192,1.5);
#3192=AXIS2_PLACEMENT_3D('',#3193,#3194,#3195);
#3193=CARTESIAN_POINT('',(65.739935,245.345178,0.));
#3194=DIRECTION('',(0.,0.,-1.));
#3195=DIRECTION('',(1.,0.,0.));
#3196=FACE_OUTER_BOUND('',#3197,.T.);
#3197=EDGE_LOOP('',(#5819));
#3198=FACE_OUTER_BOUND('',#3199,.T.);
#3199=EDGE_LOOP('',(#5820));
#3200=CYLINDRICAL_SURFACE('',#3201,1.5);
#3201=AXIS2_PLACEMENT_3D('',#3202,#3203,#3204);
#3202=CARTESIAN_POINT('',(86.873012,238.681954,0.));
#3203=DIRECTION('',(0.,0.,-1.));
#3204=DIRECTION('',(1.,0.,0.));
#3205=FACE_OUTER_BOUND('',#3206,.T.);
#3206=EDGE_LOOP('',(#5821));
#3207=FACE_OUTER_BOUND('',#3208,.T.);
#3208=EDGE_LOOP('',(#5822));
#3209=CYLINDRICAL_SURFACE('',#3210,1.5);
#3210=AXIS2_PLACEMENT_3D('',#3211,#3212,#3213);
#3211=CARTESIAN_POINT('',(107.344933,230.202216,0.));
#3212=DIRECTION('',(0.,0.,-1.));
#3213=DIRECTION('',(1.,0.,0.));
#3214=FACE_OUTER_BOUND('',#3215,.T.);
#3215=EDGE_LOOP('',(#5823));
#3216=FACE_OUTER_BOUND('',#3217,.T.);
#3217=EDGE_LOOP('',(#5824));
#3218=CYLINDRICAL_SURFACE('',#3219,1.5);
#3219=AXIS2_PLACEMENT_3D('',#3220,#3221,#3222);
#3220=CARTESIAN_POINT('',(145.68831,208.064679,0.));
#3221=DIRECTION('',(0.,0.,-1.));
#3222=DIRECTION('',(1.,0.,0.));
#3223=FACE_OUTER_BOUND('',#3224,.T.);
#3224=EDGE_LOOP('',(#5825));
#3225=FACE_OUTER_BOUND('',#3226,.T.);
#3226=EDGE_LOOP('',(#5826));
#3227=CYLINDRICAL_SURFACE('',#3228,1.5);
#3228=AXIS2_PLACEMENT_3D('',#3229,#3230,#3231);
#3229=CARTESIAN_POINT('',(163.26795,194.57536,0.));
#3230=DIRECTION('',(0.,0.,-1.));
#3231=DIRECTION('',(1.,0.,0.));
#3232=FACE_OUTER_BOUND('',#3233,.T.);
#3233=EDGE_LOOP('',(#5827));
#3234=FACE_OUTER_BOUND('',#3235,.T.);
#3235=EDGE_LOOP('',(#5828));
#3236=CYLINDRICAL_SURFACE('',#3237,1.5);
#3237=AXIS2_PLACEMENT_3D('',#3238,#3239,#3240);
#3238=CARTESIAN_POINT('',(179.605023,179.605205,0.));
#3239=DIRECTION('',(0.,0.,-1.));
#3240=DIRECTION('',(1.,0.,0.));
#3241=FACE_OUTER_BOUND('',#3242,.T.);
#3242=EDGE_LOOP('',(#5829));
#3243=FACE_OUTER_BOUND('',#3244,.T.);
#3244=EDGE_LOOP('',(#5830));
#3245=CYLINDRICAL_SURFACE('',#3246,1.5);
#3246=AXIS2_PLACEMENT_3D('',#3247,#3248,#3249);
#3247=CARTESIAN_POINT('',(194.575193,163.268147,0.));
#3248=DIRECTION('',(0.,0.,-1.));
#3249=DIRECTION('',(1.,0.,0.));
#3250=FACE_OUTER_BOUND('',#3251,.T.);
#3251=EDGE_LOOP('',(#5831));
#3252=FACE_OUTER_BOUND('',#3253,.T.);
#3253=EDGE_LOOP('',(#5832));
#3254=CYLINDRICAL_SURFACE('',#3255,1.5);
#3255=AXIS2_PLACEMENT_3D('',#3256,#3257,#3258);
#3256=CARTESIAN_POINT('',(208.06453,145.68852,0.));
#3257=DIRECTION('',(0.,0.,-1.));
#3258=DIRECTION('',(1.,0.,0.));
#3259=FACE_OUTER_BOUND('',#3260,.T.);
#3260=EDGE_LOOP('',(#5833));
#3261=FACE_OUTER_BOUND('',#3262,.T.);
#3262=EDGE_LOOP('',(#5834));
#3263=CYLINDRICAL_SURFACE('',#3264,1.5);
#3264=AXIS2_PLACEMENT_3D('',#3265,#3266,#3267);
#3265=CARTESIAN_POINT('',(230.202104,107.345164,0.));
#3266=DIRECTION('',(0.,0.,-1.));
#3267=DIRECTION('',(1.,0.,0.));
#3268=FACE_OUTER_BOUND('',#3269,.T.);
#3269=EDGE_LOOP('',(#5835));
#3270=FACE_OUTER_BOUND('',#3271,.T.);
#3271=EDGE_LOOP('',(#5836));
#3272=CYLINDRICAL_SURFACE('',#3273,1.5);
#3273=AXIS2_PLACEMENT_3D('',#3274,#3275,#3276);
#3274=CARTESIAN_POINT('',(238.681862,86.873252,0.));
#3275=DIRECTION('',(0.,0.,-1.));
#3276=DIRECTION('',(1.,0.,0.));
#3277=FACE_OUTER_BOUND('',#3278,.T.);
#3278=EDGE_LOOP('',(#5837));
#3279=FACE_OUTER_BOUND('',#3280,.T.);
#3280=EDGE_LOOP('',(#5838));
#3281=CYLINDRICAL_SURFACE('',#3282,1.5);
#3282=AXIS2_PLACEMENT_3D('',#3283,#3284,#3285);
#3283=CARTESIAN_POINT('',(245.345107,65.740182,0.));
#3284=DIRECTION('',(0.,0.,-1.));
#3285=DIRECTION('',(1.,0.,0.));
#3286=FACE_OUTER_BOUND('',#3287,.T.);
#3287=EDGE_LOOP('',(#5839));
#3288=FACE_OUTER_BOUND('',#3289,.T.);
#3289=EDGE_LOOP('',(#5840));
#3290=CYLINDRICAL_SURFACE('',#3291,1.5);
#3291=AXIS2_PLACEMENT_3D('',#3292,#3293,#3294);
#3292=CARTESIAN_POINT('',(250.141128,44.10679,0.));
#3293=DIRECTION('',(0.,0.,-1.));
#3294=DIRECTION('',(1.,0.,0.));
#3295=FACE_OUTER_BOUND('',#3296,.T.);
#3296=EDGE_LOOP('',(#5841));
#3297=FACE_OUTER_BOUND('',#3298,.T.);
#3298=EDGE_LOOP('',(#5842));
#3299=CYLINDRICAL_SURFACE('',#3300,1.5);
#3300=AXIS2_PLACEMENT_3D('',#3301,#3302,#3303);
#3301=CARTESIAN_POINT('',(253.033425,22.137718,0.));
#3302=DIRECTION('',(0.,0.,-1.));
#3303=DIRECTION('',(1.,0.,0.));
#3304=FACE_OUTER_BOUND('',#3305,.T.);
#3305=EDGE_LOOP('',(#5843));
#3306=FACE_OUTER_BOUND('',#3307,.T.);
#3307=EDGE_LOOP('',(#5844));
#3308=CYLINDRICAL_SURFACE('',#3309,1.5);
#3309=AXIS2_PLACEMENT_3D('',#3310,#3311,#3312);
#3310=CARTESIAN_POINT('',(253.999986,0.000165,0.));
#3311=DIRECTION('',(0.,0.,-1.));
#3312=DIRECTION('',(1.,0.,0.));
#3313=FACE_OUTER_BOUND('',#3314,.T.);
#3314=EDGE_LOOP('',(#5845));
#3315=FACE_OUTER_BOUND('',#3316,.T.);
#3316=EDGE_LOOP('',(#5846));
#3317=CYLINDRICAL_SURFACE('',#3318,1.5);
#3318=AXIS2_PLACEMENT_3D('',#3319,#3320,#3321);
#3319=CARTESIAN_POINT('',(253.033454,-22.137389,0.));
#3320=DIRECTION('',(0.,0.,-1.));
#3321=DIRECTION('',(1.,0.,0.));
#3322=FACE_OUTER_BOUND('',#3323,.T.);
#3323=EDGE_LOOP('',(#5847));
#3324=FACE_OUTER_BOUND('',#3325,.T.);
#3325=EDGE_LOOP('',(#5848));
#3326=CYLINDRICAL_SURFACE('',#3327,1.5);
#3327=AXIS2_PLACEMENT_3D('',#3328,#3329,#3330);
#3328=CARTESIAN_POINT('',(250.141185,-44.106464,0.));
#3329=DIRECTION('',(0.,0.,-1.));
#3330=DIRECTION('',(1.,0.,0.));
#3331=FACE_OUTER_BOUND('',#3332,.T.);
#3332=EDGE_LOOP('',(#5849));
#3333=FACE_OUTER_BOUND('',#3334,.T.);
#3334=EDGE_LOOP('',(#5850));
#3335=CYLINDRICAL_SURFACE('',#3336,1.5);
#3336=AXIS2_PLACEMENT_3D('',#3337,#3338,#3339);
#3337=CARTESIAN_POINT('',(245.345192,-65.739863,0.));
#3338=DIRECTION('',(0.,0.,-1.));
#3339=DIRECTION('',(1.,0.,0.));
#3340=FACE_OUTER_BOUND('',#3341,.T.);
#3341=EDGE_LOOP('',(#5851));
#3342=FACE_OUTER_BOUND('',#3343,.T.);
#3343=EDGE_LOOP('',(#5852));
#3344=CYLINDRICAL_SURFACE('',#3345,1.5);
#3345=AXIS2_PLACEMENT_3D('',#3346,#3347,#3348);
#3346=CARTESIAN_POINT('',(238.681975,-86.872942,0.));
#3347=DIRECTION('',(0.,0.,-1.));
#3348=DIRECTION('',(1.,0.,0.));
#3349=FACE_OUTER_BOUND('',#3350,.T.);
#3350=EDGE_LOOP('',(#5853));
#3351=FACE_OUTER_BOUND('',#3352,.T.);
#3352=EDGE_LOOP('',(#5854));
#3353=CYLINDRICAL_SURFACE('',#3354,1.5);
#3354=AXIS2_PLACEMENT_3D('',#3355,#3356,#3357);
#3355=CARTESIAN_POINT('',(230.202244,-107.344865,0.));
#3356=DIRECTION('',(0.,0.,-1.));
#3357=DIRECTION('',(1.,0.,0.));
#3358=FACE_OUTER_BOUND('',#3359,.T.);
#3359=EDGE_LOOP('',(#5855));
#3360=FACE_OUTER_BOUND('',#3361,.T.);
#3361=EDGE_LOOP('',(#5856));
#3362=CYLINDRICAL_SURFACE('',#3363,1.5);
#3363=AXIS2_PLACEMENT_3D('',#3364,#3365,#3366);
#3364=CARTESIAN_POINT('',(219.970536,-126.99983,0.));
#3365=DIRECTION('',(0.,0.,-1.));
#3366=DIRECTION('',(1.,0.,0.));
#3367=FACE_OUTER_BOUND('',#3368,.T.);
#3368=EDGE_LOOP('',(#5857));
#3369=FACE_OUTER_BOUND('',#3370,.T.);
#3370=EDGE_LOOP('',(#5858));
#3371=CYLINDRICAL_SURFACE('',#3372,1.5);
#3372=AXIS2_PLACEMENT_3D('',#3373,#3374,#3375);
#3373=CARTESIAN_POINT('',(208.06472,-145.688249,0.));
#3374=DIRECTION('',(0.,0.,-1.));
#3375=DIRECTION('',(1.,0.,0.));
#3376=FACE_OUTER_BOUND('',#3377,.T.);
#3377=EDGE_LOOP('',(#5859));
#3378=FACE_OUTER_BOUND('',#3379,.T.);
#3379=EDGE_LOOP('',(#5860));
#3380=CYLINDRICAL_SURFACE('',#3381,1.5);
#3381=AXIS2_PLACEMENT_3D('',#3382,#3383,#3384);
#3382=CARTESIAN_POINT('',(194.575406,-163.267894,0.));
#3383=DIRECTION('',(0.,0.,-1.));
#3384=DIRECTION('',(1.,0.,0.));
#3385=FACE_OUTER_BOUND('',#3386,.T.);
#3386=EDGE_LOOP('',(#5861));
#3387=FACE_OUTER_BOUND('',#3388,.T.);
#3388=EDGE_LOOP('',(#5862));
#3389=CYLINDRICAL_SURFACE('',#3390,1.5);
#3390=AXIS2_PLACEMENT_3D('',#3391,#3392,#3393);
#3391=CARTESIAN_POINT('',(179.605256,-179.604971,0.));
#3392=DIRECTION('',(0.,0.,-1.));
#3393=DIRECTION('',(1.,0.,0.));
#3394=FACE_OUTER_BOUND('',#3395,.T.);
#3395=EDGE_LOOP('',(#5863));
#3396=FACE_OUTER_BOUND('',#3397,.T.);
#3397=EDGE_LOOP('',(#5864));
#3398=CYLINDRICAL_SURFACE('',#3399,1.5);
#3399=AXIS2_PLACEMENT_3D('',#3400,#3401,#3402);
#3400=CARTESIAN_POINT('',(163.268203,-194.575147,0.));
#3401=DIRECTION('',(0.,0.,-1.));
#3402=DIRECTION('',(1.,0.,0.));
#3403=FACE_OUTER_BOUND('',#3404,.T.);
#3404=EDGE_LOOP('',(#5865));
#3405=FACE_OUTER_BOUND('',#3406,.T.);
#3406=EDGE_LOOP('',(#5866));
#3407=CYLINDRICAL_SURFACE('',#3408,1.5);
#3408=AXIS2_PLACEMENT_3D('',#3409,#3410,#3411);
#3409=CARTESIAN_POINT('',(145.68858,-208.06449,0.));
#3410=DIRECTION('',(0.,0.,-1.));
#3411=DIRECTION('',(1.,0.,0.));
#3412=FACE_OUTER_BOUND('',#3413,.T.);
#3413=EDGE_LOOP('',(#5867));
#3414=FACE_OUTER_BOUND('',#3415,.T.);
#3415=EDGE_LOOP('',(#5868));
#3416=CYLINDRICAL_SURFACE('',#3417,1.5);
#3417=AXIS2_PLACEMENT_3D('',#3418,#3419,#3420);
#3418=CARTESIAN_POINT('',(127.00018,-219.970336,0.));
#3419=DIRECTION('',(0.,0.,-1.));
#3420=DIRECTION('',(1.,0.,0.));
#3421=FACE_OUTER_BOUND('',#3422,.T.);
#3422=EDGE_LOOP('',(#5869));
#3423=FACE_OUTER_BOUND('',#3424,.T.);
#3424=EDGE_LOOP('',(#5870));
#3425=CYLINDRICAL_SURFACE('',#3426,1.5);
#3426=AXIS2_PLACEMENT_3D('',#3427,#3428,#3429);
#3427=CARTESIAN_POINT('',(107.345232,-230.202076,0.));
#3428=DIRECTION('',(0.,0.,-1.));
#3429=DIRECTION('',(1.,0.,0.));
#3430=FACE_OUTER_BOUND('',#3431,.T.);
#3431=EDGE_LOOP('',(#5871));
#3432=FACE_OUTER_BOUND('',#3433,.T.);
#3433=EDGE_LOOP('',(#5872));
#3434=CYLINDRICAL_SURFACE('',#3435,1.5);
#3435=AXIS2_PLACEMENT_3D('',#3436,#3437,#3438);
#3436=CARTESIAN_POINT('',(86.873322,-238.681841,0.));
#3437=DIRECTION('',(0.,0.,-1.));
#3438=DIRECTION('',(1.,0.,0.));
#3439=FACE_OUTER_BOUND('',#3440,.T.);
#3440=EDGE_LOOP('',(#5873));
#3441=FACE_OUTER_BOUND('',#3442,.T.);
#3442=EDGE_LOOP('',(#5874));
#3443=CYLINDRICAL_SURFACE('',#3444,1.5);
#3444=AXIS2_PLACEMENT_3D('',#3445,#3446,#3447);
#3445=CARTESIAN_POINT('',(65.740255,-245.345092,0.));
#3446=DIRECTION('',(0.,0.,-1.));
#3447=DIRECTION('',(1.,0.,0.));
#3448=FACE_OUTER_BOUND('',#3449,.T.);
#3449=EDGE_LOOP('',(#5875));
#3450=FACE_OUTER_BOUND('',#3451,.T.);
#3451=EDGE_LOOP('',(#5876));
#3452=CYLINDRICAL_SURFACE('',#3453,1.5);
#3453=AXIS2_PLACEMENT_3D('',#3454,#3455,#3456);
#3454=CARTESIAN_POINT('',(44.106864,-250.141121,0.));
#3455=DIRECTION('',(0.,0.,-1.));
#3456=DIRECTION('',(1.,0.,0.));
#3457=FACE_OUTER_BOUND('',#3458,.T.);
#3458=EDGE_LOOP('',(#5877));
#3459=FACE_OUTER_BOUND('',#3460,.T.);
#3460=EDGE_LOOP('',(#5878));
#3461=CYLINDRICAL_SURFACE('',#3462,1.5);
#3462=AXIS2_PLACEMENT_3D('',#3463,#3464,#3465);
#3463=CARTESIAN_POINT('',(22.137793,-253.033425,0.));
#3464=DIRECTION('',(0.,0.,-1.));
#3465=DIRECTION('',(1.,0.,0.));
#3466=FACE_OUTER_BOUND('',#3467,.T.);
#3467=EDGE_LOOP('',(#5879));
#3468=FACE_OUTER_BOUND('',#3469,.T.);
#3469=EDGE_LOOP('',(#5880));
#3470=CYLINDRICAL_SURFACE('',#3471,1.5);
#3471=AXIS2_PLACEMENT_3D('',#3472,#3473,#3474);
#3472=CARTESIAN_POINT('',(0.000241,-253.999993,0.));
#3473=DIRECTION('',(0.,0.,-1.));
#3474=DIRECTION('',(1.,0.,0.));
#3475=FACE_OUTER_BOUND('',#3476,.T.);
#3476=EDGE_LOOP('',(#5881));
#3477=FACE_OUTER_BOUND('',#3478,.T.);
#3478=EDGE_LOOP('',(#5882));
#3479=CYLINDRICAL_SURFACE('',#3480,1.5);
#3480=AXIS2_PLACEMENT_3D('',#3481,#3482,#3483);
#3481=CARTESIAN_POINT('',(-22.137314,-253.033468,0.));
#3482=DIRECTION('',(0.,0.,-1.));
#3483=DIRECTION('',(1.,0.,0.));
#3484=FACE_OUTER_BOUND('',#3485,.T.);
#3485=EDGE_LOOP('',(#5883));
#3486=FACE_OUTER_BOUND('',#3487,.T.);
#3487=EDGE_LOOP('',(#5884));
#3488=CYLINDRICAL_SURFACE('',#3489,1.5);
#3489=AXIS2_PLACEMENT_3D('',#3490,#3491,#3492);
#3490=CARTESIAN_POINT('',(-44.10639,-250.141207,0.));
#3491=DIRECTION('',(0.,0.,-1.));
#3492=DIRECTION('',(1.,0.,0.));
#3493=FACE_OUTER_BOUND('',#3494,.T.);
#3494=EDGE_LOOP('',(#5885));
#3495=FACE_OUTER_BOUND('',#3496,.T.);
#3496=EDGE_LOOP('',(#5886));
#3497=CYLINDRICAL_SURFACE('',#3498,1.5);
#3498=AXIS2_PLACEMENT_3D('',#3499,#3500,#3501);
#3499=CARTESIAN_POINT('',(-65.73979,-245.345221,0.));
#3500=DIRECTION('',(0.,0.,-1.));
#3501=DIRECTION('',(1.,0.,0.));
#3502=FACE_OUTER_BOUND('',#3503,.T.);
#3503=EDGE_LOOP('',(#5887));
#3504=FACE_OUTER_BOUND('',#3505,.T.);
#3505=EDGE_LOOP('',(#5888));
#3506=CYLINDRICAL_SURFACE('',#3507,1.5);
#3507=AXIS2_PLACEMENT_3D('',#3508,#3509,#3510);
#3508=CARTESIAN_POINT('',(-86.872871,-238.68201,0.));
#3509=DIRECTION('',(0.,0.,-1.));
#3510=DIRECTION('',(1.,0.,0.));
#3511=FACE_OUTER_BOUND('',#3512,.T.);
#3512=EDGE_LOOP('',(#5889));
#3513=FACE_OUTER_BOUND('',#3514,.T.);
#3514=EDGE_LOOP('',(#5890));
#3515=CYLINDRICAL_SURFACE('',#3516,1.5);
#3516=AXIS2_PLACEMENT_3D('',#3517,#3518,#3519);
#3517=CARTESIAN_POINT('',(-107.344797,-230.202286,0.));
#3518=DIRECTION('',(0.,0.,-1.));
#3519=DIRECTION('',(1.,0.,0.));
#3520=FACE_OUTER_BOUND('',#3521,.T.);
#3521=EDGE_LOOP('',(#5891));
#3522=FACE_OUTER_BOUND('',#3523,.T.);
#3523=EDGE_LOOP('',(#5892));
#3524=CYLINDRICAL_SURFACE('',#3525,1.5);
#3525=AXIS2_PLACEMENT_3D('',#3526,#3527,#3528);
#3526=CARTESIAN_POINT('',(-126.999765,-219.970584,0.));
#3527=DIRECTION('',(0.,0.,-1.));
#3528=DIRECTION('',(1.,0.,0.));
#3529=FACE_OUTER_BOUND('',#3530,.T.);
#3530=EDGE_LOOP('',(#5893));
#3531=FACE_OUTER_BOUND('',#3532,.T.);
#3532=EDGE_LOOP('',(#5894));
#3533=CYLINDRICAL_SURFACE('',#3534,1.5);
#3534=AXIS2_PLACEMENT_3D('',#3535,#3536,#3537);
#3535=CARTESIAN_POINT('',(-145.688189,-208.064774,0.));
#3536=DIRECTION('',(0.,0.,-1.));
#3537=DIRECTION('',(1.,0.,0.));
#3538=FACE_OUTER_BOUND('',#3539,.T.);
#3539=EDGE_LOOP('',(#5895));
#3540=FACE_OUTER_BOUND('',#3541,.T.);
#3541=EDGE_LOOP('',(#5896));
#3542=CYLINDRICAL_SURFACE('',#3543,1.5);
#3543=AXIS2_PLACEMENT_3D('',#3544,#3545,#3546);
#3544=CARTESIAN_POINT('',(-163.267837,-194.575466,0.));
#3545=DIRECTION('',(0.,0.,-1.));
#3546=DIRECTION('',(1.,0.,0.));
#3547=FACE_OUTER_BOUND('',#3548,.T.);
#3548=EDGE_LOOP('',(#5897));
#3549=FACE_OUTER_BOUND('',#3550,.T.);
#3550=EDGE_LOOP('',(#5898));
#3551=CYLINDRICAL_SURFACE('',#3552,1.5);
#3552=AXIS2_PLACEMENT_3D('',#3553,#3554,#3555);
#3553=CARTESIAN_POINT('',(-179.60492,-179.605322,0.));
#3554=DIRECTION('',(0.,0.,-1.));
#3555=DIRECTION('',(1.,0.,0.));
#3556=FACE_OUTER_BOUND('',#3557,.T.);
#3557=EDGE_LOOP('',(#5899));
#3558=FACE_OUTER_BOUND('',#3559,.T.);
#3559=EDGE_LOOP('',(#5900));
#3560=CYLINDRICAL_SURFACE('',#3561,1.5);
#3561=AXIS2_PLACEMENT_3D('',#3562,#3563,#3564);
#3562=CARTESIAN_POINT('',(-194.575101,-163.268273,0.));
#3563=DIRECTION('',(0.,0.,-1.));
#3564=DIRECTION('',(1.,0.,0.));
#3565=FACE_OUTER_BOUND('',#3566,.T.);
#3566=EDGE_LOOP('',(#5901));
#3567=FACE_OUTER_BOUND('',#3568,.T.);
#3568=EDGE_LOOP('',(#5902));
#3569=CYLINDRICAL_SURFACE('',#3570,1.5);
#3570=AXIS2_PLACEMENT_3D('',#3571,#3572,#3573);
#3571=CARTESIAN_POINT('',(-208.064449,-145.688655,0.));
#3572=DIRECTION('',(0.,0.,-1.));
#3573=DIRECTION('',(1.,0.,0.));
#3574=FACE_OUTER_BOUND('',#3575,.T.);
#3575=EDGE_LOOP('',(#5903));
#3576=FACE_OUTER_BOUND('',#3577,.T.);
#3577=EDGE_LOOP('',(#5904));
#3578=CYLINDRICAL_SURFACE('',#3579,1.5);
#3579=AXIS2_PLACEMENT_3D('',#3580,#3581,#3582);
#3580=CARTESIAN_POINT('',(-219.970302,-127.000259,0.));
#3581=DIRECTION('',(0.,0.,-1.));
#3582=DIRECTION('',(1.,0.,0.));
#3583=FACE_OUTER_BOUND('',#3584,.T.);
#3584=EDGE_LOOP('',(#5905));
#3585=FACE_OUTER_BOUND('',#3586,.T.);
#3586=EDGE_LOOP('',(#5906));
#3587=CYLINDRICAL_SURFACE('',#3588,1.5);
#3588=AXIS2_PLACEMENT_3D('',#3589,#3590,#3591);
#3589=CARTESIAN_POINT('',(-230.202049,-107.345314,0.));
#3590=DIRECTION('',(0.,0.,-1.));
#3591=DIRECTION('',(1.,0.,0.));
#3592=FACE_OUTER_BOUND('',#3593,.T.);
#3593=EDGE_LOOP('',(#5907));
#3594=FACE_OUTER_BOUND('',#3595,.T.);
#3595=EDGE_LOOP('',(#5908));
#3596=CYLINDRICAL_SURFACE('',#3597,1.5);
#3597=AXIS2_PLACEMENT_3D('',#3598,#3599,#3600);
#3598=CARTESIAN_POINT('',(-238.681819,-86.873407,0.));
#3599=DIRECTION('',(0.,0.,-1.));
#3600=DIRECTION('',(1.,0.,0.));
#3601=FACE_OUTER_BOUND('',#3602,.T.);
#3602=EDGE_LOOP('',(#5909));
#3603=FACE_OUTER_BOUND('',#3604,.T.);
#3604=EDGE_LOOP('',(#5910));
#3605=CYLINDRICAL_SURFACE('',#3606,1.5);
#3606=AXIS2_PLACEMENT_3D('',#3607,#3608,#3609);
#3607=CARTESIAN_POINT('',(-245.345078,-65.740341,0.));
#3608=DIRECTION('',(0.,0.,-1.));
#3609=DIRECTION('',(1.,0.,0.));
#3610=FACE_OUTER_BOUND('',#3611,.T.);
#3611=EDGE_LOOP('',(#5911));
#3612=FACE_OUTER_BOUND('',#3613,.T.);
#3613=EDGE_LOOP('',(#5912));
#3614=CYLINDRICAL_SURFACE('',#3615,1.5);
#3615=AXIS2_PLACEMENT_3D('',#3616,#3617,#3618);
#3616=CARTESIAN_POINT('',(-250.141114,-44.106952,0.));
#3617=DIRECTION('',(0.,0.,-1.));
#3618=DIRECTION('',(1.,0.,0.));
#3619=FACE_OUTER_BOUND('',#3620,.T.);
#3620=EDGE_LOOP('',(#5913));
#3621=FACE_OUTER_BOUND('',#3622,.T.);
#3622=EDGE_LOOP('',(#5914));
#3623=CYLINDRICAL_SURFACE('',#3624,1.5);
#3624=AXIS2_PLACEMENT_3D('',#3625,#3626,#3627);
#3625=CARTESIAN_POINT('',(-253.033425,-22.137883,0.));
#3626=DIRECTION('',(0.,0.,-1.));
#3627=DIRECTION('',(1.,0.,0.));
#3628=FACE_OUTER_BOUND('',#3629,.T.);
#3629=EDGE_LOOP('',(#5915));
#3630=FACE_OUTER_BOUND('',#3631,.T.);
#3631=EDGE_LOOP('',(#5916));
#3632=CYLINDRICAL_SURFACE('',#3633,1.5);
#3633=AXIS2_PLACEMENT_3D('',#3634,#3635,#3636);
#3634=CARTESIAN_POINT('',(-254.,0.,0.));
#3635=DIRECTION('',(0.,0.,-1.));
#3636=DIRECTION('',(1.,0.,0.));
#3637=FACE_OUTER_BOUND('',#3638,.T.);
#3638=EDGE_LOOP('',(#5917));
#3639=FACE_OUTER_BOUND('',#3640,.T.);
#3640=EDGE_LOOP('',(#5918));
#3641=CYLINDRICAL_SURFACE('',#3642,1.5);
#3642=AXIS2_PLACEMENT_3D('',#3643,#3644,#3645);
#3643=CARTESIAN_POINT('',(-57.27566261727,-57.27569311219,0.));
#3644=DIRECTION('',(0.,0.,-1.));
#3645=DIRECTION('',(1.,0.,0.));
#3646=FACE_OUTER_BOUND('',#3647,.T.);
#3647=EDGE_LOOP('',(#5919));
#3648=FACE_OUTER_BOUND('',#3649,.T.);
#3649=EDGE_LOOP('',(#5920));
#3650=CYLINDRICAL_SURFACE('',#3651,1.5);
#3651=AXIS2_PLACEMENT_3D('',#3652,#3653,#3654);
#3652=CARTESIAN_POINT('',(-93.338457,-93.338369,0.));
#3653=DIRECTION('',(0.,0.,-1.));
#3654=DIRECTION('',(1.,0.,0.));
#3655=FACE_OUTER_BOUND('',#3656,.T.);
#3656=EDGE_LOOP('',(#5921));
#3657=FACE_OUTER_BOUND('',#3658,.T.);
#3658=EDGE_LOOP('',(#5922));
#3659=CYLINDRICAL_SURFACE('',#3660,1.5);
#3660=AXIS2_PLACEMENT_3D('',#3661,#3662,#3663);
#3661=CARTESIAN_POINT('',(-103.944594,-40.304775,0.));
#3662=DIRECTION('',(0.,0.,-1.));
#3663=DIRECTION('',(1.,0.,0.));
#3664=FACE_OUTER_BOUND('',#3665,.T.);
#3665=EDGE_LOOP('',(#5923));
#3666=FACE_OUTER_BOUND('',#3667,.T.);
#3667=EDGE_LOOP('',(#5924));
#3668=CYLINDRICAL_SURFACE('',#3669,1.5);
#3669=AXIS2_PLACEMENT_3D('',#3670,#3671,#3672);
#3670=CARTESIAN_POINT('',(-82.731499,-61.518325,0.));
#3671=DIRECTION('',(0.,0.,-1.));
#3672=DIRECTION('',(1.,0.,0.));
#3673=FACE_OUTER_BOUND('',#3674,.T.);
#3674=EDGE_LOOP('',(#5925));
#3675=FACE_OUTER_BOUND('',#3676,.T.);
#3676=EDGE_LOOP('',(#5926));
#3677=CYLINDRICAL_SURFACE('',#3678,1.5);
#3678=AXIS2_PLACEMENT_3D('',#3679,#3680,#3681);
#3679=CARTESIAN_POINT('',(93.338416667702,93.338321652642,0.));
#3680=DIRECTION('',(0.,0.,-1.));
#3681=DIRECTION('',(1.,0.,0.));
#3682=FACE_OUTER_BOUND('',#3683,.T.);
#3683=EDGE_LOOP('',(#5927));
#3684=FACE_OUTER_BOUND('',#3685,.T.);
#3685=EDGE_LOOP('',(#5928));
#3686=CYLINDRICAL_SURFACE('',#3687,1.5);
#3687=AXIS2_PLACEMENT_3D('',#3688,#3689,#3690);
#3688=CARTESIAN_POINT('',(61.518362268818,82.731394848532,0.));
#3689=DIRECTION('',(0.,0.,-1.));
#3690=DIRECTION('',(1.,0.,0.));
#3691=FACE_OUTER_BOUND('',#3692,.T.);
#3692=EDGE_LOOP('',(#5929));
#3693=FACE_OUTER_BOUND('',#3694,.T.);
#3694=EDGE_LOOP('',(#5930));
#3695=CYLINDRICAL_SURFACE('',#3696,1.5);
#3696=AXIS2_PLACEMENT_3D('',#3697,#3698,#3699);
#3697=CARTESIAN_POINT('',(40.304833065821,103.94451064596,0.));
#3698=DIRECTION('',(0.,0.,-1.));
#3699=DIRECTION('',(1.,0.,0.));
#3700=FACE_OUTER_BOUND('',#3701,.T.);
#3701=EDGE_LOOP('',(#5931));
#3702=FACE_OUTER_BOUND('',#3703,.T.);
#3703=EDGE_LOOP('',(#5932));
#3704=CYLINDRICAL_SURFACE('',#3705,1.5);
#3705=AXIS2_PLACEMENT_3D('',#3706,#3707,#3708);
#3706=CARTESIAN_POINT('',(-85.55992,-28.991408,0.));
#3707=DIRECTION('',(0.,0.,-1.));
#3708=DIRECTION('',(1.,0.,0.));
#3709=FACE_OUTER_BOUND('',#3710,.T.);
#3710=EDGE_LOOP('',(#5933));
#3711=FACE_OUTER_BOUND('',#3712,.T.);
#3712=EDGE_LOOP('',(#5934));
#3713=CYLINDRICAL_SURFACE('',#3714,1.5);
#3714=AXIS2_PLACEMENT_3D('',#3715,#3716,#3717);
#3715=CARTESIAN_POINT('',(28.991448041774,85.559847737422,0.));
#3716=DIRECTION('',(0.,0.,-1.));
#3717=DIRECTION('',(1.,0.,0.));
#3718=FACE_OUTER_BOUND('',#3719,.T.);
#3719=EDGE_LOOP('',(#5935));
#3720=FACE_OUTER_BOUND('',#3721,.T.);
#3721=EDGE_LOOP('',(#5936));
#3722=CYLINDRICAL_SURFACE('',#3723,1.5);
#3723=AXIS2_PLACEMENT_3D('',#3724,#3725,#3726);
#3724=CARTESIAN_POINT('',(57.275705424502,57.275562625231,0.));
#3725=DIRECTION('',(0.,0.,-1.));
#3726=DIRECTION('',(1.,0.,0.));
#3727=FACE_OUTER_BOUND('',#3728,.T.);
#3728=EDGE_LOOP('',(#5937));
#3729=FACE_OUTER_BOUND('',#3730,.T.);
#3730=EDGE_LOOP('',(#5938));
#3731=CYLINDRICAL_SURFACE('',#3732,1.5);
#3732=AXIS2_PLACEMENT_3D('',#3733,#3734,#3735);
#3733=CARTESIAN_POINT('',(-31.191546,57.35452382114,0.));
#3734=DIRECTION('',(0.,0.,-1.));
#3735=DIRECTION('',(1.,0.,0.));
#3736=FACE_OUTER_BOUND('',#3737,.T.);
#3737=EDGE_LOOP('',(#5939));
#3738=FACE_OUTER_BOUND('',#3739,.T.);
#3739=EDGE_LOOP('',(#5940));
#3740=CYLINDRICAL_SURFACE('',#3741,1.5);
#3741=AXIS2_PLACEMENT_3D('',#3742,#3743,#3744);
#3742=CARTESIAN_POINT('',(31.191546,-57.354528,0.));
#3743=DIRECTION('',(0.,0.,-1.));
#3744=DIRECTION('',(1.,0.,0.));
#3745=FACE_OUTER_BOUND('',#3746,.T.);
#3746=EDGE_LOOP('',(#5941));
#3747=FACE_OUTER_BOUND('',#3748,.T.);
#3748=EDGE_LOOP('',(#5942));
#3749=CYLINDRICAL_SURFACE('',#3750,1.5);
#3750=AXIS2_PLACEMENT_3D('',#3751,#3752,#3753);
#3751=CARTESIAN_POINT('',(-219.970467,126.999973,0.));
#3752=DIRECTION('',(0.,0.,-1.));
#3753=DIRECTION('',(1.,0.,0.));
#3754=FACE_OUTER_BOUND('',#3755,.T.);
#3755=EDGE_LOOP('',(#5943));
#3756=FACE_OUTER_BOUND('',#3757,.T.);
#3757=EDGE_LOOP('',(#5944));
#3758=CYLINDRICAL_SURFACE('',#3759,2.5);
#3759=AXIS2_PLACEMENT_3D('',#3760,#3761,#3762);
#3760=CARTESIAN_POINT('',(-72.124965,-50.911802,0.));
#3761=DIRECTION('',(0.,0.,-1.));
#3762=DIRECTION('',(1.,0.,0.));
#3763=FACE_OUTER_BOUND('',#3764,.T.);
#3764=EDGE_LOOP('',(#5945));
#3765=FACE_OUTER_BOUND('',#3766,.T.);
#3766=EDGE_LOOP('',(#5946));
#3767=CYLINDRICAL_SURFACE('',#3768,2.5);
#3768=AXIS2_PLACEMENT_3D('',#3769,#3770,#3771);
#3769=CARTESIAN_POINT('',(-82.731413,-40.305116,0.));
#3770=DIRECTION('',(0.,0.,-1.));
#3771=DIRECTION('',(1.,0.,0.));
#3772=FACE_OUTER_BOUND('',#3773,.T.);
#3773=EDGE_LOOP('',(#5947));
#3774=FACE_OUTER_BOUND('',#3775,.T.);
#3775=EDGE_LOOP('',(#5948));
#3776=CYLINDRICAL_SURFACE('',#3777,2.5);
#3777=AXIS2_PLACEMENT_3D('',#3778,#3779,#3780);
#3778=CARTESIAN_POINT('',(-82.731552,-82.731667,0.));
#3779=DIRECTION('',(0.,0.,-1.));
#3780=DIRECTION('',(1.,0.,0.));
#3781=FACE_OUTER_BOUND('',#3782,.T.);
#3782=EDGE_LOOP('',(#5949));
#3783=FACE_OUTER_BOUND('',#3784,.T.);
#3784=EDGE_LOOP('',(#5950));
#3785=CYLINDRICAL_SURFACE('',#3786,2.5);
#3786=AXIS2_PLACEMENT_3D('',#3787,#3788,#3789);
#3787=CARTESIAN_POINT('',(-93.338189,-72.124941,0.));
#3788=DIRECTION('',(0.,0.,-1.));
#3789=DIRECTION('',(1.,0.,0.));
#3790=FACE_OUTER_BOUND('',#3791,.T.);
#3791=EDGE_LOOP('',(#5951));
#3792=FACE_OUTER_BOUND('',#3793,.T.);
#3793=EDGE_LOOP('',(#5952));
#3794=CYLINDRICAL_SURFACE('',#3795,2.5);
#3795=AXIS2_PLACEMENT_3D('',#3796,#3797,#3798);
#3796=CARTESIAN_POINT('',(-103.944909,-61.518528,0.));
#3797=DIRECTION('',(0.,0.,-1.));
#3798=DIRECTION('',(1.,0.,0.));
#3799=FACE_OUTER_BOUND('',#3800,.T.);
#3800=EDGE_LOOP('',(#5953));
#3801=FACE_OUTER_BOUND('',#3802,.T.);
#3802=EDGE_LOOP('',(#5954));
#3803=CYLINDRICAL_SURFACE('',#3804,2.5);
#3804=AXIS2_PLACEMENT_3D('',#3805,#3806,#3807);
#3805=CARTESIAN_POINT('',(61.51858606612,103.94480484832,0.));
#3806=DIRECTION('',(0.,0.,-1.));
#3807=DIRECTION('',(1.,0.,0.));
#3808=FACE_OUTER_BOUND('',#3809,.T.);
#3809=EDGE_LOOP('',(#5955));
#3810=FACE_OUTER_BOUND('',#3811,.T.);
#3811=EDGE_LOOP('',(#5956));
#3812=CYLINDRICAL_SURFACE('',#3813,2.5);
#3813=AXIS2_PLACEMENT_3D('',#3814,#3815,#3816);
#3814=CARTESIAN_POINT('',(72.124988667449,93.338074449962,0.));
#3815=DIRECTION('',(0.,0.,-1.));
#3816=DIRECTION('',(1.,0.,0.));
#3817=FACE_OUTER_BOUND('',#3818,.T.);
#3818=EDGE_LOOP('',(#5957));
#3819=FACE_OUTER_BOUND('',#3820,.T.);
#3820=EDGE_LOOP('',(#5958));
#3821=CYLINDRICAL_SURFACE('',#3822,2.5);
#3822=AXIS2_PLACEMENT_3D('',#3823,#3824,#3825);
#3823=CARTESIAN_POINT('',(82.73170426886,82.731427051296,0.));
#3824=DIRECTION('',(0.,0.,-1.));
#3825=DIRECTION('',(1.,0.,0.));
#3826=FACE_OUTER_BOUND('',#3827,.T.);
#3827=EDGE_LOOP('',(#5959));
#3828=FACE_OUTER_BOUND('',#3829,.T.);
#3829=EDGE_LOOP('',(#5960));
#3830=CYLINDRICAL_SURFACE('',#3831,2.5);
#3831=AXIS2_PLACEMENT_3D('',#3832,#3833,#3834);
#3832=CARTESIAN_POINT('',(29.698437667224,93.337866044304,0.));
#3833=DIRECTION('',(0.,0.,-1.));
#3834=DIRECTION('',(1.,0.,0.));
#3835=FACE_OUTER_BOUND('',#3836,.T.);
#3836=EDGE_LOOP('',(#5961));
#3837=FACE_OUTER_BOUND('',#3838,.T.);
#3838=EDGE_LOOP('',(#5962));
#3839=CYLINDRICAL_SURFACE('',#3840,2.5);
#3840=AXIS2_PLACEMENT_3D('',#3841,#3842,#3843);
#3841=CARTESIAN_POINT('',(40.305153268744,82.731329645637,0.));
#3842=DIRECTION('',(0.,0.,-1.));
#3843=DIRECTION('',(1.,0.,0.));
#3844=FACE_OUTER_BOUND('',#3845,.T.);
#3845=EDGE_LOOP('',(#5963));
#3846=FACE_OUTER_BOUND('',#3847,.T.);
#3847=EDGE_LOOP('',(#5964));
#3848=CYLINDRICAL_SURFACE('',#3849,2.5);
#3849=AXIS2_PLACEMENT_3D('',#3850,#3851,#3852);
#3850=CARTESIAN_POINT('',(50.911828870339,72.124871247009,0.));
#3851=DIRECTION('',(0.,0.,-1.));
#3852=DIRECTION('',(1.,0.,0.));
#3853=FACE_OUTER_BOUND('',#3854,.T.);
#3854=EDGE_LOOP('',(#5965));
#3855=FACE_OUTER_BOUND('',#3856,.T.);
#3856=EDGE_LOOP('',(#5966));
#3857=CYLINDRICAL_SURFACE('',#3858,2.5);
#3858=AXIS2_PLACEMENT_3D('',#3859,#3860,#3861);
#3859=CARTESIAN_POINT('',(-93.337939,-29.69839,0.));
#3860=DIRECTION('',(0.,0.,-1.));
#3861=DIRECTION('',(1.,0.,0.));
#3862=FACE_OUTER_BOUND('',#3863,.T.);
#3863=EDGE_LOOP('',(#5967));
#3864=FACE_OUTER_BOUND('',#3865,.T.);
#3865=EDGE_LOOP('',(#5968));
#3866=CYLINDRICAL_SURFACE('',#3867,2.5);
#3867=AXIS2_PLACEMENT_3D('',#3868,#3869,#3870);
#3868=CARTESIAN_POINT('',(-61.51829,-61.51832,0.));
#3869=DIRECTION('',(0.,0.,-1.));
#3870=DIRECTION('',(1.,0.,0.));
#3871=FACE_OUTER_BOUND('',#3872,.T.);
#3872=EDGE_LOOP('',(#5969));
#3873=FACE_OUTER_BOUND('',#3874,.T.);
#3874=EDGE_LOOP('',(#5970));
#3875=CYLINDRICAL_SURFACE('',#3876,2.5);
#3876=AXIS2_PLACEMENT_3D('',#3877,#3878,#3879);
#3877=CARTESIAN_POINT('',(61.518336471712,61.518185848547,0.));
#3878=DIRECTION('',(0.,0.,-1.));
#3879=DIRECTION('',(1.,0.,0.));
#3880=FACE_OUTER_BOUND('',#3881,.T.);
#3881=EDGE_LOOP('',(#5971));
#3882=FACE_OUTER_BOUND('',#3883,.T.);
#3883=EDGE_LOOP('',(#5972));
#3884=CYLINDRICAL_SURFACE('',#3885,4.);
#3885=AXIS2_PLACEMENT_3D('',#3886,#3887,#3888);
#3886=CARTESIAN_POINT('',(242.903989,-31.978826,0.));
#3887=DIRECTION('',(0.,0.,-1.));
#3888=DIRECTION('',(1.,0.,0.));
#3889=FACE_OUTER_BOUND('',#3890,.T.);
#3890=EDGE_LOOP('',(#5973));
#3891=FACE_OUTER_BOUND('',#3892,.T.);
#3892=EDGE_LOOP('',(#5974));
#3893=CYLINDRICAL_SURFACE('',#3894,4.);
#3894=AXIS2_PLACEMENT_3D('',#3895,#3896,#3897);
#3895=CARTESIAN_POINT('',(-197.,0.,0.));
#3896=DIRECTION('',(0.,0.,-1.));
#3897=DIRECTION('',(1.,0.,0.));
#3898=FACE_OUTER_BOUND('',#3899,.T.);
#3899=EDGE_LOOP('',(#5975));
#3900=FACE_OUTER_BOUND('',#3901,.T.);
#3901=EDGE_LOOP('',(#5976));
#3902=CYLINDRICAL_SURFACE('',#3903,4.);
#3903=AXIS2_PLACEMENT_3D('',#3904,#3905,#3906);
#3904=CARTESIAN_POINT('',(0.,-197.,0.));
#3905=DIRECTION('',(0.,0.,-1.));
#3906=DIRECTION('',(1.,0.,0.));
#3907=FACE_OUTER_BOUND('',#3908,.T.);
#3908=EDGE_LOOP('',(#5977));
#3909=FACE_OUTER_BOUND('',#3910,.T.);
#3910=EDGE_LOOP('',(#5978));
#3911=CYLINDRICAL_SURFACE('',#3912,4.);
#3912=AXIS2_PLACEMENT_3D('',#3913,#3914,#3915);
#3913=CARTESIAN_POINT('',(197.,0.,0.));
#3914=DIRECTION('',(0.,0.,-1.));
#3915=DIRECTION('',(1.,0.,0.));
#3916=FACE_OUTER_BOUND('',#3917,.T.);
#3917=EDGE_LOOP('',(#5979));
#3918=FACE_OUTER_BOUND('',#3919,.T.);
#3919=EDGE_LOOP('',(#5980));
#3920=CYLINDRICAL_SURFACE('',#3921,4.);
#3921=AXIS2_PLACEMENT_3D('',#3922,#3923,#3924);
#3922=CARTESIAN_POINT('',(0.,197.,0.));
#3923=DIRECTION('',(0.,0.,-1.));
#3924=DIRECTION('',(1.,0.,0.));
#3925=FACE_OUTER_BOUND('',#3926,.T.);
#3926=EDGE_LOOP('',(#5981));
#3927=FACE_OUTER_BOUND('',#3928,.T.);
#3928=EDGE_LOOP('',(#5982));
#3929=CYLINDRICAL_SURFACE('',#3930,4.);
#3930=AXIS2_PLACEMENT_3D('',#3931,#3932,#3933);
#3931=CARTESIAN_POINT('',(-242.903999,31.978859,0.));
#3932=DIRECTION('',(0.,0.,-1.));
#3933=DIRECTION('',(1.,0.,0.));
#3934=FACE_OUTER_BOUND('',#3935,.T.);
#3935=EDGE_LOOP('',(#5983));
#3936=FACE_OUTER_BOUND('',#3937,.T.);
#3937=EDGE_LOOP('',(#5984));
#3938=CYLINDRICAL_SURFACE('',#3939,4.);
#3939=AXIS2_PLACEMENT_3D('',#3940,#3941,#3942);
#3940=CARTESIAN_POINT('',(-239.192535,53.027647,0.));
#3941=DIRECTION('',(0.,0.,-1.));
#3942=DIRECTION('',(1.,0.,0.));
#3943=FACE_OUTER_BOUND('',#3944,.T.);
#3944=EDGE_LOOP('',(#5985));
#3945=FACE_OUTER_BOUND('',#3946,.T.);
#3946=EDGE_LOOP('',(#5986));
#3947=CYLINDRICAL_SURFACE('',#3948,4.);
#3948=AXIS2_PLACEMENT_3D('',#3949,#3950,#3951);
#3949=CARTESIAN_POINT('',(-233.660671,73.672862,0.));
#3950=DIRECTION('',(0.,0.,-1.));
#3951=DIRECTION('',(1.,0.,0.));
#3952=FACE_OUTER_BOUND('',#3953,.T.);
#3953=EDGE_LOOP('',(#5987));
#3954=FACE_OUTER_BOUND('',#3955,.T.);
#3955=EDGE_LOOP('',(#5988));
#3956=CYLINDRICAL_SURFACE('',#3957,4.);
#3957=AXIS2_PLACEMENT_3D('',#3958,#3959,#3960);
#3958=CARTESIAN_POINT('',(-226.350509,93.757383,0.));
#3959=DIRECTION('',(0.,0.,-1.));
#3960=DIRECTION('',(1.,0.,0.));
#3961=FACE_OUTER_BOUND('',#3962,.T.);
#3962=EDGE_LOOP('',(#5989));
#3963=FACE_OUTER_BOUND('',#3964,.T.);
#3964=EDGE_LOOP('',(#5990));
#3965=CYLINDRICAL_SURFACE('',#3966,4.);
#3966=AXIS2_PLACEMENT_3D('',#3967,#3968,#3969);
#3967=CARTESIAN_POINT('',(-217.317683,113.128353,0.));
#3968=DIRECTION('',(0.,0.,-1.));
#3969=DIRECTION('',(1.,0.,0.));
#3970=FACE_OUTER_BOUND('',#3971,.T.);
#3971=EDGE_LOOP('',(#5991));
#3972=FACE_OUTER_BOUND('',#3973,.T.);
#3973=EDGE_LOOP('',(#5992));
#3974=CYLINDRICAL_SURFACE('',#3975,4.);
#3975=AXIS2_PLACEMENT_3D('',#3976,#3977,#3978);
#3976=CARTESIAN_POINT('',(-206.630939,131.638348,0.));
#3977=DIRECTION('',(0.,0.,-1.));
#3978=DIRECTION('',(1.,0.,0.));
#3979=FACE_OUTER_BOUND('',#3980,.T.);
#3980=EDGE_LOOP('',(#5993));
#3981=FACE_OUTER_BOUND('',#3982,.T.);
#3982=EDGE_LOOP('',(#5994));
#3983=CYLINDRICAL_SURFACE('',#3984,4.);
#3984=AXIS2_PLACEMENT_3D('',#3985,#3986,#3987);
#3985=CARTESIAN_POINT('',(-194.371608,149.146496,0.));
#3986=DIRECTION('',(0.,0.,-1.));
#3987=DIRECTION('',(1.,0.,0.));
#3988=FACE_OUTER_BOUND('',#3989,.T.);
#3989=EDGE_LOOP('',(#5995));
#3990=FACE_OUTER_BOUND('',#3991,.T.);
#3991=EDGE_LOOP('',(#5996));
#3992=CYLINDRICAL_SURFACE('',#3993,4.);
#3993=AXIS2_PLACEMENT_3D('',#3994,#3995,#3996);
#3994=CARTESIAN_POINT('',(-180.632993,165.519549,0.));
#3995=DIRECTION('',(0.,0.,-1.));
#3996=DIRECTION('',(1.,0.,0.));
#3997=FACE_OUTER_BOUND('',#3998,.T.);
#3998=EDGE_LOOP('',(#5997));
#3999=FACE_OUTER_BOUND('',#4000,.T.);
#4000=EDGE_LOOP('',(#5998));
#4001=CYLINDRICAL_SURFACE('',#4002,4.);
#4002=AXIS2_PLACEMENT_3D('',#4003,#4004,#4005);
#4003=CARTESIAN_POINT('',(-165.519651,180.632899,0.));
#4004=DIRECTION('',(0.,0.,-1.));
#4005=DIRECTION('',(1.,0.,0.));
#4006=FACE_OUTER_BOUND('',#4007,.T.);
#4007=EDGE_LOOP('',(#5999));
#4008=FACE_OUTER_BOUND('',#4009,.T.);
#4009=EDGE_LOOP('',(#6000));
#4010=CYLINDRICAL_SURFACE('',#4011,4.);
#4011=AXIS2_PLACEMENT_3D('',#4012,#4013,#4014);
#4012=CARTESIAN_POINT('',(-149.146605,194.371523,0.));
#4013=DIRECTION('',(0.,0.,-1.));
#4014=DIRECTION('',(1.,0.,0.));
#4015=FACE_OUTER_BOUND('',#4016,.T.);
#4016=EDGE_LOOP('',(#6001));
#4017=FACE_OUTER_BOUND('',#4018,.T.);
#4018=EDGE_LOOP('',(#6002));
#4019=CYLINDRICAL_SURFACE('',#4020,4.);
#4020=AXIS2_PLACEMENT_3D('',#4021,#4022,#4023);
#4021=CARTESIAN_POINT('',(-131.638464,206.630862,0.));
#4022=DIRECTION('',(0.,0.,-1.));
#4023=DIRECTION('',(1.,0.,0.));
#4024=FACE_OUTER_BOUND('',#4025,.T.);
#4025=EDGE_LOOP('',(#6003));
#4026=FACE_OUTER_BOUND('',#4027,.T.);
#4027=EDGE_LOOP('',(#6004));
#4028=CYLINDRICAL_SURFACE('',#4029,4.);
#4029=AXIS2_PLACEMENT_3D('',#4030,#4031,#4032);
#4030=CARTESIAN_POINT('',(-113.128474,217.317617,0.));
#4031=DIRECTION('',(0.,0.,-1.));
#4032=DIRECTION('',(1.,0.,0.));
#4033=FACE_OUTER_BOUND('',#4034,.T.);
#4034=EDGE_LOOP('',(#6005));
#4035=FACE_OUTER_BOUND('',#4036,.T.);
#4036=EDGE_LOOP('',(#6006));
#4037=CYLINDRICAL_SURFACE('',#4038,4.);
#4038=AXIS2_PLACEMENT_3D('',#4039,#4040,#4041);
#4039=CARTESIAN_POINT('',(-93.757509,226.350453,0.));
#4040=DIRECTION('',(0.,0.,-1.));
#4041=DIRECTION('',(1.,0.,0.));
#4042=FACE_OUTER_BOUND('',#4043,.T.);
#4043=EDGE_LOOP('',(#6007));
#4044=FACE_OUTER_BOUND('',#4045,.T.);
#4045=EDGE_LOOP('',(#6008));
#4046=CYLINDRICAL_SURFACE('',#4047,4.);
#4047=AXIS2_PLACEMENT_3D('',#4048,#4049,#4050);
#4048=CARTESIAN_POINT('',(-73.672992,233.660625,0.));
#4049=DIRECTION('',(0.,0.,-1.));
#4050=DIRECTION('',(1.,0.,0.));
#4051=FACE_OUTER_BOUND('',#4052,.T.);
#4052=EDGE_LOOP('',(#6009));
#4053=FACE_OUTER_BOUND('',#4054,.T.);
#4054=EDGE_LOOP('',(#6010));
#4055=CYLINDRICAL_SURFACE('',#4056,4.);
#4056=AXIS2_PLACEMENT_3D('',#4057,#4058,#4059);
#4057=CARTESIAN_POINT('',(-53.02778,239.1925,0.));
#4058=DIRECTION('',(0.,0.,-1.));
#4059=DIRECTION('',(1.,0.,0.));
#4060=FACE_OUTER_BOUND('',#4061,.T.);
#4061=EDGE_LOOP('',(#6011));
#4062=FACE_OUTER_BOUND('',#4063,.T.);
#4063=EDGE_LOOP('',(#6012));
#4064=CYLINDRICAL_SURFACE('',#4065,4.);
#4065=AXIS2_PLACEMENT_3D('',#4066,#4067,#4068);
#4066=CARTESIAN_POINT('',(-31.978994,242.903975,0.));
#4067=DIRECTION('',(0.,0.,-1.));
#4068=DIRECTION('',(1.,0.,0.));
#4069=FACE_OUTER_BOUND('',#4070,.T.);
#4070=EDGE_LOOP('',(#6013));
#4071=FACE_OUTER_BOUND('',#4072,.T.);
#4072=EDGE_LOOP('',(#6014));
#4073=CYLINDRICAL_SURFACE('',#4074,4.);
#4074=AXIS2_PLACEMENT_3D('',#4075,#4076,#4077);
#4075=CARTESIAN_POINT('',(-10.686829,244.766804,0.));
#4076=DIRECTION('',(0.,0.,-1.));
#4077=DIRECTION('',(1.,0.,0.));
#4078=FACE_OUTER_BOUND('',#4079,.T.);
#4079=EDGE_LOOP('',(#6015));
#4080=FACE_OUTER_BOUND('',#4081,.T.);
#4081=EDGE_LOOP('',(#6016));
#4082=CYLINDRICAL_SURFACE('',#4083,4.);
#4083=AXIS2_PLACEMENT_3D('',#4084,#4085,#4086);
#4084=CARTESIAN_POINT('',(10.686669,244.76681,0.));
#4085=DIRECTION('',(0.,0.,-1.));
#4086=DIRECTION('',(1.,0.,0.));
#4087=FACE_OUTER_BOUND('',#4088,.T.);
#4088=EDGE_LOOP('',(#6017));
#4089=FACE_OUTER_BOUND('',#4090,.T.);
#4090=EDGE_LOOP('',(#6018));
#4091=CYLINDRICAL_SURFACE('',#4092,4.);
#4092=AXIS2_PLACEMENT_3D('',#4093,#4094,#4095);
#4093=CARTESIAN_POINT('',(31.978836,242.903994,0.));
#4094=DIRECTION('',(0.,0.,-1.));
#4095=DIRECTION('',(1.,0.,0.));
#4096=FACE_OUTER_BOUND('',#4097,.T.);
#4097=EDGE_LOOP('',(#6019));
#4098=FACE_OUTER_BOUND('',#4099,.T.);
#4099=EDGE_LOOP('',(#6020));
#4100=CYLINDRICAL_SURFACE('',#4101,4.);
#4101=AXIS2_PLACEMENT_3D('',#4102,#4103,#4104);
#4102=CARTESIAN_POINT('',(53.027624,239.192531,0.));
#4103=DIRECTION('',(0.,0.,-1.));
#4104=DIRECTION('',(1.,0.,0.));
#4105=FACE_OUTER_BOUND('',#4106,.T.);
#4106=EDGE_LOOP('',(#6021));
#4107=FACE_OUTER_BOUND('',#4108,.T.);
#4108=EDGE_LOOP('',(#6022));
#4109=CYLINDRICAL_SURFACE('',#4110,4.);
#4110=AXIS2_PLACEMENT_3D('',#4111,#4112,#4113);
#4111=CARTESIAN_POINT('',(73.672839,233.660669,0.));
#4112=DIRECTION('',(0.,0.,-1.));
#4113=DIRECTION('',(1.,0.,0.));
#4114=FACE_OUTER_BOUND('',#4115,.T.);
#4115=EDGE_LOOP('',(#6023));
#4116=FACE_OUTER_BOUND('',#4117,.T.);
#4117=EDGE_LOOP('',(#6024));
#4118=CYLINDRICAL_SURFACE('',#4119,4.);
#4119=AXIS2_PLACEMENT_3D('',#4120,#4121,#4122);
#4120=CARTESIAN_POINT('',(93.75736,226.350508,0.));
#4121=DIRECTION('',(0.,0.,-1.));
#4122=DIRECTION('',(1.,0.,0.));
#4123=FACE_OUTER_BOUND('',#4124,.T.);
#4124=EDGE_LOOP('',(#6025));
#4125=FACE_OUTER_BOUND('',#4126,.T.);
#4126=EDGE_LOOP('',(#6026));
#4127=CYLINDRICAL_SURFACE('',#4128,4.);
#4128=AXIS2_PLACEMENT_3D('',#4129,#4130,#4131);
#4129=CARTESIAN_POINT('',(113.128331,217.317684,0.));
#4130=DIRECTION('',(0.,0.,-1.));
#4131=DIRECTION('',(1.,0.,0.));
#4132=FACE_OUTER_BOUND('',#4133,.T.);
#4133=EDGE_LOOP('',(#6027));
#4134=FACE_OUTER_BOUND('',#4135,.T.);
#4135=EDGE_LOOP('',(#6028));
#4136=CYLINDRICAL_SURFACE('',#4137,4.);
#4137=AXIS2_PLACEMENT_3D('',#4138,#4139,#4140);
#4138=CARTESIAN_POINT('',(131.638327,206.630941,0.));
#4139=DIRECTION('',(0.,0.,-1.));
#4140=DIRECTION('',(1.,0.,0.));
#4141=FACE_OUTER_BOUND('',#4142,.T.);
#4142=EDGE_LOOP('',(#6029));
#4143=FACE_OUTER_BOUND('',#4144,.T.);
#4144=EDGE_LOOP('',(#6030));
#4145=CYLINDRICAL_SURFACE('',#4146,4.);
#4146=AXIS2_PLACEMENT_3D('',#4147,#4148,#4149);
#4147=CARTESIAN_POINT('',(149.146475,194.371611,0.));
#4148=DIRECTION('',(0.,0.,-1.));
#4149=DIRECTION('',(1.,0.,0.));
#4150=FACE_OUTER_BOUND('',#4151,.T.);
#4151=EDGE_LOOP('',(#6031));
#4152=FACE_OUTER_BOUND('',#4153,.T.);
#4153=EDGE_LOOP('',(#6032));
#4154=CYLINDRICAL_SURFACE('',#4155,4.);
#4155=AXIS2_PLACEMENT_3D('',#4156,#4157,#4158);
#4156=CARTESIAN_POINT('',(165.51953,180.632997,0.));
#4157=DIRECTION('',(0.,0.,-1.));
#4158=DIRECTION('',(1.,0.,0.));
#4159=FACE_OUTER_BOUND('',#4160,.T.);
#4160=EDGE_LOOP('',(#6033));
#4161=FACE_OUTER_BOUND('',#4162,.T.);
#4162=EDGE_LOOP('',(#6034));
#4163=CYLINDRICAL_SURFACE('',#4164,4.);
#4164=AXIS2_PLACEMENT_3D('',#4165,#4166,#4167);
#4165=CARTESIAN_POINT('',(180.63288,165.519656,0.));
#4166=DIRECTION('',(0.,0.,-1.));
#4167=DIRECTION('',(1.,0.,0.));
#4168=FACE_OUTER_BOUND('',#4169,.T.);
#4169=EDGE_LOOP('',(#6035));
#4170=FACE_OUTER_BOUND('',#4171,.T.);
#4171=EDGE_LOOP('',(#6036));
#4172=CYLINDRICAL_SURFACE('',#4173,4.);
#4173=AXIS2_PLACEMENT_3D('',#4174,#4175,#4176);
#4174=CARTESIAN_POINT('',(194.371505,149.146611,0.));
#4175=DIRECTION('',(0.,0.,-1.));
#4176=DIRECTION('',(1.,0.,0.));
#4177=FACE_OUTER_BOUND('',#4178,.T.);
#4178=EDGE_LOOP('',(#6037));
#4179=FACE_OUTER_BOUND('',#4180,.T.);
#4180=EDGE_LOOP('',(#6038));
#4181=CYLINDRICAL_SURFACE('',#4182,4.);
#4182=AXIS2_PLACEMENT_3D('',#4183,#4184,#4185);
#4183=CARTESIAN_POINT('',(206.630846,131.638471,0.));
#4184=DIRECTION('',(0.,0.,-1.));
#4185=DIRECTION('',(1.,0.,0.));
#4186=FACE_OUTER_BOUND('',#4187,.T.);
#4187=EDGE_LOOP('',(#6039));
#4188=FACE_OUTER_BOUND('',#4189,.T.);
#4189=EDGE_LOOP('',(#6040));
#4190=CYLINDRICAL_SURFACE('',#4191,4.);
#4191=AXIS2_PLACEMENT_3D('',#4192,#4193,#4194);
#4192=CARTESIAN_POINT('',(217.317602,113.128482,0.));
#4193=DIRECTION('',(0.,0.,-1.));
#4194=DIRECTION('',(1.,0.,0.));
#4195=FACE_OUTER_BOUND('',#4196,.T.);
#4196=EDGE_LOOP('',(#6041));
#4197=FACE_OUTER_BOUND('',#4198,.T.);
#4198=EDGE_LOOP('',(#6042));
#4199=CYLINDRICAL_SURFACE('',#4200,4.);
#4200=AXIS2_PLACEMENT_3D('',#4201,#4202,#4203);
#4201=CARTESIAN_POINT('',(226.350439,93.757517,0.));
#4202=DIRECTION('',(0.,0.,-1.));
#4203=DIRECTION('',(1.,0.,0.));
#4204=FACE_OUTER_BOUND('',#4205,.T.);
#4205=EDGE_LOOP('',(#6043));
#4206=FACE_OUTER_BOUND('',#4207,.T.);
#4207=EDGE_LOOP('',(#6044));
#4208=CYLINDRICAL_SURFACE('',#4209,4.);
#4209=AXIS2_PLACEMENT_3D('',#4210,#4211,#4212);
#4210=CARTESIAN_POINT('',(233.660613,73.673001,0.));
#4211=DIRECTION('',(0.,0.,-1.));
#4212=DIRECTION('',(1.,0.,0.));
#4213=FACE_OUTER_BOUND('',#4214,.T.);
#4214=EDGE_LOOP('',(#6045));
#4215=FACE_OUTER_BOUND('',#4216,.T.);
#4216=EDGE_LOOP('',(#6046));
#4217=CYLINDRICAL_SURFACE('',#4218,4.);
#4218=AXIS2_PLACEMENT_3D('',#4219,#4220,#4221);
#4219=CARTESIAN_POINT('',(239.192489,53.027789,0.));
#4220=DIRECTION('',(0.,0.,-1.));
#4221=DIRECTION('',(1.,0.,0.));
#4222=FACE_OUTER_BOUND('',#4223,.T.);
#4223=EDGE_LOOP('',(#6047));
#4224=FACE_OUTER_BOUND('',#4225,.T.);
#4225=EDGE_LOOP('',(#6048));
#4226=CYLINDRICAL_SURFACE('',#4227,4.);
#4227=AXIS2_PLACEMENT_3D('',#4228,#4229,#4230);
#4228=CARTESIAN_POINT('',(244.766796,10.686839,0.));
#4229=DIRECTION('',(0.,0.,-1.));
#4230=DIRECTION('',(1.,0.,0.));
#4231=FACE_OUTER_BOUND('',#4232,.T.);
#4232=EDGE_LOOP('',(#6049));
#4233=FACE_OUTER_BOUND('',#4234,.T.);
#4234=EDGE_LOOP('',(#6050));
#4235=CYLINDRICAL_SURFACE('',#4236,4.);
#4236=AXIS2_PLACEMENT_3D('',#4237,#4238,#4239);
#4237=CARTESIAN_POINT('',(244.766804,-10.68666,0.));
#4238=DIRECTION('',(0.,0.,-1.));
#4239=DIRECTION('',(1.,0.,0.));
#4240=FACE_OUTER_BOUND('',#4241,.T.);
#4241=EDGE_LOOP('',(#6051));
#4242=FACE_OUTER_BOUND('',#4243,.T.);
#4243=EDGE_LOOP('',(#6052));
#4244=CYLINDRICAL_SURFACE('',#4245,4.);
#4245=AXIS2_PLACEMENT_3D('',#4246,#4247,#4248);
#4246=CARTESIAN_POINT('',(239.192528,-53.027613,0.));
#4247=DIRECTION('',(0.,0.,-1.));
#4248=DIRECTION('',(1.,0.,0.));
#4249=FACE_OUTER_BOUND('',#4250,.T.);
#4250=EDGE_LOOP('',(#6053));
#4251=FACE_OUTER_BOUND('',#4252,.T.);
#4252=EDGE_LOOP('',(#6054));
#4253=CYLINDRICAL_SURFACE('',#4254,4.);
#4254=AXIS2_PLACEMENT_3D('',#4255,#4256,#4257);
#4255=CARTESIAN_POINT('',(233.660667,-73.672829,0.));
#4256=DIRECTION('',(0.,0.,-1.));
#4257=DIRECTION('',(1.,0.,0.));
#4258=FACE_OUTER_BOUND('',#4259,.T.);
#4259=EDGE_LOOP('',(#6055));
#4260=FACE_OUTER_BOUND('',#4261,.T.);
#4261=EDGE_LOOP('',(#6056));
#4262=CYLINDRICAL_SURFACE('',#4263,4.);
#4263=AXIS2_PLACEMENT_3D('',#4264,#4265,#4266);
#4264=CARTESIAN_POINT('',(226.350508,-93.75735,0.));
#4265=DIRECTION('',(0.,0.,-1.));
#4266=DIRECTION('',(1.,0.,0.));
#4267=FACE_OUTER_BOUND('',#4268,.T.);
#4268=EDGE_LOOP('',(#6057));
#4269=FACE_OUTER_BOUND('',#4270,.T.);
#4270=EDGE_LOOP('',(#6058));
#4271=CYLINDRICAL_SURFACE('',#4272,4.);
#4272=AXIS2_PLACEMENT_3D('',#4273,#4274,#4275);
#4273=CARTESIAN_POINT('',(217.317686,-113.128321,0.));
#4274=DIRECTION('',(0.,0.,-1.));
#4275=DIRECTION('',(1.,0.,0.));
#4276=FACE_OUTER_BOUND('',#4277,.T.);
#4277=EDGE_LOOP('',(#6059));
#4278=FACE_OUTER_BOUND('',#4279,.T.);
#4279=EDGE_LOOP('',(#6060));
#4280=CYLINDRICAL_SURFACE('',#4281,4.);
#4281=AXIS2_PLACEMENT_3D('',#4282,#4283,#4284);
#4282=CARTESIAN_POINT('',(206.630944,-131.638317,0.));
#4283=DIRECTION('',(0.,0.,-1.));
#4284=DIRECTION('',(1.,0.,0.));
#4285=FACE_OUTER_BOUND('',#4286,.T.);
#4286=EDGE_LOOP('',(#6061));
#4287=FACE_OUTER_BOUND('',#4288,.T.);
#4288=EDGE_LOOP('',(#6062));
#4289=CYLINDRICAL_SURFACE('',#4290,4.);
#4290=AXIS2_PLACEMENT_3D('',#4291,#4292,#4293);
#4291=CARTESIAN_POINT('',(194.371617,-149.146466,0.));
#4292=DIRECTION('',(0.,0.,-1.));
#4293=DIRECTION('',(1.,0.,0.));
#4294=FACE_OUTER_BOUND('',#4295,.T.);
#4295=EDGE_LOOP('',(#6063));
#4296=FACE_OUTER_BOUND('',#4297,.T.);
#4297=EDGE_LOOP('',(#6064));
#4298=CYLINDRICAL_SURFACE('',#4299,4.);
#4299=AXIS2_PLACEMENT_3D('',#4300,#4301,#4302);
#4300=CARTESIAN_POINT('',(180.633004,-165.519521,0.));
#4301=DIRECTION('',(0.,0.,-1.));
#4302=DIRECTION('',(1.,0.,0.));
#4303=FACE_OUTER_BOUND('',#4304,.T.);
#4304=EDGE_LOOP('',(#6065));
#4305=FACE_OUTER_BOUND('',#4306,.T.);
#4306=EDGE_LOOP('',(#6066));
#4307=CYLINDRICAL_SURFACE('',#4308,4.);
#4308=AXIS2_PLACEMENT_3D('',#4309,#4310,#4311);
#4309=CARTESIAN_POINT('',(165.519665,-180.632873,0.));
#4310=DIRECTION('',(0.,0.,-1.));
#4311=DIRECTION('',(1.,0.,0.));
#4312=FACE_OUTER_BOUND('',#4313,.T.);
#4313=EDGE_LOOP('',(#6067));
#4314=FACE_OUTER_BOUND('',#4315,.T.);
#4315=EDGE_LOOP('',(#6068));
#4316=CYLINDRICAL_SURFACE('',#4317,4.);
#4317=AXIS2_PLACEMENT_3D('',#4318,#4319,#4320);
#4318=CARTESIAN_POINT('',(149.146622,-194.371499,0.));
#4319=DIRECTION('',(0.,0.,-1.));
#4320=DIRECTION('',(1.,0.,0.));
#4321=FACE_OUTER_BOUND('',#4322,.T.);
#4322=EDGE_LOOP('',(#6069));
#4323=FACE_OUTER_BOUND('',#4324,.T.);
#4324=EDGE_LOOP('',(#6070));
#4325=CYLINDRICAL_SURFACE('',#4326,4.);
#4326=AXIS2_PLACEMENT_3D('',#4327,#4328,#4329);
#4327=CARTESIAN_POINT('',(131.638483,-206.630841,0.));
#4328=DIRECTION('',(0.,0.,-1.));
#4329=DIRECTION('',(1.,0.,0.));
#4330=FACE_OUTER_BOUND('',#4331,.T.);
#4331=EDGE_LOOP('',(#6071));
#4332=FACE_OUTER_BOUND('',#4333,.T.);
#4333=EDGE_LOOP('',(#6072));
#4334=CYLINDRICAL_SURFACE('',#4335,4.);
#4335=AXIS2_PLACEMENT_3D('',#4336,#4337,#4338);
#4336=CARTESIAN_POINT('',(113.128495,-217.317598,0.));
#4337=DIRECTION('',(0.,0.,-1.));
#4338=DIRECTION('',(1.,0.,0.));
#4339=FACE_OUTER_BOUND('',#4340,.T.);
#4340=EDGE_LOOP('',(#6073));
#4341=FACE_OUTER_BOUND('',#4342,.T.);
#4342=EDGE_LOOP('',(#6074));
#4343=CYLINDRICAL_SURFACE('',#4344,4.);
#4344=AXIS2_PLACEMENT_3D('',#4345,#4346,#4347);
#4345=CARTESIAN_POINT('',(93.757532,-226.350437,0.));
#4346=DIRECTION('',(0.,0.,-1.));
#4347=DIRECTION('',(1.,0.,0.));
#4348=FACE_OUTER_BOUND('',#4349,.T.);
#4349=EDGE_LOOP('',(#6075));
#4350=FACE_OUTER_BOUND('',#4351,.T.);
#4351=EDGE_LOOP('',(#6076));
#4352=CYLINDRICAL_SURFACE('',#4353,4.);
#4353=AXIS2_PLACEMENT_3D('',#4354,#4355,#4356);
#4354=CARTESIAN_POINT('',(73.673017,-233.660613,0.));
#4355=DIRECTION('',(0.,0.,-1.));
#4356=DIRECTION('',(1.,0.,0.));
#4357=FACE_OUTER_BOUND('',#4358,.T.);
#4358=EDGE_LOOP('',(#6077));
#4359=FACE_OUTER_BOUND('',#4360,.T.);
#4360=EDGE_LOOP('',(#6078));
#4361=CYLINDRICAL_SURFACE('',#4362,4.);
#4362=AXIS2_PLACEMENT_3D('',#4363,#4364,#4365);
#4363=CARTESIAN_POINT('',(53.027806,-239.192491,0.));
#4364=DIRECTION('',(0.,0.,-1.));
#4365=DIRECTION('',(1.,0.,0.));
#4366=FACE_OUTER_BOUND('',#4367,.T.);
#4367=EDGE_LOOP('',(#6079));
#4368=FACE_OUTER_BOUND('',#4369,.T.);
#4369=EDGE_LOOP('',(#6080));
#4370=CYLINDRICAL_SURFACE('',#4371,4.);
#4371=AXIS2_PLACEMENT_3D('',#4372,#4373,#4374);
#4372=CARTESIAN_POINT('',(31.979022,-242.903969,0.));
#4373=DIRECTION('',(0.,0.,-1.));
#4374=DIRECTION('',(1.,0.,0.));
#4375=FACE_OUTER_BOUND('',#4376,.T.);
#4376=EDGE_LOOP('',(#6081));
#4377=FACE_OUTER_BOUND('',#4378,.T.);
#4378=EDGE_LOOP('',(#6082));
#4379=CYLINDRICAL_SURFACE('',#4380,4.);
#4380=AXIS2_PLACEMENT_3D('',#4381,#4382,#4383);
#4381=CARTESIAN_POINT('',(10.686857,-244.766802,0.));
#4382=DIRECTION('',(0.,0.,-1.));
#4383=DIRECTION('',(1.,0.,0.));
#4384=FACE_OUTER_BOUND('',#4385,.T.);
#4385=EDGE_LOOP('',(#6083));
#4386=FACE_OUTER_BOUND('',#4387,.T.);
#4387=EDGE_LOOP('',(#6084));
#4388=CYLINDRICAL_SURFACE('',#4389,4.);
#4389=AXIS2_PLACEMENT_3D('',#4390,#4391,#4392);
#4390=CARTESIAN_POINT('',(-10.68664,-244.766812,0.));
#4391=DIRECTION('',(0.,0.,-1.));
#4392=DIRECTION('',(1.,0.,0.));
#4393=FACE_OUTER_BOUND('',#4394,.T.);
#4394=EDGE_LOOP('',(#6085));
#4395=FACE_OUTER_BOUND('',#4396,.T.);
#4396=EDGE_LOOP('',(#6086));
#4397=CYLINDRICAL_SURFACE('',#4398,4.);
#4398=AXIS2_PLACEMENT_3D('',#4399,#4400,#4401);
#4399=CARTESIAN_POINT('',(-31.978806,-242.903999,0.));
#4400=DIRECTION('',(0.,0.,-1.));
#4401=DIRECTION('',(1.,0.,0.));
#4402=FACE_OUTER_BOUND('',#4403,.T.);
#4403=EDGE_LOOP('',(#6087));
#4404=FACE_OUTER_BOUND('',#4405,.T.);
#4405=EDGE_LOOP('',(#6088));
#4406=CYLINDRICAL_SURFACE('',#4407,4.);
#4407=AXIS2_PLACEMENT_3D('',#4408,#4409,#4410);
#4408=CARTESIAN_POINT('',(-53.027594,-239.192541,0.));
#4409=DIRECTION('',(0.,0.,-1.));
#4410=DIRECTION('',(1.,0.,0.));
#4411=FACE_OUTER_BOUND('',#4412,.T.);
#4412=EDGE_LOOP('',(#6089));
#4413=FACE_OUTER_BOUND('',#4414,.T.);
#4414=EDGE_LOOP('',(#6090));
#4415=CYLINDRICAL_SURFACE('',#4416,4.);
#4416=AXIS2_PLACEMENT_3D('',#4417,#4418,#4419);
#4417=CARTESIAN_POINT('',(-73.672811,-233.660682,0.));
#4418=DIRECTION('',(0.,0.,-1.));
#4419=DIRECTION('',(1.,0.,0.));
#4420=FACE_OUTER_BOUND('',#4421,.T.);
#4421=EDGE_LOOP('',(#6091));
#4422=FACE_OUTER_BOUND('',#4423,.T.);
#4423=EDGE_LOOP('',(#6092));
#4424=CYLINDRICAL_SURFACE('',#4425,4.);
#4425=AXIS2_PLACEMENT_3D('',#4426,#4427,#4428);
#4426=CARTESIAN_POINT('',(-93.757332,-226.350526,0.));
#4427=DIRECTION('',(0.,0.,-1.));
#4428=DIRECTION('',(1.,0.,0.));
#4429=FACE_OUTER_BOUND('',#4430,.T.);
#4430=EDGE_LOOP('',(#6093));
#4431=FACE_OUTER_BOUND('',#4432,.T.);
#4432=EDGE_LOOP('',(#6094));
#4433=CYLINDRICAL_SURFACE('',#4434,4.);
#4434=AXIS2_PLACEMENT_3D('',#4435,#4436,#4437);
#4435=CARTESIAN_POINT('',(-113.128304,-217.317705,0.));
#4436=DIRECTION('',(0.,0.,-1.));
#4437=DIRECTION('',(1.,0.,0.));
#4438=FACE_OUTER_BOUND('',#4439,.T.);
#4439=EDGE_LOOP('',(#6095));
#4440=FACE_OUTER_BOUND('',#4441,.T.);
#4441=EDGE_LOOP('',(#6096));
#4442=CYLINDRICAL_SURFACE('',#4443,4.);
#4443=AXIS2_PLACEMENT_3D('',#4444,#4445,#4446);
#4444=CARTESIAN_POINT('',(-131.638302,-206.630966,0.));
#4445=DIRECTION('',(0.,0.,-1.));
#4446=DIRECTION('',(1.,0.,0.));
#4447=FACE_OUTER_BOUND('',#4448,.T.);
#4448=EDGE_LOOP('',(#6097));
#4449=FACE_OUTER_BOUND('',#4450,.T.);
#4450=EDGE_LOOP('',(#6098));
#4451=CYLINDRICAL_SURFACE('',#4452,4.);
#4452=AXIS2_PLACEMENT_3D('',#4453,#4454,#4455);
#4453=CARTESIAN_POINT('',(-149.146452,-194.37164,0.));
#4454=DIRECTION('',(0.,0.,-1.));
#4455=DIRECTION('',(1.,0.,0.));
#4456=FACE_OUTER_BOUND('',#4457,.T.);
#4457=EDGE_LOOP('',(#6099));
#4458=FACE_OUTER_BOUND('',#4459,.T.);
#4459=EDGE_LOOP('',(#6100));
#4460=CYLINDRICAL_SURFACE('',#4461,4.);
#4461=AXIS2_PLACEMENT_3D('',#4462,#4463,#4464);
#4462=CARTESIAN_POINT('',(-165.519509,-180.633029,0.));
#4463=DIRECTION('',(0.,0.,-1.));
#4464=DIRECTION('',(1.,0.,0.));
#4465=FACE_OUTER_BOUND('',#4466,.T.);
#4466=EDGE_LOOP('',(#6101));
#4467=FACE_OUTER_BOUND('',#4468,.T.);
#4468=EDGE_LOOP('',(#6102));
#4469=CYLINDRICAL_SURFACE('',#4470,4.);
#4470=AXIS2_PLACEMENT_3D('',#4471,#4472,#4473);
#4471=CARTESIAN_POINT('',(-180.632862,-165.519692,0.));
#4472=DIRECTION('',(0.,0.,-1.));
#4473=DIRECTION('',(1.,0.,0.));
#4474=FACE_OUTER_BOUND('',#4475,.T.);
#4475=EDGE_LOOP('',(#6103));
#4476=FACE_OUTER_BOUND('',#4477,.T.);
#4477=EDGE_LOOP('',(#6104));
#4478=CYLINDRICAL_SURFACE('',#4479,4.);
#4479=AXIS2_PLACEMENT_3D('',#4480,#4481,#4482);
#4480=CARTESIAN_POINT('',(-194.37149,-149.14665,0.));
#4481=DIRECTION('',(0.,0.,-1.));
#4482=DIRECTION('',(1.,0.,0.));
#4483=FACE_OUTER_BOUND('',#4484,.T.);
#4484=EDGE_LOOP('',(#6105));
#4485=FACE_OUTER_BOUND('',#4486,.T.);
#4486=EDGE_LOOP('',(#6106));
#4487=CYLINDRICAL_SURFACE('',#4488,4.);
#4488=AXIS2_PLACEMENT_3D('',#4489,#4490,#4491);
#4489=CARTESIAN_POINT('',(-206.630834,-131.638512,0.));
#4490=DIRECTION('',(0.,0.,-1.));
#4491=DIRECTION('',(1.,0.,0.));
#4492=FACE_OUTER_BOUND('',#4493,.T.);
#4493=EDGE_LOOP('',(#6107));
#4494=FACE_OUTER_BOUND('',#4495,.T.);
#4495=EDGE_LOOP('',(#6108));
#4496=CYLINDRICAL_SURFACE('',#4497,4.);
#4497=AXIS2_PLACEMENT_3D('',#4498,#4499,#4500);
#4498=CARTESIAN_POINT('',(-217.317593,-113.128526,0.));
#4499=DIRECTION('',(0.,0.,-1.));
#4500=DIRECTION('',(1.,0.,0.));
#4501=FACE_OUTER_BOUND('',#4502,.T.);
#4502=EDGE_LOOP('',(#6109));
#4503=FACE_OUTER_BOUND('',#4504,.T.);
#4504=EDGE_LOOP('',(#6110));
#4505=CYLINDRICAL_SURFACE('',#4506,4.);
#4506=AXIS2_PLACEMENT_3D('',#4507,#4508,#4509);
#4507=CARTESIAN_POINT('',(-226.350434,-93.757564,0.));
#4508=DIRECTION('',(0.,0.,-1.));
#4509=DIRECTION('',(1.,0.,0.));
#4510=FACE_OUTER_BOUND('',#4511,.T.);
#4511=EDGE_LOOP('',(#6111));
#4512=FACE_OUTER_BOUND('',#4513,.T.);
#4513=EDGE_LOOP('',(#6112));
#4514=CYLINDRICAL_SURFACE('',#4515,4.);
#4515=AXIS2_PLACEMENT_3D('',#4516,#4517,#4518);
#4516=CARTESIAN_POINT('',(-233.660612,-73.67305,0.));
#4517=DIRECTION('',(0.,0.,-1.));
#4518=DIRECTION('',(1.,0.,0.));
#4519=FACE_OUTER_BOUND('',#4520,.T.);
#4520=EDGE_LOOP('',(#6113));
#4521=FACE_OUTER_BOUND('',#4522,.T.);
#4522=EDGE_LOOP('',(#6114));
#4523=CYLINDRICAL_SURFACE('',#4524,4.);
#4524=AXIS2_PLACEMENT_3D('',#4525,#4526,#4527);
#4525=CARTESIAN_POINT('',(-239.192492,-53.027839,0.));
#4526=DIRECTION('',(0.,0.,-1.));
#4527=DIRECTION('',(1.,0.,0.));
#4528=FACE_OUTER_BOUND('',#4529,.T.);
#4529=EDGE_LOOP('',(#6115));
#4530=FACE_OUTER_BOUND('',#4531,.T.);
#4531=EDGE_LOOP('',(#6116));
#4532=CYLINDRICAL_SURFACE('',#4533,4.);
#4533=AXIS2_PLACEMENT_3D('',#4534,#4535,#4536);
#4534=CARTESIAN_POINT('',(-244.766808,-10.686891,0.));
#4535=DIRECTION('',(0.,0.,-1.));
#4536=DIRECTION('',(1.,0.,0.));
#4537=FACE_OUTER_BOUND('',#4538,.T.);
#4538=EDGE_LOOP('',(#6117));
#4539=FACE_OUTER_BOUND('',#4540,.T.);
#4540=EDGE_LOOP('',(#6118));
#4541=CYLINDRICAL_SURFACE('',#4542,4.);
#4542=AXIS2_PLACEMENT_3D('',#4543,#4544,#4545);
#4543=CARTESIAN_POINT('',(-244.766817,10.686693,0.));
#4544=DIRECTION('',(0.,0.,-1.));
#4545=DIRECTION('',(1.,0.,0.));
#4546=FACE_OUTER_BOUND('',#4547,.T.);
#4547=EDGE_LOOP('',(#6119));
#4548=FACE_OUTER_BOUND('',#4549,.T.);
#4549=EDGE_LOOP('',(#6120));
#4550=CYLINDRICAL_SURFACE('',#4551,4.);
#4551=AXIS2_PLACEMENT_3D('',#4552,#4553,#4554);
#4552=CARTESIAN_POINT('',(-72.124892,-72.124922,0.));
#4553=DIRECTION('',(0.,0.,-1.));
#4554=DIRECTION('',(1.,0.,0.));
#4555=FACE_OUTER_BOUND('',#4556,.T.);
#4556=EDGE_LOOP('',(#6121));
#4557=FACE_OUTER_BOUND('',#4558,.T.);
#4558=EDGE_LOOP('',(#6122));
#4559=CYLINDRICAL_SURFACE('',#4560,4.);
#4560=AXIS2_PLACEMENT_3D('',#4561,#4562,#4563);
#4561=CARTESIAN_POINT('',(-82.731908,-103.945025,0.));
#4562=DIRECTION('',(0.,0.,-1.));
#4563=DIRECTION('',(1.,0.,0.));
#4564=FACE_OUTER_BOUND('',#4565,.T.);
#4565=EDGE_LOOP('',(#6123));
#4566=FACE_OUTER_BOUND('',#4567,.T.);
#4567=EDGE_LOOP('',(#6124));
#4568=CYLINDRICAL_SURFACE('',#4569,4.);
#4569=AXIS2_PLACEMENT_3D('',#4570,#4571,#4572);
#4570=CARTESIAN_POINT('',(-93.337998,-50.91162,0.));
#4571=DIRECTION('',(0.,0.,-1.));
#4572=DIRECTION('',(1.,0.,0.));
#4573=FACE_OUTER_BOUND('',#4574,.T.);
#4574=EDGE_LOOP('',(#6125));
#4575=FACE_OUTER_BOUND('',#4576,.T.);
#4576=EDGE_LOOP('',(#6126));
#4577=CYLINDRICAL_SURFACE('',#4578,4.);
#4578=AXIS2_PLACEMENT_3D('',#4579,#4580,#4581);
#4579=CARTESIAN_POINT('',(-103.944995,-82.731938,0.));
#4580=DIRECTION('',(0.,0.,-1.));
#4581=DIRECTION('',(1.,0.,0.));
#4582=FACE_OUTER_BOUND('',#4583,.T.);
#4583=EDGE_LOOP('',(#6127));
#4584=FACE_OUTER_BOUND('',#4585,.T.);
#4585=EDGE_LOOP('',(#6128));
#4586=CYLINDRICAL_SURFACE('',#4587,4.);
#4587=AXIS2_PLACEMENT_3D('',#4588,#4589,#4590);
#4588=CARTESIAN_POINT('',(103.94506226919,82.731762254044,0.));
#4589=DIRECTION('',(0.,0.,-1.));
#4590=DIRECTION('',(1.,0.,0.));
#4591=FACE_OUTER_BOUND('',#4592,.T.);
#4592=EDGE_LOOP('',(#6129));
#4593=FACE_OUTER_BOUND('',#4594,.T.);
#4594=EDGE_LOOP('',(#6130));
#4595=CYLINDRICAL_SURFACE('',#4596,4.);
#4596=AXIS2_PLACEMENT_3D('',#4597,#4598,#4599);
#4597=CARTESIAN_POINT('',(82.731996066194,103.94487005102,0.));
#4598=DIRECTION('',(0.,0.,-1.));
#4599=DIRECTION('',(1.,0.,0.));
#4600=FACE_OUTER_BOUND('',#4601,.T.);
#4601=EDGE_LOOP('',(#6131));
#4602=FACE_OUTER_BOUND('',#4603,.T.);
#4603=EDGE_LOOP('',(#6132));
#4604=CYLINDRICAL_SURFACE('',#4605,4.);
#4605=AXIS2_PLACEMENT_3D('',#4606,#4607,#4608);
#4606=CARTESIAN_POINT('',(72.124948870258,72.124777449991,0.));
#4607=DIRECTION('',(0.,0.,-1.));
#4608=DIRECTION('',(1.,0.,0.));
#4609=FACE_OUTER_BOUND('',#4610,.T.);
#4610=EDGE_LOOP('',(#6133));
#4611=FACE_OUTER_BOUND('',#4612,.T.);
#4612=EDGE_LOOP('',(#6134));
#4613=CYLINDRICAL_SURFACE('',#4614,4.);
#4614=AXIS2_PLACEMENT_3D('',#4615,#4616,#4617);
#4615=CARTESIAN_POINT('',(50.911667667272,93.337904247178,0.));
#4616=DIRECTION('',(0.,0.,-1.));
#4617=DIRECTION('',(1.,0.,0.));
#4618=FACE_OUTER_BOUND('',#4619,.T.);
#4619=EDGE_LOOP('',(#6135));
#4620=FACE_OUTER_BOUND('',#4621,.T.);
#4621=EDGE_LOOP('',(#6136));
#4622=CYLINDRICAL_SURFACE('',#4623,4.);
#4623=AXIS2_PLACEMENT_3D('',#4624,#4625,#4626);
#4624=CARTESIAN_POINT('',(242.903965,31.979004,0.));
#4625=DIRECTION('',(0.,0.,-1.));
#4626=DIRECTION('',(1.,0.,0.));
#4627=FACE_OUTER_BOUND('',#4628,.T.);
#4628=EDGE_LOOP('',(#6137));
#4629=FACE_OUTER_BOUND('',#4630,.T.);
#4630=EDGE_LOOP('',(#6138));
#4631=CYLINDRICAL_SURFACE('',#4632,4.);
#4632=AXIS2_PLACEMENT_3D('',#4633,#4634,#4635);
#4633=CARTESIAN_POINT('',(-242.903973,-31.979055,0.));
#4634=DIRECTION('',(0.,0.,-1.));
#4635=DIRECTION('',(1.,0.,0.));
#4636=FACE_BOUND('',#4637,.T.);
#4637=EDGE_LOOP('',(#6139,#6140,#6141,#6142));
#4638=PLANE('',#4639);
#4639=AXIS2_PLACEMENT_3D('',#4640,#4641,#4642);
#4640=CARTESIAN_POINT('',(-85.,0.,0.));
#4641=DIRECTION('',(0.,1.,0.));
#4642=DIRECTION('',(1.,0.,0.));
#4643=FACE_BOUND('',#4644,.T.);
#4644=EDGE_LOOP('',(#6143,#6144,#6145,#6146));
#4645=PLANE('',#4646);
#4646=AXIS2_PLACEMENT_3D('',#4647,#4648,#4649);
#4647=CARTESIAN_POINT('',(-85.,0.,0.));
#4648=DIRECTION('',(-1.,0.,0.));
#4649=DIRECTION('',(0.,1.,0.));
#4650=FACE_BOUND('',#4651,.T.);
#4651=EDGE_LOOP('',(#6147,#6148,#6149,#6150));
#4652=PLANE('',#4653);
#4653=AXIS2_PLACEMENT_3D('',#4654,#4655,#4656);
#4654=CARTESIAN_POINT('',(-79.,12.,0.));
#4655=DIRECTION('',(0.,-1.,0.));
#4656=DIRECTION('',(-1.,0.,0.));
#4657=FACE_BOUND('',#4658,.T.);
#4658=EDGE_LOOP('',(#6151,#6152,#6153,#6154));
#4659=PLANE('',#4660);
#4660=AXIS2_PLACEMENT_3D('',#4661,#4662,#4663);
#4661=CARTESIAN_POINT('',(-79.,0.,0.));
#4662=DIRECTION('',(-1.,0.,0.));
#4663=DIRECTION('',(0.,1.,0.));
#4664=FACE_BOUND('',#4665,.T.);
#4665=EDGE_LOOP('',(#6155,#6156,#6157,#6158));
#4666=PLANE('',#4667);
#4667=AXIS2_PLACEMENT_3D('',#4668,#4669,#4670);
#4668=CARTESIAN_POINT('',(79.,-12.,0.));
#4669=DIRECTION('',(-1.,0.,0.));
#4670=DIRECTION('',(0.,1.,0.));
#4671=FACE_BOUND('',#4672,.T.);
#4672=EDGE_LOOP('',(#6159,#6160,#6161,#6162));
#4673=PLANE('',#4674);
#4674=AXIS2_PLACEMENT_3D('',#4675,#4676,#4677);
#4675=CARTESIAN_POINT('',(85.,0.,0.));
#4676=DIRECTION('',(0.,-1.,0.));
#4677=DIRECTION('',(-1.,0.,0.));
#4678=FACE_BOUND('',#4679,.T.);
#4679=EDGE_LOOP('',(#6163,#6164,#6165,#6166));
#4680=PLANE('',#4681);
#4681=AXIS2_PLACEMENT_3D('',#4682,#4683,#4684);
#4682=CARTESIAN_POINT('',(85.,-12.,0.));
#4683=DIRECTION('',(-1.,0.,0.));
#4684=DIRECTION('',(0.,1.,0.));
#4685=FACE_BOUND('',#4686,.T.);
#4686=EDGE_LOOP('',(#6167,#6168,#6169,#6170));
#4687=PLANE('',#4688);
#4688=AXIS2_PLACEMENT_3D('',#4689,#4690,#4691);
#4689=CARTESIAN_POINT('',(79.,-12.,0.));
#4690=DIRECTION('',(0.,1.,0.));
#4691=DIRECTION('',(1.,0.,0.));
#4692=FACE_BOUND('',#4693,.T.);
#4693=EDGE_LOOP('',(#6171,#6172,#6173,#6174));
#4694=PLANE('',#4695);
#4695=AXIS2_PLACEMENT_3D('',#4696,#4697,#4698);
#4696=CARTESIAN_POINT('',(11.999993,-85.,0.));
#4697=DIRECTION('',(0.,-1.,0.));
#4698=DIRECTION('',(-1.,0.,0.));
#4699=FACE_BOUND('',#4700,.T.);
#4700=EDGE_LOOP('',(#6175,#6176,#6177,#6178));
#4701=PLANE('',#4702);
#4702=AXIS2_PLACEMENT_3D('',#4703,#4704,#4705);
#4703=CARTESIAN_POINT('',(-7.E-6,-79.,0.));
#4704=DIRECTION('',(1.,0.,0.));
#4705=DIRECTION('',(0.,-1.,0.));
#4706=FACE_BOUND('',#4707,.T.);
#4707=EDGE_LOOP('',(#6179,#6180,#6181,#6182));
#4708=PLANE('',#4709);
#4709=AXIS2_PLACEMENT_3D('',#4710,#4711,#4712);
#4710=CARTESIAN_POINT('',(11.999993,-79.,0.));
#4711=DIRECTION('',(0.,-1.,0.));
#4712=DIRECTION('',(-1.,0.,0.));
#4713=FACE_BOUND('',#4714,.T.);
#4714=EDGE_LOOP('',(#6183,#6184,#6185,#6186));
#4715=PLANE('',#4716);
#4716=AXIS2_PLACEMENT_3D('',#4717,#4718,#4719);
#4717=CARTESIAN_POINT('',(11.999993,-85.,0.));
#4718=DIRECTION('',(-1.,0.,0.));
#4719=DIRECTION('',(0.,1.,0.));
#4720=FACE_BOUND('',#4721,.T.);
#4721=EDGE_LOOP('',(#6187,#6188,#6189,#6190));
#4722=PLANE('',#4723);
#4723=AXIS2_PLACEMENT_3D('',#4724,#4725,#4726);
#4724=CARTESIAN_POINT('',(-12.,85.,0.));
#4725=DIRECTION('',(1.,0.,0.));
#4726=DIRECTION('',(0.,-1.,0.));
#4727=FACE_BOUND('',#4728,.T.);
#4728=EDGE_LOOP('',(#6191,#6192,#6193,#6194));
#4729=PLANE('',#4730);
#4730=AXIS2_PLACEMENT_3D('',#4731,#4732,#4733);
#4731=CARTESIAN_POINT('',(-12.,85.,0.));
#4732=DIRECTION('',(0.,1.,0.));
#4733=DIRECTION('',(1.,0.,0.));
#4734=FACE_BOUND('',#4735,.T.);
#4735=EDGE_LOOP('',(#6195,#6196,#6197,#6198));
#4736=PLANE('',#4737);
#4737=AXIS2_PLACEMENT_3D('',#4738,#4739,#4740);
#4738=CARTESIAN_POINT('',(0.,79.,0.));
#4739=DIRECTION('',(-1.,0.,0.));
#4740=DIRECTION('',(0.,1.,0.));
#4741=FACE_BOUND('',#4742,.T.);
#4742=EDGE_LOOP('',(#6199,#6200,#6201,#6202));
#4743=PLANE('',#4744);
#4744=AXIS2_PLACEMENT_3D('',#4745,#4746,#4747);
#4745=CARTESIAN_POINT('',(-12.,79.,0.));
#4746=DIRECTION('',(0.,1.,0.));
#4747=DIRECTION('',(1.,0.,0.));
#4748=FACE_BOUND('',#4749,.T.);
#4749=EDGE_LOOP('',(#6203,#6204,#6205,#6206));
#4750=PLANE('',#4751);
#4751=AXIS2_PLACEMENT_3D('',#4752,#4753,#4754);
#4752=CARTESIAN_POINT('',(57.354527,-75.032172,0.));
#4753=DIRECTION('',(-0.707106761186547,-0.707106801186547,0.));
#4754=DIRECTION('',(-0.707106801186547,0.707106761186547,0.));
#4755=FACE_BOUND('',#4756,.T.);
#4756=EDGE_LOOP('',(#6207,#6208,#6209,#6210));
#4757=PLANE('',#4758);
#4758=AXIS2_PLACEMENT_3D('',#4759,#4760,#4761);
#4759=CARTESIAN_POINT('',(39.676857,-57.354503,0.));
#4760=DIRECTION('',(-0.707107121186966,0.707106441185966,0.));
#4761=DIRECTION('',(0.707106441185966,0.707107121186966,0.));
#4762=FACE_BOUND('',#4763,.T.);
#4763=EDGE_LOOP('',(#6211,#6212,#6213,#6214));
#4764=PLANE('',#4765);
#4765=AXIS2_PLACEMENT_3D('',#4766,#4767,#4768);
#4766=CARTESIAN_POINT('',(57.354501,-39.676842,0.));
#4767=DIRECTION('',(0.70710612118624,0.70710744118624,0.));
#4768=DIRECTION('',(0.70710744118624,-0.70710612118624,0.));
#4769=FACE_BOUND('',#4770,.T.);
#4770=EDGE_LOOP('',(#6215,#6216,#6217,#6218));
#4771=PLANE('',#4772);
#4772=AXIS2_PLACEMENT_3D('',#4773,#4774,#4775);
#4773=CARTESIAN_POINT('',(57.354527,-75.032172,0.));
#4774=DIRECTION('',(-0.707107121186466,0.707106441186466,0.));
#4775=DIRECTION('',(0.707106441186466,0.707107121186466,0.));
#4776=FACE_BOUND('',#4777,.T.);
#4777=EDGE_LOOP('',(#6219,#6220,#6221,#6222));
#4778=PLANE('',#4779);
#4779=AXIS2_PLACEMENT_3D('',#4780,#4781,#4782);
#4780=CARTESIAN_POINT('',(17.677661,88.388347,0.));
#4781=DIRECTION('',(0.707106433078462,-0.707107129294462,0.));
#4782=DIRECTION('',(-0.707107129294462,-0.707106433078462,0.));
#4783=FACE_BOUND('',#4784,.T.);
#4784=EDGE_LOOP('',(#6223,#6224,#6225,#6226));
#4785=PLANE('',#4786);
#4786=AXIS2_PLACEMENT_3D('',#4787,#4788,#4789);
#4787=CARTESIAN_POINT('',(88.388337319769,17.677647191603,0.));
#4788=DIRECTION('',(-0.707106898630038,-0.707106663743038,0.));
#4789=DIRECTION('',(-0.707106663743038,0.707106898630038,0.));
#4790=FACE_BOUND('',#4791,.T.);
#4791=EDGE_LOOP('',(#6227,#6228,#6229,#6230));
#4792=PLANE('',#4793);
#4793=AXIS2_PLACEMENT_3D('',#4794,#4795,#4796);
#4794=CARTESIAN_POINT('',(-17.67777776248,-88.388364,0.));
#4795=DIRECTION('',(-0.707106434884463,0.707107127488463,0.));
#4796=DIRECTION('',(0.707107127488463,0.707106434884463,0.));
#4797=FACE_BOUND('',#4798,.T.);
#4798=EDGE_LOOP('',(#6231,#6232,#6233,#6234));
#4799=PLANE('',#4800);
#4800=AXIS2_PLACEMENT_3D('',#4801,#4802,#4803);
#4801=CARTESIAN_POINT('',(-88.38840843239,-17.677618,0.));
#4802=DIRECTION('',(0.707107357836812,0.707106204535812,0.));
#4803=DIRECTION('',(0.707106204535812,-0.707107357836812,0.));
#4804=FACE_OUTER_BOUND('',#4805,.T.);
#4805=EDGE_LOOP('',(#6235));
#4806=FACE_OUTER_BOUND('',#4807,.T.);
#4807=EDGE_LOOP('',(#6236));
#4808=CYLINDRICAL_SURFACE('',#4809,15.);
#4809=AXIS2_PLACEMENT_3D('',#4810,#4811,#4812);
#4810=CARTESIAN_POINT('',(194.014701827369,80.3635207966709,10.));
#4811=DIRECTION('',(0.,0.,-1.));
#4812=DIRECTION('',(-6.12323399573677E-17,-1.,0.));
#4813=ORIENTED_EDGE('',*,*,#6237,.T.);
#4814=ORIENTED_EDGE('',*,*,#6238,.T.);
#4815=ORIENTED_EDGE('',*,*,#6239,.T.);
#4816=ORIENTED_EDGE('',*,*,#6240,.T.);
#4817=ORIENTED_EDGE('',*,*,#6241,.T.);
#4818=ORIENTED_EDGE('',*,*,#6242,.T.);
#4819=ORIENTED_EDGE('',*,*,#6243,.T.);
#4820=ORIENTED_EDGE('',*,*,#6244,.T.);
#4821=ORIENTED_EDGE('',*,*,#6245,.T.);
#4822=ORIENTED_EDGE('',*,*,#6246,.T.);
#4823=ORIENTED_EDGE('',*,*,#6247,.T.);
#4824=ORIENTED_EDGE('',*,*,#6248,.T.);
#4825=ORIENTED_EDGE('',*,*,#6249,.T.);
#4826=ORIENTED_EDGE('',*,*,#6250,.T.);
#4827=ORIENTED_EDGE('',*,*,#6251,.T.);
#4828=ORIENTED_EDGE('',*,*,#6252,.T.);
#4829=ORIENTED_EDGE('',*,*,#6253,.T.);
#4830=ORIENTED_EDGE('',*,*,#6254,.T.);
#4831=ORIENTED_EDGE('',*,*,#6255,.T.);
#4832=ORIENTED_EDGE('',*,*,#6256,.T.);
#4833=ORIENTED_EDGE('',*,*,#6257,.T.);
#4834=ORIENTED_EDGE('',*,*,#6258,.T.);
#4835=ORIENTED_EDGE('',*,*,#6259,.T.);
#4836=ORIENTED_EDGE('',*,*,#6260,.T.);
#4837=ORIENTED_EDGE('',*,*,#6261,.T.);
#4838=ORIENTED_EDGE('',*,*,#6262,.T.);
#4839=ORIENTED_EDGE('',*,*,#6263,.T.);
#4840=ORIENTED_EDGE('',*,*,#6264,.T.);
#4841=ORIENTED_EDGE('',*,*,#6265,.T.);
#4842=ORIENTED_EDGE('',*,*,#6266,.T.);
#4843=ORIENTED_EDGE('',*,*,#6267,.T.);
#4844=ORIENTED_EDGE('',*,*,#6268,.T.);
#4845=ORIENTED_EDGE('',*,*,#6269,.T.);
#4846=ORIENTED_EDGE('',*,*,#6270,.T.);
#4847=ORIENTED_EDGE('',*,*,#6271,.T.);
#4848=ORIENTED_EDGE('',*,*,#6272,.T.);
#4849=ORIENTED_EDGE('',*,*,#6273,.T.);
#4850=ORIENTED_EDGE('',*,*,#6274,.T.);
#4851=ORIENTED_EDGE('',*,*,#6275,.T.);
#4852=ORIENTED_EDGE('',*,*,#6276,.T.);
#4853=ORIENTED_EDGE('',*,*,#6277,.F.);
#4854=ORIENTED_EDGE('',*,*,#6278,.F.);
#4855=ORIENTED_EDGE('',*,*,#6279,.F.);
#4856=ORIENTED_EDGE('',*,*,#6280,.F.);
#4857=ORIENTED_EDGE('',*,*,#6281,.F.);
#4858=ORIENTED_EDGE('',*,*,#6282,.F.);
#4859=ORIENTED_EDGE('',*,*,#6283,.F.);
#4860=ORIENTED_EDGE('',*,*,#6284,.F.);
#4861=ORIENTED_EDGE('',*,*,#6285,.F.);
#4862=ORIENTED_EDGE('',*,*,#6286,.F.);
#4863=ORIENTED_EDGE('',*,*,#6287,.F.);
#4864=ORIENTED_EDGE('',*,*,#6288,.F.);
#4865=ORIENTED_EDGE('',*,*,#6289,.F.);
#4866=ORIENTED_EDGE('',*,*,#6290,.F.);
#4867=ORIENTED_EDGE('',*,*,#6291,.F.);
#4868=ORIENTED_EDGE('',*,*,#6292,.F.);
#4869=ORIENTED_EDGE('',*,*,#6293,.F.);
#4870=ORIENTED_EDGE('',*,*,#6294,.F.);
#4871=ORIENTED_EDGE('',*,*,#6295,.F.);
#4872=ORIENTED_EDGE('',*,*,#6296,.F.);
#4873=ORIENTED_EDGE('',*,*,#6297,.F.);
#4874=ORIENTED_EDGE('',*,*,#6298,.F.);
#4875=ORIENTED_EDGE('',*,*,#6299,.F.);
#4876=ORIENTED_EDGE('',*,*,#6300,.F.);
#4877=ORIENTED_EDGE('',*,*,#6301,.F.);
#4878=ORIENTED_EDGE('',*,*,#6302,.F.);
#4879=ORIENTED_EDGE('',*,*,#6303,.F.);
#4880=ORIENTED_EDGE('',*,*,#6304,.F.);
#4881=ORIENTED_EDGE('',*,*,#6305,.F.);
#4882=ORIENTED_EDGE('',*,*,#6306,.F.);
#4883=ORIENTED_EDGE('',*,*,#6307,.F.);
#4884=ORIENTED_EDGE('',*,*,#6308,.F.);
#4885=ORIENTED_EDGE('',*,*,#6309,.F.);
#4886=ORIENTED_EDGE('',*,*,#6310,.F.);
#4887=ORIENTED_EDGE('',*,*,#6311,.F.);
#4888=ORIENTED_EDGE('',*,*,#6312,.F.);
#4889=ORIENTED_EDGE('',*,*,#6313,.F.);
#4890=ORIENTED_EDGE('',*,*,#6314,.F.);
#4891=ORIENTED_EDGE('',*,*,#6315,.F.);
#4892=ORIENTED_EDGE('',*,*,#6316,.F.);
#4893=ORIENTED_EDGE('',*,*,#6317,.F.);
#4894=ORIENTED_EDGE('',*,*,#6318,.F.);
#4895=ORIENTED_EDGE('',*,*,#6319,.F.);
#4896=ORIENTED_EDGE('',*,*,#6320,.F.);
#4897=ORIENTED_EDGE('',*,*,#6321,.F.);
#4898=ORIENTED_EDGE('',*,*,#6322,.F.);
#4899=ORIENTED_EDGE('',*,*,#6323,.F.);
#4900=ORIENTED_EDGE('',*,*,#6324,.F.);
#4901=ORIENTED_EDGE('',*,*,#6325,.F.);
#4902=ORIENTED_EDGE('',*,*,#6326,.F.);
#4903=ORIENTED_EDGE('',*,*,#6327,.F.);
#4904=ORIENTED_EDGE('',*,*,#6328,.F.);
#4905=ORIENTED_EDGE('',*,*,#6329,.F.);
#4906=ORIENTED_EDGE('',*,*,#6330,.F.);
#4907=ORIENTED_EDGE('',*,*,#6331,.F.);
#4908=ORIENTED_EDGE('',*,*,#6332,.F.);
#4909=ORIENTED_EDGE('',*,*,#6333,.F.);
#4910=ORIENTED_EDGE('',*,*,#6334,.F.);
#4911=ORIENTED_EDGE('',*,*,#6335,.F.);
#4912=ORIENTED_EDGE('',*,*,#6336,.F.);
#4913=ORIENTED_EDGE('',*,*,#6337,.F.);
#4914=ORIENTED_EDGE('',*,*,#6338,.F.);
#4915=ORIENTED_EDGE('',*,*,#6339,.F.);
#4916=ORIENTED_EDGE('',*,*,#6340,.F.);
#4917=ORIENTED_EDGE('',*,*,#6341,.F.);
#4918=ORIENTED_EDGE('',*,*,#6342,.F.);
#4919=ORIENTED_EDGE('',*,*,#6343,.F.);
#4920=ORIENTED_EDGE('',*,*,#6344,.F.);
#4921=ORIENTED_EDGE('',*,*,#6345,.F.);
#4922=ORIENTED_EDGE('',*,*,#6346,.F.);
#4923=ORIENTED_EDGE('',*,*,#6347,.F.);
#4924=ORIENTED_EDGE('',*,*,#6348,.F.);
#4925=ORIENTED_EDGE('',*,*,#6349,.F.);
#4926=ORIENTED_EDGE('',*,*,#6350,.F.);
#4927=ORIENTED_EDGE('',*,*,#6351,.F.);
#4928=ORIENTED_EDGE('',*,*,#6352,.F.);
#4929=ORIENTED_EDGE('',*,*,#6353,.F.);
#4930=ORIENTED_EDGE('',*,*,#6354,.F.);
#4931=ORIENTED_EDGE('',*,*,#6355,.F.);
#4932=ORIENTED_EDGE('',*,*,#6356,.F.);
#4933=ORIENTED_EDGE('',*,*,#6357,.F.);
#4934=ORIENTED_EDGE('',*,*,#6358,.F.);
#4935=ORIENTED_EDGE('',*,*,#6359,.F.);
#4936=ORIENTED_EDGE('',*,*,#6360,.F.);
#4937=ORIENTED_EDGE('',*,*,#6361,.F.);
#4938=ORIENTED_EDGE('',*,*,#6362,.F.);
#4939=ORIENTED_EDGE('',*,*,#6363,.F.);
#4940=ORIENTED_EDGE('',*,*,#6364,.F.);
#4941=ORIENTED_EDGE('',*,*,#6365,.F.);
#4942=ORIENTED_EDGE('',*,*,#6366,.F.);
#4943=ORIENTED_EDGE('',*,*,#6367,.F.);
#4944=ORIENTED_EDGE('',*,*,#6368,.F.);
#4945=ORIENTED_EDGE('',*,*,#6369,.F.);
#4946=ORIENTED_EDGE('',*,*,#6370,.F.);
#4947=ORIENTED_EDGE('',*,*,#6371,.F.);
#4948=ORIENTED_EDGE('',*,*,#6372,.F.);
#4949=ORIENTED_EDGE('',*,*,#6373,.F.);
#4950=ORIENTED_EDGE('',*,*,#6374,.F.);
#4951=ORIENTED_EDGE('',*,*,#6375,.F.);
#4952=ORIENTED_EDGE('',*,*,#6376,.F.);
#4953=ORIENTED_EDGE('',*,*,#6377,.F.);
#4954=ORIENTED_EDGE('',*,*,#6378,.F.);
#4955=ORIENTED_EDGE('',*,*,#6379,.F.);
#4956=ORIENTED_EDGE('',*,*,#6380,.F.);
#4957=ORIENTED_EDGE('',*,*,#6381,.F.);
#4958=ORIENTED_EDGE('',*,*,#6382,.F.);
#4959=ORIENTED_EDGE('',*,*,#6383,.F.);
#4960=ORIENTED_EDGE('',*,*,#6384,.F.);
#4961=ORIENTED_EDGE('',*,*,#6385,.F.);
#4962=ORIENTED_EDGE('',*,*,#6386,.F.);
#4963=ORIENTED_EDGE('',*,*,#6387,.F.);
#4964=ORIENTED_EDGE('',*,*,#6388,.F.);
#4965=ORIENTED_EDGE('',*,*,#6389,.F.);
#4966=ORIENTED_EDGE('',*,*,#6390,.F.);
#4967=ORIENTED_EDGE('',*,*,#6391,.F.);
#4968=ORIENTED_EDGE('',*,*,#6392,.F.);
#4969=ORIENTED_EDGE('',*,*,#6393,.F.);
#4970=ORIENTED_EDGE('',*,*,#6394,.F.);
#4971=ORIENTED_EDGE('',*,*,#6395,.F.);
#4972=ORIENTED_EDGE('',*,*,#6396,.F.);
#4973=ORIENTED_EDGE('',*,*,#6397,.F.);
#4974=ORIENTED_EDGE('',*,*,#6398,.F.);
#4975=ORIENTED_EDGE('',*,*,#6399,.F.);
#4976=ORIENTED_EDGE('',*,*,#6400,.F.);
#4977=ORIENTED_EDGE('',*,*,#6401,.F.);
#4978=ORIENTED_EDGE('',*,*,#6402,.F.);
#4979=ORIENTED_EDGE('',*,*,#6403,.F.);
#4980=ORIENTED_EDGE('',*,*,#6404,.F.);
#4981=ORIENTED_EDGE('',*,*,#6405,.F.);
#4982=ORIENTED_EDGE('',*,*,#6406,.F.);
#4983=ORIENTED_EDGE('',*,*,#6407,.F.);
#4984=ORIENTED_EDGE('',*,*,#6408,.F.);
#4985=ORIENTED_EDGE('',*,*,#6409,.F.);
#4986=ORIENTED_EDGE('',*,*,#6410,.F.);
#4987=ORIENTED_EDGE('',*,*,#6411,.F.);
#4988=ORIENTED_EDGE('',*,*,#6412,.F.);
#4989=ORIENTED_EDGE('',*,*,#6413,.F.);
#4990=ORIENTED_EDGE('',*,*,#6414,.F.);
#4991=ORIENTED_EDGE('',*,*,#6415,.F.);
#4992=ORIENTED_EDGE('',*,*,#6416,.F.);
#4993=ORIENTED_EDGE('',*,*,#6417,.F.);
#4994=ORIENTED_EDGE('',*,*,#6418,.F.);
#4995=ORIENTED_EDGE('',*,*,#6419,.F.);
#4996=ORIENTED_EDGE('',*,*,#6420,.F.);
#4997=ORIENTED_EDGE('',*,*,#6421,.F.);
#4998=ORIENTED_EDGE('',*,*,#6422,.F.);
#4999=ORIENTED_EDGE('',*,*,#6423,.F.);
#5000=ORIENTED_EDGE('',*,*,#6424,.F.);
#5001=ORIENTED_EDGE('',*,*,#6425,.F.);
#5002=ORIENTED_EDGE('',*,*,#6426,.F.);
#5003=ORIENTED_EDGE('',*,*,#6427,.F.);
#5004=ORIENTED_EDGE('',*,*,#6428,.F.);
#5005=ORIENTED_EDGE('',*,*,#6429,.F.);
#5006=ORIENTED_EDGE('',*,*,#6430,.F.);
#5007=ORIENTED_EDGE('',*,*,#6431,.F.);
#5008=ORIENTED_EDGE('',*,*,#6432,.F.);
#5009=ORIENTED_EDGE('',*,*,#6433,.F.);
#5010=ORIENTED_EDGE('',*,*,#6434,.F.);
#5011=ORIENTED_EDGE('',*,*,#6435,.F.);
#5012=ORIENTED_EDGE('',*,*,#6436,.F.);
#5013=ORIENTED_EDGE('',*,*,#6437,.F.);
#5014=ORIENTED_EDGE('',*,*,#6438,.F.);
#5015=ORIENTED_EDGE('',*,*,#6439,.F.);
#5016=ORIENTED_EDGE('',*,*,#6440,.F.);
#5017=ORIENTED_EDGE('',*,*,#6441,.F.);
#5018=ORIENTED_EDGE('',*,*,#6442,.F.);
#5019=ORIENTED_EDGE('',*,*,#6443,.F.);
#5020=ORIENTED_EDGE('',*,*,#6444,.F.);
#5021=ORIENTED_EDGE('',*,*,#6445,.F.);
#5022=ORIENTED_EDGE('',*,*,#6446,.F.);
#5023=ORIENTED_EDGE('',*,*,#6447,.F.);
#5024=ORIENTED_EDGE('',*,*,#6448,.F.);
#5025=ORIENTED_EDGE('',*,*,#6449,.F.);
#5026=ORIENTED_EDGE('',*,*,#6450,.F.);
#5027=ORIENTED_EDGE('',*,*,#6451,.F.);
#5028=ORIENTED_EDGE('',*,*,#6452,.F.);
#5029=ORIENTED_EDGE('',*,*,#6453,.F.);
#5030=ORIENTED_EDGE('',*,*,#6454,.F.);
#5031=ORIENTED_EDGE('',*,*,#6455,.F.);
#5032=ORIENTED_EDGE('',*,*,#6456,.F.);
#5033=ORIENTED_EDGE('',*,*,#6457,.F.);
#5034=ORIENTED_EDGE('',*,*,#6458,.F.);
#5035=ORIENTED_EDGE('',*,*,#6459,.F.);
#5036=ORIENTED_EDGE('',*,*,#6460,.F.);
#5037=ORIENTED_EDGE('',*,*,#6461,.F.);
#5038=ORIENTED_EDGE('',*,*,#6462,.F.);
#5039=ORIENTED_EDGE('',*,*,#6463,.F.);
#5040=ORIENTED_EDGE('',*,*,#6464,.F.);
#5041=ORIENTED_EDGE('',*,*,#6465,.F.);
#5042=ORIENTED_EDGE('',*,*,#6466,.F.);
#5043=ORIENTED_EDGE('',*,*,#6467,.F.);
#5044=ORIENTED_EDGE('',*,*,#6468,.F.);
#5045=ORIENTED_EDGE('',*,*,#6469,.F.);
#5046=ORIENTED_EDGE('',*,*,#6470,.F.);
#5047=ORIENTED_EDGE('',*,*,#6471,.F.);
#5048=ORIENTED_EDGE('',*,*,#6472,.F.);
#5049=ORIENTED_EDGE('',*,*,#6473,.F.);
#5050=ORIENTED_EDGE('',*,*,#6474,.F.);
#5051=ORIENTED_EDGE('',*,*,#6475,.F.);
#5052=ORIENTED_EDGE('',*,*,#6476,.F.);
#5053=ORIENTED_EDGE('',*,*,#6477,.F.);
#5054=ORIENTED_EDGE('',*,*,#6478,.F.);
#5055=ORIENTED_EDGE('',*,*,#6479,.F.);
#5056=ORIENTED_EDGE('',*,*,#6480,.F.);
#5057=ORIENTED_EDGE('',*,*,#6481,.F.);
#5058=ORIENTED_EDGE('',*,*,#6482,.F.);
#5059=ORIENTED_EDGE('',*,*,#6483,.F.);
#5060=ORIENTED_EDGE('',*,*,#6484,.F.);
#5061=ORIENTED_EDGE('',*,*,#6485,.F.);
#5062=ORIENTED_EDGE('',*,*,#6486,.F.);
#5063=ORIENTED_EDGE('',*,*,#6487,.F.);
#5064=ORIENTED_EDGE('',*,*,#6488,.F.);
#5065=ORIENTED_EDGE('',*,*,#6489,.F.);
#5066=ORIENTED_EDGE('',*,*,#6490,.F.);
#5067=ORIENTED_EDGE('',*,*,#6491,.F.);
#5068=ORIENTED_EDGE('',*,*,#6492,.F.);
#5069=ORIENTED_EDGE('',*,*,#6493,.F.);
#5070=ORIENTED_EDGE('',*,*,#6494,.F.);
#5071=ORIENTED_EDGE('',*,*,#6495,.F.);
#5072=ORIENTED_EDGE('',*,*,#6496,.F.);
#5073=ORIENTED_EDGE('',*,*,#6497,.F.);
#5074=ORIENTED_EDGE('',*,*,#6498,.F.);
#5075=ORIENTED_EDGE('',*,*,#6499,.F.);
#5076=ORIENTED_EDGE('',*,*,#6500,.F.);
#5077=ORIENTED_EDGE('',*,*,#6501,.F.);
#5078=ORIENTED_EDGE('',*,*,#6502,.F.);
#5079=ORIENTED_EDGE('',*,*,#6503,.F.);
#5080=ORIENTED_EDGE('',*,*,#6504,.F.);
#5081=ORIENTED_EDGE('',*,*,#6505,.F.);
#5082=ORIENTED_EDGE('',*,*,#6506,.F.);
#5083=ORIENTED_EDGE('',*,*,#6507,.F.);
#5084=ORIENTED_EDGE('',*,*,#6508,.F.);
#5085=ORIENTED_EDGE('',*,*,#6509,.F.);
#5086=ORIENTED_EDGE('',*,*,#6510,.F.);
#5087=ORIENTED_EDGE('',*,*,#6511,.F.);
#5088=ORIENTED_EDGE('',*,*,#6512,.F.);
#5089=ORIENTED_EDGE('',*,*,#6513,.F.);
#5090=ORIENTED_EDGE('',*,*,#6514,.F.);
#5091=ORIENTED_EDGE('',*,*,#6515,.F.);
#5092=ORIENTED_EDGE('',*,*,#6516,.F.);
#5093=ORIENTED_EDGE('',*,*,#6517,.F.);
#5094=ORIENTED_EDGE('',*,*,#6518,.F.);
#5095=ORIENTED_EDGE('',*,*,#6519,.F.);
#5096=ORIENTED_EDGE('',*,*,#6520,.F.);
#5097=ORIENTED_EDGE('',*,*,#6521,.F.);
#5098=ORIENTED_EDGE('',*,*,#6522,.F.);
#5099=ORIENTED_EDGE('',*,*,#6523,.F.);
#5100=ORIENTED_EDGE('',*,*,#6524,.F.);
#5101=ORIENTED_EDGE('',*,*,#6525,.F.);
#5102=ORIENTED_EDGE('',*,*,#6526,.F.);
#5103=ORIENTED_EDGE('',*,*,#6527,.F.);
#5104=ORIENTED_EDGE('',*,*,#6528,.F.);
#5105=ORIENTED_EDGE('',*,*,#6529,.F.);
#5106=ORIENTED_EDGE('',*,*,#6530,.F.);
#5107=ORIENTED_EDGE('',*,*,#6531,.F.);
#5108=ORIENTED_EDGE('',*,*,#6532,.F.);
#5109=ORIENTED_EDGE('',*,*,#6533,.F.);
#5110=ORIENTED_EDGE('',*,*,#6534,.F.);
#5111=ORIENTED_EDGE('',*,*,#6535,.F.);
#5112=ORIENTED_EDGE('',*,*,#6536,.F.);
#5113=ORIENTED_EDGE('',*,*,#6537,.F.);
#5114=ORIENTED_EDGE('',*,*,#6538,.F.);
#5115=ORIENTED_EDGE('',*,*,#6539,.F.);
#5116=ORIENTED_EDGE('',*,*,#6540,.F.);
#5117=ORIENTED_EDGE('',*,*,#6541,.F.);
#5118=ORIENTED_EDGE('',*,*,#6542,.F.);
#5119=ORIENTED_EDGE('',*,*,#6543,.F.);
#5120=ORIENTED_EDGE('',*,*,#6544,.F.);
#5121=ORIENTED_EDGE('',*,*,#6545,.F.);
#5122=ORIENTED_EDGE('',*,*,#6546,.F.);
#5123=ORIENTED_EDGE('',*,*,#6547,.F.);
#5124=ORIENTED_EDGE('',*,*,#6548,.F.);
#5125=ORIENTED_EDGE('',*,*,#6549,.F.);
#5126=ORIENTED_EDGE('',*,*,#6550,.F.);
#5127=ORIENTED_EDGE('',*,*,#6551,.F.);
#5128=ORIENTED_EDGE('',*,*,#6552,.F.);
#5129=ORIENTED_EDGE('',*,*,#6553,.F.);
#5130=ORIENTED_EDGE('',*,*,#6554,.F.);
#5131=ORIENTED_EDGE('',*,*,#6555,.F.);
#5132=ORIENTED_EDGE('',*,*,#6556,.F.);
#5133=ORIENTED_EDGE('',*,*,#6557,.T.);
#5134=ORIENTED_EDGE('',*,*,#6558,.F.);
#5135=ORIENTED_EDGE('',*,*,#6559,.F.);
#5136=ORIENTED_EDGE('',*,*,#6560,.T.);
#5137=ORIENTED_EDGE('',*,*,#6561,.F.);
#5138=ORIENTED_EDGE('',*,*,#6562,.F.);
#5139=ORIENTED_EDGE('',*,*,#6563,.F.);
#5140=ORIENTED_EDGE('',*,*,#6564,.T.);
#5141=ORIENTED_EDGE('',*,*,#6565,.F.);
#5142=ORIENTED_EDGE('',*,*,#6566,.F.);
#5143=ORIENTED_EDGE('',*,*,#6567,.F.);
#5144=ORIENTED_EDGE('',*,*,#6568,.F.);
#5145=ORIENTED_EDGE('',*,*,#6569,.T.);
#5146=ORIENTED_EDGE('',*,*,#6570,.F.);
#5147=ORIENTED_EDGE('',*,*,#6571,.F.);
#5148=ORIENTED_EDGE('',*,*,#6572,.T.);
#5149=ORIENTED_EDGE('',*,*,#6573,.T.);
#5150=ORIENTED_EDGE('',*,*,#6574,.T.);
#5151=ORIENTED_EDGE('',*,*,#6575,.F.);
#5152=ORIENTED_EDGE('',*,*,#6576,.F.);
#5153=ORIENTED_EDGE('',*,*,#6577,.F.);
#5154=ORIENTED_EDGE('',*,*,#6578,.F.);
#5155=ORIENTED_EDGE('',*,*,#6579,.F.);
#5156=ORIENTED_EDGE('',*,*,#6580,.T.);
#5157=ORIENTED_EDGE('',*,*,#6581,.F.);
#5158=ORIENTED_EDGE('',*,*,#6582,.T.);
#5159=ORIENTED_EDGE('',*,*,#6583,.T.);
#5160=ORIENTED_EDGE('',*,*,#6584,.T.);
#5161=ORIENTED_EDGE('',*,*,#6585,.T.);
#5162=ORIENTED_EDGE('',*,*,#6586,.T.);
#5163=ORIENTED_EDGE('',*,*,#6587,.T.);
#5164=ORIENTED_EDGE('',*,*,#6588,.T.);
#5165=ORIENTED_EDGE('',*,*,#6589,.T.);
#5166=ORIENTED_EDGE('',*,*,#6590,.T.);
#5167=ORIENTED_EDGE('',*,*,#6591,.T.);
#5168=ORIENTED_EDGE('',*,*,#6592,.T.);
#5169=ORIENTED_EDGE('',*,*,#6593,.T.);
#5170=ORIENTED_EDGE('',*,*,#6594,.T.);
#5171=ORIENTED_EDGE('',*,*,#6595,.T.);
#5172=ORIENTED_EDGE('',*,*,#6596,.T.);
#5173=ORIENTED_EDGE('',*,*,#6597,.T.);
#5174=ORIENTED_EDGE('',*,*,#6598,.T.);
#5175=ORIENTED_EDGE('',*,*,#6599,.T.);
#5176=ORIENTED_EDGE('',*,*,#6600,.T.);
#5177=ORIENTED_EDGE('',*,*,#6601,.T.);
#5178=ORIENTED_EDGE('',*,*,#6602,.T.);
#5179=ORIENTED_EDGE('',*,*,#6603,.T.);
#5180=ORIENTED_EDGE('',*,*,#6604,.T.);
#5181=ORIENTED_EDGE('',*,*,#6605,.T.);
#5182=ORIENTED_EDGE('',*,*,#6606,.T.);
#5183=ORIENTED_EDGE('',*,*,#6607,.T.);
#5184=ORIENTED_EDGE('',*,*,#6608,.T.);
#5185=ORIENTED_EDGE('',*,*,#6609,.T.);
#5186=ORIENTED_EDGE('',*,*,#6610,.T.);
#5187=ORIENTED_EDGE('',*,*,#6611,.T.);
#5188=ORIENTED_EDGE('',*,*,#6612,.T.);
#5189=ORIENTED_EDGE('',*,*,#6613,.T.);
#5190=ORIENTED_EDGE('',*,*,#6614,.T.);
#5191=ORIENTED_EDGE('',*,*,#6615,.T.);
#5192=ORIENTED_EDGE('',*,*,#6616,.T.);
#5193=ORIENTED_EDGE('',*,*,#6617,.T.);
#5194=ORIENTED_EDGE('',*,*,#6618,.T.);
#5195=ORIENTED_EDGE('',*,*,#6619,.T.);
#5196=ORIENTED_EDGE('',*,*,#6620,.T.);
#5197=ORIENTED_EDGE('',*,*,#6621,.T.);
#5198=ORIENTED_EDGE('',*,*,#6622,.T.);
#5199=ORIENTED_EDGE('',*,*,#6623,.T.);
#5200=ORIENTED_EDGE('',*,*,#6624,.T.);
#5201=ORIENTED_EDGE('',*,*,#6625,.T.);
#5202=ORIENTED_EDGE('',*,*,#6626,.T.);
#5203=ORIENTED_EDGE('',*,*,#6627,.T.);
#5204=ORIENTED_EDGE('',*,*,#6628,.T.);
#5205=ORIENTED_EDGE('',*,*,#6629,.T.);
#5206=ORIENTED_EDGE('',*,*,#6630,.T.);
#5207=ORIENTED_EDGE('',*,*,#6631,.T.);
#5208=ORIENTED_EDGE('',*,*,#6632,.T.);
#5209=ORIENTED_EDGE('',*,*,#6633,.T.);
#5210=ORIENTED_EDGE('',*,*,#6634,.T.);
#5211=ORIENTED_EDGE('',*,*,#6635,.T.);
#5212=ORIENTED_EDGE('',*,*,#6636,.T.);
#5213=ORIENTED_EDGE('',*,*,#6637,.T.);
#5214=ORIENTED_EDGE('',*,*,#6638,.T.);
#5215=ORIENTED_EDGE('',*,*,#6639,.T.);
#5216=ORIENTED_EDGE('',*,*,#6640,.T.);
#5217=ORIENTED_EDGE('',*,*,#6641,.T.);
#5218=ORIENTED_EDGE('',*,*,#6642,.T.);
#5219=ORIENTED_EDGE('',*,*,#6643,.T.);
#5220=ORIENTED_EDGE('',*,*,#6644,.T.);
#5221=ORIENTED_EDGE('',*,*,#6645,.T.);
#5222=ORIENTED_EDGE('',*,*,#6646,.T.);
#5223=ORIENTED_EDGE('',*,*,#6647,.T.);
#5224=ORIENTED_EDGE('',*,*,#6648,.T.);
#5225=ORIENTED_EDGE('',*,*,#6649,.T.);
#5226=ORIENTED_EDGE('',*,*,#6650,.T.);
#5227=ORIENTED_EDGE('',*,*,#6651,.T.);
#5228=ORIENTED_EDGE('',*,*,#6652,.T.);
#5229=ORIENTED_EDGE('',*,*,#6653,.T.);
#5230=ORIENTED_EDGE('',*,*,#6654,.T.);
#5231=ORIENTED_EDGE('',*,*,#6655,.T.);
#5232=ORIENTED_EDGE('',*,*,#6656,.T.);
#5233=ORIENTED_EDGE('',*,*,#6657,.T.);
#5234=ORIENTED_EDGE('',*,*,#6658,.T.);
#5235=ORIENTED_EDGE('',*,*,#6659,.T.);
#5236=ORIENTED_EDGE('',*,*,#6660,.T.);
#5237=ORIENTED_EDGE('',*,*,#6661,.T.);
#5238=ORIENTED_EDGE('',*,*,#6662,.T.);
#5239=ORIENTED_EDGE('',*,*,#6663,.T.);
#5240=ORIENTED_EDGE('',*,*,#6664,.T.);
#5241=ORIENTED_EDGE('',*,*,#6665,.T.);
#5242=ORIENTED_EDGE('',*,*,#6666,.T.);
#5243=ORIENTED_EDGE('',*,*,#6667,.T.);
#5244=ORIENTED_EDGE('',*,*,#6668,.T.);
#5245=ORIENTED_EDGE('',*,*,#6669,.T.);
#5246=ORIENTED_EDGE('',*,*,#6670,.T.);
#5247=ORIENTED_EDGE('',*,*,#6671,.T.);
#5248=ORIENTED_EDGE('',*,*,#6672,.T.);
#5249=ORIENTED_EDGE('',*,*,#6673,.T.);
#5250=ORIENTED_EDGE('',*,*,#6674,.T.);
#5251=ORIENTED_EDGE('',*,*,#6675,.T.);
#5252=ORIENTED_EDGE('',*,*,#6676,.T.);
#5253=ORIENTED_EDGE('',*,*,#6677,.T.);
#5254=ORIENTED_EDGE('',*,*,#6678,.T.);
#5255=ORIENTED_EDGE('',*,*,#6679,.T.);
#5256=ORIENTED_EDGE('',*,*,#6680,.T.);
#5257=ORIENTED_EDGE('',*,*,#6681,.T.);
#5258=ORIENTED_EDGE('',*,*,#6682,.T.);
#5259=ORIENTED_EDGE('',*,*,#6683,.T.);
#5260=ORIENTED_EDGE('',*,*,#6684,.T.);
#5261=ORIENTED_EDGE('',*,*,#6685,.T.);
#5262=ORIENTED_EDGE('',*,*,#6686,.T.);
#5263=ORIENTED_EDGE('',*,*,#6687,.T.);
#5264=ORIENTED_EDGE('',*,*,#6688,.T.);
#5265=ORIENTED_EDGE('',*,*,#6689,.T.);
#5266=ORIENTED_EDGE('',*,*,#6690,.T.);
#5267=ORIENTED_EDGE('',*,*,#6691,.T.);
#5268=ORIENTED_EDGE('',*,*,#6692,.T.);
#5269=ORIENTED_EDGE('',*,*,#6693,.T.);
#5270=ORIENTED_EDGE('',*,*,#6694,.T.);
#5271=ORIENTED_EDGE('',*,*,#6695,.T.);
#5272=ORIENTED_EDGE('',*,*,#6696,.T.);
#5273=ORIENTED_EDGE('',*,*,#6697,.T.);
#5274=ORIENTED_EDGE('',*,*,#6698,.T.);
#5275=ORIENTED_EDGE('',*,*,#6699,.T.);
#5276=ORIENTED_EDGE('',*,*,#6700,.T.);
#5277=ORIENTED_EDGE('',*,*,#6701,.T.);
#5278=ORIENTED_EDGE('',*,*,#6702,.T.);
#5279=ORIENTED_EDGE('',*,*,#6703,.T.);
#5280=ORIENTED_EDGE('',*,*,#6704,.T.);
#5281=ORIENTED_EDGE('',*,*,#6705,.T.);
#5282=ORIENTED_EDGE('',*,*,#6706,.T.);
#5283=ORIENTED_EDGE('',*,*,#6707,.T.);
#5284=ORIENTED_EDGE('',*,*,#6708,.T.);
#5285=ORIENTED_EDGE('',*,*,#6709,.T.);
#5286=ORIENTED_EDGE('',*,*,#6710,.T.);
#5287=ORIENTED_EDGE('',*,*,#6711,.T.);
#5288=ORIENTED_EDGE('',*,*,#6712,.T.);
#5289=ORIENTED_EDGE('',*,*,#6713,.T.);
#5290=ORIENTED_EDGE('',*,*,#6714,.T.);
#5291=ORIENTED_EDGE('',*,*,#6715,.T.);
#5292=ORIENTED_EDGE('',*,*,#6716,.T.);
#5293=ORIENTED_EDGE('',*,*,#6717,.T.);
#5294=ORIENTED_EDGE('',*,*,#6718,.T.);
#5295=ORIENTED_EDGE('',*,*,#6719,.T.);
#5296=ORIENTED_EDGE('',*,*,#6720,.T.);
#5297=ORIENTED_EDGE('',*,*,#6721,.T.);
#5298=ORIENTED_EDGE('',*,*,#6722,.T.);
#5299=ORIENTED_EDGE('',*,*,#6723,.T.);
#5300=ORIENTED_EDGE('',*,*,#6724,.T.);
#5301=ORIENTED_EDGE('',*,*,#6725,.T.);
#5302=ORIENTED_EDGE('',*,*,#6726,.T.);
#5303=ORIENTED_EDGE('',*,*,#6727,.T.);
#5304=ORIENTED_EDGE('',*,*,#6728,.T.);
#5305=ORIENTED_EDGE('',*,*,#6729,.T.);
#5306=ORIENTED_EDGE('',*,*,#6730,.T.);
#5307=ORIENTED_EDGE('',*,*,#6731,.T.);
#5308=ORIENTED_EDGE('',*,*,#6732,.T.);
#5309=ORIENTED_EDGE('',*,*,#6733,.T.);
#5310=ORIENTED_EDGE('',*,*,#6734,.T.);
#5311=ORIENTED_EDGE('',*,*,#6735,.T.);
#5312=ORIENTED_EDGE('',*,*,#6736,.T.);
#5313=ORIENTED_EDGE('',*,*,#6737,.T.);
#5314=ORIENTED_EDGE('',*,*,#6738,.T.);
#5315=ORIENTED_EDGE('',*,*,#6739,.T.);
#5316=ORIENTED_EDGE('',*,*,#6740,.T.);
#5317=ORIENTED_EDGE('',*,*,#6741,.T.);
#5318=ORIENTED_EDGE('',*,*,#6742,.T.);
#5319=ORIENTED_EDGE('',*,*,#6743,.T.);
#5320=ORIENTED_EDGE('',*,*,#6744,.T.);
#5321=ORIENTED_EDGE('',*,*,#6745,.T.);
#5322=ORIENTED_EDGE('',*,*,#6746,.T.);
#5323=ORIENTED_EDGE('',*,*,#6747,.T.);
#5324=ORIENTED_EDGE('',*,*,#6748,.T.);
#5325=ORIENTED_EDGE('',*,*,#6749,.T.);
#5326=ORIENTED_EDGE('',*,*,#6750,.T.);
#5327=ORIENTED_EDGE('',*,*,#6751,.T.);
#5328=ORIENTED_EDGE('',*,*,#6752,.T.);
#5329=ORIENTED_EDGE('',*,*,#6753,.T.);
#5330=ORIENTED_EDGE('',*,*,#6754,.T.);
#5331=ORIENTED_EDGE('',*,*,#6755,.T.);
#5332=ORIENTED_EDGE('',*,*,#6756,.T.);
#5333=ORIENTED_EDGE('',*,*,#6757,.T.);
#5334=ORIENTED_EDGE('',*,*,#6758,.T.);
#5335=ORIENTED_EDGE('',*,*,#6759,.T.);
#5336=ORIENTED_EDGE('',*,*,#6760,.T.);
#5337=ORIENTED_EDGE('',*,*,#6761,.T.);
#5338=ORIENTED_EDGE('',*,*,#6762,.T.);
#5339=ORIENTED_EDGE('',*,*,#6763,.T.);
#5340=ORIENTED_EDGE('',*,*,#6764,.T.);
#5341=ORIENTED_EDGE('',*,*,#6765,.T.);
#5342=ORIENTED_EDGE('',*,*,#6766,.T.);
#5343=ORIENTED_EDGE('',*,*,#6767,.T.);
#5344=ORIENTED_EDGE('',*,*,#6768,.T.);
#5345=ORIENTED_EDGE('',*,*,#6769,.T.);
#5346=ORIENTED_EDGE('',*,*,#6770,.T.);
#5347=ORIENTED_EDGE('',*,*,#6771,.T.);
#5348=ORIENTED_EDGE('',*,*,#6772,.T.);
#5349=ORIENTED_EDGE('',*,*,#6773,.T.);
#5350=ORIENTED_EDGE('',*,*,#6774,.T.);
#5351=ORIENTED_EDGE('',*,*,#6775,.T.);
#5352=ORIENTED_EDGE('',*,*,#6776,.T.);
#5353=ORIENTED_EDGE('',*,*,#6777,.T.);
#5354=ORIENTED_EDGE('',*,*,#6778,.T.);
#5355=ORIENTED_EDGE('',*,*,#6779,.T.);
#5356=ORIENTED_EDGE('',*,*,#6780,.T.);
#5357=ORIENTED_EDGE('',*,*,#6781,.T.);
#5358=ORIENTED_EDGE('',*,*,#6782,.T.);
#5359=ORIENTED_EDGE('',*,*,#6783,.T.);
#5360=ORIENTED_EDGE('',*,*,#6784,.T.);
#5361=ORIENTED_EDGE('',*,*,#6785,.T.);
#5362=ORIENTED_EDGE('',*,*,#6786,.T.);
#5363=ORIENTED_EDGE('',*,*,#6787,.T.);
#5364=ORIENTED_EDGE('',*,*,#6788,.T.);
#5365=ORIENTED_EDGE('',*,*,#6789,.T.);
#5366=ORIENTED_EDGE('',*,*,#6790,.T.);
#5367=ORIENTED_EDGE('',*,*,#6791,.T.);
#5368=ORIENTED_EDGE('',*,*,#6792,.T.);
#5369=ORIENTED_EDGE('',*,*,#6793,.T.);
#5370=ORIENTED_EDGE('',*,*,#6794,.T.);
#5371=ORIENTED_EDGE('',*,*,#6795,.T.);
#5372=ORIENTED_EDGE('',*,*,#6796,.T.);
#5373=ORIENTED_EDGE('',*,*,#6797,.T.);
#5374=ORIENTED_EDGE('',*,*,#6798,.T.);
#5375=ORIENTED_EDGE('',*,*,#6799,.T.);
#5376=ORIENTED_EDGE('',*,*,#6800,.T.);
#5377=ORIENTED_EDGE('',*,*,#6801,.T.);
#5378=ORIENTED_EDGE('',*,*,#6802,.T.);
#5379=ORIENTED_EDGE('',*,*,#6803,.T.);
#5380=ORIENTED_EDGE('',*,*,#6804,.T.);
#5381=ORIENTED_EDGE('',*,*,#6805,.T.);
#5382=ORIENTED_EDGE('',*,*,#6806,.T.);
#5383=ORIENTED_EDGE('',*,*,#6807,.T.);
#5384=ORIENTED_EDGE('',*,*,#6808,.T.);
#5385=ORIENTED_EDGE('',*,*,#6809,.T.);
#5386=ORIENTED_EDGE('',*,*,#6810,.T.);
#5387=ORIENTED_EDGE('',*,*,#6811,.T.);
#5388=ORIENTED_EDGE('',*,*,#6812,.T.);
#5389=ORIENTED_EDGE('',*,*,#6813,.T.);
#5390=ORIENTED_EDGE('',*,*,#6814,.T.);
#5391=ORIENTED_EDGE('',*,*,#6815,.T.);
#5392=ORIENTED_EDGE('',*,*,#6816,.T.);
#5393=ORIENTED_EDGE('',*,*,#6817,.T.);
#5394=ORIENTED_EDGE('',*,*,#6818,.T.);
#5395=ORIENTED_EDGE('',*,*,#6819,.T.);
#5396=ORIENTED_EDGE('',*,*,#6820,.T.);
#5397=ORIENTED_EDGE('',*,*,#6821,.T.);
#5398=ORIENTED_EDGE('',*,*,#6822,.T.);
#5399=ORIENTED_EDGE('',*,*,#6823,.T.);
#5400=ORIENTED_EDGE('',*,*,#6824,.T.);
#5401=ORIENTED_EDGE('',*,*,#6825,.T.);
#5402=ORIENTED_EDGE('',*,*,#6826,.T.);
#5403=ORIENTED_EDGE('',*,*,#6827,.T.);
#5404=ORIENTED_EDGE('',*,*,#6828,.T.);
#5405=ORIENTED_EDGE('',*,*,#6829,.T.);
#5406=ORIENTED_EDGE('',*,*,#6830,.T.);
#5407=ORIENTED_EDGE('',*,*,#6831,.T.);
#5408=ORIENTED_EDGE('',*,*,#6832,.T.);
#5409=ORIENTED_EDGE('',*,*,#6833,.T.);
#5410=ORIENTED_EDGE('',*,*,#6834,.T.);
#5411=ORIENTED_EDGE('',*,*,#6835,.T.);
#5412=ORIENTED_EDGE('',*,*,#6836,.T.);
#5413=ORIENTED_EDGE('',*,*,#6837,.T.);
#5414=ORIENTED_EDGE('',*,*,#6838,.T.);
#5415=ORIENTED_EDGE('',*,*,#6839,.T.);
#5416=ORIENTED_EDGE('',*,*,#6840,.T.);
#5417=ORIENTED_EDGE('',*,*,#6841,.T.);
#5418=ORIENTED_EDGE('',*,*,#6842,.T.);
#5419=ORIENTED_EDGE('',*,*,#6843,.T.);
#5420=ORIENTED_EDGE('',*,*,#6844,.T.);
#5421=ORIENTED_EDGE('',*,*,#6845,.T.);
#5422=ORIENTED_EDGE('',*,*,#6846,.T.);
#5423=ORIENTED_EDGE('',*,*,#6847,.T.);
#5424=ORIENTED_EDGE('',*,*,#6848,.T.);
#5425=ORIENTED_EDGE('',*,*,#6849,.T.);
#5426=ORIENTED_EDGE('',*,*,#6850,.T.);
#5427=ORIENTED_EDGE('',*,*,#6851,.T.);
#5428=ORIENTED_EDGE('',*,*,#6852,.T.);
#5429=ORIENTED_EDGE('',*,*,#6853,.T.);
#5430=ORIENTED_EDGE('',*,*,#6854,.T.);
#5431=ORIENTED_EDGE('',*,*,#6855,.T.);
#5432=ORIENTED_EDGE('',*,*,#6856,.T.);
#5433=ORIENTED_EDGE('',*,*,#6857,.T.);
#5434=ORIENTED_EDGE('',*,*,#6858,.T.);
#5435=ORIENTED_EDGE('',*,*,#6859,.T.);
#5436=ORIENTED_EDGE('',*,*,#6860,.T.);
#5437=ORIENTED_EDGE('',*,*,#6861,.T.);
#5438=ORIENTED_EDGE('',*,*,#6862,.T.);
#5439=ORIENTED_EDGE('',*,*,#6863,.T.);
#5440=ORIENTED_EDGE('',*,*,#6864,.T.);
#5441=ORIENTED_EDGE('',*,*,#6865,.T.);
#5442=ORIENTED_EDGE('',*,*,#6866,.T.);
#5443=ORIENTED_EDGE('',*,*,#6867,.T.);
#5444=ORIENTED_EDGE('',*,*,#6868,.T.);
#5445=ORIENTED_EDGE('',*,*,#6869,.T.);
#5446=ORIENTED_EDGE('',*,*,#6870,.T.);
#5447=ORIENTED_EDGE('',*,*,#6871,.T.);
#5448=ORIENTED_EDGE('',*,*,#6872,.T.);
#5449=ORIENTED_EDGE('',*,*,#6873,.T.);
#5450=ORIENTED_EDGE('',*,*,#6874,.T.);
#5451=ORIENTED_EDGE('',*,*,#6875,.T.);
#5452=ORIENTED_EDGE('',*,*,#6876,.T.);
#5453=ORIENTED_EDGE('',*,*,#6877,.T.);
#5454=ORIENTED_EDGE('',*,*,#6878,.T.);
#5455=ORIENTED_EDGE('',*,*,#6879,.T.);
#5456=ORIENTED_EDGE('',*,*,#6880,.T.);
#5457=ORIENTED_EDGE('',*,*,#6881,.T.);
#5458=ORIENTED_EDGE('',*,*,#6882,.T.);
#5459=ORIENTED_EDGE('',*,*,#6883,.T.);
#5460=ORIENTED_EDGE('',*,*,#6884,.T.);
#5461=ORIENTED_EDGE('',*,*,#6885,.T.);
#5462=ORIENTED_EDGE('',*,*,#6886,.T.);
#5463=ORIENTED_EDGE('',*,*,#6887,.T.);
#5464=ORIENTED_EDGE('',*,*,#6888,.T.);
#5465=ORIENTED_EDGE('',*,*,#6889,.T.);
#5466=ORIENTED_EDGE('',*,*,#6890,.T.);
#5467=ORIENTED_EDGE('',*,*,#6891,.T.);
#5468=ORIENTED_EDGE('',*,*,#6892,.T.);
#5469=ORIENTED_EDGE('',*,*,#6893,.T.);
#5470=ORIENTED_EDGE('',*,*,#6894,.T.);
#5471=ORIENTED_EDGE('',*,*,#6895,.T.);
#5472=ORIENTED_EDGE('',*,*,#6896,.T.);
#5473=ORIENTED_EDGE('',*,*,#6897,.T.);
#5474=ORIENTED_EDGE('',*,*,#6898,.T.);
#5475=ORIENTED_EDGE('',*,*,#6899,.T.);
#5476=ORIENTED_EDGE('',*,*,#6900,.T.);
#5477=ORIENTED_EDGE('',*,*,#6901,.T.);
#5478=ORIENTED_EDGE('',*,*,#6902,.F.);
#5479=ORIENTED_EDGE('',*,*,#6903,.T.);
#5480=ORIENTED_EDGE('',*,*,#6904,.T.);
#5481=ORIENTED_EDGE('',*,*,#6905,.T.);
#5482=ORIENTED_EDGE('',*,*,#6906,.T.);
#5483=ORIENTED_EDGE('',*,*,#6907,.F.);
#5484=ORIENTED_EDGE('',*,*,#6908,.T.);
#5485=ORIENTED_EDGE('',*,*,#6909,.T.);
#5486=ORIENTED_EDGE('',*,*,#6910,.T.);
#5487=ORIENTED_EDGE('',*,*,#6911,.F.);
#5488=ORIENTED_EDGE('',*,*,#6912,.T.);
#5489=ORIENTED_EDGE('',*,*,#6913,.T.);
#5490=ORIENTED_EDGE('',*,*,#6914,.F.);
#5491=ORIENTED_EDGE('',*,*,#6915,.T.);
#5492=ORIENTED_EDGE('',*,*,#6916,.T.);
#5493=ORIENTED_EDGE('',*,*,#6917,.F.);
#5494=ORIENTED_EDGE('',*,*,#6918,.F.);
#5495=ORIENTED_EDGE('',*,*,#6919,.F.);
#5496=ORIENTED_EDGE('',*,*,#6920,.T.);
#5497=ORIENTED_EDGE('',*,*,#6921,.T.);
#5498=ORIENTED_EDGE('',*,*,#6922,.T.);
#5499=ORIENTED_EDGE('',*,*,#6923,.T.);
#5500=ORIENTED_EDGE('',*,*,#6924,.T.);
#5501=ORIENTED_EDGE('',*,*,#6244,.F.);
#5502=ORIENTED_EDGE('',*,*,#6588,.F.);
#5503=ORIENTED_EDGE('',*,*,#6243,.F.);
#5504=ORIENTED_EDGE('',*,*,#6587,.F.);
#5505=ORIENTED_EDGE('',*,*,#6242,.F.);
#5506=ORIENTED_EDGE('',*,*,#6586,.F.);
#5507=ORIENTED_EDGE('',*,*,#6241,.F.);
#5508=ORIENTED_EDGE('',*,*,#6585,.F.);
#5509=ORIENTED_EDGE('',*,*,#6240,.F.);
#5510=ORIENTED_EDGE('',*,*,#6584,.F.);
#5511=ORIENTED_EDGE('',*,*,#6239,.F.);
#5512=ORIENTED_EDGE('',*,*,#6583,.F.);
#5513=ORIENTED_EDGE('',*,*,#6238,.F.);
#5514=ORIENTED_EDGE('',*,*,#6582,.F.);
#5515=ORIENTED_EDGE('',*,*,#6237,.F.);
#5516=ORIENTED_EDGE('',*,*,#6581,.T.);
#5517=ORIENTED_EDGE('',*,*,#6245,.F.);
#5518=ORIENTED_EDGE('',*,*,#6589,.F.);
#5519=ORIENTED_EDGE('',*,*,#6246,.F.);
#5520=ORIENTED_EDGE('',*,*,#6590,.F.);
#5521=ORIENTED_EDGE('',*,*,#6247,.F.);
#5522=ORIENTED_EDGE('',*,*,#6591,.F.);
#5523=ORIENTED_EDGE('',*,*,#6248,.F.);
#5524=ORIENTED_EDGE('',*,*,#6592,.F.);
#5525=ORIENTED_EDGE('',*,*,#6249,.F.);
#5526=ORIENTED_EDGE('',*,*,#6593,.F.);
#5527=ORIENTED_EDGE('',*,*,#6250,.F.);
#5528=ORIENTED_EDGE('',*,*,#6594,.F.);
#5529=ORIENTED_EDGE('',*,*,#6251,.F.);
#5530=ORIENTED_EDGE('',*,*,#6595,.F.);
#5531=ORIENTED_EDGE('',*,*,#6252,.F.);
#5532=ORIENTED_EDGE('',*,*,#6596,.F.);
#5533=ORIENTED_EDGE('',*,*,#6253,.F.);
#5534=ORIENTED_EDGE('',*,*,#6597,.F.);
#5535=ORIENTED_EDGE('',*,*,#6254,.F.);
#5536=ORIENTED_EDGE('',*,*,#6598,.F.);
#5537=ORIENTED_EDGE('',*,*,#6255,.F.);
#5538=ORIENTED_EDGE('',*,*,#6599,.F.);
#5539=ORIENTED_EDGE('',*,*,#6256,.F.);
#5540=ORIENTED_EDGE('',*,*,#6600,.F.);
#5541=ORIENTED_EDGE('',*,*,#6257,.F.);
#5542=ORIENTED_EDGE('',*,*,#6601,.F.);
#5543=ORIENTED_EDGE('',*,*,#6258,.F.);
#5544=ORIENTED_EDGE('',*,*,#6602,.F.);
#5545=ORIENTED_EDGE('',*,*,#6259,.F.);
#5546=ORIENTED_EDGE('',*,*,#6603,.F.);
#5547=ORIENTED_EDGE('',*,*,#6260,.F.);
#5548=ORIENTED_EDGE('',*,*,#6604,.F.);
#5549=ORIENTED_EDGE('',*,*,#6261,.F.);
#5550=ORIENTED_EDGE('',*,*,#6605,.F.);
#5551=ORIENTED_EDGE('',*,*,#6262,.F.);
#5552=ORIENTED_EDGE('',*,*,#6606,.F.);
#5553=ORIENTED_EDGE('',*,*,#6263,.F.);
#5554=ORIENTED_EDGE('',*,*,#6607,.F.);
#5555=ORIENTED_EDGE('',*,*,#6264,.F.);
#5556=ORIENTED_EDGE('',*,*,#6608,.F.);
#5557=ORIENTED_EDGE('',*,*,#6265,.F.);
#5558=ORIENTED_EDGE('',*,*,#6609,.F.);
#5559=ORIENTED_EDGE('',*,*,#6266,.F.);
#5560=ORIENTED_EDGE('',*,*,#6610,.F.);
#5561=ORIENTED_EDGE('',*,*,#6267,.F.);
#5562=ORIENTED_EDGE('',*,*,#6611,.F.);
#5563=ORIENTED_EDGE('',*,*,#6268,.F.);
#5564=ORIENTED_EDGE('',*,*,#6612,.F.);
#5565=ORIENTED_EDGE('',*,*,#6269,.F.);
#5566=ORIENTED_EDGE('',*,*,#6613,.F.);
#5567=ORIENTED_EDGE('',*,*,#6270,.F.);
#5568=ORIENTED_EDGE('',*,*,#6614,.F.);
#5569=ORIENTED_EDGE('',*,*,#6271,.F.);
#5570=ORIENTED_EDGE('',*,*,#6615,.F.);
#5571=ORIENTED_EDGE('',*,*,#6272,.F.);
#5572=ORIENTED_EDGE('',*,*,#6616,.F.);
#5573=ORIENTED_EDGE('',*,*,#6273,.F.);
#5574=ORIENTED_EDGE('',*,*,#6617,.F.);
#5575=ORIENTED_EDGE('',*,*,#6274,.F.);
#5576=ORIENTED_EDGE('',*,*,#6618,.F.);
#5577=ORIENTED_EDGE('',*,*,#6275,.F.);
#5578=ORIENTED_EDGE('',*,*,#6619,.F.);
#5579=ORIENTED_EDGE('',*,*,#6276,.F.);
#5580=ORIENTED_EDGE('',*,*,#6620,.F.);
#5581=ORIENTED_EDGE('',*,*,#6277,.T.);
#5582=ORIENTED_EDGE('',*,*,#6621,.F.);
#5583=ORIENTED_EDGE('',*,*,#6278,.T.);
#5584=ORIENTED_EDGE('',*,*,#6622,.F.);
#5585=ORIENTED_EDGE('',*,*,#6279,.T.);
#5586=ORIENTED_EDGE('',*,*,#6623,.F.);
#5587=ORIENTED_EDGE('',*,*,#6280,.T.);
#5588=ORIENTED_EDGE('',*,*,#6624,.F.);
#5589=ORIENTED_EDGE('',*,*,#6281,.T.);
#5590=ORIENTED_EDGE('',*,*,#6625,.F.);
#5591=ORIENTED_EDGE('',*,*,#6282,.T.);
#5592=ORIENTED_EDGE('',*,*,#6626,.F.);
#5593=ORIENTED_EDGE('',*,*,#6283,.T.);
#5594=ORIENTED_EDGE('',*,*,#6627,.F.);
#5595=ORIENTED_EDGE('',*,*,#6284,.T.);
#5596=ORIENTED_EDGE('',*,*,#6628,.F.);
#5597=ORIENTED_EDGE('',*,*,#6285,.T.);
#5598=ORIENTED_EDGE('',*,*,#6629,.F.);
#5599=ORIENTED_EDGE('',*,*,#6286,.T.);
#5600=ORIENTED_EDGE('',*,*,#6630,.F.);
#5601=ORIENTED_EDGE('',*,*,#6287,.T.);
#5602=ORIENTED_EDGE('',*,*,#6631,.F.);
#5603=ORIENTED_EDGE('',*,*,#6288,.T.);
#5604=ORIENTED_EDGE('',*,*,#6632,.F.);
#5605=ORIENTED_EDGE('',*,*,#6289,.T.);
#5606=ORIENTED_EDGE('',*,*,#6633,.F.);
#5607=ORIENTED_EDGE('',*,*,#6290,.T.);
#5608=ORIENTED_EDGE('',*,*,#6634,.F.);
#5609=ORIENTED_EDGE('',*,*,#6291,.T.);
#5610=ORIENTED_EDGE('',*,*,#6635,.F.);
#5611=ORIENTED_EDGE('',*,*,#6292,.T.);
#5612=ORIENTED_EDGE('',*,*,#6636,.F.);
#5613=ORIENTED_EDGE('',*,*,#6293,.T.);
#5614=ORIENTED_EDGE('',*,*,#6637,.F.);
#5615=ORIENTED_EDGE('',*,*,#6294,.T.);
#5616=ORIENTED_EDGE('',*,*,#6638,.F.);
#5617=ORIENTED_EDGE('',*,*,#6295,.T.);
#5618=ORIENTED_EDGE('',*,*,#6639,.F.);
#5619=ORIENTED_EDGE('',*,*,#6296,.T.);
#5620=ORIENTED_EDGE('',*,*,#6640,.F.);
#5621=ORIENTED_EDGE('',*,*,#6297,.T.);
#5622=ORIENTED_EDGE('',*,*,#6641,.F.);
#5623=ORIENTED_EDGE('',*,*,#6298,.T.);
#5624=ORIENTED_EDGE('',*,*,#6642,.F.);
#5625=ORIENTED_EDGE('',*,*,#6299,.T.);
#5626=ORIENTED_EDGE('',*,*,#6643,.F.);
#5627=ORIENTED_EDGE('',*,*,#6300,.T.);
#5628=ORIENTED_EDGE('',*,*,#6644,.F.);
#5629=ORIENTED_EDGE('',*,*,#6301,.T.);
#5630=ORIENTED_EDGE('',*,*,#6645,.F.);
#5631=ORIENTED_EDGE('',*,*,#6302,.T.);
#5632=ORIENTED_EDGE('',*,*,#6646,.F.);
#5633=ORIENTED_EDGE('',*,*,#6303,.T.);
#5634=ORIENTED_EDGE('',*,*,#6647,.F.);
#5635=ORIENTED_EDGE('',*,*,#6304,.T.);
#5636=ORIENTED_EDGE('',*,*,#6648,.F.);
#5637=ORIENTED_EDGE('',*,*,#6305,.T.);
#5638=ORIENTED_EDGE('',*,*,#6649,.F.);
#5639=ORIENTED_EDGE('',*,*,#6306,.T.);
#5640=ORIENTED_EDGE('',*,*,#6650,.F.);
#5641=ORIENTED_EDGE('',*,*,#6307,.T.);
#5642=ORIENTED_EDGE('',*,*,#6651,.F.);
#5643=ORIENTED_EDGE('',*,*,#6308,.T.);
#5644=ORIENTED_EDGE('',*,*,#6652,.F.);
#5645=ORIENTED_EDGE('',*,*,#6309,.T.);
#5646=ORIENTED_EDGE('',*,*,#6653,.F.);
#5647=ORIENTED_EDGE('',*,*,#6310,.T.);
#5648=ORIENTED_EDGE('',*,*,#6654,.F.);
#5649=ORIENTED_EDGE('',*,*,#6311,.T.);
#5650=ORIENTED_EDGE('',*,*,#6655,.F.);
#5651=ORIENTED_EDGE('',*,*,#6312,.T.);
#5652=ORIENTED_EDGE('',*,*,#6656,.F.);
#5653=ORIENTED_EDGE('',*,*,#6313,.T.);
#5654=ORIENTED_EDGE('',*,*,#6657,.F.);
#5655=ORIENTED_EDGE('',*,*,#6314,.T.);
#5656=ORIENTED_EDGE('',*,*,#6658,.F.);
#5657=ORIENTED_EDGE('',*,*,#6315,.T.);
#5658=ORIENTED_EDGE('',*,*,#6659,.F.);
#5659=ORIENTED_EDGE('',*,*,#6316,.T.);
#5660=ORIENTED_EDGE('',*,*,#6660,.F.);
#5661=ORIENTED_EDGE('',*,*,#6317,.T.);
#5662=ORIENTED_EDGE('',*,*,#6661,.F.);
#5663=ORIENTED_EDGE('',*,*,#6318,.T.);
#5664=ORIENTED_EDGE('',*,*,#6662,.F.);
#5665=ORIENTED_EDGE('',*,*,#6319,.T.);
#5666=ORIENTED_EDGE('',*,*,#6663,.F.);
#5667=ORIENTED_EDGE('',*,*,#6320,.T.);
#5668=ORIENTED_EDGE('',*,*,#6664,.F.);
#5669=ORIENTED_EDGE('',*,*,#6321,.T.);
#5670=ORIENTED_EDGE('',*,*,#6665,.F.);
#5671=ORIENTED_EDGE('',*,*,#6322,.T.);
#5672=ORIENTED_EDGE('',*,*,#6667,.F.);
#5673=ORIENTED_EDGE('',*,*,#6323,.T.);
#5674=ORIENTED_EDGE('',*,*,#6666,.F.);
#5675=ORIENTED_EDGE('',*,*,#6324,.T.);
#5676=ORIENTED_EDGE('',*,*,#6668,.F.);
#5677=ORIENTED_EDGE('',*,*,#6325,.T.);
#5678=ORIENTED_EDGE('',*,*,#6669,.F.);
#5679=ORIENTED_EDGE('',*,*,#6326,.T.);
#5680=ORIENTED_EDGE('',*,*,#6670,.F.);
#5681=ORIENTED_EDGE('',*,*,#6327,.T.);
#5682=ORIENTED_EDGE('',*,*,#6671,.F.);
#5683=ORIENTED_EDGE('',*,*,#6328,.T.);
#5684=ORIENTED_EDGE('',*,*,#6672,.F.);
#5685=ORIENTED_EDGE('',*,*,#6329,.T.);
#5686=ORIENTED_EDGE('',*,*,#6673,.F.);
#5687=ORIENTED_EDGE('',*,*,#6330,.T.);
#5688=ORIENTED_EDGE('',*,*,#6674,.F.);
#5689=ORIENTED_EDGE('',*,*,#6331,.T.);
#5690=ORIENTED_EDGE('',*,*,#6675,.F.);
#5691=ORIENTED_EDGE('',*,*,#6332,.T.);
#5692=ORIENTED_EDGE('',*,*,#6676,.F.);
#5693=ORIENTED_EDGE('',*,*,#6333,.T.);
#5694=ORIENTED_EDGE('',*,*,#6677,.F.);
#5695=ORIENTED_EDGE('',*,*,#6334,.T.);
#5696=ORIENTED_EDGE('',*,*,#6678,.F.);
#5697=ORIENTED_EDGE('',*,*,#6335,.T.);
#5698=ORIENTED_EDGE('',*,*,#6679,.F.);
#5699=ORIENTED_EDGE('',*,*,#6336,.T.);
#5700=ORIENTED_EDGE('',*,*,#6680,.F.);
#5701=ORIENTED_EDGE('',*,*,#6337,.T.);
#5702=ORIENTED_EDGE('',*,*,#6681,.F.);
#5703=ORIENTED_EDGE('',*,*,#6338,.T.);
#5704=ORIENTED_EDGE('',*,*,#6682,.F.);
#5705=ORIENTED_EDGE('',*,*,#6339,.T.);
#5706=ORIENTED_EDGE('',*,*,#6683,.F.);
#5707=ORIENTED_EDGE('',*,*,#6340,.T.);
#5708=ORIENTED_EDGE('',*,*,#6684,.F.);
#5709=ORIENTED_EDGE('',*,*,#6341,.T.);
#5710=ORIENTED_EDGE('',*,*,#6685,.F.);
#5711=ORIENTED_EDGE('',*,*,#6342,.T.);
#5712=ORIENTED_EDGE('',*,*,#6686,.F.);
#5713=ORIENTED_EDGE('',*,*,#6343,.T.);
#5714=ORIENTED_EDGE('',*,*,#6687,.F.);
#5715=ORIENTED_EDGE('',*,*,#6344,.T.);
#5716=ORIENTED_EDGE('',*,*,#6688,.F.);
#5717=ORIENTED_EDGE('',*,*,#6345,.T.);
#5718=ORIENTED_EDGE('',*,*,#6689,.F.);
#5719=ORIENTED_EDGE('',*,*,#6346,.T.);
#5720=ORIENTED_EDGE('',*,*,#6690,.F.);
#5721=ORIENTED_EDGE('',*,*,#6347,.T.);
#5722=ORIENTED_EDGE('',*,*,#6691,.F.);
#5723=ORIENTED_EDGE('',*,*,#6348,.T.);
#5724=ORIENTED_EDGE('',*,*,#6692,.F.);
#5725=ORIENTED_EDGE('',*,*,#6349,.T.);
#5726=ORIENTED_EDGE('',*,*,#6693,.F.);
#5727=ORIENTED_EDGE('',*,*,#6350,.T.);
#5728=ORIENTED_EDGE('',*,*,#6694,.F.);
#5729=ORIENTED_EDGE('',*,*,#6351,.T.);
#5730=ORIENTED_EDGE('',*,*,#6695,.F.);
#5731=ORIENTED_EDGE('',*,*,#6352,.T.);
#5732=ORIENTED_EDGE('',*,*,#6696,.F.);
#5733=ORIENTED_EDGE('',*,*,#6353,.T.);
#5734=ORIENTED_EDGE('',*,*,#6697,.F.);
#5735=ORIENTED_EDGE('',*,*,#6354,.T.);
#5736=ORIENTED_EDGE('',*,*,#6698,.F.);
#5737=ORIENTED_EDGE('',*,*,#6355,.T.);
#5738=ORIENTED_EDGE('',*,*,#6699,.F.);
#5739=ORIENTED_EDGE('',*,*,#6356,.T.);
#5740=ORIENTED_EDGE('',*,*,#6700,.F.);
#5741=ORIENTED_EDGE('',*,*,#6357,.T.);
#5742=ORIENTED_EDGE('',*,*,#6701,.F.);
#5743=ORIENTED_EDGE('',*,*,#6358,.T.);
#5744=ORIENTED_EDGE('',*,*,#6702,.F.);
#5745=ORIENTED_EDGE('',*,*,#6359,.T.);
#5746=ORIENTED_EDGE('',*,*,#6703,.F.);
#5747=ORIENTED_EDGE('',*,*,#6360,.T.);
#5748=ORIENTED_EDGE('',*,*,#6704,.F.);
#5749=ORIENTED_EDGE('',*,*,#6361,.T.);
#5750=ORIENTED_EDGE('',*,*,#6705,.F.);
#5751=ORIENTED_EDGE('',*,*,#6362,.T.);
#5752=ORIENTED_EDGE('',*,*,#6706,.F.);
#5753=ORIENTED_EDGE('',*,*,#6363,.T.);
#5754=ORIENTED_EDGE('',*,*,#6707,.F.);
#5755=ORIENTED_EDGE('',*,*,#6364,.T.);
#5756=ORIENTED_EDGE('',*,*,#6708,.F.);
#5757=ORIENTED_EDGE('',*,*,#6365,.T.);
#5758=ORIENTED_EDGE('',*,*,#6709,.F.);
#5759=ORIENTED_EDGE('',*,*,#6366,.T.);
#5760=ORIENTED_EDGE('',*,*,#6710,.F.);
#5761=ORIENTED_EDGE('',*,*,#6367,.T.);
#5762=ORIENTED_EDGE('',*,*,#6711,.F.);
#5763=ORIENTED_EDGE('',*,*,#6368,.T.);
#5764=ORIENTED_EDGE('',*,*,#6712,.F.);
#5765=ORIENTED_EDGE('',*,*,#6369,.T.);
#5766=ORIENTED_EDGE('',*,*,#6713,.F.);
#5767=ORIENTED_EDGE('',*,*,#6370,.T.);
#5768=ORIENTED_EDGE('',*,*,#6714,.F.);
#5769=ORIENTED_EDGE('',*,*,#6371,.T.);
#5770=ORIENTED_EDGE('',*,*,#6715,.F.);
#5771=ORIENTED_EDGE('',*,*,#6372,.T.);
#5772=ORIENTED_EDGE('',*,*,#6716,.F.);
#5773=ORIENTED_EDGE('',*,*,#6373,.T.);
#5774=ORIENTED_EDGE('',*,*,#6717,.F.);
#5775=ORIENTED_EDGE('',*,*,#6374,.T.);
#5776=ORIENTED_EDGE('',*,*,#6718,.F.);
#5777=ORIENTED_EDGE('',*,*,#6375,.T.);
#5778=ORIENTED_EDGE('',*,*,#6719,.F.);
#5779=ORIENTED_EDGE('',*,*,#6376,.T.);
#5780=ORIENTED_EDGE('',*,*,#6720,.F.);
#5781=ORIENTED_EDGE('',*,*,#6377,.T.);
#5782=ORIENTED_EDGE('',*,*,#6721,.F.);
#5783=ORIENTED_EDGE('',*,*,#6378,.T.);
#5784=ORIENTED_EDGE('',*,*,#6722,.F.);
#5785=ORIENTED_EDGE('',*,*,#6379,.T.);
#5786=ORIENTED_EDGE('',*,*,#6723,.F.);
#5787=ORIENTED_EDGE('',*,*,#6380,.T.);
#5788=ORIENTED_EDGE('',*,*,#6724,.F.);
#5789=ORIENTED_EDGE('',*,*,#6381,.T.);
#5790=ORIENTED_EDGE('',*,*,#6725,.F.);
#5791=ORIENTED_EDGE('',*,*,#6382,.T.);
#5792=ORIENTED_EDGE('',*,*,#6726,.F.);
#5793=ORIENTED_EDGE('',*,*,#6383,.T.);
#5794=ORIENTED_EDGE('',*,*,#6727,.F.);
#5795=ORIENTED_EDGE('',*,*,#6384,.T.);
#5796=ORIENTED_EDGE('',*,*,#6728,.F.);
#5797=ORIENTED_EDGE('',*,*,#6385,.T.);
#5798=ORIENTED_EDGE('',*,*,#6729,.F.);
#5799=ORIENTED_EDGE('',*,*,#6386,.T.);
#5800=ORIENTED_EDGE('',*,*,#6730,.F.);
#5801=ORIENTED_EDGE('',*,*,#6387,.T.);
#5802=ORIENTED_EDGE('',*,*,#6731,.F.);
#5803=ORIENTED_EDGE('',*,*,#6388,.T.);
#5804=ORIENTED_EDGE('',*,*,#6732,.F.);
#5805=ORIENTED_EDGE('',*,*,#6389,.T.);
#5806=ORIENTED_EDGE('',*,*,#6733,.F.);
#5807=ORIENTED_EDGE('',*,*,#6390,.T.);
#5808=ORIENTED_EDGE('',*,*,#6734,.F.);
#5809=ORIENTED_EDGE('',*,*,#6391,.T.);
#5810=ORIENTED_EDGE('',*,*,#6735,.F.);
#5811=ORIENTED_EDGE('',*,*,#6392,.T.);
#5812=ORIENTED_EDGE('',*,*,#6736,.F.);
#5813=ORIENTED_EDGE('',*,*,#6393,.T.);
#5814=ORIENTED_EDGE('',*,*,#6737,.F.);
#5815=ORIENTED_EDGE('',*,*,#6394,.T.);
#5816=ORIENTED_EDGE('',*,*,#6738,.F.);
#5817=ORIENTED_EDGE('',*,*,#6395,.T.);
#5818=ORIENTED_EDGE('',*,*,#6739,.F.);
#5819=ORIENTED_EDGE('',*,*,#6396,.T.);
#5820=ORIENTED_EDGE('',*,*,#6740,.F.);
#5821=ORIENTED_EDGE('',*,*,#6397,.T.);
#5822=ORIENTED_EDGE('',*,*,#6741,.F.);
#5823=ORIENTED_EDGE('',*,*,#6398,.T.);
#5824=ORIENTED_EDGE('',*,*,#6742,.F.);
#5825=ORIENTED_EDGE('',*,*,#6399,.T.);
#5826=ORIENTED_EDGE('',*,*,#6743,.F.);
#5827=ORIENTED_EDGE('',*,*,#6400,.T.);
#5828=ORIENTED_EDGE('',*,*,#6744,.F.);
#5829=ORIENTED_EDGE('',*,*,#6401,.T.);
#5830=ORIENTED_EDGE('',*,*,#6745,.F.);
#5831=ORIENTED_EDGE('',*,*,#6402,.T.);
#5832=ORIENTED_EDGE('',*,*,#6746,.F.);
#5833=ORIENTED_EDGE('',*,*,#6403,.T.);
#5834=ORIENTED_EDGE('',*,*,#6747,.F.);
#5835=ORIENTED_EDGE('',*,*,#6404,.T.);
#5836=ORIENTED_EDGE('',*,*,#6748,.F.);
#5837=ORIENTED_EDGE('',*,*,#6405,.T.);
#5838=ORIENTED_EDGE('',*,*,#6749,.F.);
#5839=ORIENTED_EDGE('',*,*,#6406,.T.);
#5840=ORIENTED_EDGE('',*,*,#6750,.F.);
#5841=ORIENTED_EDGE('',*,*,#6407,.T.);
#5842=ORIENTED_EDGE('',*,*,#6751,.F.);
#5843=ORIENTED_EDGE('',*,*,#6408,.T.);
#5844=ORIENTED_EDGE('',*,*,#6752,.F.);
#5845=ORIENTED_EDGE('',*,*,#6409,.T.);
#5846=ORIENTED_EDGE('',*,*,#6753,.F.);
#5847=ORIENTED_EDGE('',*,*,#6410,.T.);
#5848=ORIENTED_EDGE('',*,*,#6754,.F.);
#5849=ORIENTED_EDGE('',*,*,#6411,.T.);
#5850=ORIENTED_EDGE('',*,*,#6755,.F.);
#5851=ORIENTED_EDGE('',*,*,#6412,.T.);
#5852=ORIENTED_EDGE('',*,*,#6756,.F.);
#5853=ORIENTED_EDGE('',*,*,#6413,.T.);
#5854=ORIENTED_EDGE('',*,*,#6757,.F.);
#5855=ORIENTED_EDGE('',*,*,#6414,.T.);
#5856=ORIENTED_EDGE('',*,*,#6758,.F.);
#5857=ORIENTED_EDGE('',*,*,#6415,.T.);
#5858=ORIENTED_EDGE('',*,*,#6759,.F.);
#5859=ORIENTED_EDGE('',*,*,#6416,.T.);
#5860=ORIENTED_EDGE('',*,*,#6760,.F.);
#5861=ORIENTED_EDGE('',*,*,#6417,.T.);
#5862=ORIENTED_EDGE('',*,*,#6761,.F.);
#5863=ORIENTED_EDGE('',*,*,#6418,.T.);
#5864=ORIENTED_EDGE('',*,*,#6762,.F.);
#5865=ORIENTED_EDGE('',*,*,#6419,.T.);
#5866=ORIENTED_EDGE('',*,*,#6763,.F.);
#5867=ORIENTED_EDGE('',*,*,#6420,.T.);
#5868=ORIENTED_EDGE('',*,*,#6764,.F.);
#5869=ORIENTED_EDGE('',*,*,#6421,.T.);
#5870=ORIENTED_EDGE('',*,*,#6765,.F.);
#5871=ORIENTED_EDGE('',*,*,#6422,.T.);
#5872=ORIENTED_EDGE('',*,*,#6766,.F.);
#5873=ORIENTED_EDGE('',*,*,#6423,.T.);
#5874=ORIENTED_EDGE('',*,*,#6767,.F.);
#5875=ORIENTED_EDGE('',*,*,#6424,.T.);
#5876=ORIENTED_EDGE('',*,*,#6768,.F.);
#5877=ORIENTED_EDGE('',*,*,#6425,.T.);
#5878=ORIENTED_EDGE('',*,*,#6769,.F.);
#5879=ORIENTED_EDGE('',*,*,#6426,.T.);
#5880=ORIENTED_EDGE('',*,*,#6770,.F.);
#5881=ORIENTED_EDGE('',*,*,#6427,.T.);
#5882=ORIENTED_EDGE('',*,*,#6771,.F.);
#5883=ORIENTED_EDGE('',*,*,#6428,.T.);
#5884=ORIENTED_EDGE('',*,*,#6772,.F.);
#5885=ORIENTED_EDGE('',*,*,#6429,.T.);
#5886=ORIENTED_EDGE('',*,*,#6773,.F.);
#5887=ORIENTED_EDGE('',*,*,#6430,.T.);
#5888=ORIENTED_EDGE('',*,*,#6774,.F.);
#5889=ORIENTED_EDGE('',*,*,#6431,.T.);
#5890=ORIENTED_EDGE('',*,*,#6775,.F.);
#5891=ORIENTED_EDGE('',*,*,#6432,.T.);
#5892=ORIENTED_EDGE('',*,*,#6776,.F.);
#5893=ORIENTED_EDGE('',*,*,#6433,.T.);
#5894=ORIENTED_EDGE('',*,*,#6777,.F.);
#5895=ORIENTED_EDGE('',*,*,#6434,.T.);
#5896=ORIENTED_EDGE('',*,*,#6778,.F.);
#5897=ORIENTED_EDGE('',*,*,#6435,.T.);
#5898=ORIENTED_EDGE('',*,*,#6779,.F.);
#5899=ORIENTED_EDGE('',*,*,#6436,.T.);
#5900=ORIENTED_EDGE('',*,*,#6780,.F.);
#5901=ORIENTED_EDGE('',*,*,#6437,.T.);
#5902=ORIENTED_EDGE('',*,*,#6781,.F.);
#5903=ORIENTED_EDGE('',*,*,#6438,.T.);
#5904=ORIENTED_EDGE('',*,*,#6782,.F.);
#5905=ORIENTED_EDGE('',*,*,#6439,.T.);
#5906=ORIENTED_EDGE('',*,*,#6783,.F.);
#5907=ORIENTED_EDGE('',*,*,#6440,.T.);
#5908=ORIENTED_EDGE('',*,*,#6784,.F.);
#5909=ORIENTED_EDGE('',*,*,#6441,.T.);
#5910=ORIENTED_EDGE('',*,*,#6785,.F.);
#5911=ORIENTED_EDGE('',*,*,#6442,.T.);
#5912=ORIENTED_EDGE('',*,*,#6786,.F.);
#5913=ORIENTED_EDGE('',*,*,#6443,.T.);
#5914=ORIENTED_EDGE('',*,*,#6787,.F.);
#5915=ORIENTED_EDGE('',*,*,#6444,.T.);
#5916=ORIENTED_EDGE('',*,*,#6788,.F.);
#5917=ORIENTED_EDGE('',*,*,#6445,.T.);
#5918=ORIENTED_EDGE('',*,*,#6789,.F.);
#5919=ORIENTED_EDGE('',*,*,#6446,.T.);
#5920=ORIENTED_EDGE('',*,*,#6790,.F.);
#5921=ORIENTED_EDGE('',*,*,#6447,.T.);
#5922=ORIENTED_EDGE('',*,*,#6791,.F.);
#5923=ORIENTED_EDGE('',*,*,#6448,.T.);
#5924=ORIENTED_EDGE('',*,*,#6792,.F.);
#5925=ORIENTED_EDGE('',*,*,#6449,.T.);
#5926=ORIENTED_EDGE('',*,*,#6793,.F.);
#5927=ORIENTED_EDGE('',*,*,#6450,.T.);
#5928=ORIENTED_EDGE('',*,*,#6794,.F.);
#5929=ORIENTED_EDGE('',*,*,#6451,.T.);
#5930=ORIENTED_EDGE('',*,*,#6795,.F.);
#5931=ORIENTED_EDGE('',*,*,#6452,.T.);
#5932=ORIENTED_EDGE('',*,*,#6796,.F.);
#5933=ORIENTED_EDGE('',*,*,#6453,.T.);
#5934=ORIENTED_EDGE('',*,*,#6797,.F.);
#5935=ORIENTED_EDGE('',*,*,#6454,.T.);
#5936=ORIENTED_EDGE('',*,*,#6798,.F.);
#5937=ORIENTED_EDGE('',*,*,#6455,.T.);
#5938=ORIENTED_EDGE('',*,*,#6799,.F.);
#5939=ORIENTED_EDGE('',*,*,#6456,.T.);
#5940=ORIENTED_EDGE('',*,*,#6800,.F.);
#5941=ORIENTED_EDGE('',*,*,#6457,.T.);
#5942=ORIENTED_EDGE('',*,*,#6801,.F.);
#5943=ORIENTED_EDGE('',*,*,#6458,.T.);
#5944=ORIENTED_EDGE('',*,*,#6802,.F.);
#5945=ORIENTED_EDGE('',*,*,#6459,.T.);
#5946=ORIENTED_EDGE('',*,*,#6803,.F.);
#5947=ORIENTED_EDGE('',*,*,#6460,.T.);
#5948=ORIENTED_EDGE('',*,*,#6804,.F.);
#5949=ORIENTED_EDGE('',*,*,#6461,.T.);
#5950=ORIENTED_EDGE('',*,*,#6805,.F.);
#5951=ORIENTED_EDGE('',*,*,#6462,.T.);
#5952=ORIENTED_EDGE('',*,*,#6806,.F.);
#5953=ORIENTED_EDGE('',*,*,#6463,.T.);
#5954=ORIENTED_EDGE('',*,*,#6807,.F.);
#5955=ORIENTED_EDGE('',*,*,#6464,.T.);
#5956=ORIENTED_EDGE('',*,*,#6808,.F.);
#5957=ORIENTED_EDGE('',*,*,#6465,.T.);
#5958=ORIENTED_EDGE('',*,*,#6809,.F.);
#5959=ORIENTED_EDGE('',*,*,#6466,.T.);
#5960=ORIENTED_EDGE('',*,*,#6810,.F.);
#5961=ORIENTED_EDGE('',*,*,#6467,.T.);
#5962=ORIENTED_EDGE('',*,*,#6811,.F.);
#5963=ORIENTED_EDGE('',*,*,#6468,.T.);
#5964=ORIENTED_EDGE('',*,*,#6812,.F.);
#5965=ORIENTED_EDGE('',*,*,#6469,.T.);
#5966=ORIENTED_EDGE('',*,*,#6813,.F.);
#5967=ORIENTED_EDGE('',*,*,#6470,.T.);
#5968=ORIENTED_EDGE('',*,*,#6814,.F.);
#5969=ORIENTED_EDGE('',*,*,#6471,.T.);
#5970=ORIENTED_EDGE('',*,*,#6815,.F.);
#5971=ORIENTED_EDGE('',*,*,#6472,.T.);
#5972=ORIENTED_EDGE('',*,*,#6816,.F.);
#5973=ORIENTED_EDGE('',*,*,#6473,.T.);
#5974=ORIENTED_EDGE('',*,*,#6817,.F.);
#5975=ORIENTED_EDGE('',*,*,#6474,.T.);
#5976=ORIENTED_EDGE('',*,*,#6818,.F.);
#5977=ORIENTED_EDGE('',*,*,#6475,.T.);
#5978=ORIENTED_EDGE('',*,*,#6819,.F.);
#5979=ORIENTED_EDGE('',*,*,#6476,.T.);
#5980=ORIENTED_EDGE('',*,*,#6820,.F.);
#5981=ORIENTED_EDGE('',*,*,#6477,.T.);
#5982=ORIENTED_EDGE('',*,*,#6821,.F.);
#5983=ORIENTED_EDGE('',*,*,#6478,.T.);
#5984=ORIENTED_EDGE('',*,*,#6822,.F.);
#5985=ORIENTED_EDGE('',*,*,#6479,.T.);
#5986=ORIENTED_EDGE('',*,*,#6823,.F.);
#5987=ORIENTED_EDGE('',*,*,#6480,.T.);
#5988=ORIENTED_EDGE('',*,*,#6824,.F.);
#5989=ORIENTED_EDGE('',*,*,#6481,.T.);
#5990=ORIENTED_EDGE('',*,*,#6825,.F.);
#5991=ORIENTED_EDGE('',*,*,#6482,.T.);
#5992=ORIENTED_EDGE('',*,*,#6826,.F.);
#5993=ORIENTED_EDGE('',*,*,#6483,.T.);
#5994=ORIENTED_EDGE('',*,*,#6827,.F.);
#5995=ORIENTED_EDGE('',*,*,#6484,.T.);
#5996=ORIENTED_EDGE('',*,*,#6828,.F.);
#5997=ORIENTED_EDGE('',*,*,#6485,.T.);
#5998=ORIENTED_EDGE('',*,*,#6829,.F.);
#5999=ORIENTED_EDGE('',*,*,#6486,.T.);
#6000=ORIENTED_EDGE('',*,*,#6830,.F.);
#6001=ORIENTED_EDGE('',*,*,#6487,.T.);
#6002=ORIENTED_EDGE('',*,*,#6831,.F.);
#6003=ORIENTED_EDGE('',*,*,#6488,.T.);
#6004=ORIENTED_EDGE('',*,*,#6832,.F.);
#6005=ORIENTED_EDGE('',*,*,#6489,.T.);
#6006=ORIENTED_EDGE('',*,*,#6833,.F.);
#6007=ORIENTED_EDGE('',*,*,#6490,.T.);
#6008=ORIENTED_EDGE('',*,*,#6834,.F.);
#6009=ORIENTED_EDGE('',*,*,#6491,.T.);
#6010=ORIENTED_EDGE('',*,*,#6835,.F.);
#6011=ORIENTED_EDGE('',*,*,#6492,.T.);
#6012=ORIENTED_EDGE('',*,*,#6836,.F.);
#6013=ORIENTED_EDGE('',*,*,#6493,.T.);
#6014=ORIENTED_EDGE('',*,*,#6837,.F.);
#6015=ORIENTED_EDGE('',*,*,#6494,.T.);
#6016=ORIENTED_EDGE('',*,*,#6838,.F.);
#6017=ORIENTED_EDGE('',*,*,#6495,.T.);
#6018=ORIENTED_EDGE('',*,*,#6839,.F.);
#6019=ORIENTED_EDGE('',*,*,#6496,.T.);
#6020=ORIENTED_EDGE('',*,*,#6840,.F.);
#6021=ORIENTED_EDGE('',*,*,#6497,.T.);
#6022=ORIENTED_EDGE('',*,*,#6841,.F.);
#6023=ORIENTED_EDGE('',*,*,#6498,.T.);
#6024=ORIENTED_EDGE('',*,*,#6842,.F.);
#6025=ORIENTED_EDGE('',*,*,#6499,.T.);
#6026=ORIENTED_EDGE('',*,*,#6843,.F.);
#6027=ORIENTED_EDGE('',*,*,#6500,.T.);
#6028=ORIENTED_EDGE('',*,*,#6844,.F.);
#6029=ORIENTED_EDGE('',*,*,#6501,.T.);
#6030=ORIENTED_EDGE('',*,*,#6845,.F.);
#6031=ORIENTED_EDGE('',*,*,#6502,.T.);
#6032=ORIENTED_EDGE('',*,*,#6846,.F.);
#6033=ORIENTED_EDGE('',*,*,#6503,.T.);
#6034=ORIENTED_EDGE('',*,*,#6847,.F.);
#6035=ORIENTED_EDGE('',*,*,#6504,.T.);
#6036=ORIENTED_EDGE('',*,*,#6848,.F.);
#6037=ORIENTED_EDGE('',*,*,#6505,.T.);
#6038=ORIENTED_EDGE('',*,*,#6849,.F.);
#6039=ORIENTED_EDGE('',*,*,#6506,.T.);
#6040=ORIENTED_EDGE('',*,*,#6850,.F.);
#6041=ORIENTED_EDGE('',*,*,#6507,.T.);
#6042=ORIENTED_EDGE('',*,*,#6851,.F.);
#6043=ORIENTED_EDGE('',*,*,#6508,.T.);
#6044=ORIENTED_EDGE('',*,*,#6852,.F.);
#6045=ORIENTED_EDGE('',*,*,#6509,.T.);
#6046=ORIENTED_EDGE('',*,*,#6853,.F.);
#6047=ORIENTED_EDGE('',*,*,#6510,.T.);
#6048=ORIENTED_EDGE('',*,*,#6854,.F.);
#6049=ORIENTED_EDGE('',*,*,#6511,.T.);
#6050=ORIENTED_EDGE('',*,*,#6855,.F.);
#6051=ORIENTED_EDGE('',*,*,#6512,.T.);
#6052=ORIENTED_EDGE('',*,*,#6856,.F.);
#6053=ORIENTED_EDGE('',*,*,#6513,.T.);
#6054=ORIENTED_EDGE('',*,*,#6857,.F.);
#6055=ORIENTED_EDGE('',*,*,#6514,.T.);
#6056=ORIENTED_EDGE('',*,*,#6858,.F.);
#6057=ORIENTED_EDGE('',*,*,#6515,.T.);
#6058=ORIENTED_EDGE('',*,*,#6859,.F.);
#6059=ORIENTED_EDGE('',*,*,#6516,.T.);
#6060=ORIENTED_EDGE('',*,*,#6860,.F.);
#6061=ORIENTED_EDGE('',*,*,#6517,.T.);
#6062=ORIENTED_EDGE('',*,*,#6861,.F.);
#6063=ORIENTED_EDGE('',*,*,#6518,.T.);
#6064=ORIENTED_EDGE('',*,*,#6862,.F.);
#6065=ORIENTED_EDGE('',*,*,#6519,.T.);
#6066=ORIENTED_EDGE('',*,*,#6863,.F.);
#6067=ORIENTED_EDGE('',*,*,#6520,.T.);
#6068=ORIENTED_EDGE('',*,*,#6864,.F.);
#6069=ORIENTED_EDGE('',*,*,#6521,.T.);
#6070=ORIENTED_EDGE('',*,*,#6865,.F.);
#6071=ORIENTED_EDGE('',*,*,#6522,.T.);
#6072=ORIENTED_EDGE('',*,*,#6866,.F.);
#6073=ORIENTED_EDGE('',*,*,#6523,.T.);
#6074=ORIENTED_EDGE('',*,*,#6867,.F.);
#6075=ORIENTED_EDGE('',*,*,#6524,.T.);
#6076=ORIENTED_EDGE('',*,*,#6868,.F.);
#6077=ORIENTED_EDGE('',*,*,#6525,.T.);
#6078=ORIENTED_EDGE('',*,*,#6869,.F.);
#6079=ORIENTED_EDGE('',*,*,#6526,.T.);
#6080=ORIENTED_EDGE('',*,*,#6870,.F.);
#6081=ORIENTED_EDGE('',*,*,#6527,.T.);
#6082=ORIENTED_EDGE('',*,*,#6871,.F.);
#6083=ORIENTED_EDGE('',*,*,#6528,.T.);
#6084=ORIENTED_EDGE('',*,*,#6872,.F.);
#6085=ORIENTED_EDGE('',*,*,#6529,.T.);
#6086=ORIENTED_EDGE('',*,*,#6873,.F.);
#6087=ORIENTED_EDGE('',*,*,#6530,.T.);
#6088=ORIENTED_EDGE('',*,*,#6874,.F.);
#6089=ORIENTED_EDGE('',*,*,#6531,.T.);
#6090=ORIENTED_EDGE('',*,*,#6875,.F.);
#6091=ORIENTED_EDGE('',*,*,#6532,.T.);
#6092=ORIENTED_EDGE('',*,*,#6876,.F.);
#6093=ORIENTED_EDGE('',*,*,#6533,.T.);
#6094=ORIENTED_EDGE('',*,*,#6877,.F.);
#6095=ORIENTED_EDGE('',*,*,#6534,.T.);
#6096=ORIENTED_EDGE('',*,*,#6878,.F.);
#6097=ORIENTED_EDGE('',*,*,#6535,.T.);
#6098=ORIENTED_EDGE('',*,*,#6879,.F.);
#6099=ORIENTED_EDGE('',*,*,#6536,.T.);
#6100=ORIENTED_EDGE('',*,*,#6880,.F.);
#6101=ORIENTED_EDGE('',*,*,#6537,.T.);
#6102=ORIENTED_EDGE('',*,*,#6881,.F.);
#6103=ORIENTED_EDGE('',*,*,#6538,.T.);
#6104=ORIENTED_EDGE('',*,*,#6882,.F.);
#6105=ORIENTED_EDGE('',*,*,#6539,.T.);
#6106=ORIENTED_EDGE('',*,*,#6883,.F.);
#6107=ORIENTED_EDGE('',*,*,#6540,.T.);
#6108=ORIENTED_EDGE('',*,*,#6884,.F.);
#6109=ORIENTED_EDGE('',*,*,#6541,.T.);
#6110=ORIENTED_EDGE('',*,*,#6885,.F.);
#6111=ORIENTED_EDGE('',*,*,#6542,.T.);
#6112=ORIENTED_EDGE('',*,*,#6886,.F.);
#6113=ORIENTED_EDGE('',*,*,#6543,.T.);
#6114=ORIENTED_EDGE('',*,*,#6887,.F.);
#6115=ORIENTED_EDGE('',*,*,#6544,.T.);
#6116=ORIENTED_EDGE('',*,*,#6888,.F.);
#6117=ORIENTED_EDGE('',*,*,#6545,.T.);
#6118=ORIENTED_EDGE('',*,*,#6889,.F.);
#6119=ORIENTED_EDGE('',*,*,#6546,.T.);
#6120=ORIENTED_EDGE('',*,*,#6890,.F.);
#6121=ORIENTED_EDGE('',*,*,#6547,.T.);
#6122=ORIENTED_EDGE('',*,*,#6891,.F.);
#6123=ORIENTED_EDGE('',*,*,#6548,.T.);
#6124=ORIENTED_EDGE('',*,*,#6892,.F.);
#6125=ORIENTED_EDGE('',*,*,#6549,.T.);
#6126=ORIENTED_EDGE('',*,*,#6893,.F.);
#6127=ORIENTED_EDGE('',*,*,#6550,.T.);
#6128=ORIENTED_EDGE('',*,*,#6894,.F.);
#6129=ORIENTED_EDGE('',*,*,#6551,.T.);
#6130=ORIENTED_EDGE('',*,*,#6895,.F.);
#6131=ORIENTED_EDGE('',*,*,#6552,.T.);
#6132=ORIENTED_EDGE('',*,*,#6896,.F.);
#6133=ORIENTED_EDGE('',*,*,#6553,.T.);
#6134=ORIENTED_EDGE('',*,*,#6897,.F.);
#6135=ORIENTED_EDGE('',*,*,#6554,.T.);
#6136=ORIENTED_EDGE('',*,*,#6898,.F.);
#6137=ORIENTED_EDGE('',*,*,#6555,.T.);
#6138=ORIENTED_EDGE('',*,*,#6899,.F.);
#6139=ORIENTED_EDGE('',*,*,#6925,.T.);
#6140=ORIENTED_EDGE('',*,*,#6556,.T.);
#6141=ORIENTED_EDGE('',*,*,#6926,.F.);
#6142=ORIENTED_EDGE('',*,*,#6903,.F.);
#6143=ORIENTED_EDGE('',*,*,#6902,.T.);
#6144=ORIENTED_EDGE('',*,*,#6927,.T.);
#6145=ORIENTED_EDGE('',*,*,#6557,.F.);
#6146=ORIENTED_EDGE('',*,*,#6925,.F.);
#6147=ORIENTED_EDGE('',*,*,#6928,.T.);
#6148=ORIENTED_EDGE('',*,*,#6558,.T.);
#6149=ORIENTED_EDGE('',*,*,#6927,.F.);
#6150=ORIENTED_EDGE('',*,*,#6901,.F.);
#6151=ORIENTED_EDGE('',*,*,#6926,.T.);
#6152=ORIENTED_EDGE('',*,*,#6559,.T.);
#6153=ORIENTED_EDGE('',*,*,#6928,.F.);
#6154=ORIENTED_EDGE('',*,*,#6900,.F.);
#6155=ORIENTED_EDGE('',*,*,#6907,.T.);
#6156=ORIENTED_EDGE('',*,*,#6929,.T.);
#6157=ORIENTED_EDGE('',*,*,#6560,.F.);
#6158=ORIENTED_EDGE('',*,*,#6930,.F.);
#6159=ORIENTED_EDGE('',*,*,#6931,.T.);
#6160=ORIENTED_EDGE('',*,*,#6561,.T.);
#6161=ORIENTED_EDGE('',*,*,#6929,.F.);
#6162=ORIENTED_EDGE('',*,*,#6906,.F.);
#6163=ORIENTED_EDGE('',*,*,#6932,.T.);
#6164=ORIENTED_EDGE('',*,*,#6562,.T.);
#6165=ORIENTED_EDGE('',*,*,#6931,.F.);
#6166=ORIENTED_EDGE('',*,*,#6905,.F.);
#6167=ORIENTED_EDGE('',*,*,#6930,.T.);
#6168=ORIENTED_EDGE('',*,*,#6563,.T.);
#6169=ORIENTED_EDGE('',*,*,#6932,.F.);
#6170=ORIENTED_EDGE('',*,*,#6904,.F.);
#6171=ORIENTED_EDGE('',*,*,#6911,.T.);
#6172=ORIENTED_EDGE('',*,*,#6933,.T.);
#6173=ORIENTED_EDGE('',*,*,#6564,.F.);
#6174=ORIENTED_EDGE('',*,*,#6934,.F.);
#6175=ORIENTED_EDGE('',*,*,#6935,.T.);
#6176=ORIENTED_EDGE('',*,*,#6565,.T.);
#6177=ORIENTED_EDGE('',*,*,#6933,.F.);
#6178=ORIENTED_EDGE('',*,*,#6910,.F.);
#6179=ORIENTED_EDGE('',*,*,#6936,.T.);
#6180=ORIENTED_EDGE('',*,*,#6566,.T.);
#6181=ORIENTED_EDGE('',*,*,#6935,.F.);
#6182=ORIENTED_EDGE('',*,*,#6909,.F.);
#6183=ORIENTED_EDGE('',*,*,#6934,.T.);
#6184=ORIENTED_EDGE('',*,*,#6567,.T.);
#6185=ORIENTED_EDGE('',*,*,#6936,.F.);
#6186=ORIENTED_EDGE('',*,*,#6908,.F.);
#6187=ORIENTED_EDGE('',*,*,#6937,.T.);
#6188=ORIENTED_EDGE('',*,*,#6568,.T.);
#6189=ORIENTED_EDGE('',*,*,#6938,.F.);
#6190=ORIENTED_EDGE('',*,*,#6915,.F.);
#6191=ORIENTED_EDGE('',*,*,#6914,.T.);
#6192=ORIENTED_EDGE('',*,*,#6939,.T.);
#6193=ORIENTED_EDGE('',*,*,#6569,.F.);
#6194=ORIENTED_EDGE('',*,*,#6937,.F.);
#6195=ORIENTED_EDGE('',*,*,#6940,.T.);
#6196=ORIENTED_EDGE('',*,*,#6570,.T.);
#6197=ORIENTED_EDGE('',*,*,#6939,.F.);
#6198=ORIENTED_EDGE('',*,*,#6913,.F.);
#6199=ORIENTED_EDGE('',*,*,#6938,.T.);
#6200=ORIENTED_EDGE('',*,*,#6571,.T.);
#6201=ORIENTED_EDGE('',*,*,#6940,.F.);
#6202=ORIENTED_EDGE('',*,*,#6912,.F.);
#6203=ORIENTED_EDGE('',*,*,#6919,.T.);
#6204=ORIENTED_EDGE('',*,*,#6941,.T.);
#6205=ORIENTED_EDGE('',*,*,#6572,.F.);
#6206=ORIENTED_EDGE('',*,*,#6942,.F.);
#6207=ORIENTED_EDGE('',*,*,#6918,.T.);
#6208=ORIENTED_EDGE('',*,*,#6943,.T.);
#6209=ORIENTED_EDGE('',*,*,#6573,.F.);
#6210=ORIENTED_EDGE('',*,*,#6941,.F.);
#6211=ORIENTED_EDGE('',*,*,#6917,.T.);
#6212=ORIENTED_EDGE('',*,*,#6944,.T.);
#6213=ORIENTED_EDGE('',*,*,#6574,.F.);
#6214=ORIENTED_EDGE('',*,*,#6943,.F.);
#6215=ORIENTED_EDGE('',*,*,#6942,.T.);
#6216=ORIENTED_EDGE('',*,*,#6575,.T.);
#6217=ORIENTED_EDGE('',*,*,#6944,.F.);
#6218=ORIENTED_EDGE('',*,*,#6916,.F.);
#6219=ORIENTED_EDGE('',*,*,#6945,.T.);
#6220=ORIENTED_EDGE('',*,*,#6576,.T.);
#6221=ORIENTED_EDGE('',*,*,#6946,.F.);
#6222=ORIENTED_EDGE('',*,*,#6923,.F.);
#6223=ORIENTED_EDGE('',*,*,#6947,.T.);
#6224=ORIENTED_EDGE('',*,*,#6577,.T.);
#6225=ORIENTED_EDGE('',*,*,#6945,.F.);
#6226=ORIENTED_EDGE('',*,*,#6922,.F.);
#6227=ORIENTED_EDGE('',*,*,#6948,.T.);
#6228=ORIENTED_EDGE('',*,*,#6578,.T.);
#6229=ORIENTED_EDGE('',*,*,#6947,.F.);
#6230=ORIENTED_EDGE('',*,*,#6921,.F.);
#6231=ORIENTED_EDGE('',*,*,#6946,.T.);
#6232=ORIENTED_EDGE('',*,*,#6579,.T.);
#6233=ORIENTED_EDGE('',*,*,#6948,.F.);
#6234=ORIENTED_EDGE('',*,*,#6920,.F.);
#6235=ORIENTED_EDGE('',*,*,#6580,.F.);
#6236=ORIENTED_EDGE('',*,*,#6924,.F.);
#6237=EDGE_CURVE('',#6949,#6949,#6950,.T.);
#6238=EDGE_CURVE('',#6951,#6951,#6952,.T.);
#6239=EDGE_CURVE('',#6953,#6953,#6954,.T.);
#6240=EDGE_CURVE('',#6955,#6955,#6956,.T.);
#6241=EDGE_CURVE('',#6957,#6957,#6958,.T.);
#6242=EDGE_CURVE('',#6959,#6959,#6960,.T.);
#6243=EDGE_CURVE('',#6961,#6961,#6962,.T.);
#6244=EDGE_CURVE('',#6963,#6963,#6964,.T.);
#6245=EDGE_CURVE('',#6965,#6965,#6966,.T.);
#6246=EDGE_CURVE('',#6967,#6967,#6968,.T.);
#6247=EDGE_CURVE('',#6969,#6969,#6970,.T.);
#6248=EDGE_CURVE('',#6971,#6971,#6972,.T.);
#6249=EDGE_CURVE('',#6973,#6973,#6974,.T.);
#6250=EDGE_CURVE('',#6975,#6975,#6976,.T.);
#6251=EDGE_CURVE('',#6977,#6977,#6978,.T.);
#6252=EDGE_CURVE('',#6979,#6979,#6980,.T.);
#6253=EDGE_CURVE('',#6981,#6981,#6982,.T.);
#6254=EDGE_CURVE('',#6983,#6983,#6984,.T.);
#6255=EDGE_CURVE('',#6985,#6985,#6986,.T.);
#6256=EDGE_CURVE('',#6987,#6987,#6988,.T.);
#6257=EDGE_CURVE('',#6989,#6989,#6990,.T.);
#6258=EDGE_CURVE('',#6991,#6991,#6992,.T.);
#6259=EDGE_CURVE('',#6993,#6993,#6994,.T.);
#6260=EDGE_CURVE('',#6995,#6995,#6996,.T.);
#6261=EDGE_CURVE('',#6997,#6997,#6998,.T.);
#6262=EDGE_CURVE('',#6999,#6999,#7000,.T.);
#6263=EDGE_CURVE('',#7001,#7001,#7002,.T.);
#6264=EDGE_CURVE('',#7003,#7003,#7004,.T.);
#6265=EDGE_CURVE('',#7005,#7005,#7006,.T.);
#6266=EDGE_CURVE('',#7007,#7007,#7008,.T.);
#6267=EDGE_CURVE('',#7009,#7009,#7010,.T.);
#6268=EDGE_CURVE('',#7011,#7011,#7012,.T.);
#6269=EDGE_CURVE('',#7013,#7013,#7014,.T.);
#6270=EDGE_CURVE('',#7015,#7015,#7016,.T.);
#6271=EDGE_CURVE('',#7017,#7017,#7018,.T.);
#6272=EDGE_CURVE('',#7019,#7019,#7020,.T.);
#6273=EDGE_CURVE('',#7021,#7021,#7022,.T.);
#6274=EDGE_CURVE('',#7023,#7023,#7024,.T.);
#6275=EDGE_CURVE('',#7025,#7025,#7026,.T.);
#6276=EDGE_CURVE('',#7027,#7027,#7028,.T.);
#6277=EDGE_CURVE('',#7029,#7029,#7030,.T.);
#6278=EDGE_CURVE('',#7031,#7031,#7032,.T.);
#6279=EDGE_CURVE('',#7033,#7033,#7034,.T.);
#6280=EDGE_CURVE('',#7035,#7035,#7036,.T.);
#6281=EDGE_CURVE('',#7037,#7037,#7038,.T.);
#6282=EDGE_CURVE('',#7039,#7039,#7040,.T.);
#6283=EDGE_CURVE('',#7041,#7041,#7042,.T.);
#6284=EDGE_CURVE('',#7043,#7043,#7044,.T.);
#6285=EDGE_CURVE('',#7045,#7045,#7046,.T.);
#6286=EDGE_CURVE('',#7047,#7047,#7048,.T.);
#6287=EDGE_CURVE('',#7049,#7049,#7050,.T.);
#6288=EDGE_CURVE('',#7051,#7051,#7052,.T.);
#6289=EDGE_CURVE('',#7053,#7053,#7054,.T.);
#6290=EDGE_CURVE('',#7055,#7055,#7056,.T.);
#6291=EDGE_CURVE('',#7057,#7057,#7058,.T.);
#6292=EDGE_CURVE('',#7059,#7059,#7060,.T.);
#6293=EDGE_CURVE('',#7061,#7061,#7062,.T.);
#6294=EDGE_CURVE('',#7063,#7063,#7064,.T.);
#6295=EDGE_CURVE('',#7065,#7065,#7066,.T.);
#6296=EDGE_CURVE('',#7067,#7067,#7068,.T.);
#6297=EDGE_CURVE('',#7069,#7069,#7070,.T.);
#6298=EDGE_CURVE('',#7071,#7071,#7072,.T.);
#6299=EDGE_CURVE('',#7073,#7073,#7074,.T.);
#6300=EDGE_CURVE('',#7075,#7075,#7076,.T.);
#6301=EDGE_CURVE('',#7077,#7077,#7078,.T.);
#6302=EDGE_CURVE('',#7079,#7079,#7080,.T.);
#6303=EDGE_CURVE('',#7081,#7081,#7082,.T.);
#6304=EDGE_CURVE('',#7083,#7083,#7084,.T.);
#6305=EDGE_CURVE('',#7085,#7085,#7086,.T.);
#6306=EDGE_CURVE('',#7087,#7087,#7088,.T.);
#6307=EDGE_CURVE('',#7089,#7089,#7090,.T.);
#6308=EDGE_CURVE('',#7091,#7091,#7092,.T.);
#6309=EDGE_CURVE('',#7093,#7093,#7094,.T.);
#6310=EDGE_CURVE('',#7095,#7095,#7096,.T.);
#6311=EDGE_CURVE('',#7097,#7097,#7098,.T.);
#6312=EDGE_CURVE('',#7099,#7099,#7100,.T.);
#6313=EDGE_CURVE('',#7101,#7101,#7102,.T.);
#6314=EDGE_CURVE('',#7103,#7103,#7104,.T.);
#6315=EDGE_CURVE('',#7105,#7105,#7106,.T.);
#6316=EDGE_CURVE('',#7107,#7107,#7108,.T.);
#6317=EDGE_CURVE('',#7109,#7109,#7110,.T.);
#6318=EDGE_CURVE('',#7111,#7111,#7112,.T.);
#6319=EDGE_CURVE('',#7113,#7113,#7114,.T.);
#6320=EDGE_CURVE('',#7115,#7115,#7116,.T.);
#6321=EDGE_CURVE('',#7117,#7117,#7118,.T.);
#6322=EDGE_CURVE('',#7119,#7119,#7120,.T.);
#6323=EDGE_CURVE('',#7119,#7119,#7121,.T.);
#6324=EDGE_CURVE('',#7122,#7122,#7123,.T.);
#6325=EDGE_CURVE('',#7124,#7124,#7125,.T.);
#6326=EDGE_CURVE('',#7126,#7126,#7127,.T.);
#6327=EDGE_CURVE('',#7128,#7128,#7129,.T.);
#6328=EDGE_CURVE('',#7130,#7130,#7131,.T.);
#6329=EDGE_CURVE('',#7132,#7132,#7133,.T.);
#6330=EDGE_CURVE('',#7134,#7134,#7135,.T.);
#6331=EDGE_CURVE('',#7136,#7136,#7137,.T.);
#6332=EDGE_CURVE('',#7138,#7138,#7139,.T.);
#6333=EDGE_CURVE('',#7140,#7140,#7141,.T.);
#6334=EDGE_CURVE('',#7142,#7142,#7143,.T.);
#6335=EDGE_CURVE('',#7144,#7144,#7145,.T.);
#6336=EDGE_CURVE('',#7146,#7146,#7147,.T.);
#6337=EDGE_CURVE('',#7148,#7148,#7149,.T.);
#6338=EDGE_CURVE('',#7150,#7150,#7151,.T.);
#6339=EDGE_CURVE('',#7152,#7152,#7153,.T.);
#6340=EDGE_CURVE('',#7154,#7154,#7155,.T.);
#6341=EDGE_CURVE('',#7156,#7156,#7157,.T.);
#6342=EDGE_CURVE('',#7158,#7158,#7159,.T.);
#6343=EDGE_CURVE('',#7160,#7160,#7161,.T.);
#6344=EDGE_CURVE('',#7162,#7162,#7163,.T.);
#6345=EDGE_CURVE('',#7164,#7164,#7165,.T.);
#6346=EDGE_CURVE('',#7166,#7166,#7167,.T.);
#6347=EDGE_CURVE('',#7168,#7168,#7169,.T.);
#6348=EDGE_CURVE('',#7170,#7170,#7171,.T.);
#6349=EDGE_CURVE('',#7172,#7172,#7173,.T.);
#6350=EDGE_CURVE('',#7174,#7174,#7175,.T.);
#6351=EDGE_CURVE('',#7176,#7176,#7177,.T.);
#6352=EDGE_CURVE('',#7178,#7178,#7179,.T.);
#6353=EDGE_CURVE('',#7180,#7180,#7181,.T.);
#6354=EDGE_CURVE('',#7182,#7182,#7183,.T.);
#6355=EDGE_CURVE('',#7184,#7184,#7185,.T.);
#6356=EDGE_CURVE('',#7186,#7186,#7187,.T.);
#6357=EDGE_CURVE('',#7188,#7188,#7189,.T.);
#6358=EDGE_CURVE('',#7190,#7190,#7191,.T.);
#6359=EDGE_CURVE('',#7192,#7192,#7193,.T.);
#6360=EDGE_CURVE('',#7194,#7194,#7195,.T.);
#6361=EDGE_CURVE('',#7196,#7196,#7197,.T.);
#6362=EDGE_CURVE('',#7198,#7198,#7199,.T.);
#6363=EDGE_CURVE('',#7200,#7200,#7201,.T.);
#6364=EDGE_CURVE('',#7202,#7202,#7203,.T.);
#6365=EDGE_CURVE('',#7204,#7204,#7205,.T.);
#6366=EDGE_CURVE('',#7206,#7206,#7207,.T.);
#6367=EDGE_CURVE('',#7208,#7208,#7209,.T.);
#6368=EDGE_CURVE('',#7210,#7210,#7211,.T.);
#6369=EDGE_CURVE('',#7212,#7212,#7213,.T.);
#6370=EDGE_CURVE('',#7214,#7214,#7215,.T.);
#6371=EDGE_CURVE('',#7216,#7216,#7217,.T.);
#6372=EDGE_CURVE('',#7218,#7218,#7219,.T.);
#6373=EDGE_CURVE('',#7220,#7220,#7221,.T.);
#6374=EDGE_CURVE('',#7222,#7222,#7223,.T.);
#6375=EDGE_CURVE('',#7224,#7224,#7225,.T.);
#6376=EDGE_CURVE('',#7226,#7226,#7227,.T.);
#6377=EDGE_CURVE('',#7228,#7228,#7229,.T.);
#6378=EDGE_CURVE('',#7230,#7230,#7231,.T.);
#6379=EDGE_CURVE('',#7232,#7232,#7233,.T.);
#6380=EDGE_CURVE('',#7234,#7234,#7235,.T.);
#6381=EDGE_CURVE('',#7236,#7236,#7237,.T.);
#6382=EDGE_CURVE('',#7238,#7238,#7239,.T.);
#6383=EDGE_CURVE('',#7240,#7240,#7241,.T.);
#6384=EDGE_CURVE('',#7242,#7242,#7243,.T.);
#6385=EDGE_CURVE('',#7244,#7244,#7245,.T.);
#6386=EDGE_CURVE('',#7246,#7246,#7247,.T.);
#6387=EDGE_CURVE('',#7248,#7248,#7249,.T.);
#6388=EDGE_CURVE('',#7250,#7250,#7251,.T.);
#6389=EDGE_CURVE('',#7252,#7252,#7253,.T.);
#6390=EDGE_CURVE('',#7254,#7254,#7255,.T.);
#6391=EDGE_CURVE('',#7256,#7256,#7257,.T.);
#6392=EDGE_CURVE('',#7258,#7258,#7259,.T.);
#6393=EDGE_CURVE('',#7260,#7260,#7261,.T.);
#6394=EDGE_CURVE('',#7262,#7262,#7263,.T.);
#6395=EDGE_CURVE('',#7264,#7264,#7265,.T.);
#6396=EDGE_CURVE('',#7266,#7266,#7267,.T.);
#6397=EDGE_CURVE('',#7268,#7268,#7269,.T.);
#6398=EDGE_CURVE('',#7270,#7270,#7271,.T.);
#6399=EDGE_CURVE('',#7272,#7272,#7273,.T.);
#6400=EDGE_CURVE('',#7274,#7274,#7275,.T.);
#6401=EDGE_CURVE('',#7276,#7276,#7277,.T.);
#6402=EDGE_CURVE('',#7278,#7278,#7279,.T.);
#6403=EDGE_CURVE('',#7280,#7280,#7281,.T.);
#6404=EDGE_CURVE('',#7282,#7282,#7283,.T.);
#6405=EDGE_CURVE('',#7284,#7284,#7285,.T.);
#6406=EDGE_CURVE('',#7286,#7286,#7287,.T.);
#6407=EDGE_CURVE('',#7288,#7288,#7289,.T.);
#6408=EDGE_CURVE('',#7290,#7290,#7291,.T.);
#6409=EDGE_CURVE('',#7292,#7292,#7293,.T.);
#6410=EDGE_CURVE('',#7294,#7294,#7295,.T.);
#6411=EDGE_CURVE('',#7296,#7296,#7297,.T.);
#6412=EDGE_CURVE('',#7298,#7298,#7299,.T.);
#6413=EDGE_CURVE('',#7300,#7300,#7301,.T.);
#6414=EDGE_CURVE('',#7302,#7302,#7303,.T.);
#6415=EDGE_CURVE('',#7304,#7304,#7305,.T.);
#6416=EDGE_CURVE('',#7306,#7306,#7307,.T.);
#6417=EDGE_CURVE('',#7308,#7308,#7309,.T.);
#6418=EDGE_CURVE('',#7310,#7310,#7311,.T.);
#6419=EDGE_CURVE('',#7312,#7312,#7313,.T.);
#6420=EDGE_CURVE('',#7314,#7314,#7315,.T.);
#6421=EDGE_CURVE('',#7316,#7316,#7317,.T.);
#6422=EDGE_CURVE('',#7318,#7318,#7319,.T.);
#6423=EDGE_CURVE('',#7320,#7320,#7321,.T.);
#6424=EDGE_CURVE('',#7322,#7322,#7323,.T.);
#6425=EDGE_CURVE('',#7324,#7324,#7325,.T.);
#6426=EDGE_CURVE('',#7326,#7326,#7327,.T.);
#6427=EDGE_CURVE('',#7328,#7328,#7329,.T.);
#6428=EDGE_CURVE('',#7330,#7330,#7331,.T.);
#6429=EDGE_CURVE('',#7332,#7332,#7333,.T.);
#6430=EDGE_CURVE('',#7334,#7334,#7335,.T.);
#6431=EDGE_CURVE('',#7336,#7336,#7337,.T.);
#6432=EDGE_CURVE('',#7338,#7338,#7339,.T.);
#6433=EDGE_CURVE('',#7340,#7340,#7341,.T.);
#6434=EDGE_CURVE('',#7342,#7342,#7343,.T.);
#6435=EDGE_CURVE('',#7344,#7344,#7345,.T.);
#6436=EDGE_CURVE('',#7346,#7346,#7347,.T.);
#6437=EDGE_CURVE('',#7348,#7348,#7349,.T.);
#6438=EDGE_CURVE('',#7350,#7350,#7351,.T.);
#6439=EDGE_CURVE('',#7352,#7352,#7353,.T.);
#6440=EDGE_CURVE('',#7354,#7354,#7355,.T.);
#6441=EDGE_CURVE('',#7356,#7356,#7357,.T.);
#6442=EDGE_CURVE('',#7358,#7358,#7359,.T.);
#6443=EDGE_CURVE('',#7360,#7360,#7361,.T.);
#6444=EDGE_CURVE('',#7362,#7362,#7363,.T.);
#6445=EDGE_CURVE('',#7364,#7364,#7365,.T.);
#6446=EDGE_CURVE('',#7366,#7366,#7367,.T.);
#6447=EDGE_CURVE('',#7368,#7368,#7369,.T.);
#6448=EDGE_CURVE('',#7370,#7370,#7371,.T.);
#6449=EDGE_CURVE('',#7372,#7372,#7373,.T.);
#6450=EDGE_CURVE('',#7374,#7374,#7375,.T.);
#6451=EDGE_CURVE('',#7376,#7376,#7377,.T.);
#6452=EDGE_CURVE('',#7378,#7378,#7379,.T.);
#6453=EDGE_CURVE('',#7380,#7380,#7381,.T.);
#6454=EDGE_CURVE('',#7382,#7382,#7383,.T.);
#6455=EDGE_CURVE('',#7384,#7384,#7385,.T.);
#6456=EDGE_CURVE('',#7386,#7386,#7387,.T.);
#6457=EDGE_CURVE('',#7388,#7388,#7389,.T.);
#6458=EDGE_CURVE('',#7390,#7390,#7391,.T.);
#6459=EDGE_CURVE('',#7392,#7392,#7393,.T.);
#6460=EDGE_CURVE('',#7394,#7394,#7395,.T.);
#6461=EDGE_CURVE('',#7396,#7396,#7397,.T.);
#6462=EDGE_CURVE('',#7398,#7398,#7399,.T.);
#6463=EDGE_CURVE('',#7400,#7400,#7401,.T.);
#6464=EDGE_CURVE('',#7402,#7402,#7403,.T.);
#6465=EDGE_CURVE('',#7404,#7404,#7405,.T.);
#6466=EDGE_CURVE('',#7406,#7406,#7407,.T.);
#6467=EDGE_CURVE('',#7408,#7408,#7409,.T.);
#6468=EDGE_CURVE('',#7410,#7410,#7411,.T.);
#6469=EDGE_CURVE('',#7412,#7412,#7413,.T.);
#6470=EDGE_CURVE('',#7414,#7414,#7415,.T.);
#6471=EDGE_CURVE('',#7416,#7416,#7417,.T.);
#6472=EDGE_CURVE('',#7418,#7418,#7419,.T.);
#6473=EDGE_CURVE('',#7420,#7420,#7421,.T.);
#6474=EDGE_CURVE('',#7422,#7422,#7423,.T.);
#6475=EDGE_CURVE('',#7424,#7424,#7425,.T.);
#6476=EDGE_CURVE('',#7426,#7426,#7427,.T.);
#6477=EDGE_CURVE('',#7428,#7428,#7429,.T.);
#6478=EDGE_CURVE('',#7430,#7430,#7431,.T.);
#6479=EDGE_CURVE('',#7432,#7432,#7433,.T.);
#6480=EDGE_CURVE('',#7434,#7434,#7435,.T.);
#6481=EDGE_CURVE('',#7436,#7436,#7437,.T.);
#6482=EDGE_CURVE('',#7438,#7438,#7439,.T.);
#6483=EDGE_CURVE('',#7440,#7440,#7441,.T.);
#6484=EDGE_CURVE('',#7442,#7442,#7443,.T.);
#6485=EDGE_CURVE('',#7444,#7444,#7445,.T.);
#6486=EDGE_CURVE('',#7446,#7446,#7447,.T.);
#6487=EDGE_CURVE('',#7448,#7448,#7449,.T.);
#6488=EDGE_CURVE('',#7450,#7450,#7451,.T.);
#6489=EDGE_CURVE('',#7452,#7452,#7453,.T.);
#6490=EDGE_CURVE('',#7454,#7454,#7455,.T.);
#6491=EDGE_CURVE('',#7456,#7456,#7457,.T.);
#6492=EDGE_CURVE('',#7458,#7458,#7459,.T.);
#6493=EDGE_CURVE('',#7460,#7460,#7461,.T.);
#6494=EDGE_CURVE('',#7462,#7462,#7463,.T.);
#6495=EDGE_CURVE('',#7464,#7464,#7465,.T.);
#6496=EDGE_CURVE('',#7466,#7466,#7467,.T.);
#6497=EDGE_CURVE('',#7468,#7468,#7469,.T.);
#6498=EDGE_CURVE('',#7470,#7470,#7471,.T.);
#6499=EDGE_CURVE('',#7472,#7472,#7473,.T.);
#6500=EDGE_CURVE('',#7474,#7474,#7475,.T.);
#6501=EDGE_CURVE('',#7476,#7476,#7477,.T.);
#6502=EDGE_CURVE('',#7478,#7478,#7479,.T.);
#6503=EDGE_CURVE('',#7480,#7480,#7481,.T.);
#6504=EDGE_CURVE('',#7482,#7482,#7483,.T.);
#6505=EDGE_CURVE('',#7484,#7484,#7485,.T.);
#6506=EDGE_CURVE('',#7486,#7486,#7487,.T.);
#6507=EDGE_CURVE('',#7488,#7488,#7489,.T.);
#6508=EDGE_CURVE('',#7490,#7490,#7491,.T.);
#6509=EDGE_CURVE('',#7492,#7492,#7493,.T.);
#6510=EDGE_CURVE('',#7494,#7494,#7495,.T.);
#6511=EDGE_CURVE('',#7496,#7496,#7497,.T.);
#6512=EDGE_CURVE('',#7498,#7498,#7499,.T.);
#6513=EDGE_CURVE('',#7500,#7500,#7501,.T.);
#6514=EDGE_CURVE('',#7502,#7502,#7503,.T.);
#6515=EDGE_CURVE('',#7504,#7504,#7505,.T.);
#6516=EDGE_CURVE('',#7506,#7506,#7507,.T.);
#6517=EDGE_CURVE('',#7508,#7508,#7509,.T.);
#6518=EDGE_CURVE('',#7510,#7510,#7511,.T.);
#6519=EDGE_CURVE('',#7512,#7512,#7513,.T.);
#6520=EDGE_CURVE('',#7514,#7514,#7515,.T.);
#6521=EDGE_CURVE('',#7516,#7516,#7517,.T.);
#6522=EDGE_CURVE('',#7518,#7518,#7519,.T.);
#6523=EDGE_CURVE('',#7520,#7520,#7521,.T.);
#6524=EDGE_CURVE('',#7522,#7522,#7523,.T.);
#6525=EDGE_CURVE('',#7524,#7524,#7525,.T.);
#6526=EDGE_CURVE('',#7526,#7526,#7527,.T.);
#6527=EDGE_CURVE('',#7528,#7528,#7529,.T.);
#6528=EDGE_CURVE('',#7530,#7530,#7531,.T.);
#6529=EDGE_CURVE('',#7532,#7532,#7533,.T.);
#6530=EDGE_CURVE('',#7534,#7534,#7535,.T.);
#6531=EDGE_CURVE('',#7536,#7536,#7537,.T.);
#6532=EDGE_CURVE('',#7538,#7538,#7539,.T.);
#6533=EDGE_CURVE('',#7540,#7540,#7541,.T.);
#6534=EDGE_CURVE('',#7542,#7542,#7543,.T.);
#6535=EDGE_CURVE('',#7544,#7544,#7545,.T.);
#6536=EDGE_CURVE('',#7546,#7546,#7547,.T.);
#6537=EDGE_CURVE('',#7548,#7548,#7549,.T.);
#6538=EDGE_CURVE('',#7550,#7550,#7551,.T.);
#6539=EDGE_CURVE('',#7552,#7552,#7553,.T.);
#6540=EDGE_CURVE('',#7554,#7554,#7555,.T.);
#6541=EDGE_CURVE('',#7556,#7556,#7557,.T.);
#6542=EDGE_CURVE('',#7558,#7558,#7559,.T.);
#6543=EDGE_CURVE('',#7560,#7560,#7561,.T.);
#6544=EDGE_CURVE('',#7562,#7562,#7563,.T.);
#6545=EDGE_CURVE('',#7564,#7564,#7565,.T.);
#6546=EDGE_CURVE('',#7566,#7566,#7567,.T.);
#6547=EDGE_CURVE('',#7568,#7568,#7569,.T.);
#6548=EDGE_CURVE('',#7570,#7570,#7571,.T.);
#6549=EDGE_CURVE('',#7572,#7572,#7573,.T.);
#6550=EDGE_CURVE('',#7574,#7574,#7575,.T.);
#6551=EDGE_CURVE('',#7576,#7576,#7577,.T.);
#6552=EDGE_CURVE('',#7578,#7578,#7579,.T.);
#6553=EDGE_CURVE('',#7580,#7580,#7581,.T.);
#6554=EDGE_CURVE('',#7582,#7582,#7583,.T.);
#6555=EDGE_CURVE('',#7584,#7584,#7585,.T.);
#6556=EDGE_CURVE('',#7586,#7587,#7588,.T.);
#6557=EDGE_CURVE('',#7586,#7589,#7590,.T.);
#6558=EDGE_CURVE('',#7591,#7589,#7592,.T.);
#6559=EDGE_CURVE('',#7587,#7591,#7593,.T.);
#6560=EDGE_CURVE('',#7594,#7595,#7596,.T.);
#6561=EDGE_CURVE('',#7597,#7595,#7598,.T.);
#6562=EDGE_CURVE('',#7599,#7597,#7600,.T.);
#6563=EDGE_CURVE('',#7594,#7599,#7601,.T.);
#6564=EDGE_CURVE('',#7602,#7603,#7604,.T.);
#6565=EDGE_CURVE('',#7605,#7603,#7606,.T.);
#6566=EDGE_CURVE('',#7607,#7605,#7608,.T.);
#6567=EDGE_CURVE('',#7602,#7607,#7609,.T.);
#6568=EDGE_CURVE('',#7610,#7611,#7612,.T.);
#6569=EDGE_CURVE('',#7610,#7613,#7614,.T.);
#6570=EDGE_CURVE('',#7615,#7613,#7616,.T.);
#6571=EDGE_CURVE('',#7611,#7615,#7617,.T.);
#6572=EDGE_CURVE('',#7618,#7619,#7620,.T.);
#6573=EDGE_CURVE('',#7619,#7621,#7622,.T.);
#6574=EDGE_CURVE('',#7621,#7623,#7624,.T.);
#6575=EDGE_CURVE('',#7618,#7623,#7625,.T.);
#6576=EDGE_CURVE('',#7626,#7627,#7628,.T.);
#6577=EDGE_CURVE('',#7629,#7626,#7630,.T.);
#6578=EDGE_CURVE('',#7631,#7629,#7632,.T.);
#6579=EDGE_CURVE('',#7627,#7631,#7633,.T.);
#6580=EDGE_CURVE('',#7634,#7634,#7635,.T.);
#6581=EDGE_CURVE('',#7636,#7636,#7637,.T.);
#6582=EDGE_CURVE('',#7638,#7638,#7639,.F.);
#6583=EDGE_CURVE('',#7640,#7640,#7641,.F.);
#6584=EDGE_CURVE('',#7642,#7642,#7643,.F.);
#6585=EDGE_CURVE('',#7644,#7644,#7645,.F.);
#6586=EDGE_CURVE('',#7646,#7646,#7647,.F.);
#6587=EDGE_CURVE('',#7648,#7648,#7649,.F.);
#6588=EDGE_CURVE('',#7650,#7650,#7651,.F.);
#6589=EDGE_CURVE('',#7652,#7652,#7653,.F.);
#6590=EDGE_CURVE('',#7654,#7654,#7655,.F.);
#6591=EDGE_CURVE('',#7656,#7656,#7657,.F.);
#6592=EDGE_CURVE('',#7658,#7658,#7659,.F.);
#6593=EDGE_CURVE('',#7660,#7660,#7661,.F.);
#6594=EDGE_CURVE('',#7662,#7662,#7663,.F.);
#6595=EDGE_CURVE('',#7664,#7664,#7665,.F.);
#6596=EDGE_CURVE('',#7666,#7666,#7667,.F.);
#6597=EDGE_CURVE('',#7668,#7668,#7669,.F.);
#6598=EDGE_CURVE('',#7670,#7670,#7671,.F.);
#6599=EDGE_CURVE('',#7672,#7672,#7673,.F.);
#6600=EDGE_CURVE('',#7674,#7674,#7675,.F.);
#6601=EDGE_CURVE('',#7676,#7676,#7677,.F.);
#6602=EDGE_CURVE('',#7678,#7678,#7679,.F.);
#6603=EDGE_CURVE('',#7680,#7680,#7681,.F.);
#6604=EDGE_CURVE('',#7682,#7682,#7683,.F.);
#6605=EDGE_CURVE('',#7684,#7684,#7685,.F.);
#6606=EDGE_CURVE('',#7686,#7686,#7687,.F.);
#6607=EDGE_CURVE('',#7688,#7688,#7689,.F.);
#6608=EDGE_CURVE('',#7690,#7690,#7691,.F.);
#6609=EDGE_CURVE('',#7692,#7692,#7693,.F.);
#6610=EDGE_CURVE('',#7694,#7694,#7695,.F.);
#6611=EDGE_CURVE('',#7696,#7696,#7697,.F.);
#6612=EDGE_CURVE('',#7698,#7698,#7699,.F.);
#6613=EDGE_CURVE('',#7700,#7700,#7701,.F.);
#6614=EDGE_CURVE('',#7702,#7702,#7703,.F.);
#6615=EDGE_CURVE('',#7704,#7704,#7705,.F.);
#6616=EDGE_CURVE('',#7706,#7706,#7707,.F.);
#6617=EDGE_CURVE('',#7708,#7708,#7709,.F.);
#6618=EDGE_CURVE('',#7710,#7710,#7711,.F.);
#6619=EDGE_CURVE('',#7712,#7712,#7713,.F.);
#6620=EDGE_CURVE('',#7714,#7714,#7715,.F.);
#6621=EDGE_CURVE('',#7716,#7716,#7717,.T.);
#6622=EDGE_CURVE('',#7718,#7718,#7719,.T.);
#6623=EDGE_CURVE('',#7720,#7720,#7721,.T.);
#6624=EDGE_CURVE('',#7722,#7722,#7723,.T.);
#6625=EDGE_CURVE('',#7724,#7724,#7725,.T.);
#6626=EDGE_CURVE('',#7726,#7726,#7727,.T.);
#6627=EDGE_CURVE('',#7728,#7728,#7729,.T.);
#6628=EDGE_CURVE('',#7730,#7730,#7731,.T.);
#6629=EDGE_CURVE('',#7732,#7732,#7733,.T.);
#6630=EDGE_CURVE('',#7734,#7734,#7735,.T.);
#6631=EDGE_CURVE('',#7736,#7736,#7737,.T.);
#6632=EDGE_CURVE('',#7738,#7738,#7739,.T.);
#6633=EDGE_CURVE('',#7740,#7740,#7741,.T.);
#6634=EDGE_CURVE('',#7742,#7742,#7743,.T.);
#6635=EDGE_CURVE('',#7744,#7744,#7745,.T.);
#6636=EDGE_CURVE('',#7746,#7746,#7747,.T.);
#6637=EDGE_CURVE('',#7748,#7748,#7749,.T.);
#6638=EDGE_CURVE('',#7750,#7750,#7751,.T.);
#6639=EDGE_CURVE('',#7752,#7752,#7753,.T.);
#6640=EDGE_CURVE('',#7754,#7754,#7755,.T.);
#6641=EDGE_CURVE('',#7756,#7756,#7757,.T.);
#6642=EDGE_CURVE('',#7758,#7758,#7759,.T.);
#6643=EDGE_CURVE('',#7760,#7760,#7761,.T.);
#6644=EDGE_CURVE('',#7762,#7762,#7763,.T.);
#6645=EDGE_CURVE('',#7764,#7764,#7765,.T.);
#6646=EDGE_CURVE('',#7766,#7766,#7767,.T.);
#6647=EDGE_CURVE('',#7768,#7768,#7769,.T.);
#6648=EDGE_CURVE('',#7770,#7770,#7771,.T.);
#6649=EDGE_CURVE('',#7772,#7772,#7773,.T.);
#6650=EDGE_CURVE('',#7774,#7774,#7775,.T.);
#6651=EDGE_CURVE('',#7776,#7776,#7777,.T.);
#6652=EDGE_CURVE('',#7778,#7778,#7779,.T.);
#6653=EDGE_CURVE('',#7780,#7780,#7781,.T.);
#6654=EDGE_CURVE('',#7782,#7782,#7783,.T.);
#6655=EDGE_CURVE('',#7784,#7784,#7785,.T.);
#6656=EDGE_CURVE('',#7786,#7786,#7787,.T.);
#6657=EDGE_CURVE('',#7788,#7788,#7789,.T.);
#6658=EDGE_CURVE('',#7790,#7790,#7791,.T.);
#6659=EDGE_CURVE('',#7792,#7792,#7793,.T.);
#6660=EDGE_CURVE('',#7794,#7794,#7795,.T.);
#6661=EDGE_CURVE('',#7796,#7796,#7797,.T.);
#6662=EDGE_CURVE('',#7798,#7798,#7799,.T.);
#6663=EDGE_CURVE('',#7800,#7800,#7801,.T.);
#6664=EDGE_CURVE('',#7802,#7802,#7803,.T.);
#6665=EDGE_CURVE('',#7804,#7804,#7805,.T.);
#6666=EDGE_CURVE('',#7806,#7806,#7807,.T.);
#6667=EDGE_CURVE('',#7806,#7806,#7808,.T.);
#6668=EDGE_CURVE('',#7809,#7809,#7810,.T.);
#6669=EDGE_CURVE('',#7811,#7811,#7812,.T.);
#6670=EDGE_CURVE('',#7813,#7813,#7814,.T.);
#6671=EDGE_CURVE('',#7815,#7815,#7816,.T.);
#6672=EDGE_CURVE('',#7817,#7817,#7818,.T.);
#6673=EDGE_CURVE('',#7819,#7819,#7820,.T.);
#6674=EDGE_CURVE('',#7821,#7821,#7822,.T.);
#6675=EDGE_CURVE('',#7823,#7823,#7824,.T.);
#6676=EDGE_CURVE('',#7825,#7825,#7826,.T.);
#6677=EDGE_CURVE('',#7827,#7827,#7828,.T.);
#6678=EDGE_CURVE('',#7829,#7829,#7830,.T.);
#6679=EDGE_CURVE('',#7831,#7831,#7832,.T.);
#6680=EDGE_CURVE('',#7833,#7833,#7834,.T.);
#6681=EDGE_CURVE('',#7835,#7835,#7836,.T.);
#6682=EDGE_CURVE('',#7837,#7837,#7838,.T.);
#6683=EDGE_CURVE('',#7839,#7839,#7840,.T.);
#6684=EDGE_CURVE('',#7841,#7841,#7842,.T.);
#6685=EDGE_CURVE('',#7843,#7843,#7844,.T.);
#6686=EDGE_CURVE('',#7845,#7845,#7846,.T.);
#6687=EDGE_CURVE('',#7847,#7847,#7848,.T.);
#6688=EDGE_CURVE('',#7849,#7849,#7850,.T.);
#6689=EDGE_CURVE('',#7851,#7851,#7852,.T.);
#6690=EDGE_CURVE('',#7853,#7853,#7854,.T.);
#6691=EDGE_CURVE('',#7855,#7855,#7856,.T.);
#6692=EDGE_CURVE('',#7857,#7857,#7858,.T.);
#6693=EDGE_CURVE('',#7859,#7859,#7860,.T.);
#6694=EDGE_CURVE('',#7861,#7861,#7862,.T.);
#6695=EDGE_CURVE('',#7863,#7863,#7864,.T.);
#6696=EDGE_CURVE('',#7865,#7865,#7866,.T.);
#6697=EDGE_CURVE('',#7867,#7867,#7868,.T.);
#6698=EDGE_CURVE('',#7869,#7869,#7870,.T.);
#6699=EDGE_CURVE('',#7871,#7871,#7872,.T.);
#6700=EDGE_CURVE('',#7873,#7873,#7874,.T.);
#6701=EDGE_CURVE('',#7875,#7875,#7876,.T.);
#6702=EDGE_CURVE('',#7877,#7877,#7878,.T.);
#6703=EDGE_CURVE('',#7879,#7879,#7880,.T.);
#6704=EDGE_CURVE('',#7881,#7881,#7882,.T.);
#6705=EDGE_CURVE('',#7883,#7883,#7884,.T.);
#6706=EDGE_CURVE('',#7885,#7885,#7886,.T.);
#6707=EDGE_CURVE('',#7887,#7887,#7888,.T.);
#6708=EDGE_CURVE('',#7889,#7889,#7890,.T.);
#6709=EDGE_CURVE('',#7891,#7891,#7892,.T.);
#6710=EDGE_CURVE('',#7893,#7893,#7894,.T.);
#6711=EDGE_CURVE('',#7895,#7895,#7896,.T.);
#6712=EDGE_CURVE('',#7897,#7897,#7898,.T.);
#6713=EDGE_CURVE('',#7899,#7899,#7900,.T.);
#6714=EDGE_CURVE('',#7901,#7901,#7902,.T.);
#6715=EDGE_CURVE('',#7903,#7903,#7904,.T.);
#6716=EDGE_CURVE('',#7905,#7905,#7906,.T.);
#6717=EDGE_CURVE('',#7907,#7907,#7908,.T.);
#6718=EDGE_CURVE('',#7909,#7909,#7910,.T.);
#6719=EDGE_CURVE('',#7911,#7911,#7912,.T.);
#6720=EDGE_CURVE('',#7913,#7913,#7914,.T.);
#6721=EDGE_CURVE('',#7915,#7915,#7916,.T.);
#6722=EDGE_CURVE('',#7917,#7917,#7918,.T.);
#6723=EDGE_CURVE('',#7919,#7919,#7920,.T.);
#6724=EDGE_CURVE('',#7921,#7921,#7922,.T.);
#6725=EDGE_CURVE('',#7923,#7923,#7924,.T.);
#6726=EDGE_CURVE('',#7925,#7925,#7926,.T.);
#6727=EDGE_CURVE('',#7927,#7927,#7928,.T.);
#6728=EDGE_CURVE('',#7929,#7929,#7930,.T.);
#6729=EDGE_CURVE('',#7931,#7931,#7932,.T.);
#6730=EDGE_CURVE('',#7933,#7933,#7934,.T.);
#6731=EDGE_CURVE('',#7935,#7935,#7936,.T.);
#6732=EDGE_CURVE('',#7937,#7937,#7938,.T.);
#6733=EDGE_CURVE('',#7939,#7939,#7940,.T.);
#6734=EDGE_CURVE('',#7941,#7941,#7942,.T.);
#6735=EDGE_CURVE('',#7943,#7943,#7944,.T.);
#6736=EDGE_CURVE('',#7945,#7945,#7946,.T.);
#6737=EDGE_CURVE('',#7947,#7947,#7948,.T.);
#6738=EDGE_CURVE('',#7949,#7949,#7950,.T.);
#6739=EDGE_CURVE('',#7951,#7951,#7952,.T.);
#6740=EDGE_CURVE('',#7953,#7953,#7954,.T.);
#6741=EDGE_CURVE('',#7955,#7955,#7956,.T.);
#6742=EDGE_CURVE('',#7957,#7957,#7958,.T.);
#6743=EDGE_CURVE('',#7959,#7959,#7960,.T.);
#6744=EDGE_CURVE('',#7961,#7961,#7962,.T.);
#6745=EDGE_CURVE('',#7963,#7963,#7964,.T.);
#6746=EDGE_CURVE('',#7965,#7965,#7966,.T.);
#6747=EDGE_CURVE('',#7967,#7967,#7968,.T.);
#6748=EDGE_CURVE('',#7969,#7969,#7970,.T.);
#6749=EDGE_CURVE('',#7971,#7971,#7972,.T.);
#6750=EDGE_CURVE('',#7973,#7973,#7974,.T.);
#6751=EDGE_CURVE('',#7975,#7975,#7976,.T.);
#6752=EDGE_CURVE('',#7977,#7977,#7978,.T.);
#6753=EDGE_CURVE('',#7979,#7979,#7980,.T.);
#6754=EDGE_CURVE('',#7981,#7981,#7982,.T.);
#6755=EDGE_CURVE('',#7983,#7983,#7984,.T.);
#6756=EDGE_CURVE('',#7985,#7985,#7986,.T.);
#6757=EDGE_CURVE('',#7987,#7987,#7988,.T.);
#6758=EDGE_CURVE('',#7989,#7989,#7990,.T.);
#6759=EDGE_CURVE('',#7991,#7991,#7992,.T.);
#6760=EDGE_CURVE('',#7993,#7993,#7994,.T.);
#6761=EDGE_CURVE('',#7995,#7995,#7996,.T.);
#6762=EDGE_CURVE('',#7997,#7997,#7998,.T.);
#6763=EDGE_CURVE('',#7999,#7999,#8000,.T.);
#6764=EDGE_CURVE('',#8001,#8001,#8002,.T.);
#6765=EDGE_CURVE('',#8003,#8003,#8004,.T.);
#6766=EDGE_CURVE('',#8005,#8005,#8006,.T.);
#6767=EDGE_CURVE('',#8007,#8007,#8008,.T.);
#6768=EDGE_CURVE('',#8009,#8009,#8010,.T.);
#6769=EDGE_CURVE('',#8011,#8011,#8012,.T.);
#6770=EDGE_CURVE('',#8013,#8013,#8014,.T.);
#6771=EDGE_CURVE('',#8015,#8015,#8016,.T.);
#6772=EDGE_CURVE('',#8017,#8017,#8018,.T.);
#6773=EDGE_CURVE('',#8019,#8019,#8020,.T.);
#6774=EDGE_CURVE('',#8021,#8021,#8022,.T.);
#6775=EDGE_CURVE('',#8023,#8023,#8024,.T.);
#6776=EDGE_CURVE('',#8025,#8025,#8026,.T.);
#6777=EDGE_CURVE('',#8027,#8027,#8028,.T.);
#6778=EDGE_CURVE('',#8029,#8029,#8030,.T.);
#6779=EDGE_CURVE('',#8031,#8031,#8032,.T.);
#6780=EDGE_CURVE('',#8033,#8033,#8034,.T.);
#6781=EDGE_CURVE('',#8035,#8035,#8036,.T.);
#6782=EDGE_CURVE('',#8037,#8037,#8038,.T.);
#6783=EDGE_CURVE('',#8039,#8039,#8040,.T.);
#6784=EDGE_CURVE('',#8041,#8041,#8042,.T.);
#6785=EDGE_CURVE('',#8043,#8043,#8044,.T.);
#6786=EDGE_CURVE('',#8045,#8045,#8046,.T.);
#6787=EDGE_CURVE('',#8047,#8047,#8048,.T.);
#6788=EDGE_CURVE('',#8049,#8049,#8050,.T.);
#6789=EDGE_CURVE('',#8051,#8051,#8052,.T.);
#6790=EDGE_CURVE('',#8053,#8053,#8054,.T.);
#6791=EDGE_CURVE('',#8055,#8055,#8056,.T.);
#6792=EDGE_CURVE('',#8057,#8057,#8058,.T.);
#6793=EDGE_CURVE('',#8059,#8059,#8060,.T.);
#6794=EDGE_CURVE('',#8061,#8061,#8062,.T.);
#6795=EDGE_CURVE('',#8063,#8063,#8064,.T.);
#6796=EDGE_CURVE('',#8065,#8065,#8066,.T.);
#6797=EDGE_CURVE('',#8067,#8067,#8068,.T.);
#6798=EDGE_CURVE('',#8069,#8069,#8070,.T.);
#6799=EDGE_CURVE('',#8071,#8071,#8072,.T.);
#6800=EDGE_CURVE('',#8073,#8073,#8074,.T.);
#6801=EDGE_CURVE('',#8075,#8075,#8076,.T.);
#6802=EDGE_CURVE('',#8077,#8077,#8078,.T.);
#6803=EDGE_CURVE('',#8079,#8079,#8080,.T.);
#6804=EDGE_CURVE('',#8081,#8081,#8082,.T.);
#6805=EDGE_CURVE('',#8083,#8083,#8084,.T.);
#6806=EDGE_CURVE('',#8085,#8085,#8086,.T.);
#6807=EDGE_CURVE('',#8087,#8087,#8088,.T.);
#6808=EDGE_CURVE('',#8089,#8089,#8090,.T.);
#6809=EDGE_CURVE('',#8091,#8091,#8092,.T.);
#6810=EDGE_CURVE('',#8093,#8093,#8094,.T.);
#6811=EDGE_CURVE('',#8095,#8095,#8096,.T.);
#6812=EDGE_CURVE('',#8097,#8097,#8098,.T.);
#6813=EDGE_CURVE('',#8099,#8099,#8100,.T.);
#6814=EDGE_CURVE('',#8101,#8101,#8102,.T.);
#6815=EDGE_CURVE('',#8103,#8103,#8104,.T.);
#6816=EDGE_CURVE('',#8105,#8105,#8106,.T.);
#6817=EDGE_CURVE('',#8107,#8107,#8108,.T.);
#6818=EDGE_CURVE('',#8109,#8109,#8110,.T.);
#6819=EDGE_CURVE('',#8111,#8111,#8112,.T.);
#6820=EDGE_CURVE('',#8113,#8113,#8114,.T.);
#6821=EDGE_CURVE('',#8115,#8115,#8116,.T.);
#6822=EDGE_CURVE('',#8117,#8117,#8118,.T.);
#6823=EDGE_CURVE('',#8119,#8119,#8120,.T.);
#6824=EDGE_CURVE('',#8121,#8121,#8122,.T.);
#6825=EDGE_CURVE('',#8123,#8123,#8124,.T.);
#6826=EDGE_CURVE('',#8125,#8125,#8126,.T.);
#6827=EDGE_CURVE('',#8127,#8127,#8128,.T.);
#6828=EDGE_CURVE('',#8129,#8129,#8130,.T.);
#6829=EDGE_CURVE('',#8131,#8131,#8132,.T.);
#6830=EDGE_CURVE('',#8133,#8133,#8134,.T.);
#6831=EDGE_CURVE('',#8135,#8135,#8136,.T.);
#6832=EDGE_CURVE('',#8137,#8137,#8138,.T.);
#6833=EDGE_CURVE('',#8139,#8139,#8140,.T.);
#6834=EDGE_CURVE('',#8141,#8141,#8142,.T.);
#6835=EDGE_CURVE('',#8143,#8143,#8144,.T.);
#6836=EDGE_CURVE('',#8145,#8145,#8146,.T.);
#6837=EDGE_CURVE('',#8147,#8147,#8148,.T.);
#6838=EDGE_CURVE('',#8149,#8149,#8150,.T.);
#6839=EDGE_CURVE('',#8151,#8151,#8152,.T.);
#6840=EDGE_CURVE('',#8153,#8153,#8154,.T.);
#6841=EDGE_CURVE('',#8155,#8155,#8156,.T.);
#6842=EDGE_CURVE('',#8157,#8157,#8158,.T.);
#6843=EDGE_CURVE('',#8159,#8159,#8160,.T.);
#6844=EDGE_CURVE('',#8161,#8161,#8162,.T.);
#6845=EDGE_CURVE('',#8163,#8163,#8164,.T.);
#6846=EDGE_CURVE('',#8165,#8165,#8166,.T.);
#6847=EDGE_CURVE('',#8167,#8167,#8168,.T.);
#6848=EDGE_CURVE('',#8169,#8169,#8170,.T.);
#6849=EDGE_CURVE('',#8171,#8171,#8172,.T.);
#6850=EDGE_CURVE('',#8173,#8173,#8174,.T.);
#6851=EDGE_CURVE('',#8175,#8175,#8176,.T.);
#6852=EDGE_CURVE('',#8177,#8177,#8178,.T.);
#6853=EDGE_CURVE('',#8179,#8179,#8180,.T.);
#6854=EDGE_CURVE('',#8181,#8181,#8182,.T.);
#6855=EDGE_CURVE('',#8183,#8183,#8184,.T.);
#6856=EDGE_CURVE('',#8185,#8185,#8186,.T.);
#6857=EDGE_CURVE('',#8187,#8187,#8188,.T.);
#6858=EDGE_CURVE('',#8189,#8189,#8190,.T.);
#6859=EDGE_CURVE('',#8191,#8191,#8192,.T.);
#6860=EDGE_CURVE('',#8193,#8193,#8194,.T.);
#6861=EDGE_CURVE('',#8195,#8195,#8196,.T.);
#6862=EDGE_CURVE('',#8197,#8197,#8198,.T.);
#6863=EDGE_CURVE('',#8199,#8199,#8200,.T.);
#6864=EDGE_CURVE('',#8201,#8201,#8202,.T.);
#6865=EDGE_CURVE('',#8203,#8203,#8204,.T.);
#6866=EDGE_CURVE('',#8205,#8205,#8206,.T.);
#6867=EDGE_CURVE('',#8207,#8207,#8208,.T.);
#6868=EDGE_CURVE('',#8209,#8209,#8210,.T.);
#6869=EDGE_CURVE('',#8211,#8211,#8212,.T.);
#6870=EDGE_CURVE('',#8213,#8213,#8214,.T.);
#6871=EDGE_CURVE('',#8215,#8215,#8216,.T.);
#6872=EDGE_CURVE('',#8217,#8217,#8218,.T.);
#6873=EDGE_CURVE('',#8219,#8219,#8220,.T.);
#6874=EDGE_CURVE('',#8221,#8221,#8222,.T.);
#6875=EDGE_CURVE('',#8223,#8223,#8224,.T.);
#6876=EDGE_CURVE('',#8225,#8225,#8226,.T.);
#6877=EDGE_CURVE('',#8227,#8227,#8228,.T.);
#6878=EDGE_CURVE('',#8229,#8229,#8230,.T.);
#6879=EDGE_CURVE('',#8231,#8231,#8232,.T.);
#6880=EDGE_CURVE('',#8233,#8233,#8234,.T.);
#6881=EDGE_CURVE('',#8235,#8235,#8236,.T.);
#6882=EDGE_CURVE('',#8237,#8237,#8238,.T.);
#6883=EDGE_CURVE('',#8239,#8239,#8240,.T.);
#6884=EDGE_CURVE('',#8241,#8241,#8242,.T.);
#6885=EDGE_CURVE('',#8243,#8243,#8244,.T.);
#6886=EDGE_CURVE('',#8245,#8245,#8246,.T.);
#6887=EDGE_CURVE('',#8247,#8247,#8248,.T.);
#6888=EDGE_CURVE('',#8249,#8249,#8250,.T.);
#6889=EDGE_CURVE('',#8251,#8251,#8252,.T.);
#6890=EDGE_CURVE('',#8253,#8253,#8254,.T.);
#6891=EDGE_CURVE('',#8255,#8255,#8256,.T.);
#6892=EDGE_CURVE('',#8257,#8257,#8258,.T.);
#6893=EDGE_CURVE('',#8259,#8259,#8260,.T.);
#6894=EDGE_CURVE('',#8261,#8261,#8262,.T.);
#6895=EDGE_CURVE('',#8263,#8263,#8264,.T.);
#6896=EDGE_CURVE('',#8265,#8265,#8266,.T.);
#6897=EDGE_CURVE('',#8267,#8267,#8268,.T.);
#6898=EDGE_CURVE('',#8269,#8269,#8270,.T.);
#6899=EDGE_CURVE('',#8271,#8271,#8272,.T.);
#6900=EDGE_CURVE('',#8273,#8274,#8275,.T.);
#6901=EDGE_CURVE('',#8274,#8276,#8277,.T.);
#6902=EDGE_CURVE('',#8278,#8276,#8279,.T.);
#6903=EDGE_CURVE('',#8278,#8273,#8280,.T.);
#6904=EDGE_CURVE('',#8281,#8282,#8283,.T.);
#6905=EDGE_CURVE('',#8282,#8284,#8285,.T.);
#6906=EDGE_CURVE('',#8284,#8286,#8287,.T.);
#6907=EDGE_CURVE('',#8281,#8286,#8288,.T.);
#6908=EDGE_CURVE('',#8289,#8290,#8291,.T.);
#6909=EDGE_CURVE('',#8290,#8292,#8293,.T.);
#6910=EDGE_CURVE('',#8292,#8294,#8295,.T.);
#6911=EDGE_CURVE('',#8289,#8294,#8296,.T.);
#6912=EDGE_CURVE('',#8297,#8298,#8299,.T.);
#6913=EDGE_CURVE('',#8298,#8300,#8301,.T.);
#6914=EDGE_CURVE('',#8302,#8300,#8303,.T.);
#6915=EDGE_CURVE('',#8302,#8297,#8304,.T.);
#6916=EDGE_CURVE('',#8305,#8306,#8307,.T.);
#6917=EDGE_CURVE('',#8308,#8306,#8309,.T.);
#6918=EDGE_CURVE('',#8310,#8308,#8311,.T.);
#6919=EDGE_CURVE('',#8305,#8310,#8312,.T.);
#6920=EDGE_CURVE('',#8313,#8314,#8315,.T.);
#6921=EDGE_CURVE('',#8314,#8316,#8317,.T.);
#6922=EDGE_CURVE('',#8316,#8318,#8319,.T.);
#6923=EDGE_CURVE('',#8318,#8313,#8320,.T.);
#6924=EDGE_CURVE('',#8321,#8321,#8322,.F.);
#6925=EDGE_CURVE('',#8278,#7586,#8323,.T.);
#6926=EDGE_CURVE('',#8273,#7587,#8324,.T.);
#6927=EDGE_CURVE('',#8276,#7589,#8325,.T.);
#6928=EDGE_CURVE('',#8274,#7591,#8326,.T.);
#6929=EDGE_CURVE('',#8286,#7595,#8327,.T.);
#6930=EDGE_CURVE('',#8281,#7594,#8328,.T.);
#6931=EDGE_CURVE('',#8284,#7597,#8329,.T.);
#6932=EDGE_CURVE('',#8282,#7599,#8330,.T.);
#6933=EDGE_CURVE('',#8294,#7603,#8331,.T.);
#6934=EDGE_CURVE('',#8289,#7602,#8332,.T.);
#6935=EDGE_CURVE('',#8292,#7605,#8333,.T.);
#6936=EDGE_CURVE('',#8290,#7607,#8334,.T.);
#6937=EDGE_CURVE('',#8302,#7610,#8335,.T.);
#6938=EDGE_CURVE('',#8297,#7611,#8336,.T.);
#6939=EDGE_CURVE('',#8300,#7613,#8337,.T.);
#6940=EDGE_CURVE('',#8298,#7615,#8338,.T.);
#6941=EDGE_CURVE('',#8310,#7619,#8339,.T.);
#6942=EDGE_CURVE('',#8305,#7618,#8340,.T.);
#6943=EDGE_CURVE('',#8308,#7621,#8341,.T.);
#6944=EDGE_CURVE('',#8306,#7623,#8342,.T.);
#6945=EDGE_CURVE('',#8318,#7626,#8343,.T.);
#6946=EDGE_CURVE('',#8313,#7627,#8344,.T.);
#6947=EDGE_CURVE('',#8316,#7629,#8345,.T.);
#6948=EDGE_CURVE('',#8314,#7631,#8346,.T.);
#6949=VERTEX_POINT('',#8347);
#6950=CIRCLE('',#8348,260.);
#6951=VERTEX_POINT('',#8352);
#6952=CIRCLE('',#8353,15.);
#6953=VERTEX_POINT('',#8357);
#6954=CIRCLE('',#8358,15.);
#6955=VERTEX_POINT('',#8362);
#6956=CIRCLE('',#8363,15.);
#6957=VERTEX_POINT('',#8367);
#6958=CIRCLE('',#8368,15.);
#6959=VERTEX_POINT('',#8372);
#6960=CIRCLE('',#8373,15.);
#6961=VERTEX_POINT('',#8377);
#6962=CIRCLE('',#8378,15.);
#6963=VERTEX_POINT('',#8382);
#6964=CIRCLE('',#8383,15.);
#6965=VERTEX_POINT('',#8387);
#6966=CIRCLE('',#8388,1.5);
#6967=VERTEX_POINT('',#8392);
#6968=CIRCLE('',#8393,1.5);
#6969=VERTEX_POINT('',#8397);
#6970=CIRCLE('',#8398,1.5);
#6971=VERTEX_POINT('',#8402);
#6972=CIRCLE('',#8403,1.5);
#6973=VERTEX_POINT('',#8407);
#6974=CIRCLE('',#8408,1.5);
#6975=VERTEX_POINT('',#8412);
#6976=CIRCLE('',#8413,1.5);
#6977=VERTEX_POINT('',#8417);
#6978=CIRCLE('',#8418,1.5);
#6979=VERTEX_POINT('',#8422);
#6980=CIRCLE('',#8423,1.5);
#6981=VERTEX_POINT('',#8427);
#6982=CIRCLE('',#8428,1.5);
#6983=VERTEX_POINT('',#8432);
#6984=CIRCLE('',#8433,1.5);
#6985=VERTEX_POINT('',#8437);
#6986=CIRCLE('',#8438,1.5);
#6987=VERTEX_POINT('',#8442);
#6988=CIRCLE('',#8443,1.5);
#6989=VERTEX_POINT('',#8447);
#6990=CIRCLE('',#8448,1.5);
#6991=VERTEX_POINT('',#8452);
#6992=CIRCLE('',#8453,1.5);
#6993=VERTEX_POINT('',#8457);
#6994=CIRCLE('',#8458,1.5);
#6995=VERTEX_POINT('',#8462);
#6996=CIRCLE('',#8463,1.5);
#6997=VERTEX_POINT('',#8467);
#6998=CIRCLE('',#8468,1.5);
#6999=VERTEX_POINT('',#8472);
#7000=CIRCLE('',#8473,1.5);
#7001=VERTEX_POINT('',#8477);
#7002=CIRCLE('',#8478,1.5);
#7003=VERTEX_POINT('',#8482);
#7004=CIRCLE('',#8483,1.5);
#7005=VERTEX_POINT('',#8487);
#7006=CIRCLE('',#8488,1.5);
#7007=VERTEX_POINT('',#8492);
#7008=CIRCLE('',#8493,1.5);
#7009=VERTEX_POINT('',#8497);
#7010=CIRCLE('',#8498,1.5);
#7011=VERTEX_POINT('',#8502);
#7012=CIRCLE('',#8503,1.5);
#7013=VERTEX_POINT('',#8507);
#7014=CIRCLE('',#8508,1.5);
#7015=VERTEX_POINT('',#8512);
#7016=CIRCLE('',#8513,1.5);
#7017=VERTEX_POINT('',#8517);
#7018=CIRCLE('',#8518,1.5);
#7019=VERTEX_POINT('',#8522);
#7020=CIRCLE('',#8523,1.5);
#7021=VERTEX_POINT('',#8527);
#7022=CIRCLE('',#8528,1.5);
#7023=VERTEX_POINT('',#8532);
#7024=CIRCLE('',#8533,1.5);
#7025=VERTEX_POINT('',#8537);
#7026=CIRCLE('',#8538,1.5);
#7027=VERTEX_POINT('',#8542);
#7028=CIRCLE('',#8543,1.5);
#7029=VERTEX_POINT('',#8547);
#7030=CIRCLE('',#8548,1.5);
#7031=VERTEX_POINT('',#8552);
#7032=CIRCLE('',#8553,1.5);
#7033=VERTEX_POINT('',#8557);
#7034=CIRCLE('',#8558,1.5);
#7035=VERTEX_POINT('',#8562);
#7036=CIRCLE('',#8563,1.5);
#7037=VERTEX_POINT('',#8567);
#7038=CIRCLE('',#8568,1.5);
#7039=VERTEX_POINT('',#8572);
#7040=CIRCLE('',#8573,1.5);
#7041=VERTEX_POINT('',#8577);
#7042=CIRCLE('',#8578,1.5);
#7043=VERTEX_POINT('',#8582);
#7044=CIRCLE('',#8583,1.5);
#7045=VERTEX_POINT('',#8587);
#7046=CIRCLE('',#8588,1.5);
#7047=VERTEX_POINT('',#8592);
#7048=CIRCLE('',#8593,1.5);
#7049=VERTEX_POINT('',#8597);
#7050=CIRCLE('',#8598,1.5);
#7051=VERTEX_POINT('',#8602);
#7052=CIRCLE('',#8603,1.5);
#7053=VERTEX_POINT('',#8607);
#7054=CIRCLE('',#8608,1.5);
#7055=VERTEX_POINT('',#8612);
#7056=CIRCLE('',#8613,1.5);
#7057=VERTEX_POINT('',#8617);
#7058=CIRCLE('',#8618,1.5);
#7059=VERTEX_POINT('',#8622);
#7060=CIRCLE('',#8623,1.5);
#7061=VERTEX_POINT('',#8627);
#7062=CIRCLE('',#8628,1.5);
#7063=VERTEX_POINT('',#8632);
#7064=CIRCLE('',#8633,1.5);
#7065=VERTEX_POINT('',#8637);
#7066=CIRCLE('',#8638,1.5);
#7067=VERTEX_POINT('',#8642);
#7068=CIRCLE('',#8643,1.5);
#7069=VERTEX_POINT('',#8647);
#7070=CIRCLE('',#8648,1.5);
#7071=VERTEX_POINT('',#8652);
#7072=CIRCLE('',#8653,1.5);
#7073=VERTEX_POINT('',#8657);
#7074=CIRCLE('',#8658,1.5);
#7075=VERTEX_POINT('',#8662);
#7076=CIRCLE('',#8663,1.5);
#7077=VERTEX_POINT('',#8667);
#7078=CIRCLE('',#8668,1.5);
#7079=VERTEX_POINT('',#8672);
#7080=CIRCLE('',#8673,1.5);
#7081=VERTEX_POINT('',#8677);
#7082=CIRCLE('',#8678,1.5);
#7083=VERTEX_POINT('',#8682);
#7084=CIRCLE('',#8683,1.5);
#7085=VERTEX_POINT('',#8687);
#7086=CIRCLE('',#8688,1.5);
#7087=VERTEX_POINT('',#8692);
#7088=CIRCLE('',#8693,1.5);
#7089=VERTEX_POINT('',#8697);
#7090=CIRCLE('',#8698,1.5);
#7091=VERTEX_POINT('',#8702);
#7092=CIRCLE('',#8703,1.5);
#7093=VERTEX_POINT('',#8707);
#7094=CIRCLE('',#8708,1.5);
#7095=VERTEX_POINT('',#8712);
#7096=CIRCLE('',#8713,1.5);
#7097=VERTEX_POINT('',#8717);
#7098=CIRCLE('',#8718,1.5);
#7099=VERTEX_POINT('',#8722);
#7100=CIRCLE('',#8723,1.5);
#7101=VERTEX_POINT('',#8727);
#7102=CIRCLE('',#8728,1.5);
#7103=VERTEX_POINT('',#8732);
#7104=CIRCLE('',#8733,1.5);
#7105=VERTEX_POINT('',#8737);
#7106=CIRCLE('',#8738,1.5);
#7107=VERTEX_POINT('',#8742);
#7108=CIRCLE('',#8743,1.5);
#7109=VERTEX_POINT('',#8747);
#7110=CIRCLE('',#8748,1.5);
#7111=VERTEX_POINT('',#8752);
#7112=CIRCLE('',#8753,1.5);
#7113=VERTEX_POINT('',#8757);
#7114=CIRCLE('',#8758,1.5);
#7115=VERTEX_POINT('',#8762);
#7116=CIRCLE('',#8763,1.5);
#7117=VERTEX_POINT('',#8767);
#7118=CIRCLE('',#8768,1.5);
#7119=VERTEX_POINT('',#8772);
#7120=CIRCLE('',#8773,1.5);
#7121=CIRCLE('',#8777,1.5);
#7122=VERTEX_POINT('',#8781);
#7123=CIRCLE('',#8782,1.5);
#7124=VERTEX_POINT('',#8786);
#7125=CIRCLE('',#8787,1.5);
#7126=VERTEX_POINT('',#8791);
#7127=CIRCLE('',#8792,1.5);
#7128=VERTEX_POINT('',#8796);
#7129=CIRCLE('',#8797,1.5);
#7130=VERTEX_POINT('',#8801);
#7131=CIRCLE('',#8802,1.5);
#7132=VERTEX_POINT('',#8806);
#7133=CIRCLE('',#8807,1.5);
#7134=VERTEX_POINT('',#8811);
#7135=CIRCLE('',#8812,1.5);
#7136=VERTEX_POINT('',#8816);
#7137=CIRCLE('',#8817,1.5);
#7138=VERTEX_POINT('',#8821);
#7139=CIRCLE('',#8822,1.5);
#7140=VERTEX_POINT('',#8826);
#7141=CIRCLE('',#8827,1.5);
#7142=VERTEX_POINT('',#8831);
#7143=CIRCLE('',#8832,1.5);
#7144=VERTEX_POINT('',#8836);
#7145=CIRCLE('',#8837,1.5);
#7146=VERTEX_POINT('',#8841);
#7147=CIRCLE('',#8842,1.5);
#7148=VERTEX_POINT('',#8846);
#7149=CIRCLE('',#8847,1.5);
#7150=VERTEX_POINT('',#8851);
#7151=CIRCLE('',#8852,1.5);
#7152=VERTEX_POINT('',#8856);
#7153=CIRCLE('',#8857,1.5);
#7154=VERTEX_POINT('',#8861);
#7155=CIRCLE('',#8862,1.5);
#7156=VERTEX_POINT('',#8866);
#7157=CIRCLE('',#8867,1.5);
#7158=VERTEX_POINT('',#8871);
#7159=CIRCLE('',#8872,1.5);
#7160=VERTEX_POINT('',#8876);
#7161=CIRCLE('',#8877,1.5);
#7162=VERTEX_POINT('',#8881);
#7163=CIRCLE('',#8882,1.5);
#7164=VERTEX_POINT('',#8886);
#7165=CIRCLE('',#8887,1.5);
#7166=VERTEX_POINT('',#8891);
#7167=CIRCLE('',#8892,1.5);
#7168=VERTEX_POINT('',#8896);
#7169=CIRCLE('',#8897,1.5);
#7170=VERTEX_POINT('',#8901);
#7171=CIRCLE('',#8902,1.5);
#7172=VERTEX_POINT('',#8906);
#7173=CIRCLE('',#8907,1.5);
#7174=VERTEX_POINT('',#8911);
#7175=CIRCLE('',#8912,1.5);
#7176=VERTEX_POINT('',#8916);
#7177=CIRCLE('',#8917,1.5);
#7178=VERTEX_POINT('',#8921);
#7179=CIRCLE('',#8922,1.5);
#7180=VERTEX_POINT('',#8926);
#7181=CIRCLE('',#8927,1.5);
#7182=VERTEX_POINT('',#8931);
#7183=CIRCLE('',#8932,1.5);
#7184=VERTEX_POINT('',#8936);
#7185=CIRCLE('',#8937,1.5);
#7186=VERTEX_POINT('',#8941);
#7187=CIRCLE('',#8942,1.5);
#7188=VERTEX_POINT('',#8946);
#7189=CIRCLE('',#8947,1.5);
#7190=VERTEX_POINT('',#8951);
#7191=CIRCLE('',#8952,1.5);
#7192=VERTEX_POINT('',#8956);
#7193=CIRCLE('',#8957,1.5);
#7194=VERTEX_POINT('',#8961);
#7195=CIRCLE('',#8962,1.5);
#7196=VERTEX_POINT('',#8966);
#7197=CIRCLE('',#8967,1.5);
#7198=VERTEX_POINT('',#8971);
#7199=CIRCLE('',#8972,1.5);
#7200=VERTEX_POINT('',#8976);
#7201=CIRCLE('',#8977,1.5);
#7202=VERTEX_POINT('',#8981);
#7203=CIRCLE('',#8982,1.5);
#7204=VERTEX_POINT('',#8986);
#7205=CIRCLE('',#8987,1.5);
#7206=VERTEX_POINT('',#8991);
#7207=CIRCLE('',#8992,1.5);
#7208=VERTEX_POINT('',#8996);
#7209=CIRCLE('',#8997,1.5);
#7210=VERTEX_POINT('',#9001);
#7211=CIRCLE('',#9002,1.5);
#7212=VERTEX_POINT('',#9006);
#7213=CIRCLE('',#9007,1.5);
#7214=VERTEX_POINT('',#9011);
#7215=CIRCLE('',#9012,1.5);
#7216=VERTEX_POINT('',#9016);
#7217=CIRCLE('',#9017,1.5);
#7218=VERTEX_POINT('',#9021);
#7219=CIRCLE('',#9022,1.5);
#7220=VERTEX_POINT('',#9026);
#7221=CIRCLE('',#9027,1.5);
#7222=VERTEX_POINT('',#9031);
#7223=CIRCLE('',#9032,1.5);
#7224=VERTEX_POINT('',#9036);
#7225=CIRCLE('',#9037,1.5);
#7226=VERTEX_POINT('',#9041);
#7227=CIRCLE('',#9042,1.5);
#7228=VERTEX_POINT('',#9046);
#7229=CIRCLE('',#9047,1.5);
#7230=VERTEX_POINT('',#9051);
#7231=CIRCLE('',#9052,1.5);
#7232=VERTEX_POINT('',#9056);
#7233=CIRCLE('',#9057,1.5);
#7234=VERTEX_POINT('',#9061);
#7235=CIRCLE('',#9062,1.5);
#7236=VERTEX_POINT('',#9066);
#7237=CIRCLE('',#9067,1.5);
#7238=VERTEX_POINT('',#9071);
#7239=CIRCLE('',#9072,1.5);
#7240=VERTEX_POINT('',#9076);
#7241=CIRCLE('',#9077,1.5);
#7242=VERTEX_POINT('',#9081);
#7243=CIRCLE('',#9082,1.5);
#7244=VERTEX_POINT('',#9086);
#7245=CIRCLE('',#9087,1.5);
#7246=VERTEX_POINT('',#9091);
#7247=CIRCLE('',#9092,1.5);
#7248=VERTEX_POINT('',#9096);
#7249=CIRCLE('',#9097,1.5);
#7250=VERTEX_POINT('',#9101);
#7251=CIRCLE('',#9102,1.5);
#7252=VERTEX_POINT('',#9106);
#7253=CIRCLE('',#9107,1.5);
#7254=VERTEX_POINT('',#9111);
#7255=CIRCLE('',#9112,1.5);
#7256=VERTEX_POINT('',#9116);
#7257=CIRCLE('',#9117,1.5);
#7258=VERTEX_POINT('',#9121);
#7259=CIRCLE('',#9122,1.5);
#7260=VERTEX_POINT('',#9126);
#7261=CIRCLE('',#9127,1.5);
#7262=VERTEX_POINT('',#9131);
#7263=CIRCLE('',#9132,1.5);
#7264=VERTEX_POINT('',#9136);
#7265=CIRCLE('',#9137,1.5);
#7266=VERTEX_POINT('',#9141);
#7267=CIRCLE('',#9142,1.5);
#7268=VERTEX_POINT('',#9146);
#7269=CIRCLE('',#9147,1.5);
#7270=VERTEX_POINT('',#9151);
#7271=CIRCLE('',#9152,1.5);
#7272=VERTEX_POINT('',#9156);
#7273=CIRCLE('',#9157,1.5);
#7274=VERTEX_POINT('',#9161);
#7275=CIRCLE('',#9162,1.5);
#7276=VERTEX_POINT('',#9166);
#7277=CIRCLE('',#9167,1.5);
#7278=VERTEX_POINT('',#9171);
#7279=CIRCLE('',#9172,1.5);
#7280=VERTEX_POINT('',#9176);
#7281=CIRCLE('',#9177,1.5);
#7282=VERTEX_POINT('',#9181);
#7283=CIRCLE('',#9182,1.5);
#7284=VERTEX_POINT('',#9186);
#7285=CIRCLE('',#9187,1.5);
#7286=VERTEX_POINT('',#9191);
#7287=CIRCLE('',#9192,1.5);
#7288=VERTEX_POINT('',#9196);
#7289=CIRCLE('',#9197,1.5);
#7290=VERTEX_POINT('',#9201);
#7291=CIRCLE('',#9202,1.5);
#7292=VERTEX_POINT('',#9206);
#7293=CIRCLE('',#9207,1.5);
#7294=VERTEX_POINT('',#9211);
#7295=CIRCLE('',#9212,1.5);
#7296=VERTEX_POINT('',#9216);
#7297=CIRCLE('',#9217,1.5);
#7298=VERTEX_POINT('',#9221);
#7299=CIRCLE('',#9222,1.5);
#7300=VERTEX_POINT('',#9226);
#7301=CIRCLE('',#9227,1.5);
#7302=VERTEX_POINT('',#9231);
#7303=CIRCLE('',#9232,1.5);
#7304=VERTEX_POINT('',#9236);
#7305=CIRCLE('',#9237,1.5);
#7306=VERTEX_POINT('',#9241);
#7307=CIRCLE('',#9242,1.5);
#7308=VERTEX_POINT('',#9246);
#7309=CIRCLE('',#9247,1.5);
#7310=VERTEX_POINT('',#9251);
#7311=CIRCLE('',#9252,1.5);
#7312=VERTEX_POINT('',#9256);
#7313=CIRCLE('',#9257,1.5);
#7314=VERTEX_POINT('',#9261);
#7315=CIRCLE('',#9262,1.5);
#7316=VERTEX_POINT('',#9266);
#7317=CIRCLE('',#9267,1.5);
#7318=VERTEX_POINT('',#9271);
#7319=CIRCLE('',#9272,1.5);
#7320=VERTEX_POINT('',#9276);
#7321=CIRCLE('',#9277,1.5);
#7322=VERTEX_POINT('',#9281);
#7323=CIRCLE('',#9282,1.5);
#7324=VERTEX_POINT('',#9286);
#7325=CIRCLE('',#9287,1.5);
#7326=VERTEX_POINT('',#9291);
#7327=CIRCLE('',#9292,1.5);
#7328=VERTEX_POINT('',#9296);
#7329=CIRCLE('',#9297,1.5);
#7330=VERTEX_POINT('',#9301);
#7331=CIRCLE('',#9302,1.5);
#7332=VERTEX_POINT('',#9306);
#7333=CIRCLE('',#9307,1.5);
#7334=VERTEX_POINT('',#9311);
#7335=CIRCLE('',#9312,1.5);
#7336=VERTEX_POINT('',#9316);
#7337=CIRCLE('',#9317,1.5);
#7338=VERTEX_POINT('',#9321);
#7339=CIRCLE('',#9322,1.5);
#7340=VERTEX_POINT('',#9326);
#7341=CIRCLE('',#9327,1.5);
#7342=VERTEX_POINT('',#9331);
#7343=CIRCLE('',#9332,1.5);
#7344=VERTEX_POINT('',#9336);
#7345=CIRCLE('',#9337,1.5);
#7346=VERTEX_POINT('',#9341);
#7347=CIRCLE('',#9342,1.5);
#7348=VERTEX_POINT('',#9346);
#7349=CIRCLE('',#9347,1.5);
#7350=VERTEX_POINT('',#9351);
#7351=CIRCLE('',#9352,1.5);
#7352=VERTEX_POINT('',#9356);
#7353=CIRCLE('',#9357,1.5);
#7354=VERTEX_POINT('',#9361);
#7355=CIRCLE('',#9362,1.5);
#7356=VERTEX_POINT('',#9366);
#7357=CIRCLE('',#9367,1.5);
#7358=VERTEX_POINT('',#9371);
#7359=CIRCLE('',#9372,1.5);
#7360=VERTEX_POINT('',#9376);
#7361=CIRCLE('',#9377,1.5);
#7362=VERTEX_POINT('',#9381);
#7363=CIRCLE('',#9382,1.5);
#7364=VERTEX_POINT('',#9386);
#7365=CIRCLE('',#9387,1.5);
#7366=VERTEX_POINT('',#9391);
#7367=CIRCLE('',#9392,1.5);
#7368=VERTEX_POINT('',#9396);
#7369=CIRCLE('',#9397,1.5);
#7370=VERTEX_POINT('',#9401);
#7371=CIRCLE('',#9402,1.5);
#7372=VERTEX_POINT('',#9406);
#7373=CIRCLE('',#9407,1.5);
#7374=VERTEX_POINT('',#9411);
#7375=CIRCLE('',#9412,1.5);
#7376=VERTEX_POINT('',#9416);
#7377=CIRCLE('',#9417,1.5);
#7378=VERTEX_POINT('',#9421);
#7379=CIRCLE('',#9422,1.5);
#7380=VERTEX_POINT('',#9426);
#7381=CIRCLE('',#9427,1.5);
#7382=VERTEX_POINT('',#9431);
#7383=CIRCLE('',#9432,1.5);
#7384=VERTEX_POINT('',#9436);
#7385=CIRCLE('',#9437,1.5);
#7386=VERTEX_POINT('',#9441);
#7387=CIRCLE('',#9442,1.5);
#7388=VERTEX_POINT('',#9446);
#7389=CIRCLE('',#9447,1.5);
#7390=VERTEX_POINT('',#9451);
#7391=CIRCLE('',#9452,2.5);
#7392=VERTEX_POINT('',#9456);
#7393=CIRCLE('',#9457,2.5);
#7394=VERTEX_POINT('',#9461);
#7395=CIRCLE('',#9462,2.5);
#7396=VERTEX_POINT('',#9466);
#7397=CIRCLE('',#9467,2.5);
#7398=VERTEX_POINT('',#9471);
#7399=CIRCLE('',#9472,2.5);
#7400=VERTEX_POINT('',#9476);
#7401=CIRCLE('',#9477,2.5);
#7402=VERTEX_POINT('',#9481);
#7403=CIRCLE('',#9482,2.5);
#7404=VERTEX_POINT('',#9486);
#7405=CIRCLE('',#9487,2.5);
#7406=VERTEX_POINT('',#9491);
#7407=CIRCLE('',#9492,2.5);
#7408=VERTEX_POINT('',#9496);
#7409=CIRCLE('',#9497,2.5);
#7410=VERTEX_POINT('',#9501);
#7411=CIRCLE('',#9502,2.5);
#7412=VERTEX_POINT('',#9506);
#7413=CIRCLE('',#9507,2.5);
#7414=VERTEX_POINT('',#9511);
#7415=CIRCLE('',#9512,2.5);
#7416=VERTEX_POINT('',#9516);
#7417=CIRCLE('',#9517,2.5);
#7418=VERTEX_POINT('',#9521);
#7419=CIRCLE('',#9522,4.);
#7420=VERTEX_POINT('',#9526);
#7421=CIRCLE('',#9527,4.);
#7422=VERTEX_POINT('',#9531);
#7423=CIRCLE('',#9532,4.);
#7424=VERTEX_POINT('',#9536);
#7425=CIRCLE('',#9537,4.);
#7426=VERTEX_POINT('',#9541);
#7427=CIRCLE('',#9542,4.);
#7428=VERTEX_POINT('',#9546);
#7429=CIRCLE('',#9547,4.);
#7430=VERTEX_POINT('',#9551);
#7431=CIRCLE('',#9552,4.);
#7432=VERTEX_POINT('',#9556);
#7433=CIRCLE('',#9557,4.);
#7434=VERTEX_POINT('',#9561);
#7435=CIRCLE('',#9562,4.);
#7436=VERTEX_POINT('',#9566);
#7437=CIRCLE('',#9567,4.);
#7438=VERTEX_POINT('',#9571);
#7439=CIRCLE('',#9572,4.);
#7440=VERTEX_POINT('',#9576);
#7441=CIRCLE('',#9577,4.);
#7442=VERTEX_POINT('',#9581);
#7443=CIRCLE('',#9582,4.);
#7444=VERTEX_POINT('',#9586);
#7445=CIRCLE('',#9587,4.);
#7446=VERTEX_POINT('',#9591);
#7447=CIRCLE('',#9592,4.);
#7448=VERTEX_POINT('',#9596);
#7449=CIRCLE('',#9597,4.);
#7450=VERTEX_POINT('',#9601);
#7451=CIRCLE('',#9602,4.);
#7452=VERTEX_POINT('',#9606);
#7453=CIRCLE('',#9607,4.);
#7454=VERTEX_POINT('',#9611);
#7455=CIRCLE('',#9612,4.);
#7456=VERTEX_POINT('',#9616);
#7457=CIRCLE('',#9617,4.);
#7458=VERTEX_POINT('',#9621);
#7459=CIRCLE('',#9622,4.);
#7460=VERTEX_POINT('',#9626);
#7461=CIRCLE('',#9627,4.);
#7462=VERTEX_POINT('',#9631);
#7463=CIRCLE('',#9632,4.);
#7464=VERTEX_POINT('',#9636);
#7465=CIRCLE('',#9637,4.);
#7466=VERTEX_POINT('',#9641);
#7467=CIRCLE('',#9642,4.);
#7468=VERTEX_POINT('',#9646);
#7469=CIRCLE('',#9647,4.);
#7470=VERTEX_POINT('',#9651);
#7471=CIRCLE('',#9652,4.);
#7472=VERTEX_POINT('',#9656);
#7473=CIRCLE('',#9657,4.);
#7474=VERTEX_POINT('',#9661);
#7475=CIRCLE('',#9662,4.);
#7476=VERTEX_POINT('',#9666);
#7477=CIRCLE('',#9667,4.);
#7478=VERTEX_POINT('',#9671);
#7479=CIRCLE('',#9672,4.);
#7480=VERTEX_POINT('',#9676);
#7481=CIRCLE('',#9677,4.);
#7482=VERTEX_POINT('',#9681);
#7483=CIRCLE('',#9682,4.);
#7484=VERTEX_POINT('',#9686);
#7485=CIRCLE('',#9687,4.);
#7486=VERTEX_POINT('',#9691);
#7487=CIRCLE('',#9692,4.);
#7488=VERTEX_POINT('',#9696);
#7489=CIRCLE('',#9697,4.);
#7490=VERTEX_POINT('',#9701);
#7491=CIRCLE('',#9702,4.);
#7492=VERTEX_POINT('',#9706);
#7493=CIRCLE('',#9707,4.);
#7494=VERTEX_POINT('',#9711);
#7495=CIRCLE('',#9712,4.);
#7496=VERTEX_POINT('',#9716);
#7497=CIRCLE('',#9717,4.);
#7498=VERTEX_POINT('',#9721);
#7499=CIRCLE('',#9722,4.);
#7500=VERTEX_POINT('',#9726);
#7501=CIRCLE('',#9727,4.);
#7502=VERTEX_POINT('',#9731);
#7503=CIRCLE('',#9732,4.);
#7504=VERTEX_POINT('',#9736);
#7505=CIRCLE('',#9737,4.);
#7506=VERTEX_POINT('',#9741);
#7507=CIRCLE('',#9742,4.);
#7508=VERTEX_POINT('',#9746);
#7509=CIRCLE('',#9747,4.);
#7510=VERTEX_POINT('',#9751);
#7511=CIRCLE('',#9752,4.);
#7512=VERTEX_POINT('',#9756);
#7513=CIRCLE('',#9757,4.);
#7514=VERTEX_POINT('',#9761);
#7515=CIRCLE('',#9762,4.);
#7516=VERTEX_POINT('',#9766);
#7517=CIRCLE('',#9767,4.);
#7518=VERTEX_POINT('',#9771);
#7519=CIRCLE('',#9772,4.);
#7520=VERTEX_POINT('',#9776);
#7521=CIRCLE('',#9777,4.);
#7522=VERTEX_POINT('',#9781);
#7523=CIRCLE('',#9782,4.);
#7524=VERTEX_POINT('',#9786);
#7525=CIRCLE('',#9787,4.);
#7526=VERTEX_POINT('',#9791);
#7527=CIRCLE('',#9792,4.);
#7528=VERTEX_POINT('',#9796);
#7529=CIRCLE('',#9797,4.);
#7530=VERTEX_POINT('',#9801);
#7531=CIRCLE('',#9802,4.);
#7532=VERTEX_POINT('',#9806);
#7533=CIRCLE('',#9807,4.);
#7534=VERTEX_POINT('',#9811);
#7535=CIRCLE('',#9812,4.);
#7536=VERTEX_POINT('',#9816);
#7537=CIRCLE('',#9817,4.);
#7538=VERTEX_POINT('',#9821);
#7539=CIRCLE('',#9822,4.);
#7540=VERTEX_POINT('',#9826);
#7541=CIRCLE('',#9827,4.);
#7542=VERTEX_POINT('',#9831);
#7543=CIRCLE('',#9832,4.);
#7544=VERTEX_POINT('',#9836);
#7545=CIRCLE('',#9837,4.);
#7546=VERTEX_POINT('',#9841);
#7547=CIRCLE('',#9842,4.);
#7548=VERTEX_POINT('',#9846);
#7549=CIRCLE('',#9847,4.);
#7550=VERTEX_POINT('',#9851);
#7551=CIRCLE('',#9852,4.);
#7552=VERTEX_POINT('',#9856);
#7553=CIRCLE('',#9857,4.);
#7554=VERTEX_POINT('',#9861);
#7555=CIRCLE('',#9862,4.);
#7556=VERTEX_POINT('',#9866);
#7557=CIRCLE('',#9867,4.);
#7558=VERTEX_POINT('',#9871);
#7559=CIRCLE('',#9872,4.);
#7560=VERTEX_POINT('',#9876);
#7561=CIRCLE('',#9877,4.);
#7562=VERTEX_POINT('',#9881);
#7563=CIRCLE('',#9882,4.);
#7564=VERTEX_POINT('',#9886);
#7565=CIRCLE('',#9887,4.);
#7566=VERTEX_POINT('',#9891);
#7567=CIRCLE('',#9892,4.);
#7568=VERTEX_POINT('',#9896);
#7569=CIRCLE('',#9897,4.);
#7570=VERTEX_POINT('',#9901);
#7571=CIRCLE('',#9902,4.);
#7572=VERTEX_POINT('',#9906);
#7573=CIRCLE('',#9907,4.);
#7574=VERTEX_POINT('',#9911);
#7575=CIRCLE('',#9912,4.);
#7576=VERTEX_POINT('',#9916);
#7577=CIRCLE('',#9917,4.);
#7578=VERTEX_POINT('',#9921);
#7579=CIRCLE('',#9922,4.);
#7580=VERTEX_POINT('',#9926);
#7581=CIRCLE('',#9927,4.);
#7582=VERTEX_POINT('',#9931);
#7583=CIRCLE('',#9932,4.);
#7584=VERTEX_POINT('',#9936);
#7585=CIRCLE('',#9937,4.);
#7586=VERTEX_POINT('',#9941);
#7587=VERTEX_POINT('',#9942);
#7588=LINE('',#9943,#9944);
#7589=VERTEX_POINT('',#9946);
#7590=LINE('',#9947,#9948);
#7591=VERTEX_POINT('',#9950);
#7592=LINE('',#9951,#9952);
#7593=LINE('',#9954,#9955);
#7594=VERTEX_POINT('',#9957);
#7595=VERTEX_POINT('',#9958);
#7596=LINE('',#9959,#9960);
#7597=VERTEX_POINT('',#9962);
#7598=LINE('',#9963,#9964);
#7599=VERTEX_POINT('',#9966);
#7600=LINE('',#9967,#9968);
#7601=LINE('',#9970,#9971);
#7602=VERTEX_POINT('',#9973);
#7603=VERTEX_POINT('',#9974);
#7604=LINE('',#9975,#9976);
#7605=VERTEX_POINT('',#9978);
#7606=LINE('',#9979,#9980);
#7607=VERTEX_POINT('',#9982);
#7608=LINE('',#9983,#9984);
#7609=LINE('',#9986,#9987);
#7610=VERTEX_POINT('',#9989);
#7611=VERTEX_POINT('',#9990);
#7612=LINE('',#9991,#9992);
#7613=VERTEX_POINT('',#9994);
#7614=LINE('',#9995,#9996);
#7615=VERTEX_POINT('',#9998);
#7616=LINE('',#9999,#10000);
#7617=LINE('',#10002,#10003);
#7618=VERTEX_POINT('',#10005);
#7619=VERTEX_POINT('',#10006);
#7620=LINE('',#10007,#10008);
#7621=VERTEX_POINT('',#10010);
#7622=LINE('',#10011,#10012);
#7623=VERTEX_POINT('',#10014);
#7624=LINE('',#10015,#10016);
#7625=LINE('',#10018,#10019);
#7626=VERTEX_POINT('',#10021);
#7627=VERTEX_POINT('',#10022);
#7628=LINE('',#10023,#10024);
#7629=VERTEX_POINT('',#10026);
#7630=LINE('',#10027,#10028);
#7631=VERTEX_POINT('',#10030);
#7632=LINE('',#10031,#10032);
#7633=LINE('',#10034,#10035);
#7634=VERTEX_POINT('',#10037);
#7635=CIRCLE('',#10038,15.);
#7636=VERTEX_POINT('',#10042);
#7637=CIRCLE('',#10043,260.);
#7638=VERTEX_POINT('',#10047);
#7639=CIRCLE('',#10048,15.);
#7640=VERTEX_POINT('',#10052);
#7641=CIRCLE('',#10053,15.);
#7642=VERTEX_POINT('',#10057);
#7643=CIRCLE('',#10058,15.);
#7644=VERTEX_POINT('',#10062);
#7645=CIRCLE('',#10063,15.);
#7646=VERTEX_POINT('',#10067);
#7647=CIRCLE('',#10068,15.);
#7648=VERTEX_POINT('',#10072);
#7649=CIRCLE('',#10073,15.);
#7650=VERTEX_POINT('',#10077);
#7651=CIRCLE('',#10078,15.);
#7652=VERTEX_POINT('',#10082);
#7653=CIRCLE('',#10083,1.5);
#7654=VERTEX_POINT('',#10087);
#7655=CIRCLE('',#10088,1.5);
#7656=VERTEX_POINT('',#10092);
#7657=CIRCLE('',#10093,1.5);
#7658=VERTEX_POINT('',#10097);
#7659=CIRCLE('',#10098,1.5);
#7660=VERTEX_POINT('',#10102);
#7661=CIRCLE('',#10103,1.5);
#7662=VERTEX_POINT('',#10107);
#7663=CIRCLE('',#10108,1.5);
#7664=VERTEX_POINT('',#10112);
#7665=CIRCLE('',#10113,1.5);
#7666=VERTEX_POINT('',#10117);
#7667=CIRCLE('',#10118,1.5);
#7668=VERTEX_POINT('',#10122);
#7669=CIRCLE('',#10123,1.5);
#7670=VERTEX_POINT('',#10127);
#7671=CIRCLE('',#10128,1.5);
#7672=VERTEX_POINT('',#10132);
#7673=CIRCLE('',#10133,1.5);
#7674=VERTEX_POINT('',#10137);
#7675=CIRCLE('',#10138,1.5);
#7676=VERTEX_POINT('',#10142);
#7677=CIRCLE('',#10143,1.5);
#7678=VERTEX_POINT('',#10147);
#7679=CIRCLE('',#10148,1.5);
#7680=VERTEX_POINT('',#10152);
#7681=CIRCLE('',#10153,1.5);
#7682=VERTEX_POINT('',#10157);
#7683=CIRCLE('',#10158,1.5);
#7684=VERTEX_POINT('',#10162);
#7685=CIRCLE('',#10163,1.5);
#7686=VERTEX_POINT('',#10167);
#7687=CIRCLE('',#10168,1.5);
#7688=VERTEX_POINT('',#10172);
#7689=CIRCLE('',#10173,1.5);
#7690=VERTEX_POINT('',#10177);
#7691=CIRCLE('',#10178,1.5);
#7692=VERTEX_POINT('',#10182);
#7693=CIRCLE('',#10183,1.5);
#7694=VERTEX_POINT('',#10187);
#7695=CIRCLE('',#10188,1.5);
#7696=VERTEX_POINT('',#10192);
#7697=CIRCLE('',#10193,1.5);
#7698=VERTEX_POINT('',#10197);
#7699=CIRCLE('',#10198,1.5);
#7700=VERTEX_POINT('',#10202);
#7701=CIRCLE('',#10203,1.5);
#7702=VERTEX_POINT('',#10207);
#7703=CIRCLE('',#10208,1.5);
#7704=VERTEX_POINT('',#10212);
#7705=CIRCLE('',#10213,1.5);
#7706=VERTEX_POINT('',#10217);
#7707=CIRCLE('',#10218,1.5);
#7708=VERTEX_POINT('',#10222);
#7709=CIRCLE('',#10223,1.5);
#7710=VERTEX_POINT('',#10227);
#7711=CIRCLE('',#10228,1.5);
#7712=VERTEX_POINT('',#10232);
#7713=CIRCLE('',#10233,1.5);
#7714=VERTEX_POINT('',#10237);
#7715=CIRCLE('',#10238,1.5);
#7716=VERTEX_POINT('',#10242);
#7717=CIRCLE('',#10243,1.5);
#7718=VERTEX_POINT('',#10247);
#7719=CIRCLE('',#10248,1.5);
#7720=VERTEX_POINT('',#10252);
#7721=CIRCLE('',#10253,1.5);
#7722=VERTEX_POINT('',#10257);
#7723=CIRCLE('',#10258,1.5);
#7724=VERTEX_POINT('',#10262);
#7725=CIRCLE('',#10263,1.5);
#7726=VERTEX_POINT('',#10267);
#7727=CIRCLE('',#10268,1.5);
#7728=VERTEX_POINT('',#10272);
#7729=CIRCLE('',#10273,1.5);
#7730=VERTEX_POINT('',#10277);
#7731=CIRCLE('',#10278,1.5);
#7732=VERTEX_POINT('',#10282);
#7733=CIRCLE('',#10283,1.5);
#7734=VERTEX_POINT('',#10287);
#7735=CIRCLE('',#10288,1.5);
#7736=VERTEX_POINT('',#10292);
#7737=CIRCLE('',#10293,1.5);
#7738=VERTEX_POINT('',#10297);
#7739=CIRCLE('',#10298,1.5);
#7740=VERTEX_POINT('',#10302);
#7741=CIRCLE('',#10303,1.5);
#7742=VERTEX_POINT('',#10307);
#7743=CIRCLE('',#10308,1.5);
#7744=VERTEX_POINT('',#10312);
#7745=CIRCLE('',#10313,1.5);
#7746=VERTEX_POINT('',#10317);
#7747=CIRCLE('',#10318,1.5);
#7748=VERTEX_POINT('',#10322);
#7749=CIRCLE('',#10323,1.5);
#7750=VERTEX_POINT('',#10327);
#7751=CIRCLE('',#10328,1.5);
#7752=VERTEX_POINT('',#10332);
#7753=CIRCLE('',#10333,1.5);
#7754=VERTEX_POINT('',#10337);
#7755=CIRCLE('',#10338,1.5);
#7756=VERTEX_POINT('',#10342);
#7757=CIRCLE('',#10343,1.5);
#7758=VERTEX_POINT('',#10347);
#7759=CIRCLE('',#10348,1.5);
#7760=VERTEX_POINT('',#10352);
#7761=CIRCLE('',#10353,1.5);
#7762=VERTEX_POINT('',#10357);
#7763=CIRCLE('',#10358,1.5);
#7764=VERTEX_POINT('',#10362);
#7765=CIRCLE('',#10363,1.5);
#7766=VERTEX_POINT('',#10367);
#7767=CIRCLE('',#10368,1.5);
#7768=VERTEX_POINT('',#10372);
#7769=CIRCLE('',#10373,1.5);
#7770=VERTEX_POINT('',#10377);
#7771=CIRCLE('',#10378,1.5);
#7772=VERTEX_POINT('',#10382);
#7773=CIRCLE('',#10383,1.5);
#7774=VERTEX_POINT('',#10387);
#7775=CIRCLE('',#10388,1.5);
#7776=VERTEX_POINT('',#10392);
#7777=CIRCLE('',#10393,1.5);
#7778=VERTEX_POINT('',#10397);
#7779=CIRCLE('',#10398,1.5);
#7780=VERTEX_POINT('',#10402);
#7781=CIRCLE('',#10403,1.5);
#7782=VERTEX_POINT('',#10407);
#7783=CIRCLE('',#10408,1.5);
#7784=VERTEX_POINT('',#10412);
#7785=CIRCLE('',#10413,1.5);
#7786=VERTEX_POINT('',#10417);
#7787=CIRCLE('',#10418,1.5);
#7788=VERTEX_POINT('',#10422);
#7789=CIRCLE('',#10423,1.5);
#7790=VERTEX_POINT('',#10427);
#7791=CIRCLE('',#10428,1.5);
#7792=VERTEX_POINT('',#10432);
#7793=CIRCLE('',#10433,1.5);
#7794=VERTEX_POINT('',#10437);
#7795=CIRCLE('',#10438,1.5);
#7796=VERTEX_POINT('',#10442);
#7797=CIRCLE('',#10443,1.5);
#7798=VERTEX_POINT('',#10447);
#7799=CIRCLE('',#10448,1.5);
#7800=VERTEX_POINT('',#10452);
#7801=CIRCLE('',#10453,1.5);
#7802=VERTEX_POINT('',#10457);
#7803=CIRCLE('',#10458,1.5);
#7804=VERTEX_POINT('',#10462);
#7805=CIRCLE('',#10463,1.5);
#7806=VERTEX_POINT('',#10467);
#7807=CIRCLE('',#10468,1.5);
#7808=CIRCLE('',#10472,1.5);
#7809=VERTEX_POINT('',#10476);
#7810=CIRCLE('',#10477,1.5);
#7811=VERTEX_POINT('',#10481);
#7812=CIRCLE('',#10482,1.5);
#7813=VERTEX_POINT('',#10486);
#7814=CIRCLE('',#10487,1.5);
#7815=VERTEX_POINT('',#10491);
#7816=CIRCLE('',#10492,1.5);
#7817=VERTEX_POINT('',#10496);
#7818=CIRCLE('',#10497,1.5);
#7819=VERTEX_POINT('',#10501);
#7820=CIRCLE('',#10502,1.5);
#7821=VERTEX_POINT('',#10506);
#7822=CIRCLE('',#10507,1.5);
#7823=VERTEX_POINT('',#10511);
#7824=CIRCLE('',#10512,1.5);
#7825=VERTEX_POINT('',#10516);
#7826=CIRCLE('',#10517,1.5);
#7827=VERTEX_POINT('',#10521);
#7828=CIRCLE('',#10522,1.5);
#7829=VERTEX_POINT('',#10526);
#7830=CIRCLE('',#10527,1.5);
#7831=VERTEX_POINT('',#10531);
#7832=CIRCLE('',#10532,1.5);
#7833=VERTEX_POINT('',#10536);
#7834=CIRCLE('',#10537,1.5);
#7835=VERTEX_POINT('',#10541);
#7836=CIRCLE('',#10542,1.5);
#7837=VERTEX_POINT('',#10546);
#7838=CIRCLE('',#10547,1.5);
#7839=VERTEX_POINT('',#10551);
#7840=CIRCLE('',#10552,1.5);
#7841=VERTEX_POINT('',#10556);
#7842=CIRCLE('',#10557,1.5);
#7843=VERTEX_POINT('',#10561);
#7844=CIRCLE('',#10562,1.5);
#7845=VERTEX_POINT('',#10566);
#7846=CIRCLE('',#10567,1.5);
#7847=VERTEX_POINT('',#10571);
#7848=CIRCLE('',#10572,1.5);
#7849=VERTEX_POINT('',#10576);
#7850=CIRCLE('',#10577,1.5);
#7851=VERTEX_POINT('',#10581);
#7852=CIRCLE('',#10582,1.5);
#7853=VERTEX_POINT('',#10586);
#7854=CIRCLE('',#10587,1.5);
#7855=VERTEX_POINT('',#10591);
#7856=CIRCLE('',#10592,1.5);
#7857=VERTEX_POINT('',#10596);
#7858=CIRCLE('',#10597,1.5);
#7859=VERTEX_POINT('',#10601);
#7860=CIRCLE('',#10602,1.5);
#7861=VERTEX_POINT('',#10606);
#7862=CIRCLE('',#10607,1.5);
#7863=VERTEX_POINT('',#10611);
#7864=CIRCLE('',#10612,1.5);
#7865=VERTEX_POINT('',#10616);
#7866=CIRCLE('',#10617,1.5);
#7867=VERTEX_POINT('',#10621);
#7868=CIRCLE('',#10622,1.5);
#7869=VERTEX_POINT('',#10626);
#7870=CIRCLE('',#10627,1.5);
#7871=VERTEX_POINT('',#10631);
#7872=CIRCLE('',#10632,1.5);
#7873=VERTEX_POINT('',#10636);
#7874=CIRCLE('',#10637,1.5);
#7875=VERTEX_POINT('',#10641);
#7876=CIRCLE('',#10642,1.5);
#7877=VERTEX_POINT('',#10646);
#7878=CIRCLE('',#10647,1.5);
#7879=VERTEX_POINT('',#10651);
#7880=CIRCLE('',#10652,1.5);
#7881=VERTEX_POINT('',#10656);
#7882=CIRCLE('',#10657,1.5);
#7883=VERTEX_POINT('',#10661);
#7884=CIRCLE('',#10662,1.5);
#7885=VERTEX_POINT('',#10666);
#7886=CIRCLE('',#10667,1.5);
#7887=VERTEX_POINT('',#10671);
#7888=CIRCLE('',#10672,1.5);
#7889=VERTEX_POINT('',#10676);
#7890=CIRCLE('',#10677,1.5);
#7891=VERTEX_POINT('',#10681);
#7892=CIRCLE('',#10682,1.5);
#7893=VERTEX_POINT('',#10686);
#7894=CIRCLE('',#10687,1.5);
#7895=VERTEX_POINT('',#10691);
#7896=CIRCLE('',#10692,1.5);
#7897=VERTEX_POINT('',#10696);
#7898=CIRCLE('',#10697,1.5);
#7899=VERTEX_POINT('',#10701);
#7900=CIRCLE('',#10702,1.5);
#7901=VERTEX_POINT('',#10706);
#7902=CIRCLE('',#10707,1.5);
#7903=VERTEX_POINT('',#10711);
#7904=CIRCLE('',#10712,1.5);
#7905=VERTEX_POINT('',#10716);
#7906=CIRCLE('',#10717,1.5);
#7907=VERTEX_POINT('',#10721);
#7908=CIRCLE('',#10722,1.5);
#7909=VERTEX_POINT('',#10726);
#7910=CIRCLE('',#10727,1.5);
#7911=VERTEX_POINT('',#10731);
#7912=CIRCLE('',#10732,1.5);
#7913=VERTEX_POINT('',#10736);
#7914=CIRCLE('',#10737,1.5);
#7915=VERTEX_POINT('',#10741);
#7916=CIRCLE('',#10742,1.5);
#7917=VERTEX_POINT('',#10746);
#7918=CIRCLE('',#10747,1.5);
#7919=VERTEX_POINT('',#10751);
#7920=CIRCLE('',#10752,1.5);
#7921=VERTEX_POINT('',#10756);
#7922=CIRCLE('',#10757,1.5);
#7923=VERTEX_POINT('',#10761);
#7924=CIRCLE('',#10762,1.5);
#7925=VERTEX_POINT('',#10766);
#7926=CIRCLE('',#10767,1.5);
#7927=VERTEX_POINT('',#10771);
#7928=CIRCLE('',#10772,1.5);
#7929=VERTEX_POINT('',#10776);
#7930=CIRCLE('',#10777,1.5);
#7931=VERTEX_POINT('',#10781);
#7932=CIRCLE('',#10782,1.5);
#7933=VERTEX_POINT('',#10786);
#7934=CIRCLE('',#10787,1.5);
#7935=VERTEX_POINT('',#10791);
#7936=CIRCLE('',#10792,1.5);
#7937=VERTEX_POINT('',#10796);
#7938=CIRCLE('',#10797,1.5);
#7939=VERTEX_POINT('',#10801);
#7940=CIRCLE('',#10802,1.5);
#7941=VERTEX_POINT('',#10806);
#7942=CIRCLE('',#10807,1.5);
#7943=VERTEX_POINT('',#10811);
#7944=CIRCLE('',#10812,1.5);
#7945=VERTEX_POINT('',#10816);
#7946=CIRCLE('',#10817,1.5);
#7947=VERTEX_POINT('',#10821);
#7948=CIRCLE('',#10822,1.5);
#7949=VERTEX_POINT('',#10826);
#7950=CIRCLE('',#10827,1.5);
#7951=VERTEX_POINT('',#10831);
#7952=CIRCLE('',#10832,1.5);
#7953=VERTEX_POINT('',#10836);
#7954=CIRCLE('',#10837,1.5);
#7955=VERTEX_POINT('',#10841);
#7956=CIRCLE('',#10842,1.5);
#7957=VERTEX_POINT('',#10846);
#7958=CIRCLE('',#10847,1.5);
#7959=VERTEX_POINT('',#10851);
#7960=CIRCLE('',#10852,1.5);
#7961=VERTEX_POINT('',#10856);
#7962=CIRCLE('',#10857,1.5);
#7963=VERTEX_POINT('',#10861);
#7964=CIRCLE('',#10862,1.5);
#7965=VERTEX_POINT('',#10866);
#7966=CIRCLE('',#10867,1.5);
#7967=VERTEX_POINT('',#10871);
#7968=CIRCLE('',#10872,1.5);
#7969=VERTEX_POINT('',#10876);
#7970=CIRCLE('',#10877,1.5);
#7971=VERTEX_POINT('',#10881);
#7972=CIRCLE('',#10882,1.5);
#7973=VERTEX_POINT('',#10886);
#7974=CIRCLE('',#10887,1.5);
#7975=VERTEX_POINT('',#10891);
#7976=CIRCLE('',#10892,1.5);
#7977=VERTEX_POINT('',#10896);
#7978=CIRCLE('',#10897,1.5);
#7979=VERTEX_POINT('',#10901);
#7980=CIRCLE('',#10902,1.5);
#7981=VERTEX_POINT('',#10906);
#7982=CIRCLE('',#10907,1.5);
#7983=VERTEX_POINT('',#10911);
#7984=CIRCLE('',#10912,1.5);
#7985=VERTEX_POINT('',#10916);
#7986=CIRCLE('',#10917,1.5);
#7987=VERTEX_POINT('',#10921);
#7988=CIRCLE('',#10922,1.5);
#7989=VERTEX_POINT('',#10926);
#7990=CIRCLE('',#10927,1.5);
#7991=VERTEX_POINT('',#10931);
#7992=CIRCLE('',#10932,1.5);
#7993=VERTEX_POINT('',#10936);
#7994=CIRCLE('',#10937,1.5);
#7995=VERTEX_POINT('',#10941);
#7996=CIRCLE('',#10942,1.5);
#7997=VERTEX_POINT('',#10946);
#7998=CIRCLE('',#10947,1.5);
#7999=VERTEX_POINT('',#10951);
#8000=CIRCLE('',#10952,1.5);
#8001=VERTEX_POINT('',#10956);
#8002=CIRCLE('',#10957,1.5);
#8003=VERTEX_POINT('',#10961);
#8004=CIRCLE('',#10962,1.5);
#8005=VERTEX_POINT('',#10966);
#8006=CIRCLE('',#10967,1.5);
#8007=VERTEX_POINT('',#10971);
#8008=CIRCLE('',#10972,1.5);
#8009=VERTEX_POINT('',#10976);
#8010=CIRCLE('',#10977,1.5);
#8011=VERTEX_POINT('',#10981);
#8012=CIRCLE('',#10982,1.5);
#8013=VERTEX_POINT('',#10986);
#8014=CIRCLE('',#10987,1.5);
#8015=VERTEX_POINT('',#10991);
#8016=CIRCLE('',#10992,1.5);
#8017=VERTEX_POINT('',#10996);
#8018=CIRCLE('',#10997,1.5);
#8019=VERTEX_POINT('',#11001);
#8020=CIRCLE('',#11002,1.5);
#8021=VERTEX_POINT('',#11006);
#8022=CIRCLE('',#11007,1.5);
#8023=VERTEX_POINT('',#11011);
#8024=CIRCLE('',#11012,1.5);
#8025=VERTEX_POINT('',#11016);
#8026=CIRCLE('',#11017,1.5);
#8027=VERTEX_POINT('',#11021);
#8028=CIRCLE('',#11022,1.5);
#8029=VERTEX_POINT('',#11026);
#8030=CIRCLE('',#11027,1.5);
#8031=VERTEX_POINT('',#11031);
#8032=CIRCLE('',#11032,1.5);
#8033=VERTEX_POINT('',#11036);
#8034=CIRCLE('',#11037,1.5);
#8035=VERTEX_POINT('',#11041);
#8036=CIRCLE('',#11042,1.5);
#8037=VERTEX_POINT('',#11046);
#8038=CIRCLE('',#11047,1.5);
#8039=VERTEX_POINT('',#11051);
#8040=CIRCLE('',#11052,1.5);
#8041=VERTEX_POINT('',#11056);
#8042=CIRCLE('',#11057,1.5);
#8043=VERTEX_POINT('',#11061);
#8044=CIRCLE('',#11062,1.5);
#8045=VERTEX_POINT('',#11066);
#8046=CIRCLE('',#11067,1.5);
#8047=VERTEX_POINT('',#11071);
#8048=CIRCLE('',#11072,1.5);
#8049=VERTEX_POINT('',#11076);
#8050=CIRCLE('',#11077,1.5);
#8051=VERTEX_POINT('',#11081);
#8052=CIRCLE('',#11082,1.5);
#8053=VERTEX_POINT('',#11086);
#8054=CIRCLE('',#11087,1.5);
#8055=VERTEX_POINT('',#11091);
#8056=CIRCLE('',#11092,1.5);
#8057=VERTEX_POINT('',#11096);
#8058=CIRCLE('',#11097,1.5);
#8059=VERTEX_POINT('',#11101);
#8060=CIRCLE('',#11102,1.5);
#8061=VERTEX_POINT('',#11106);
#8062=CIRCLE('',#11107,1.5);
#8063=VERTEX_POINT('',#11111);
#8064=CIRCLE('',#11112,1.5);
#8065=VERTEX_POINT('',#11116);
#8066=CIRCLE('',#11117,1.5);
#8067=VERTEX_POINT('',#11121);
#8068=CIRCLE('',#11122,1.5);
#8069=VERTEX_POINT('',#11126);
#8070=CIRCLE('',#11127,1.5);
#8071=VERTEX_POINT('',#11131);
#8072=CIRCLE('',#11132,1.5);
#8073=VERTEX_POINT('',#11136);
#8074=CIRCLE('',#11137,1.5);
#8075=VERTEX_POINT('',#11141);
#8076=CIRCLE('',#11142,1.5);
#8077=VERTEX_POINT('',#11146);
#8078=CIRCLE('',#11147,2.5);
#8079=VERTEX_POINT('',#11151);
#8080=CIRCLE('',#11152,2.5);
#8081=VERTEX_POINT('',#11156);
#8082=CIRCLE('',#11157,2.5);
#8083=VERTEX_POINT('',#11161);
#8084=CIRCLE('',#11162,2.5);
#8085=VERTEX_POINT('',#11166);
#8086=CIRCLE('',#11167,2.5);
#8087=VERTEX_POINT('',#11171);
#8088=CIRCLE('',#11172,2.5);
#8089=VERTEX_POINT('',#11176);
#8090=CIRCLE('',#11177,2.5);
#8091=VERTEX_POINT('',#11181);
#8092=CIRCLE('',#11182,2.5);
#8093=VERTEX_POINT('',#11186);
#8094=CIRCLE('',#11187,2.5);
#8095=VERTEX_POINT('',#11191);
#8096=CIRCLE('',#11192,2.5);
#8097=VERTEX_POINT('',#11196);
#8098=CIRCLE('',#11197,2.5);
#8099=VERTEX_POINT('',#11201);
#8100=CIRCLE('',#11202,2.5);
#8101=VERTEX_POINT('',#11206);
#8102=CIRCLE('',#11207,2.5);
#8103=VERTEX_POINT('',#11211);
#8104=CIRCLE('',#11212,2.5);
#8105=VERTEX_POINT('',#11216);
#8106=CIRCLE('',#11217,4.);
#8107=VERTEX_POINT('',#11221);
#8108=CIRCLE('',#11222,4.);
#8109=VERTEX_POINT('',#11226);
#8110=CIRCLE('',#11227,4.);
#8111=VERTEX_POINT('',#11231);
#8112=CIRCLE('',#11232,4.);
#8113=VERTEX_POINT('',#11236);
#8114=CIRCLE('',#11237,4.);
#8115=VERTEX_POINT('',#11241);
#8116=CIRCLE('',#11242,4.);
#8117=VERTEX_POINT('',#11246);
#8118=CIRCLE('',#11247,4.);
#8119=VERTEX_POINT('',#11251);
#8120=CIRCLE('',#11252,4.);
#8121=VERTEX_POINT('',#11256);
#8122=CIRCLE('',#11257,4.);
#8123=VERTEX_POINT('',#11261);
#8124=CIRCLE('',#11262,4.);
#8125=VERTEX_POINT('',#11266);
#8126=CIRCLE('',#11267,4.);
#8127=VERTEX_POINT('',#11271);
#8128=CIRCLE('',#11272,4.);
#8129=VERTEX_POINT('',#11276);
#8130=CIRCLE('',#11277,4.);
#8131=VERTEX_POINT('',#11281);
#8132=CIRCLE('',#11282,4.);
#8133=VERTEX_POINT('',#11286);
#8134=CIRCLE('',#11287,4.);
#8135=VERTEX_POINT('',#11291);
#8136=CIRCLE('',#11292,4.);
#8137=VERTEX_POINT('',#11296);
#8138=CIRCLE('',#11297,4.);
#8139=VERTEX_POINT('',#11301);
#8140=CIRCLE('',#11302,4.);
#8141=VERTEX_POINT('',#11306);
#8142=CIRCLE('',#11307,4.);
#8143=VERTEX_POINT('',#11311);
#8144=CIRCLE('',#11312,4.);
#8145=VERTEX_POINT('',#11316);
#8146=CIRCLE('',#11317,4.);
#8147=VERTEX_POINT('',#11321);
#8148=CIRCLE('',#11322,4.);
#8149=VERTEX_POINT('',#11326);
#8150=CIRCLE('',#11327,4.);
#8151=VERTEX_POINT('',#11331);
#8152=CIRCLE('',#11332,4.);
#8153=VERTEX_POINT('',#11336);
#8154=CIRCLE('',#11337,4.);
#8155=VERTEX_POINT('',#11341);
#8156=CIRCLE('',#11342,4.);
#8157=VERTEX_POINT('',#11346);
#8158=CIRCLE('',#11347,4.);
#8159=VERTEX_POINT('',#11351);
#8160=CIRCLE('',#11352,4.);
#8161=VERTEX_POINT('',#11356);
#8162=CIRCLE('',#11357,4.);
#8163=VERTEX_POINT('',#11361);
#8164=CIRCLE('',#11362,4.);
#8165=VERTEX_POINT('',#11366);
#8166=CIRCLE('',#11367,4.);
#8167=VERTEX_POINT('',#11371);
#8168=CIRCLE('',#11372,4.);
#8169=VERTEX_POINT('',#11376);
#8170=CIRCLE('',#11377,4.);
#8171=VERTEX_POINT('',#11381);
#8172=CIRCLE('',#11382,4.);
#8173=VERTEX_POINT('',#11386);
#8174=CIRCLE('',#11387,4.);
#8175=VERTEX_POINT('',#11391);
#8176=CIRCLE('',#11392,4.);
#8177=VERTEX_POINT('',#11396);
#8178=CIRCLE('',#11397,4.);
#8179=VERTEX_POINT('',#11401);
#8180=CIRCLE('',#11402,4.);
#8181=VERTEX_POINT('',#11406);
#8182=CIRCLE('',#11407,4.);
#8183=VERTEX_POINT('',#11411);
#8184=CIRCLE('',#11412,4.);
#8185=VERTEX_POINT('',#11416);
#8186=CIRCLE('',#11417,4.);
#8187=VERTEX_POINT('',#11421);
#8188=CIRCLE('',#11422,4.);
#8189=VERTEX_POINT('',#11426);
#8190=CIRCLE('',#11427,4.);
#8191=VERTEX_POINT('',#11431);
#8192=CIRCLE('',#11432,4.);
#8193=VERTEX_POINT('',#11436);
#8194=CIRCLE('',#11437,4.);
#8195=VERTEX_POINT('',#11441);
#8196=CIRCLE('',#11442,4.);
#8197=VERTEX_POINT('',#11446);
#8198=CIRCLE('',#11447,4.);
#8199=VERTEX_POINT('',#11451);
#8200=CIRCLE('',#11452,4.);
#8201=VERTEX_POINT('',#11456);
#8202=CIRCLE('',#11457,4.);
#8203=VERTEX_POINT('',#11461);
#8204=CIRCLE('',#11462,4.);
#8205=VERTEX_POINT('',#11466);
#8206=CIRCLE('',#11467,4.);
#8207=VERTEX_POINT('',#11471);
#8208=CIRCLE('',#11472,4.);
#8209=VERTEX_POINT('',#11476);
#8210=CIRCLE('',#11477,4.);
#8211=VERTEX_POINT('',#11481);
#8212=CIRCLE('',#11482,4.);
#8213=VERTEX_POINT('',#11486);
#8214=CIRCLE('',#11487,4.);
#8215=VERTEX_POINT('',#11491);
#8216=CIRCLE('',#11492,4.);
#8217=VERTEX_POINT('',#11496);
#8218=CIRCLE('',#11497,4.);
#8219=VERTEX_POINT('',#11501);
#8220=CIRCLE('',#11502,4.);
#8221=VERTEX_POINT('',#11506);
#8222=CIRCLE('',#11507,4.);
#8223=VERTEX_POINT('',#11511);
#8224=CIRCLE('',#11512,4.);
#8225=VERTEX_POINT('',#11516);
#8226=CIRCLE('',#11517,4.);
#8227=VERTEX_POINT('',#11521);
#8228=CIRCLE('',#11522,4.);
#8229=VERTEX_POINT('',#11526);
#8230=CIRCLE('',#11527,4.);
#8231=VERTEX_POINT('',#11531);
#8232=CIRCLE('',#11532,4.);
#8233=VERTEX_POINT('',#11536);
#8234=CIRCLE('',#11537,4.);
#8235=VERTEX_POINT('',#11541);
#8236=CIRCLE('',#11542,4.);
#8237=VERTEX_POINT('',#11546);
#8238=CIRCLE('',#11547,4.);
#8239=VERTEX_POINT('',#11551);
#8240=CIRCLE('',#11552,4.);
#8241=VERTEX_POINT('',#11556);
#8242=CIRCLE('',#11557,4.);
#8243=VERTEX_POINT('',#11561);
#8244=CIRCLE('',#11562,4.);
#8245=VERTEX_POINT('',#11566);
#8246=CIRCLE('',#11567,4.);
#8247=VERTEX_POINT('',#11571);
#8248=CIRCLE('',#11572,4.);
#8249=VERTEX_POINT('',#11576);
#8250=CIRCLE('',#11577,4.);
#8251=VERTEX_POINT('',#11581);
#8252=CIRCLE('',#11582,4.);
#8253=VERTEX_POINT('',#11586);
#8254=CIRCLE('',#11587,4.);
#8255=VERTEX_POINT('',#11591);
#8256=CIRCLE('',#11592,4.);
#8257=VERTEX_POINT('',#11596);
#8258=CIRCLE('',#11597,4.);
#8259=VERTEX_POINT('',#11601);
#8260=CIRCLE('',#11602,4.);
#8261=VERTEX_POINT('',#11606);
#8262=CIRCLE('',#11607,4.);
#8263=VERTEX_POINT('',#11611);
#8264=CIRCLE('',#11612,4.);
#8265=VERTEX_POINT('',#11616);
#8266=CIRCLE('',#11617,4.);
#8267=VERTEX_POINT('',#11621);
#8268=CIRCLE('',#11622,4.);
#8269=VERTEX_POINT('',#11626);
#8270=CIRCLE('',#11627,4.);
#8271=VERTEX_POINT('',#11631);
#8272=CIRCLE('',#11632,4.);
#8273=VERTEX_POINT('',#11636);
#8274=VERTEX_POINT('',#11637);
#8275=LINE('',#11638,#11639);
#8276=VERTEX_POINT('',#11641);
#8277=LINE('',#11642,#11643);
#8278=VERTEX_POINT('',#11645);
#8279=LINE('',#11646,#11647);
#8280=LINE('',#11649,#11650);
#8281=VERTEX_POINT('',#11652);
#8282=VERTEX_POINT('',#11653);
#8283=LINE('',#11654,#11655);
#8284=VERTEX_POINT('',#11657);
#8285=LINE('',#11658,#11659);
#8286=VERTEX_POINT('',#11661);
#8287=LINE('',#11662,#11663);
#8288=LINE('',#11665,#11666);
#8289=VERTEX_POINT('',#11668);
#8290=VERTEX_POINT('',#11669);
#8291=LINE('',#11670,#11671);
#8292=VERTEX_POINT('',#11673);
#8293=LINE('',#11674,#11675);
#8294=VERTEX_POINT('',#11677);
#8295=LINE('',#11678,#11679);
#8296=LINE('',#11681,#11682);
#8297=VERTEX_POINT('',#11684);
#8298=VERTEX_POINT('',#11685);
#8299=LINE('',#11686,#11687);
#8300=VERTEX_POINT('',#11689);
#8301=LINE('',#11690,#11691);
#8302=VERTEX_POINT('',#11693);
#8303=LINE('',#11694,#11695);
#8304=LINE('',#11697,#11698);
#8305=VERTEX_POINT('',#11700);
#8306=VERTEX_POINT('',#11701);
#8307=LINE('',#11702,#11703);
#8308=VERTEX_POINT('',#11705);
#8309=LINE('',#11706,#11707);
#8310=VERTEX_POINT('',#11709);
#8311=LINE('',#11710,#11711);
#8312=LINE('',#11713,#11714);
#8313=VERTEX_POINT('',#11716);
#8314=VERTEX_POINT('',#11717);
#8315=LINE('',#11718,#11719);
#8316=VERTEX_POINT('',#11721);
#8317=LINE('',#11722,#11723);
#8318=VERTEX_POINT('',#11725);
#8319=LINE('',#11726,#11727);
#8320=LINE('',#11729,#11730);
#8321=VERTEX_POINT('',#11732);
#8322=CIRCLE('',#11733,15.);
#8323=LINE('',#11737,#11738);
#8324=LINE('',#11740,#11741);
#8325=LINE('',#11743,#11744);
#8326=LINE('',#11746,#11747);
#8327=LINE('',#11749,#11750);
#8328=LINE('',#11752,#11753);
#8329=LINE('',#11755,#11756);
#8330=LINE('',#11758,#11759);
#8331=LINE('',#11761,#11762);
#8332=LINE('',#11764,#11765);
#8333=LINE('',#11767,#11768);
#8334=LINE('',#11770,#11771);
#8335=LINE('',#11773,#11774);
#8336=LINE('',#11776,#11777);
#8337=LINE('',#11779,#11780);
#8338=LINE('',#11782,#11783);
#8339=LINE('',#11785,#11786);
#8340=LINE('',#11788,#11789);
#8341=LINE('',#11791,#11792);
#8342=LINE('',#11794,#11795);
#8343=LINE('',#11797,#11798);
#8344=LINE('',#11800,#11801);
#8345=LINE('',#11803,#11804);
#8346=LINE('',#11806,#11807);
#8347=CARTESIAN_POINT('',(260.00000002447,-1.92359976E-7,4.));
#8348=AXIS2_PLACEMENT_3D('',#8349,#8350,#8351);
#8349=CARTESIAN_POINT('',(2.44699546999999E-8,-1.92359975809131E-7,4.));
#8350=DIRECTION('',(0.,0.,1.));
#8351=DIRECTION('',(1.,0.,0.));
#8352=CARTESIAN_POINT('',(90.970122514465,183.408100109573,4.));
#8353=AXIS2_PLACEMENT_3D('',#8354,#8355,#8356);
#8354=CARTESIAN_POINT('',(80.3635207966668,194.014701827371,4.));
#8355=DIRECTION('',(0.,0.,-1.));
#8356=DIRECTION('',(0.707106781186548,-0.707106781186548,0.));
#8357=CARTESIAN_POINT('',(-65.3635207966709,194.014701827369,4.));
#8358=AXIS2_PLACEMENT_3D('',#8359,#8360,#8361);
#8359=CARTESIAN_POINT('',(-80.3635207966709,194.014701827369,4.));
#8360=DIRECTION('',(0.,0.,-1.));
#8361=DIRECTION('',(1.,0.,0.));
#8362=CARTESIAN_POINT('',(-183.408100109573,90.970122514465,4.));
#8363=AXIS2_PLACEMENT_3D('',#8364,#8365,#8366);
#8364=CARTESIAN_POINT('',(-194.014701827371,80.3635207966668,4.));
#8365=DIRECTION('',(0.,0.,-1.));
#8366=DIRECTION('',(0.707106781186548,0.707106781186548,0.));
#8367=CARTESIAN_POINT('',(-194.014701827369,-65.3635207966709,4.));
#8368=AXIS2_PLACEMENT_3D('',#8369,#8370,#8371);
#8369=CARTESIAN_POINT('',(-194.014701827369,-80.3635207966709,4.));
#8370=DIRECTION('',(0.,0.,-1.));
#8371=DIRECTION('',(0.,1.,0.));
#8372=CARTESIAN_POINT('',(-90.970122514465,-183.408100109573,4.));
#8373=AXIS2_PLACEMENT_3D('',#8374,#8375,#8376);
#8374=CARTESIAN_POINT('',(-80.3635207966668,-194.014701827371,4.));
#8375=DIRECTION('',(0.,0.,-1.));
#8376=DIRECTION('',(-0.707106781186548,0.707106781186548,0.));
#8377=CARTESIAN_POINT('',(65.3635207966709,-194.014701827369,4.));
#8378=AXIS2_PLACEMENT_3D('',#8379,#8380,#8381);
#8379=CARTESIAN_POINT('',(80.3635207966709,-194.014701827369,4.));
#8380=DIRECTION('',(0.,0.,-1.));
#8381=DIRECTION('',(-1.,0.,0.));
#8382=CARTESIAN_POINT('',(183.408100109573,-90.970122514465,4.));
#8383=AXIS2_PLACEMENT_3D('',#8384,#8385,#8386);
#8384=CARTESIAN_POINT('',(194.014701827371,-80.3635207966668,4.));
#8385=DIRECTION('',(0.,0.,-1.));
#8386=DIRECTION('',(-0.707106781186548,-0.707106781186548,0.));
#8387=CARTESIAN_POINT('',(-221.465843867609,6.92964645561308,4.));
#8388=AXIS2_PLACEMENT_3D('',#8389,#8390,#8391);
#8389=CARTESIAN_POINT('',(-220.405183695829,5.86898628383327,4.));
#8390=DIRECTION('',(0.,0.,-1.));
#8391=DIRECTION('',(-0.707106781186553,0.707106781186542,0.));
#8392=CARTESIAN_POINT('',(-191.060252276593,35.2139177030648,4.));
#8393=AXIS2_PLACEMENT_3D('',#8394,#8395,#8396);
#8394=CARTESIAN_POINT('',(-192.120912448372,34.1532575312849,4.));
#8395=DIRECTION('',(0.,0.,-1.));
#8396=DIRECTION('',(0.707106781186538,0.707106781186557,0.));
#8397=CARTESIAN_POINT('',(-152.169379311307,74.1047906683771,4.));
#8398=AXIS2_PLACEMENT_3D('',#8399,#8400,#8401);
#8399=CARTESIAN_POINT('',(-153.230039483086,73.0441304965973,4.));
#8400=DIRECTION('',(0.,0.,-1.));
#8401=DIRECTION('',(0.707106781186538,0.707106781186557,0.));
#8402=CARTESIAN_POINT('',(-135.19881656284,88.9540330732739,4.));
#8403=AXIS2_PLACEMENT_3D('',#8404,#8405,#8406);
#8404=CARTESIAN_POINT('',(-136.25947673462,90.0146932450537,4.));
#8405=DIRECTION('',(0.,0.,-1.));
#8406=DIRECTION('',(0.707106781186552,-0.707106781186543,0.));
#8407=CARTESIAN_POINT('',(-113.985613127254,67.7408296376568,4.));
#8408=AXIS2_PLACEMENT_3D('',#8409,#8410,#8411);
#8409=CARTESIAN_POINT('',(-115.046273299034,68.8014898094366,4.));
#8410=DIRECTION('',(0.,0.,-1.));
#8411=DIRECTION('',(0.707106781186552,-0.707106781186543,0.));
#8412=CARTESIAN_POINT('',(-130.956175875721,52.89158723276,4.));
#8413=AXIS2_PLACEMENT_3D('',#8414,#8415,#8416);
#8414=CARTESIAN_POINT('',(-132.0168360475,51.8309270609802,4.));
#8415=DIRECTION('',(0.,0.,-1.));
#8416=DIRECTION('',(0.707106781186538,0.707106781186557,0.));
#8417=CARTESIAN_POINT('',(-169.847048840996,14.0007142674685,4.));
#8418=AXIS2_PLACEMENT_3D('',#8419,#8420,#8421);
#8419=CARTESIAN_POINT('',(-170.907709012776,12.9400540956886,4.));
#8420=DIRECTION('',(0.,0.,-1.));
#8421=DIRECTION('',(0.707106781186538,0.707106781186557,0.));
#8422=CARTESIAN_POINT('',(-200.252640432012,-14.2835569799832,4.));
#8423=AXIS2_PLACEMENT_3D('',#8424,#8425,#8426);
#8424=CARTESIAN_POINT('',(-199.191980260232,-15.344217151763,4.));
#8425=DIRECTION('',(0.,0.,-1.));
#8426=DIRECTION('',(-0.707106781186552,0.707106781186543,0.));
#8427=CARTESIAN_POINT('',(-74.1046851087271,152.169408242902,4.));
#8428=AXIS2_PLACEMENT_3D('',#8429,#8430,#8431);
#8429=CARTESIAN_POINT('',(-73.0440238958067,153.230067373541,4.));
#8430=DIRECTION('',(0.,0.,-1.));
#8431=DIRECTION('',(-0.707107475280215,-0.707106087092199,0.));
#8432=CARTESIAN_POINT('',(-88.9539441718727,135.198860070418,4.));
#8433=AXIS2_PLACEMENT_3D('',#8434,#8435,#8436);
#8434=CARTESIAN_POINT('',(-90.014603302511,136.259521283338,4.));
#8435=DIRECTION('',(0.,0.,-1.));
#8436=DIRECTION('',(0.707106087092204,-0.70710747528021,0.));
#8437=CARTESIAN_POINT('',(-67.7407615591067,113.985635812012,4.));
#8438=AXIS2_PLACEMENT_3D('',#8439,#8440,#8441);
#8439=CARTESIAN_POINT('',(-68.801420689745,115.046297024932,4.));
#8440=DIRECTION('',(0.,0.,-1.));
#8441=DIRECTION('',(0.707106087092199,-0.707107475280215,0.));
#8442=CARTESIAN_POINT('',(-52.891502495961,130.956183984496,4.));
#8443=AXIS2_PLACEMENT_3D('',#8444,#8445,#8446);
#8444=CARTESIAN_POINT('',(-51.8308412830407,132.016843115134,4.));
#8445=DIRECTION('',(0.,0.,-1.));
#8446=DIRECTION('',(-0.707107475280212,-0.707106087092202,0.));
#8447=CARTESIAN_POINT('',(-35.2137739682841,191.060243032989,4.));
#8448=AXIS2_PLACEMENT_3D('',#8449,#8450,#8451);
#8449=CARTESIAN_POINT('',(-34.1531127553638,192.120902163627,4.));
#8450=DIRECTION('',(0.,0.,-1.));
#8451=DIRECTION('',(-0.707107475280212,-0.707106087092202,0.));
#8452=CARTESIAN_POINT('',(-14.0005913555181,169.847018774583,4.));
#8453=AXIS2_PLACEMENT_3D('',#8454,#8455,#8456);
#8454=CARTESIAN_POINT('',(-12.9399301425978,170.907677905221,4.));
#8455=DIRECTION('',(0.,0.,-1.));
#8456=DIRECTION('',(-0.707107475280213,-0.7071060870922,0.));
#8457=CARTESIAN_POINT('',(-6.92947287480407,221.465806860231,4.));
#8458=AXIS2_PLACEMENT_3D('',#8459,#8460,#8461);
#8459=CARTESIAN_POINT('',(-5.86881374416576,220.40514564731,4.));
#8460=DIRECTION('',(0.,0.,-1.));
#8461=DIRECTION('',(-0.707106087092205,0.707107475280209,0.));
#8462=CARTESIAN_POINT('',(14.283709737962,200.252582601824,4.));
#8463=AXIS2_PLACEMENT_3D('',#8464,#8465,#8466);
#8464=CARTESIAN_POINT('',(15.3443688686003,199.191921388904,4.));
#8465=DIRECTION('',(0.,0.,-1.));
#8466=DIRECTION('',(-0.707106087092205,0.707107475280209,0.));
#8467=CARTESIAN_POINT('',(113.985595753102,67.7406906783241,4.));
#8468=AXIS2_PLACEMENT_3D('',#8469,#8470,#8471);
#8469=CARTESIAN_POINT('',(115.046256810272,68.8013499647128,4.));
#8470=DIRECTION('',(0.,0.,-1.));
#8471=DIRECTION('',(-0.707107371446837,-0.707106190925765,0.));
#8472=CARTESIAN_POINT('',(135.198816896507,88.9538764060971,4.));
#8473=AXIS2_PLACEMENT_3D('',#8474,#8475,#8476);
#8474=CARTESIAN_POINT('',(136.259477953677,90.0145356924857,4.));
#8475=DIRECTION('',(0.,0.,-1.));
#8476=DIRECTION('',(-0.707107371446837,-0.707106190925765,0.));
#8477=CARTESIAN_POINT('',(152.169367249461,74.1046198348954,4.));
#8478=AXIS2_PLACEMENT_3D('',#8479,#8480,#8481);
#8479=CARTESIAN_POINT('',(153.230026535849,73.0439587777252,4.));
#8480=DIRECTION('',(0.,0.,-1.));
#8481=DIRECTION('',(-0.707106190925765,0.707107371446837,0.));
#8482=CARTESIAN_POINT('',(130.956146106055,52.8914341071225,4.));
#8483=AXIS2_PLACEMENT_3D('',#8484,#8485,#8486);
#8484=CARTESIAN_POINT('',(132.016805392444,51.8307730499522,4.));
#8485=DIRECTION('',(0.,0.,-1.));
#8486=DIRECTION('',(-0.707106190925763,0.70710737144684,0.));
#8487=CARTESIAN_POINT('',(169.846986607042,14.0005286776011,4.));
#8488=AXIS2_PLACEMENT_3D('',#8489,#8490,#8491);
#8489=CARTESIAN_POINT('',(170.907645893431,12.9398676204308,4.));
#8490=DIRECTION('',(0.,0.,-1.));
#8491=DIRECTION('',(-0.707106190925763,0.707107371446839,0.));
#8492=CARTESIAN_POINT('',(191.060207750447,35.2137144053741,4.));
#8493=AXIS2_PLACEMENT_3D('',#8494,#8495,#8496);
#8494=CARTESIAN_POINT('',(192.120867036836,34.1530533482038,4.));
#8495=DIRECTION('',(0.,0.,-1.));
#8496=DIRECTION('',(-0.707106190925763,0.70710737144684,0.));
#8497=CARTESIAN_POINT('',(221.465775731013,6.92941777670075,4.));
#8498=AXIS2_PLACEMENT_3D('',#8499,#8500,#8501);
#8499=CARTESIAN_POINT('',(220.405114673843,5.8687584903121,4.));
#8500=DIRECTION('',(0.,0.,-1.));
#8501=DIRECTION('',(0.707107371446835,0.707106190925767,0.));
#8502=CARTESIAN_POINT('',(200.252554587608,-14.2837679510722,4.));
#8503=AXIS2_PLACEMENT_3D('',#8504,#8505,#8506);
#8504=CARTESIAN_POINT('',(199.191893530438,-15.3444272374608,4.));
#8505=DIRECTION('',(0.,0.,-1.));
#8506=DIRECTION('',(0.707107371446835,0.707106190925767,0.));
#8507=CARTESIAN_POINT('',(-67.7408463756625,-113.98557306837,4.));
#8508=AXIS2_PLACEMENT_3D('',#8509,#8510,#8511);
#8509=CARTESIAN_POINT('',(-68.8015067031925,-115.0462330844,4.));
#8510=DIRECTION('',(0.,0.,-1.));
#8511=DIRECTION('',(0.707106885020002,0.707106677353078,0.));
#8512=CARTESIAN_POINT('',(-52.8916064627118,-130.956137997304,4.));
#8513=AXIS2_PLACEMENT_3D('',#8514,#8515,#8516);
#8514=CARTESIAN_POINT('',(-51.8309464466822,-132.016798324834,4.));
#8515=DIRECTION('',(0.,0.,-1.));
#8516=DIRECTION('',(-0.707106677353078,0.707106885020002,0.));
#8517=CARTESIAN_POINT('',(-88.9540529262625,-135.198773388963,4.));
#8518=AXIS2_PLACEMENT_3D('',#8519,#8520,#8521);
#8519=CARTESIAN_POINT('',(-90.0147132537926,-136.259433404992,4.));
#8520=DIRECTION('',(0.,0.,-1.));
#8521=DIRECTION('',(0.707106885020007,0.707106677353073,0.));
#8522=CARTESIAN_POINT('',(-74.1048130133119,-152.169338317896,4.));
#8523=AXIS2_PLACEMENT_3D('',#8524,#8525,#8526);
#8524=CARTESIAN_POINT('',(-73.0441529972823,-153.229998645426,4.));
#8525=DIRECTION('',(0.,0.,-1.));
#8526=DIRECTION('',(-0.707106677353078,0.707106885020002,0.));
#8527=CARTESIAN_POINT('',(-14.0007392083473,-169.847016673473,4.));
#8528=AXIS2_PLACEMENT_3D('',#8529,#8530,#8531);
#8529=CARTESIAN_POINT('',(-12.9400791923177,-170.907677001003,4.));
#8530=DIRECTION('',(0.,0.,-1.));
#8531=DIRECTION('',(-0.707106677353078,0.707106885020002,0.));
#8532=CARTESIAN_POINT('',(-35.2139457589473,-191.060216994066,4.));
#8533=AXIS2_PLACEMENT_3D('',#8534,#8535,#8536);
#8534=CARTESIAN_POINT('',(-34.1532857429177,-192.120877321596,4.));
#8535=DIRECTION('',(0.,0.,-1.));
#8536=DIRECTION('',(-0.707106677353078,0.707106885020002,0.));
#8537=CARTESIAN_POINT('',(14.2835275742936,-200.25261241781,4.));
#8538=AXIS2_PLACEMENT_3D('',#8539,#8540,#8541);
#8539=CARTESIAN_POINT('',(15.3441879018236,-199.19195240178,4.));
#8540=DIRECTION('',(0.,0.,-1.));
#8541=DIRECTION('',(-0.707106885019998,-0.707106677353082,0.));
#8542=CARTESIAN_POINT('',(-6.92967897630644,-221.465812738402,4.));
#8543=AXIS2_PLACEMENT_3D('',#8544,#8545,#8546);
#8544=CARTESIAN_POINT('',(-5.86901864877645,-220.405152722373,4.));
#8545=DIRECTION('',(0.,0.,-1.));
#8546=DIRECTION('',(-0.707106885019998,-0.707106677353082,0.));
#8547=CARTESIAN_POINT('',(-125.500051,219.970419,4.));
#8548=AXIS2_PLACEMENT_3D('',#8549,#8550,#8551);
#8549=CARTESIAN_POINT('',(-127.000051,219.970419,4.));
#8550=DIRECTION('',(0.,0.,1.));
#8551=DIRECTION('',(1.,0.,0.));
#8552=CARTESIAN_POINT('',(128.499894,219.970501,4.));
#8553=AXIS2_PLACEMENT_3D('',#8554,#8555,#8556);
#8554=CARTESIAN_POINT('',(126.999894,219.970501,4.));
#8555=DIRECTION('',(0.,0.,1.));
#8556=DIRECTION('',(1.,0.,0.));
#8557=CARTESIAN_POINT('',(221.470371,127.000116,4.));
#8558=AXIS2_PLACEMENT_3D('',#8559,#8560,#8561);
#8559=CARTESIAN_POINT('',(219.970371,127.000116,4.));
#8560=DIRECTION('',(0.,0.,1.));
#8561=DIRECTION('',(1.,0.,0.));
#8562=CARTESIAN_POINT('',(58.854497,-31.191577,4.));
#8563=AXIS2_PLACEMENT_3D('',#8564,#8565,#8566);
#8564=CARTESIAN_POINT('',(57.354497,-31.191577,4.));
#8565=DIRECTION('',(0.,0.,1.));
#8566=DIRECTION('',(1.,0.,0.));
#8567=CARTESIAN_POINT('',(-55.85450117886,31.191577192198,4.));
#8568=AXIS2_PLACEMENT_3D('',#8569,#8570,#8571);
#8569=CARTESIAN_POINT('',(-57.35450117886,31.191577192198,4.));
#8570=DIRECTION('',(0.,0.,1.));
#8571=DIRECTION('',(1.,0.,0.));
#8572=CARTESIAN_POINT('',(-55.85450972878,83.517479,4.));
#8573=AXIS2_PLACEMENT_3D('',#8574,#8575,#8576);
#8574=CARTESIAN_POINT('',(-57.35450972878,83.517479,4.));
#8575=DIRECTION('',(0.,0.,1.));
#8576=DIRECTION('',(1.,0.,0.));
#8577=CARTESIAN_POINT('',(-82.01745635772,57.35452382114,4.));
#8578=AXIS2_PLACEMENT_3D('',#8579,#8580,#8581);
#8579=CARTESIAN_POINT('',(-83.51745635772,57.35452382114,4.));
#8580=DIRECTION('',(0.,0.,1.));
#8581=DIRECTION('',(1.,0.,0.));
#8582=CARTESIAN_POINT('',(85.017452,-57.354524,4.));
#8583=AXIS2_PLACEMENT_3D('',#8584,#8585,#8586);
#8584=CARTESIAN_POINT('',(83.517452,-57.354524,4.));
#8585=DIRECTION('',(0.,0.,1.));
#8586=DIRECTION('',(1.,0.,0.));
#8587=CARTESIAN_POINT('',(58.854506,-83.517479,4.));
#8588=AXIS2_PLACEMENT_3D('',#8589,#8590,#8591);
#8589=CARTESIAN_POINT('',(57.354506,-83.517479,4.));
#8590=DIRECTION('',(0.,0.,1.));
#8591=DIRECTION('',(1.,0.,0.));
#8592=CARTESIAN_POINT('',(74.,-72.5,4.));
#8593=AXIS2_PLACEMENT_3D('',#8594,#8595,#8596);
#8594=CARTESIAN_POINT('',(72.5,-72.5,4.));
#8595=DIRECTION('',(0.,0.,1.));
#8596=DIRECTION('',(1.,0.,0.));
#8597=CARTESIAN_POINT('',(-71.,72.5,4.));
#8598=AXIS2_PLACEMENT_3D('',#8599,#8600,#8601);
#8599=CARTESIAN_POINT('',(-72.5,72.5,4.));
#8600=DIRECTION('',(0.,0.,1.));
#8601=DIRECTION('',(1.,0.,0.));
#8602=CARTESIAN_POINT('',(-215.5,15.,4.));
#8603=AXIS2_PLACEMENT_3D('',#8604,#8605,#8606);
#8604=CARTESIAN_POINT('',(-217.,15.,4.));
#8605=DIRECTION('',(0.,0.,1.));
#8606=DIRECTION('',(1.,0.,0.));
#8607=CARTESIAN_POINT('',(-175.5,15.,4.));
#8608=AXIS2_PLACEMENT_3D('',#8609,#8610,#8611);
#8609=CARTESIAN_POINT('',(-177.,15.,4.));
#8610=DIRECTION('',(0.,0.,1.));
#8611=DIRECTION('',(1.,0.,0.));
#8612=CARTESIAN_POINT('',(-215.5,-15.,4.));
#8613=AXIS2_PLACEMENT_3D('',#8614,#8615,#8616);
#8614=CARTESIAN_POINT('',(-217.,-15.,4.));
#8615=DIRECTION('',(0.,0.,1.));
#8616=DIRECTION('',(1.,0.,0.));
#8617=CARTESIAN_POINT('',(-175.5,-15.,4.));
#8618=AXIS2_PLACEMENT_3D('',#8619,#8620,#8621);
#8619=CARTESIAN_POINT('',(-177.,-15.,4.));
#8620=DIRECTION('',(0.,0.,1.));
#8621=DIRECTION('',(1.,0.,0.));
#8622=CARTESIAN_POINT('',(-13.5,-217.,4.));
#8623=AXIS2_PLACEMENT_3D('',#8624,#8625,#8626);
#8624=CARTESIAN_POINT('',(-15.,-217.,4.));
#8625=DIRECTION('',(0.,0.,1.));
#8626=DIRECTION('',(1.,0.,0.));
#8627=CARTESIAN_POINT('',(-13.5,-177.,4.));
#8628=AXIS2_PLACEMENT_3D('',#8629,#8630,#8631);
#8629=CARTESIAN_POINT('',(-15.,-177.,4.));
#8630=DIRECTION('',(0.,0.,1.));
#8631=DIRECTION('',(1.,0.,0.));
#8632=CARTESIAN_POINT('',(16.5,-217.,4.));
#8633=AXIS2_PLACEMENT_3D('',#8634,#8635,#8636);
#8634=CARTESIAN_POINT('',(15.,-217.,4.));
#8635=DIRECTION('',(0.,0.,1.));
#8636=DIRECTION('',(1.,0.,0.));
#8637=CARTESIAN_POINT('',(16.5,-177.,4.));
#8638=AXIS2_PLACEMENT_3D('',#8639,#8640,#8641);
#8639=CARTESIAN_POINT('',(15.,-177.,4.));
#8640=DIRECTION('',(0.,0.,1.));
#8641=DIRECTION('',(1.,0.,0.));
#8642=CARTESIAN_POINT('',(218.5,-15.,4.));
#8643=AXIS2_PLACEMENT_3D('',#8644,#8645,#8646);
#8644=CARTESIAN_POINT('',(217.,-15.,4.));
#8645=DIRECTION('',(0.,0.,1.));
#8646=DIRECTION('',(1.,0.,0.));
#8647=CARTESIAN_POINT('',(178.5,-15.,4.));
#8648=AXIS2_PLACEMENT_3D('',#8649,#8650,#8651);
#8649=CARTESIAN_POINT('',(177.,-15.,4.));
#8650=DIRECTION('',(0.,0.,1.));
#8651=DIRECTION('',(1.,0.,0.));
#8652=CARTESIAN_POINT('',(218.5,15.,4.));
#8653=AXIS2_PLACEMENT_3D('',#8654,#8655,#8656);
#8654=CARTESIAN_POINT('',(217.,15.,4.));
#8655=DIRECTION('',(0.,0.,1.));
#8656=DIRECTION('',(1.,0.,0.));
#8657=CARTESIAN_POINT('',(178.5,15.,4.));
#8658=AXIS2_PLACEMENT_3D('',#8659,#8660,#8661);
#8659=CARTESIAN_POINT('',(177.,15.,4.));
#8660=DIRECTION('',(0.,0.,1.));
#8661=DIRECTION('',(1.,0.,0.));
#8662=CARTESIAN_POINT('',(16.5,217.,4.));
#8663=AXIS2_PLACEMENT_3D('',#8664,#8665,#8666);
#8664=CARTESIAN_POINT('',(15.,217.,4.));
#8665=DIRECTION('',(0.,0.,1.));
#8666=DIRECTION('',(1.,0.,0.));
#8667=CARTESIAN_POINT('',(16.5,177.,4.));
#8668=AXIS2_PLACEMENT_3D('',#8669,#8670,#8671);
#8669=CARTESIAN_POINT('',(15.,177.,4.));
#8670=DIRECTION('',(0.,0.,1.));
#8671=DIRECTION('',(1.,0.,0.));
#8672=CARTESIAN_POINT('',(-13.5,217.,4.));
#8673=AXIS2_PLACEMENT_3D('',#8674,#8675,#8676);
#8674=CARTESIAN_POINT('',(-15.,217.,4.));
#8675=DIRECTION('',(0.,0.,1.));
#8676=DIRECTION('',(1.,0.,0.));
#8677=CARTESIAN_POINT('',(-13.5,177.,4.));
#8678=AXIS2_PLACEMENT_3D('',#8679,#8680,#8681);
#8679=CARTESIAN_POINT('',(-15.,177.,4.));
#8680=DIRECTION('',(0.,0.,1.));
#8681=DIRECTION('',(1.,0.,0.));
#8682=CARTESIAN_POINT('',(237.499992918,0.,4.));
#8683=AXIS2_PLACEMENT_3D('',#8684,#8685,#8686);
#8684=CARTESIAN_POINT('',(235.999992918,8.10937671297533E-18,4.));
#8685=DIRECTION('',(0.,0.,1.));
#8686=DIRECTION('',(1.,0.,0.));
#8687=CARTESIAN_POINT('',(236.601949,20.568755,4.));
#8688=AXIS2_PLACEMENT_3D('',#8689,#8690,#8691);
#8689=CARTESIAN_POINT('',(235.101949,20.568755,4.));
#8690=DIRECTION('',(0.,0.,1.));
#8691=DIRECTION('',(1.,0.,0.));
#8692=CARTESIAN_POINT('',(233.91463,40.98097,4.));
#8693=AXIS2_PLACEMENT_3D('',#8694,#8695,#8696);
#8694=CARTESIAN_POINT('',(232.41463,40.98097,4.));
#8695=DIRECTION('',(0.,0.,1.));
#8696=DIRECTION('',(1.,0.,0.));
#8697=CARTESIAN_POINT('',(229.458495,61.081295,4.));
#8698=AXIS2_PLACEMENT_3D('',#8699,#8700,#8701);
#8699=CARTESIAN_POINT('',(227.958495,61.081295,4.));
#8700=DIRECTION('',(0.,0.,1.));
#8701=DIRECTION('',(1.,0.,0.));
#8702=CARTESIAN_POINT('',(223.267459,80.716754,4.));
#8703=AXIS2_PLACEMENT_3D('',#8704,#8705,#8706);
#8704=CARTESIAN_POINT('',(221.767459,80.716754,4.));
#8705=DIRECTION('',(0.,0.,1.));
#8706=DIRECTION('',(1.,0.,0.));
#8707=CARTESIAN_POINT('',(215.388638,99.73791,4.));
#8708=AXIS2_PLACEMENT_3D('',#8709,#8710,#8711);
#8709=CARTESIAN_POINT('',(213.888638,99.73791,4.));
#8710=DIRECTION('',(0.,0.,1.));
#8711=DIRECTION('',(1.,0.,0.));
#8712=CARTESIAN_POINT('',(205.881995,118.,4.));
#8713=AXIS2_PLACEMENT_3D('',#8714,#8715,#8716);
#8714=CARTESIAN_POINT('',(204.381995,118.,4.));
#8715=DIRECTION('',(0.,0.,1.));
#8716=DIRECTION('',(1.,0.,0.));
#8717=CARTESIAN_POINT('',(194.819882,135.364039,4.));
#8718=AXIS2_PLACEMENT_3D('',#8719,#8720,#8721);
#8719=CARTESIAN_POINT('',(193.319882,135.364039,4.));
#8720=DIRECTION('',(0.,0.,1.));
#8721=DIRECTION('',(1.,0.,0.));
#8722=CARTESIAN_POINT('',(182.286489,151.697876,4.));
#8723=AXIS2_PLACEMENT_3D('',#8724,#8725,#8726);
#8724=CARTESIAN_POINT('',(180.786489,151.697876,4.));
#8725=DIRECTION('',(0.,0.,1.));
#8726=DIRECTION('',(1.,0.,0.));
#8727=CARTESIAN_POINT('',(168.3772,166.8772,4.));
#8728=AXIS2_PLACEMENT_3D('',#8729,#8730,#8731);
#8729=CARTESIAN_POINT('',(166.8772,166.8772,4.));
#8730=DIRECTION('',(0.,0.,1.));
#8731=DIRECTION('',(1.,0.,0.));
#8732=CARTESIAN_POINT('',(153.197876,180.786489,4.));
#8733=AXIS2_PLACEMENT_3D('',#8734,#8735,#8736);
#8734=CARTESIAN_POINT('',(151.697876,180.786489,4.));
#8735=DIRECTION('',(0.,0.,1.));
#8736=DIRECTION('',(1.,0.,0.));
#8737=CARTESIAN_POINT('',(136.864039,193.319882,4.));
#8738=AXIS2_PLACEMENT_3D('',#8739,#8740,#8741);
#8739=CARTESIAN_POINT('',(135.364039,193.319882,4.));
#8740=DIRECTION('',(0.,0.,1.));
#8741=DIRECTION('',(1.,0.,0.));
#8742=CARTESIAN_POINT('',(119.5,204.381995,4.));
#8743=AXIS2_PLACEMENT_3D('',#8744,#8745,#8746);
#8744=CARTESIAN_POINT('',(118.,204.381995,4.));
#8745=DIRECTION('',(0.,0.,1.));
#8746=DIRECTION('',(1.,0.,0.));
#8747=CARTESIAN_POINT('',(101.23791,213.888638,4.));
#8748=AXIS2_PLACEMENT_3D('',#8749,#8750,#8751);
#8749=CARTESIAN_POINT('',(99.73791,213.888638,4.));
#8750=DIRECTION('',(0.,0.,1.));
#8751=DIRECTION('',(1.,0.,0.));
#8752=CARTESIAN_POINT('',(82.216754,221.767459,4.));
#8753=AXIS2_PLACEMENT_3D('',#8754,#8755,#8756);
#8754=CARTESIAN_POINT('',(80.716754,221.767459,4.));
#8755=DIRECTION('',(0.,0.,1.));
#8756=DIRECTION('',(1.,0.,0.));
#8757=CARTESIAN_POINT('',(62.581295,227.958495,4.));
#8758=AXIS2_PLACEMENT_3D('',#8759,#8760,#8761);
#8759=CARTESIAN_POINT('',(61.081295,227.958495,4.));
#8760=DIRECTION('',(0.,0.,1.));
#8761=DIRECTION('',(1.,0.,0.));
#8762=CARTESIAN_POINT('',(42.48097,232.41463,4.));
#8763=AXIS2_PLACEMENT_3D('',#8764,#8765,#8766);
#8764=CARTESIAN_POINT('',(40.98097,232.41463,4.));
#8765=DIRECTION('',(0.,0.,1.));
#8766=DIRECTION('',(1.,0.,0.));
#8767=CARTESIAN_POINT('',(22.068755,235.101949,4.));
#8768=AXIS2_PLACEMENT_3D('',#8769,#8770,#8771);
#8769=CARTESIAN_POINT('',(20.568755,235.101949,4.));
#8770=DIRECTION('',(0.,0.,1.));
#8771=DIRECTION('',(1.,0.,0.));
#8772=CARTESIAN_POINT('',(1.5,236.,4.));
#8773=AXIS2_PLACEMENT_3D('',#8774,#8775,#8776);
#8774=CARTESIAN_POINT('',(9.64621260605916E-23,236.,4.));
#8775=DIRECTION('',(0.,0.,1.));
#8776=DIRECTION('',(1.,0.,0.));
#8777=AXIS2_PLACEMENT_3D('',#8778,#8779,#8780);
#8778=CARTESIAN_POINT('',(9.64621260605916E-23,236.,4.));
#8779=DIRECTION('',(0.,0.,1.));
#8780=DIRECTION('',(1.,0.,0.));
#8781=CARTESIAN_POINT('',(236.601949,-20.568755,4.));
#8782=AXIS2_PLACEMENT_3D('',#8783,#8784,#8785);
#8783=CARTESIAN_POINT('',(235.101949,-20.568755,4.));
#8784=DIRECTION('',(0.,0.,1.));
#8785=DIRECTION('',(1.,0.,0.));
#8786=CARTESIAN_POINT('',(233.91463,-40.98097,4.));
#8787=AXIS2_PLACEMENT_3D('',#8788,#8789,#8790);
#8788=CARTESIAN_POINT('',(232.41463,-40.98097,4.));
#8789=DIRECTION('',(0.,0.,1.));
#8790=DIRECTION('',(1.,0.,0.));
#8791=CARTESIAN_POINT('',(229.458495,-61.081295,4.));
#8792=AXIS2_PLACEMENT_3D('',#8793,#8794,#8795);
#8793=CARTESIAN_POINT('',(227.958495,-61.081295,4.));
#8794=DIRECTION('',(0.,0.,1.));
#8795=DIRECTION('',(1.,0.,0.));
#8796=CARTESIAN_POINT('',(223.267459,-80.716754,4.));
#8797=AXIS2_PLACEMENT_3D('',#8798,#8799,#8800);
#8798=CARTESIAN_POINT('',(221.767459,-80.716754,4.));
#8799=DIRECTION('',(0.,0.,1.));
#8800=DIRECTION('',(1.,0.,0.));
#8801=CARTESIAN_POINT('',(215.388638,-99.73791,4.));
#8802=AXIS2_PLACEMENT_3D('',#8803,#8804,#8805);
#8803=CARTESIAN_POINT('',(213.888638,-99.73791,4.));
#8804=DIRECTION('',(0.,0.,1.));
#8805=DIRECTION('',(1.,0.,0.));
#8806=CARTESIAN_POINT('',(205.881995,-118.,4.));
#8807=AXIS2_PLACEMENT_3D('',#8808,#8809,#8810);
#8808=CARTESIAN_POINT('',(204.381995,-118.,4.));
#8809=DIRECTION('',(0.,0.,1.));
#8810=DIRECTION('',(1.,0.,0.));
#8811=CARTESIAN_POINT('',(194.819882,-135.364039,4.));
#8812=AXIS2_PLACEMENT_3D('',#8813,#8814,#8815);
#8813=CARTESIAN_POINT('',(193.319882,-135.364039,4.));
#8814=DIRECTION('',(0.,0.,1.));
#8815=DIRECTION('',(1.,0.,0.));
#8816=CARTESIAN_POINT('',(182.286489,-151.697876,4.));
#8817=AXIS2_PLACEMENT_3D('',#8818,#8819,#8820);
#8818=CARTESIAN_POINT('',(180.786489,-151.697876,4.));
#8819=DIRECTION('',(0.,0.,1.));
#8820=DIRECTION('',(1.,0.,0.));
#8821=CARTESIAN_POINT('',(168.3772,-166.8772,4.));
#8822=AXIS2_PLACEMENT_3D('',#8823,#8824,#8825);
#8823=CARTESIAN_POINT('',(166.8772,-166.8772,4.));
#8824=DIRECTION('',(0.,0.,1.));
#8825=DIRECTION('',(1.,0.,0.));
#8826=CARTESIAN_POINT('',(153.197876,-180.786489,4.));
#8827=AXIS2_PLACEMENT_3D('',#8828,#8829,#8830);
#8828=CARTESIAN_POINT('',(151.697876,-180.786489,4.));
#8829=DIRECTION('',(0.,0.,1.));
#8830=DIRECTION('',(1.,0.,0.));
#8831=CARTESIAN_POINT('',(136.864039,-193.319882,4.));
#8832=AXIS2_PLACEMENT_3D('',#8833,#8834,#8835);
#8833=CARTESIAN_POINT('',(135.364039,-193.319882,4.));
#8834=DIRECTION('',(0.,0.,1.));
#8835=DIRECTION('',(1.,0.,0.));
#8836=CARTESIAN_POINT('',(119.5,-204.381995,4.));
#8837=AXIS2_PLACEMENT_3D('',#8838,#8839,#8840);
#8838=CARTESIAN_POINT('',(118.,-204.381995,4.));
#8839=DIRECTION('',(0.,0.,1.));
#8840=DIRECTION('',(1.,0.,0.));
#8841=CARTESIAN_POINT('',(101.23791,-213.888638,4.));
#8842=AXIS2_PLACEMENT_3D('',#8843,#8844,#8845);
#8843=CARTESIAN_POINT('',(99.73791,-213.888638,4.));
#8844=DIRECTION('',(0.,0.,1.));
#8845=DIRECTION('',(1.,0.,0.));
#8846=CARTESIAN_POINT('',(82.216754,-221.767459,4.));
#8847=AXIS2_PLACEMENT_3D('',#8848,#8849,#8850);
#8848=CARTESIAN_POINT('',(80.716754,-221.767459,4.));
#8849=DIRECTION('',(0.,0.,1.));
#8850=DIRECTION('',(1.,0.,0.));
#8851=CARTESIAN_POINT('',(62.581295,-227.958495,4.));
#8852=AXIS2_PLACEMENT_3D('',#8853,#8854,#8855);
#8853=CARTESIAN_POINT('',(61.081295,-227.958495,4.));
#8854=DIRECTION('',(0.,0.,1.));
#8855=DIRECTION('',(1.,0.,0.));
#8856=CARTESIAN_POINT('',(42.48097,-232.41463,4.));
#8857=AXIS2_PLACEMENT_3D('',#8858,#8859,#8860);
#8858=CARTESIAN_POINT('',(40.98097,-232.41463,4.));
#8859=DIRECTION('',(0.,0.,1.));
#8860=DIRECTION('',(1.,0.,0.));
#8861=CARTESIAN_POINT('',(22.068755,-235.101949,4.));
#8862=AXIS2_PLACEMENT_3D('',#8863,#8864,#8865);
#8863=CARTESIAN_POINT('',(20.568755,-235.101949,4.));
#8864=DIRECTION('',(0.,0.,1.));
#8865=DIRECTION('',(1.,0.,0.));
#8866=CARTESIAN_POINT('',(1.5,-236.,4.));
#8867=AXIS2_PLACEMENT_3D('',#8868,#8869,#8870);
#8868=CARTESIAN_POINT('',(-9.64621260605916E-23,-236.,4.));
#8869=DIRECTION('',(0.,0.,1.));
#8870=DIRECTION('',(1.,0.,0.));
#8871=CARTESIAN_POINT('',(-19.068755,-235.101949,4.));
#8872=AXIS2_PLACEMENT_3D('',#8873,#8874,#8875);
#8873=CARTESIAN_POINT('',(-20.568755,-235.101949,4.));
#8874=DIRECTION('',(0.,0.,1.));
#8875=DIRECTION('',(1.,0.,0.));
#8876=CARTESIAN_POINT('',(-39.48097,-232.41463,4.));
#8877=AXIS2_PLACEMENT_3D('',#8878,#8879,#8880);
#8878=CARTESIAN_POINT('',(-40.98097,-232.41463,4.));
#8879=DIRECTION('',(0.,0.,1.));
#8880=DIRECTION('',(1.,0.,0.));
#8881=CARTESIAN_POINT('',(-59.581295,-227.958495,4.));
#8882=AXIS2_PLACEMENT_3D('',#8883,#8884,#8885);
#8883=CARTESIAN_POINT('',(-61.081295,-227.958495,4.));
#8884=DIRECTION('',(0.,0.,1.));
#8885=DIRECTION('',(1.,0.,0.));
#8886=CARTESIAN_POINT('',(-79.216754,-221.767459,4.));
#8887=AXIS2_PLACEMENT_3D('',#8888,#8889,#8890);
#8888=CARTESIAN_POINT('',(-80.716754,-221.767459,4.));
#8889=DIRECTION('',(0.,0.,1.));
#8890=DIRECTION('',(1.,0.,0.));
#8891=CARTESIAN_POINT('',(-98.23791,-213.888638,4.));
#8892=AXIS2_PLACEMENT_3D('',#8893,#8894,#8895);
#8893=CARTESIAN_POINT('',(-99.73791,-213.888638,4.));
#8894=DIRECTION('',(0.,0.,1.));
#8895=DIRECTION('',(1.,0.,0.));
#8896=CARTESIAN_POINT('',(-116.5,-204.381995,4.));
#8897=AXIS2_PLACEMENT_3D('',#8898,#8899,#8900);
#8898=CARTESIAN_POINT('',(-118.,-204.381995,4.));
#8899=DIRECTION('',(0.,0.,1.));
#8900=DIRECTION('',(1.,0.,0.));
#8901=CARTESIAN_POINT('',(-133.864039,-193.319882,4.));
#8902=AXIS2_PLACEMENT_3D('',#8903,#8904,#8905);
#8903=CARTESIAN_POINT('',(-135.364039,-193.319882,4.));
#8904=DIRECTION('',(0.,0.,1.));
#8905=DIRECTION('',(1.,0.,0.));
#8906=CARTESIAN_POINT('',(-150.197876,-180.786489,4.));
#8907=AXIS2_PLACEMENT_3D('',#8908,#8909,#8910);
#8908=CARTESIAN_POINT('',(-151.697876,-180.786489,4.));
#8909=DIRECTION('',(0.,0.,1.));
#8910=DIRECTION('',(1.,0.,0.));
#8911=CARTESIAN_POINT('',(-165.3772,-166.8772,4.));
#8912=AXIS2_PLACEMENT_3D('',#8913,#8914,#8915);
#8913=CARTESIAN_POINT('',(-166.8772,-166.8772,4.));
#8914=DIRECTION('',(0.,0.,1.));
#8915=DIRECTION('',(1.,0.,0.));
#8916=CARTESIAN_POINT('',(-179.286489,-151.697876,4.));
#8917=AXIS2_PLACEMENT_3D('',#8918,#8919,#8920);
#8918=CARTESIAN_POINT('',(-180.786489,-151.697876,4.));
#8919=DIRECTION('',(0.,0.,1.));
#8920=DIRECTION('',(1.,0.,0.));
#8921=CARTESIAN_POINT('',(-191.819882,-135.364039,4.));
#8922=AXIS2_PLACEMENT_3D('',#8923,#8924,#8925);
#8923=CARTESIAN_POINT('',(-193.319882,-135.364039,4.));
#8924=DIRECTION('',(0.,0.,1.));
#8925=DIRECTION('',(1.,0.,0.));
#8926=CARTESIAN_POINT('',(-202.881995,-118.,4.));
#8927=AXIS2_PLACEMENT_3D('',#8928,#8929,#8930);
#8928=CARTESIAN_POINT('',(-204.381995,-118.,4.));
#8929=DIRECTION('',(0.,0.,1.));
#8930=DIRECTION('',(1.,0.,0.));
#8931=CARTESIAN_POINT('',(-212.388638,-99.73791,4.));
#8932=AXIS2_PLACEMENT_3D('',#8933,#8934,#8935);
#8933=CARTESIAN_POINT('',(-213.888638,-99.73791,4.));
#8934=DIRECTION('',(0.,0.,1.));
#8935=DIRECTION('',(1.,0.,0.));
#8936=CARTESIAN_POINT('',(-220.267459,-80.716754,4.));
#8937=AXIS2_PLACEMENT_3D('',#8938,#8939,#8940);
#8938=CARTESIAN_POINT('',(-221.767459,-80.716754,4.));
#8939=DIRECTION('',(0.,0.,1.));
#8940=DIRECTION('',(1.,0.,0.));
#8941=CARTESIAN_POINT('',(-226.458495,-61.081295,4.));
#8942=AXIS2_PLACEMENT_3D('',#8943,#8944,#8945);
#8943=CARTESIAN_POINT('',(-227.958495,-61.081295,4.));
#8944=DIRECTION('',(0.,0.,1.));
#8945=DIRECTION('',(1.,0.,0.));
#8946=CARTESIAN_POINT('',(-230.91463,-40.98097,4.));
#8947=AXIS2_PLACEMENT_3D('',#8948,#8949,#8950);
#8948=CARTESIAN_POINT('',(-232.41463,-40.98097,4.));
#8949=DIRECTION('',(0.,0.,1.));
#8950=DIRECTION('',(1.,0.,0.));
#8951=CARTESIAN_POINT('',(-233.601949,-20.568755,4.));
#8952=AXIS2_PLACEMENT_3D('',#8953,#8954,#8955);
#8953=CARTESIAN_POINT('',(-235.101949,-20.568755,4.));
#8954=DIRECTION('',(0.,0.,1.));
#8955=DIRECTION('',(1.,0.,0.));
#8956=CARTESIAN_POINT('',(-234.4999999998,-3.3E-14,4.));
#8957=AXIS2_PLACEMENT_3D('',#8958,#8959,#8960);
#8958=CARTESIAN_POINT('',(-235.9999999998,-3.28152006216567E-14,4.));
#8959=DIRECTION('',(0.,0.,1.));
#8960=DIRECTION('',(1.,0.,0.));
#8961=CARTESIAN_POINT('',(-233.6019448212,20.568759190586,4.));
#8962=AXIS2_PLACEMENT_3D('',#8963,#8964,#8965);
#8963=CARTESIAN_POINT('',(-235.1019448212,20.568759190586,4.));
#8964=DIRECTION('',(0.,0.,1.));
#8965=DIRECTION('',(1.,0.,0.));
#8966=CARTESIAN_POINT('',(-230.91463,40.98097,4.));
#8967=AXIS2_PLACEMENT_3D('',#8968,#8969,#8970);
#8968=CARTESIAN_POINT('',(-232.41463,40.98097,4.));
#8969=DIRECTION('',(0.,0.,1.));
#8970=DIRECTION('',(1.,0.,0.));
#8971=CARTESIAN_POINT('',(-226.458495,61.081295,4.));
#8972=AXIS2_PLACEMENT_3D('',#8973,#8974,#8975);
#8973=CARTESIAN_POINT('',(-227.958495,61.081295,4.));
#8974=DIRECTION('',(0.,0.,1.));
#8975=DIRECTION('',(1.,0.,0.));
#8976=CARTESIAN_POINT('',(-220.267459,80.716754,4.));
#8977=AXIS2_PLACEMENT_3D('',#8978,#8979,#8980);
#8978=CARTESIAN_POINT('',(-221.767459,80.716754,4.));
#8979=DIRECTION('',(0.,0.,1.));
#8980=DIRECTION('',(1.,0.,0.));
#8981=CARTESIAN_POINT('',(-212.388638,99.73791,4.));
#8982=AXIS2_PLACEMENT_3D('',#8983,#8984,#8985);
#8983=CARTESIAN_POINT('',(-213.888638,99.73791,4.));
#8984=DIRECTION('',(0.,0.,1.));
#8985=DIRECTION('',(1.,0.,0.));
#8986=CARTESIAN_POINT('',(-202.881995,118.,4.));
#8987=AXIS2_PLACEMENT_3D('',#8988,#8989,#8990);
#8988=CARTESIAN_POINT('',(-204.381995,118.,4.));
#8989=DIRECTION('',(0.,0.,1.));
#8990=DIRECTION('',(1.,0.,0.));
#8991=CARTESIAN_POINT('',(-191.819882,135.364039,4.));
#8992=AXIS2_PLACEMENT_3D('',#8993,#8994,#8995);
#8993=CARTESIAN_POINT('',(-193.319882,135.364039,4.));
#8994=DIRECTION('',(0.,0.,1.));
#8995=DIRECTION('',(1.,0.,0.));
#8996=CARTESIAN_POINT('',(-179.286489,151.697876,4.));
#8997=AXIS2_PLACEMENT_3D('',#8998,#8999,#9000);
#8998=CARTESIAN_POINT('',(-180.786489,151.697876,4.));
#8999=DIRECTION('',(0.,0.,1.));
#9000=DIRECTION('',(1.,0.,0.));
#9001=CARTESIAN_POINT('',(-165.3772,166.8772,4.));
#9002=AXIS2_PLACEMENT_3D('',#9003,#9004,#9005);
#9003=CARTESIAN_POINT('',(-166.8772,166.8772,4.));
#9004=DIRECTION('',(0.,0.,1.));
#9005=DIRECTION('',(1.,0.,0.));
#9006=CARTESIAN_POINT('',(-150.197876,180.786489,4.));
#9007=AXIS2_PLACEMENT_3D('',#9008,#9009,#9010);
#9008=CARTESIAN_POINT('',(-151.697876,180.786489,4.));
#9009=DIRECTION('',(0.,0.,1.));
#9010=DIRECTION('',(1.,0.,0.));
#9011=CARTESIAN_POINT('',(-133.864039,193.319882,4.));
#9012=AXIS2_PLACEMENT_3D('',#9013,#9014,#9015);
#9013=CARTESIAN_POINT('',(-135.364039,193.319882,4.));
#9014=DIRECTION('',(0.,0.,1.));
#9015=DIRECTION('',(1.,0.,0.));
#9016=CARTESIAN_POINT('',(-116.5,204.381995,4.));
#9017=AXIS2_PLACEMENT_3D('',#9018,#9019,#9020);
#9018=CARTESIAN_POINT('',(-118.,204.381995,4.));
#9019=DIRECTION('',(0.,0.,1.));
#9020=DIRECTION('',(1.,0.,0.));
#9021=CARTESIAN_POINT('',(-98.23791,213.888638,4.));
#9022=AXIS2_PLACEMENT_3D('',#9023,#9024,#9025);
#9023=CARTESIAN_POINT('',(-99.73791,213.888638,4.));
#9024=DIRECTION('',(0.,0.,1.));
#9025=DIRECTION('',(1.,0.,0.));
#9026=CARTESIAN_POINT('',(-79.216754,221.767459,4.));
#9027=AXIS2_PLACEMENT_3D('',#9028,#9029,#9030);
#9028=CARTESIAN_POINT('',(-80.716754,221.767459,4.));
#9029=DIRECTION('',(0.,0.,1.));
#9030=DIRECTION('',(1.,0.,0.));
#9031=CARTESIAN_POINT('',(-59.581295,227.958495,4.));
#9032=AXIS2_PLACEMENT_3D('',#9033,#9034,#9035);
#9033=CARTESIAN_POINT('',(-61.081295,227.958495,4.));
#9034=DIRECTION('',(0.,0.,1.));
#9035=DIRECTION('',(1.,0.,0.));
#9036=CARTESIAN_POINT('',(-39.48097,232.41463,4.));
#9037=AXIS2_PLACEMENT_3D('',#9038,#9039,#9040);
#9038=CARTESIAN_POINT('',(-40.98097,232.41463,4.));
#9039=DIRECTION('',(0.,0.,1.));
#9040=DIRECTION('',(1.,0.,0.));
#9041=CARTESIAN_POINT('',(-19.068755,235.101949,4.));
#9042=AXIS2_PLACEMENT_3D('',#9043,#9044,#9045);
#9043=CARTESIAN_POINT('',(-20.568755,235.101949,4.));
#9044=DIRECTION('',(0.,0.,1.));
#9045=DIRECTION('',(1.,0.,0.));
#9046=CARTESIAN_POINT('',(-251.533454,22.137553,4.));
#9047=AXIS2_PLACEMENT_3D('',#9048,#9049,#9050);
#9048=CARTESIAN_POINT('',(-253.033454,22.137553,4.));
#9049=DIRECTION('',(0.,0.,1.));
#9050=DIRECTION('',(1.,0.,0.));
#9051=CARTESIAN_POINT('',(-248.641171,44.106627,4.));
#9052=AXIS2_PLACEMENT_3D('',#9053,#9054,#9055);
#9053=CARTESIAN_POINT('',(-250.141171,44.106627,4.));
#9054=DIRECTION('',(0.,0.,1.));
#9055=DIRECTION('',(1.,0.,0.));
#9056=CARTESIAN_POINT('',(-243.845164,65.740022,4.));
#9057=AXIS2_PLACEMENT_3D('',#9058,#9059,#9060);
#9058=CARTESIAN_POINT('',(-245.345164,65.740022,4.));
#9059=DIRECTION('',(0.,0.,1.));
#9060=DIRECTION('',(1.,0.,0.));
#9061=CARTESIAN_POINT('',(-237.181932,86.873097,4.));
#9062=AXIS2_PLACEMENT_3D('',#9063,#9064,#9065);
#9063=CARTESIAN_POINT('',(-238.681932,86.873097,4.));
#9064=DIRECTION('',(0.,0.,1.));
#9065=DIRECTION('',(1.,0.,0.));
#9066=CARTESIAN_POINT('',(-228.702188,107.345015,4.));
#9067=AXIS2_PLACEMENT_3D('',#9068,#9069,#9070);
#9068=CARTESIAN_POINT('',(-230.202188,107.345015,4.));
#9069=DIRECTION('',(0.,0.,1.));
#9070=DIRECTION('',(1.,0.,0.));
#9071=CARTESIAN_POINT('',(-206.564639,145.688384,4.));
#9072=AXIS2_PLACEMENT_3D('',#9073,#9074,#9075);
#9073=CARTESIAN_POINT('',(-208.064639,145.688384,4.));
#9074=DIRECTION('',(0.,0.,1.));
#9075=DIRECTION('',(1.,0.,0.));
#9076=CARTESIAN_POINT('',(-193.075314,163.26802,4.));
#9077=AXIS2_PLACEMENT_3D('',#9078,#9079,#9080);
#9078=CARTESIAN_POINT('',(-194.575314,163.26802,4.));
#9079=DIRECTION('',(0.,0.,1.));
#9080=DIRECTION('',(1.,0.,0.));
#9081=CARTESIAN_POINT('',(-178.105154,179.605088,4.));
#9082=AXIS2_PLACEMENT_3D('',#9083,#9084,#9085);
#9083=CARTESIAN_POINT('',(-179.605154,179.605088,4.));
#9084=DIRECTION('',(0.,0.,1.));
#9085=DIRECTION('',(1.,0.,0.));
#9086=CARTESIAN_POINT('',(-161.768091,194.575254,4.));
#9087=AXIS2_PLACEMENT_3D('',#9088,#9089,#9090);
#9088=CARTESIAN_POINT('',(-163.268091,194.575254,4.));
#9089=DIRECTION('',(0.,0.,1.));
#9090=DIRECTION('',(1.,0.,0.));
#9091=CARTESIAN_POINT('',(-144.188459,208.064585,4.));
#9092=AXIS2_PLACEMENT_3D('',#9093,#9094,#9095);
#9093=CARTESIAN_POINT('',(-145.688459,208.064585,4.));
#9094=DIRECTION('',(0.,0.,1.));
#9095=DIRECTION('',(1.,0.,0.));
#9096=CARTESIAN_POINT('',(-105.845097,230.202146,4.));
#9097=AXIS2_PLACEMENT_3D('',#9098,#9099,#9100);
#9098=CARTESIAN_POINT('',(-107.345097,230.202146,4.));
#9099=DIRECTION('',(0.,0.,1.));
#9100=DIRECTION('',(1.,0.,0.));
#9101=CARTESIAN_POINT('',(-85.373181,238.681897,4.));
#9102=AXIS2_PLACEMENT_3D('',#9103,#9104,#9105);
#9103=CARTESIAN_POINT('',(-86.873181,238.681897,4.));
#9104=DIRECTION('',(0.,0.,1.));
#9105=DIRECTION('',(1.,0.,0.));
#9106=CARTESIAN_POINT('',(-64.240109,245.345135,4.));
#9107=AXIS2_PLACEMENT_3D('',#9108,#9109,#9110);
#9108=CARTESIAN_POINT('',(-65.740109,245.345135,4.));
#9109=DIRECTION('',(0.,0.,1.));
#9110=DIRECTION('',(1.,0.,0.));
#9111=CARTESIAN_POINT('',(-42.606715,250.14115,4.));
#9112=AXIS2_PLACEMENT_3D('',#9113,#9114,#9115);
#9113=CARTESIAN_POINT('',(-44.106715,250.14115,4.));
#9114=DIRECTION('',(0.,0.,1.));
#9115=DIRECTION('',(1.,0.,0.));
#9116=CARTESIAN_POINT('',(-20.637643,253.033439,4.));
#9117=AXIS2_PLACEMENT_3D('',#9118,#9119,#9120);
#9118=CARTESIAN_POINT('',(-22.137643,253.033439,4.));
#9119=DIRECTION('',(0.,0.,1.));
#9120=DIRECTION('',(1.,0.,0.));
#9121=CARTESIAN_POINT('',(1.49991,253.999993,4.));
#9122=AXIS2_PLACEMENT_3D('',#9123,#9124,#9125);
#9123=CARTESIAN_POINT('',(-9.E-5,253.999993,4.));
#9124=DIRECTION('',(0.,0.,1.));
#9125=DIRECTION('',(1.,0.,0.));
#9126=CARTESIAN_POINT('',(23.637464,253.033454,4.));
#9127=AXIS2_PLACEMENT_3D('',#9128,#9129,#9130);
#9128=CARTESIAN_POINT('',(22.137464,253.033454,4.));
#9129=DIRECTION('',(0.,0.,1.));
#9130=DIRECTION('',(1.,0.,0.));
#9131=CARTESIAN_POINT('',(45.606538,250.141178,4.));
#9132=AXIS2_PLACEMENT_3D('',#9133,#9134,#9135);
#9133=CARTESIAN_POINT('',(44.106538,250.141178,4.));
#9134=DIRECTION('',(0.,0.,1.));
#9135=DIRECTION('',(1.,0.,0.));
#9136=CARTESIAN_POINT('',(67.239935,245.345178,4.));
#9137=AXIS2_PLACEMENT_3D('',#9138,#9139,#9140);
#9138=CARTESIAN_POINT('',(65.739935,245.345178,4.));
#9139=DIRECTION('',(0.,0.,1.));
#9140=DIRECTION('',(1.,0.,0.));
#9141=CARTESIAN_POINT('',(88.373012,238.681954,4.));
#9142=AXIS2_PLACEMENT_3D('',#9143,#9144,#9145);
#9143=CARTESIAN_POINT('',(86.873012,238.681954,4.));
#9144=DIRECTION('',(0.,0.,1.));
#9145=DIRECTION('',(1.,0.,0.));
#9146=CARTESIAN_POINT('',(108.844933,230.202216,4.));
#9147=AXIS2_PLACEMENT_3D('',#9148,#9149,#9150);
#9148=CARTESIAN_POINT('',(107.344933,230.202216,4.));
#9149=DIRECTION('',(0.,0.,1.));
#9150=DIRECTION('',(1.,0.,0.));
#9151=CARTESIAN_POINT('',(147.18831,208.064679,4.));
#9152=AXIS2_PLACEMENT_3D('',#9153,#9154,#9155);
#9153=CARTESIAN_POINT('',(145.68831,208.064679,4.));
#9154=DIRECTION('',(0.,0.,1.));
#9155=DIRECTION('',(1.,0.,0.));
#9156=CARTESIAN_POINT('',(164.76795,194.57536,4.));
#9157=AXIS2_PLACEMENT_3D('',#9158,#9159,#9160);
#9158=CARTESIAN_POINT('',(163.26795,194.57536,4.));
#9159=DIRECTION('',(0.,0.,1.));
#9160=DIRECTION('',(1.,0.,0.));
#9161=CARTESIAN_POINT('',(181.105023,179.605205,4.));
#9162=AXIS2_PLACEMENT_3D('',#9163,#9164,#9165);
#9163=CARTESIAN_POINT('',(179.605023,179.605205,4.));
#9164=DIRECTION('',(0.,0.,1.));
#9165=DIRECTION('',(1.,0.,0.));
#9166=CARTESIAN_POINT('',(196.075193,163.268147,4.));
#9167=AXIS2_PLACEMENT_3D('',#9168,#9169,#9170);
#9168=CARTESIAN_POINT('',(194.575193,163.268147,4.));
#9169=DIRECTION('',(0.,0.,1.));
#9170=DIRECTION('',(1.,0.,0.));
#9171=CARTESIAN_POINT('',(209.56453,145.68852,4.));
#9172=AXIS2_PLACEMENT_3D('',#9173,#9174,#9175);
#9173=CARTESIAN_POINT('',(208.06453,145.68852,4.));
#9174=DIRECTION('',(0.,0.,1.));
#9175=DIRECTION('',(1.,0.,0.));
#9176=CARTESIAN_POINT('',(231.702104,107.345164,4.));
#9177=AXIS2_PLACEMENT_3D('',#9178,#9179,#9180);
#9178=CARTESIAN_POINT('',(230.202104,107.345164,4.));
#9179=DIRECTION('',(0.,0.,1.));
#9180=DIRECTION('',(1.,0.,0.));
#9181=CARTESIAN_POINT('',(240.181862,86.873252,4.));
#9182=AXIS2_PLACEMENT_3D('',#9183,#9184,#9185);
#9183=CARTESIAN_POINT('',(238.681862,86.873252,4.));
#9184=DIRECTION('',(0.,0.,1.));
#9185=DIRECTION('',(1.,0.,0.));
#9186=CARTESIAN_POINT('',(246.845107,65.740182,4.));
#9187=AXIS2_PLACEMENT_3D('',#9188,#9189,#9190);
#9188=CARTESIAN_POINT('',(245.345107,65.740182,4.));
#9189=DIRECTION('',(0.,0.,1.));
#9190=DIRECTION('',(1.,0.,0.));
#9191=CARTESIAN_POINT('',(251.641128,44.10679,4.));
#9192=AXIS2_PLACEMENT_3D('',#9193,#9194,#9195);
#9193=CARTESIAN_POINT('',(250.141128,44.10679,4.));
#9194=DIRECTION('',(0.,0.,1.));
#9195=DIRECTION('',(1.,0.,0.));
#9196=CARTESIAN_POINT('',(254.533425,22.137718,4.));
#9197=AXIS2_PLACEMENT_3D('',#9198,#9199,#9200);
#9198=CARTESIAN_POINT('',(253.033425,22.137718,4.));
#9199=DIRECTION('',(0.,0.,1.));
#9200=DIRECTION('',(1.,0.,0.));
#9201=CARTESIAN_POINT('',(255.499986,0.000165,4.));
#9202=AXIS2_PLACEMENT_3D('',#9203,#9204,#9205);
#9203=CARTESIAN_POINT('',(253.999986,0.000164999999999991,4.));
#9204=DIRECTION('',(0.,0.,1.));
#9205=DIRECTION('',(1.,0.,0.));
#9206=CARTESIAN_POINT('',(254.533454,-22.137389,4.));
#9207=AXIS2_PLACEMENT_3D('',#9208,#9209,#9210);
#9208=CARTESIAN_POINT('',(253.033454,-22.137389,4.));
#9209=DIRECTION('',(0.,0.,1.));
#9210=DIRECTION('',(1.,0.,0.));
#9211=CARTESIAN_POINT('',(251.641185,-44.106464,4.));
#9212=AXIS2_PLACEMENT_3D('',#9213,#9214,#9215);
#9213=CARTESIAN_POINT('',(250.141185,-44.106464,4.));
#9214=DIRECTION('',(0.,0.,1.));
#9215=DIRECTION('',(1.,0.,0.));
#9216=CARTESIAN_POINT('',(246.845192,-65.739863,4.));
#9217=AXIS2_PLACEMENT_3D('',#9218,#9219,#9220);
#9218=CARTESIAN_POINT('',(245.345192,-65.739863,4.));
#9219=DIRECTION('',(0.,0.,1.));
#9220=DIRECTION('',(1.,0.,0.));
#9221=CARTESIAN_POINT('',(240.181975,-86.872942,4.));
#9222=AXIS2_PLACEMENT_3D('',#9223,#9224,#9225);
#9223=CARTESIAN_POINT('',(238.681975,-86.872942,4.));
#9224=DIRECTION('',(0.,0.,1.));
#9225=DIRECTION('',(1.,0.,0.));
#9226=CARTESIAN_POINT('',(231.702244,-107.344865,4.));
#9227=AXIS2_PLACEMENT_3D('',#9228,#9229,#9230);
#9228=CARTESIAN_POINT('',(230.202244,-107.344865,4.));
#9229=DIRECTION('',(0.,0.,1.));
#9230=DIRECTION('',(1.,0.,0.));
#9231=CARTESIAN_POINT('',(221.470536,-126.99983,4.));
#9232=AXIS2_PLACEMENT_3D('',#9233,#9234,#9235);
#9233=CARTESIAN_POINT('',(219.970536,-126.99983,4.));
#9234=DIRECTION('',(0.,0.,1.));
#9235=DIRECTION('',(1.,0.,0.));
#9236=CARTESIAN_POINT('',(209.56472,-145.688249,4.));
#9237=AXIS2_PLACEMENT_3D('',#9238,#9239,#9240);
#9238=CARTESIAN_POINT('',(208.06472,-145.688249,4.));
#9239=DIRECTION('',(0.,0.,1.));
#9240=DIRECTION('',(1.,0.,0.));
#9241=CARTESIAN_POINT('',(196.075406,-163.267894,4.));
#9242=AXIS2_PLACEMENT_3D('',#9243,#9244,#9245);
#9243=CARTESIAN_POINT('',(194.575406,-163.267894,4.));
#9244=DIRECTION('',(0.,0.,1.));
#9245=DIRECTION('',(1.,0.,0.));
#9246=CARTESIAN_POINT('',(181.105256,-179.604971,4.));
#9247=AXIS2_PLACEMENT_3D('',#9248,#9249,#9250);
#9248=CARTESIAN_POINT('',(179.605256,-179.604971,4.));
#9249=DIRECTION('',(0.,0.,1.));
#9250=DIRECTION('',(1.,0.,0.));
#9251=CARTESIAN_POINT('',(164.768203,-194.575147,4.));
#9252=AXIS2_PLACEMENT_3D('',#9253,#9254,#9255);
#9253=CARTESIAN_POINT('',(163.268203,-194.575147,4.));
#9254=DIRECTION('',(0.,0.,1.));
#9255=DIRECTION('',(1.,0.,0.));
#9256=CARTESIAN_POINT('',(147.18858,-208.06449,4.));
#9257=AXIS2_PLACEMENT_3D('',#9258,#9259,#9260);
#9258=CARTESIAN_POINT('',(145.68858,-208.06449,4.));
#9259=DIRECTION('',(0.,0.,1.));
#9260=DIRECTION('',(1.,0.,0.));
#9261=CARTESIAN_POINT('',(128.50018,-219.970336,4.));
#9262=AXIS2_PLACEMENT_3D('',#9263,#9264,#9265);
#9263=CARTESIAN_POINT('',(127.00018,-219.970336,4.));
#9264=DIRECTION('',(0.,0.,1.));
#9265=DIRECTION('',(1.,0.,0.));
#9266=CARTESIAN_POINT('',(108.845232,-230.202076,4.));
#9267=AXIS2_PLACEMENT_3D('',#9268,#9269,#9270);
#9268=CARTESIAN_POINT('',(107.345232,-230.202076,4.));
#9269=DIRECTION('',(0.,0.,1.));
#9270=DIRECTION('',(1.,0.,0.));
#9271=CARTESIAN_POINT('',(88.373322,-238.681841,4.));
#9272=AXIS2_PLACEMENT_3D('',#9273,#9274,#9275);
#9273=CARTESIAN_POINT('',(86.873322,-238.681841,4.));
#9274=DIRECTION('',(0.,0.,1.));
#9275=DIRECTION('',(1.,0.,0.));
#9276=CARTESIAN_POINT('',(67.240255,-245.345092,4.));
#9277=AXIS2_PLACEMENT_3D('',#9278,#9279,#9280);
#9278=CARTESIAN_POINT('',(65.740255,-245.345092,4.));
#9279=DIRECTION('',(0.,0.,1.));
#9280=DIRECTION('',(1.,0.,0.));
#9281=CARTESIAN_POINT('',(45.606864,-250.141121,4.));
#9282=AXIS2_PLACEMENT_3D('',#9283,#9284,#9285);
#9283=CARTESIAN_POINT('',(44.106864,-250.141121,4.));
#9284=DIRECTION('',(0.,0.,1.));
#9285=DIRECTION('',(1.,0.,0.));
#9286=CARTESIAN_POINT('',(23.637793,-253.033425,4.));
#9287=AXIS2_PLACEMENT_3D('',#9288,#9289,#9290);
#9288=CARTESIAN_POINT('',(22.137793,-253.033425,4.));
#9289=DIRECTION('',(0.,0.,1.));
#9290=DIRECTION('',(1.,0.,0.));
#9291=CARTESIAN_POINT('',(1.500241,-253.999993,4.));
#9292=AXIS2_PLACEMENT_3D('',#9293,#9294,#9295);
#9293=CARTESIAN_POINT('',(0.000241,-253.999993,4.));
#9294=DIRECTION('',(0.,0.,1.));
#9295=DIRECTION('',(1.,0.,0.));
#9296=CARTESIAN_POINT('',(-20.637314,-253.033468,4.));
#9297=AXIS2_PLACEMENT_3D('',#9298,#9299,#9300);
#9298=CARTESIAN_POINT('',(-22.137314,-253.033468,4.));
#9299=DIRECTION('',(0.,0.,1.));
#9300=DIRECTION('',(1.,0.,0.));
#9301=CARTESIAN_POINT('',(-42.60639,-250.141207,4.));
#9302=AXIS2_PLACEMENT_3D('',#9303,#9304,#9305);
#9303=CARTESIAN_POINT('',(-44.10639,-250.141207,4.));
#9304=DIRECTION('',(0.,0.,1.));
#9305=DIRECTION('',(1.,0.,0.));
#9306=CARTESIAN_POINT('',(-64.23979,-245.345221,4.));
#9307=AXIS2_PLACEMENT_3D('',#9308,#9309,#9310);
#9308=CARTESIAN_POINT('',(-65.73979,-245.345221,4.));
#9309=DIRECTION('',(0.,0.,1.));
#9310=DIRECTION('',(1.,0.,0.));
#9311=CARTESIAN_POINT('',(-85.372871,-238.68201,4.));
#9312=AXIS2_PLACEMENT_3D('',#9313,#9314,#9315);
#9313=CARTESIAN_POINT('',(-86.872871,-238.68201,4.));
#9314=DIRECTION('',(0.,0.,1.));
#9315=DIRECTION('',(1.,0.,0.));
#9316=CARTESIAN_POINT('',(-105.844797,-230.202286,4.));
#9317=AXIS2_PLACEMENT_3D('',#9318,#9319,#9320);
#9318=CARTESIAN_POINT('',(-107.344797,-230.202286,4.));
#9319=DIRECTION('',(0.,0.,1.));
#9320=DIRECTION('',(1.,0.,0.));
#9321=CARTESIAN_POINT('',(-125.499765,-219.970584,4.));
#9322=AXIS2_PLACEMENT_3D('',#9323,#9324,#9325);
#9323=CARTESIAN_POINT('',(-126.999765,-219.970584,4.));
#9324=DIRECTION('',(0.,0.,1.));
#9325=DIRECTION('',(1.,0.,0.));
#9326=CARTESIAN_POINT('',(-144.188189,-208.064774,4.));
#9327=AXIS2_PLACEMENT_3D('',#9328,#9329,#9330);
#9328=CARTESIAN_POINT('',(-145.688189,-208.064774,4.));
#9329=DIRECTION('',(0.,0.,1.));
#9330=DIRECTION('',(1.,0.,0.));
#9331=CARTESIAN_POINT('',(-161.767837,-194.575466,4.));
#9332=AXIS2_PLACEMENT_3D('',#9333,#9334,#9335);
#9333=CARTESIAN_POINT('',(-163.267837,-194.575466,4.));
#9334=DIRECTION('',(0.,0.,1.));
#9335=DIRECTION('',(1.,0.,0.));
#9336=CARTESIAN_POINT('',(-178.10492,-179.605322,4.));
#9337=AXIS2_PLACEMENT_3D('',#9338,#9339,#9340);
#9338=CARTESIAN_POINT('',(-179.60492,-179.605322,4.));
#9339=DIRECTION('',(0.,0.,1.));
#9340=DIRECTION('',(1.,0.,0.));
#9341=CARTESIAN_POINT('',(-193.075101,-163.268273,4.));
#9342=AXIS2_PLACEMENT_3D('',#9343,#9344,#9345);
#9343=CARTESIAN_POINT('',(-194.575101,-163.268273,4.));
#9344=DIRECTION('',(0.,0.,1.));
#9345=DIRECTION('',(1.,0.,0.));
#9346=CARTESIAN_POINT('',(-206.564449,-145.688655,4.));
#9347=AXIS2_PLACEMENT_3D('',#9348,#9349,#9350);
#9348=CARTESIAN_POINT('',(-208.064449,-145.688655,4.));
#9349=DIRECTION('',(0.,0.,1.));
#9350=DIRECTION('',(1.,0.,0.));
#9351=CARTESIAN_POINT('',(-218.470302,-127.000259,4.));
#9352=AXIS2_PLACEMENT_3D('',#9353,#9354,#9355);
#9353=CARTESIAN_POINT('',(-219.970302,-127.000259,4.));
#9354=DIRECTION('',(0.,0.,1.));
#9355=DIRECTION('',(1.,0.,0.));
#9356=CARTESIAN_POINT('',(-228.702049,-107.345314,4.));
#9357=AXIS2_PLACEMENT_3D('',#9358,#9359,#9360);
#9358=CARTESIAN_POINT('',(-230.202049,-107.345314,4.));
#9359=DIRECTION('',(0.,0.,1.));
#9360=DIRECTION('',(1.,0.,0.));
#9361=CARTESIAN_POINT('',(-237.181819,-86.873407,4.));
#9362=AXIS2_PLACEMENT_3D('',#9363,#9364,#9365);
#9363=CARTESIAN_POINT('',(-238.681819,-86.873407,4.));
#9364=DIRECTION('',(0.,0.,1.));
#9365=DIRECTION('',(1.,0.,0.));
#9366=CARTESIAN_POINT('',(-243.845078,-65.740341,4.));
#9367=AXIS2_PLACEMENT_3D('',#9368,#9369,#9370);
#9368=CARTESIAN_POINT('',(-245.345078,-65.740341,4.));
#9369=DIRECTION('',(0.,0.,1.));
#9370=DIRECTION('',(1.,0.,0.));
#9371=CARTESIAN_POINT('',(-248.641114,-44.106952,4.));
#9372=AXIS2_PLACEMENT_3D('',#9373,#9374,#9375);
#9373=CARTESIAN_POINT('',(-250.141114,-44.106952,4.));
#9374=DIRECTION('',(0.,0.,1.));
#9375=DIRECTION('',(1.,0.,0.));
#9376=CARTESIAN_POINT('',(-251.533425,-22.137883,4.));
#9377=AXIS2_PLACEMENT_3D('',#9378,#9379,#9380);
#9378=CARTESIAN_POINT('',(-253.033425,-22.137883,4.));
#9379=DIRECTION('',(0.,0.,1.));
#9380=DIRECTION('',(1.,0.,0.));
#9381=CARTESIAN_POINT('',(-252.5,0.,4.));
#9382=AXIS2_PLACEMENT_3D('',#9383,#9384,#9385);
#9383=CARTESIAN_POINT('',(-254.,7.97156677724024E-18,4.));
#9384=DIRECTION('',(0.,0.,1.));
#9385=DIRECTION('',(1.,0.,0.));
#9386=CARTESIAN_POINT('',(-55.77566261727,-57.27569311219,4.));
#9387=AXIS2_PLACEMENT_3D('',#9388,#9389,#9390);
#9388=CARTESIAN_POINT('',(-57.27566261727,-57.27569311219,4.));
#9389=DIRECTION('',(0.,0.,1.));
#9390=DIRECTION('',(1.,0.,0.));
#9391=CARTESIAN_POINT('',(-91.838457,-93.338369,4.));
#9392=AXIS2_PLACEMENT_3D('',#9393,#9394,#9395);
#9393=CARTESIAN_POINT('',(-93.338457,-93.338369,4.));
#9394=DIRECTION('',(0.,0.,1.));
#9395=DIRECTION('',(1.,0.,0.));
#9396=CARTESIAN_POINT('',(-102.444594,-40.304775,4.));
#9397=AXIS2_PLACEMENT_3D('',#9398,#9399,#9400);
#9398=CARTESIAN_POINT('',(-103.944594,-40.304775,4.));
#9399=DIRECTION('',(0.,0.,1.));
#9400=DIRECTION('',(1.,0.,0.));
#9401=CARTESIAN_POINT('',(-81.231499,-61.518325,4.));
#9402=AXIS2_PLACEMENT_3D('',#9403,#9404,#9405);
#9403=CARTESIAN_POINT('',(-82.731499,-61.518325,4.));
#9404=DIRECTION('',(0.,0.,1.));
#9405=DIRECTION('',(1.,0.,0.));
#9406=CARTESIAN_POINT('',(94.838416667702,93.338321652642,4.));
#9407=AXIS2_PLACEMENT_3D('',#9408,#9409,#9410);
#9408=CARTESIAN_POINT('',(93.338416667702,93.338321652642,4.));
#9409=DIRECTION('',(0.,0.,1.));
#9410=DIRECTION('',(1.,0.,0.));
#9411=CARTESIAN_POINT('',(63.018362268818,82.731394848532,4.));
#9412=AXIS2_PLACEMENT_3D('',#9413,#9414,#9415);
#9413=CARTESIAN_POINT('',(61.518362268818,82.731394848532,4.));
#9414=DIRECTION('',(0.,0.,1.));
#9415=DIRECTION('',(1.,0.,0.));
#9416=CARTESIAN_POINT('',(41.804833065821,103.94451064596,4.));
#9417=AXIS2_PLACEMENT_3D('',#9418,#9419,#9420);
#9418=CARTESIAN_POINT('',(40.304833065821,103.94451064596,4.));
#9419=DIRECTION('',(0.,0.,1.));
#9420=DIRECTION('',(1.,0.,0.));
#9421=CARTESIAN_POINT('',(-84.05992,-28.991408,4.));
#9422=AXIS2_PLACEMENT_3D('',#9423,#9424,#9425);
#9423=CARTESIAN_POINT('',(-85.55992,-28.991408,4.));
#9424=DIRECTION('',(0.,0.,1.));
#9425=DIRECTION('',(1.,0.,0.));
#9426=CARTESIAN_POINT('',(30.491448041774,85.559847737422,4.));
#9427=AXIS2_PLACEMENT_3D('',#9428,#9429,#9430);
#9428=CARTESIAN_POINT('',(28.991448041774,85.559847737422,4.));
#9429=DIRECTION('',(0.,0.,1.));
#9430=DIRECTION('',(1.,0.,0.));
#9431=CARTESIAN_POINT('',(58.775705424502,57.275562625231,4.));
#9432=AXIS2_PLACEMENT_3D('',#9433,#9434,#9435);
#9433=CARTESIAN_POINT('',(57.275705424502,57.275562625231,4.));
#9434=DIRECTION('',(0.,0.,1.));
#9435=DIRECTION('',(1.,0.,0.));
#9436=CARTESIAN_POINT('',(-29.691546,57.35452382114,4.));
#9437=AXIS2_PLACEMENT_3D('',#9438,#9439,#9440);
#9438=CARTESIAN_POINT('',(-31.191546,57.35452382114,4.));
#9439=DIRECTION('',(0.,0.,1.));
#9440=DIRECTION('',(1.,0.,0.));
#9441=CARTESIAN_POINT('',(32.691546,-57.354528,4.));
#9442=AXIS2_PLACEMENT_3D('',#9443,#9444,#9445);
#9443=CARTESIAN_POINT('',(31.191546,-57.354528,4.));
#9444=DIRECTION('',(0.,0.,1.));
#9445=DIRECTION('',(1.,0.,0.));
#9446=CARTESIAN_POINT('',(-218.470467,126.999973,4.));
#9447=AXIS2_PLACEMENT_3D('',#9448,#9449,#9450);
#9448=CARTESIAN_POINT('',(-219.970467,126.999973,4.));
#9449=DIRECTION('',(0.,0.,1.));
#9450=DIRECTION('',(1.,0.,0.));
#9451=CARTESIAN_POINT('',(-69.624965,-50.911802,4.));
#9452=AXIS2_PLACEMENT_3D('',#9453,#9454,#9455);
#9453=CARTESIAN_POINT('',(-72.124965,-50.911802,4.));
#9454=DIRECTION('',(0.,0.,1.));
#9455=DIRECTION('',(1.,0.,0.));
#9456=CARTESIAN_POINT('',(-80.231413,-40.305116,4.));
#9457=AXIS2_PLACEMENT_3D('',#9458,#9459,#9460);
#9458=CARTESIAN_POINT('',(-82.731413,-40.305116,4.));
#9459=DIRECTION('',(0.,0.,1.));
#9460=DIRECTION('',(1.,0.,0.));
#9461=CARTESIAN_POINT('',(-80.231552,-82.731667,4.));
#9462=AXIS2_PLACEMENT_3D('',#9463,#9464,#9465);
#9463=CARTESIAN_POINT('',(-82.731552,-82.731667,4.));
#9464=DIRECTION('',(0.,0.,1.));
#9465=DIRECTION('',(1.,0.,0.));
#9466=CARTESIAN_POINT('',(-90.838189,-72.124941,4.));
#9467=AXIS2_PLACEMENT_3D('',#9468,#9469,#9470);
#9468=CARTESIAN_POINT('',(-93.338189,-72.124941,4.));
#9469=DIRECTION('',(0.,0.,1.));
#9470=DIRECTION('',(1.,0.,0.));
#9471=CARTESIAN_POINT('',(-101.444909,-61.518528,4.));
#9472=AXIS2_PLACEMENT_3D('',#9473,#9474,#9475);
#9473=CARTESIAN_POINT('',(-103.944909,-61.518528,4.));
#9474=DIRECTION('',(0.,0.,1.));
#9475=DIRECTION('',(1.,0.,0.));
#9476=CARTESIAN_POINT('',(64.01858606612,103.94480484832,4.));
#9477=AXIS2_PLACEMENT_3D('',#9478,#9479,#9480);
#9478=CARTESIAN_POINT('',(61.51858606612,103.94480484832,4.));
#9479=DIRECTION('',(0.,0.,1.));
#9480=DIRECTION('',(1.,0.,0.));
#9481=CARTESIAN_POINT('',(74.624988667449,93.338074449962,4.));
#9482=AXIS2_PLACEMENT_3D('',#9483,#9484,#9485);
#9483=CARTESIAN_POINT('',(72.124988667449,93.338074449962,4.));
#9484=DIRECTION('',(0.,0.,1.));
#9485=DIRECTION('',(1.,0.,0.));
#9486=CARTESIAN_POINT('',(85.23170426886,82.731427051296,4.));
#9487=AXIS2_PLACEMENT_3D('',#9488,#9489,#9490);
#9488=CARTESIAN_POINT('',(82.73170426886,82.731427051296,4.));
#9489=DIRECTION('',(0.,0.,1.));
#9490=DIRECTION('',(1.,0.,0.));
#9491=CARTESIAN_POINT('',(32.198437667224,93.337866044304,4.));
#9492=AXIS2_PLACEMENT_3D('',#9493,#9494,#9495);
#9493=CARTESIAN_POINT('',(29.698437667224,93.337866044304,4.));
#9494=DIRECTION('',(0.,0.,1.));
#9495=DIRECTION('',(1.,0.,0.));
#9496=CARTESIAN_POINT('',(42.805153268744,82.731329645637,4.));
#9497=AXIS2_PLACEMENT_3D('',#9498,#9499,#9500);
#9498=CARTESIAN_POINT('',(40.305153268744,82.731329645637,4.));
#9499=DIRECTION('',(0.,0.,1.));
#9500=DIRECTION('',(1.,0.,0.));
#9501=CARTESIAN_POINT('',(53.411828870339,72.124871247009,4.));
#9502=AXIS2_PLACEMENT_3D('',#9503,#9504,#9505);
#9503=CARTESIAN_POINT('',(50.911828870339,72.124871247009,4.));
#9504=DIRECTION('',(0.,0.,1.));
#9505=DIRECTION('',(1.,0.,0.));
#9506=CARTESIAN_POINT('',(-90.837939,-29.69839,4.));
#9507=AXIS2_PLACEMENT_3D('',#9508,#9509,#9510);
#9508=CARTESIAN_POINT('',(-93.337939,-29.69839,4.));
#9509=DIRECTION('',(0.,0.,1.));
#9510=DIRECTION('',(1.,0.,0.));
#9511=CARTESIAN_POINT('',(-59.01829,-61.51832,4.));
#9512=AXIS2_PLACEMENT_3D('',#9513,#9514,#9515);
#9513=CARTESIAN_POINT('',(-61.51829,-61.51832,4.));
#9514=DIRECTION('',(0.,0.,1.));
#9515=DIRECTION('',(1.,0.,0.));
#9516=CARTESIAN_POINT('',(64.018336471712,61.518185848547,4.));
#9517=AXIS2_PLACEMENT_3D('',#9518,#9519,#9520);
#9518=CARTESIAN_POINT('',(61.518336471712,61.518185848547,4.));
#9519=DIRECTION('',(0.,0.,1.));
#9520=DIRECTION('',(1.,0.,0.));
#9521=CARTESIAN_POINT('',(246.903989,-31.978826,4.));
#9522=AXIS2_PLACEMENT_3D('',#9523,#9524,#9525);
#9523=CARTESIAN_POINT('',(242.903989,-31.978826,4.));
#9524=DIRECTION('',(0.,0.,1.));
#9525=DIRECTION('',(1.,0.,0.));
#9526=CARTESIAN_POINT('',(-193.,0.,4.));
#9527=AXIS2_PLACEMENT_3D('',#9528,#9529,#9530);
#9528=CARTESIAN_POINT('',(-197.,-5.94673322133306E-18,4.));
#9529=DIRECTION('',(0.,0.,1.));
#9530=DIRECTION('',(1.,0.,0.));
#9531=CARTESIAN_POINT('',(4.,-197.,4.));
#9532=AXIS2_PLACEMENT_3D('',#9533,#9534,#9535);
#9533=CARTESIAN_POINT('',(1.38415134239995E-22,-197.,4.));
#9534=DIRECTION('',(0.,0.,1.));
#9535=DIRECTION('',(1.,0.,0.));
#9536=CARTESIAN_POINT('',(201.,0.,4.));
#9537=AXIS2_PLACEMENT_3D('',#9538,#9539,#9540);
#9538=CARTESIAN_POINT('',(197.,5.94673322133306E-18,4.));
#9539=DIRECTION('',(0.,0.,1.));
#9540=DIRECTION('',(1.,0.,0.));
#9541=CARTESIAN_POINT('',(4.,197.,4.));
#9542=AXIS2_PLACEMENT_3D('',#9543,#9544,#9545);
#9543=CARTESIAN_POINT('',(-1.38415134239995E-22,197.,4.));
#9544=DIRECTION('',(0.,0.,1.));
#9545=DIRECTION('',(1.,0.,0.));
#9546=CARTESIAN_POINT('',(-238.903999,31.978859,4.));
#9547=AXIS2_PLACEMENT_3D('',#9548,#9549,#9550);
#9548=CARTESIAN_POINT('',(-242.903999,31.978859,4.));
#9549=DIRECTION('',(0.,0.,1.));
#9550=DIRECTION('',(1.,0.,0.));
#9551=CARTESIAN_POINT('',(-235.192535,53.027647,4.));
#9552=AXIS2_PLACEMENT_3D('',#9553,#9554,#9555);
#9553=CARTESIAN_POINT('',(-239.192535,53.027647,4.));
#9554=DIRECTION('',(0.,0.,1.));
#9555=DIRECTION('',(1.,0.,0.));
#9556=CARTESIAN_POINT('',(-229.660671,73.672862,4.));
#9557=AXIS2_PLACEMENT_3D('',#9558,#9559,#9560);
#9558=CARTESIAN_POINT('',(-233.660671,73.672862,4.));
#9559=DIRECTION('',(0.,0.,1.));
#9560=DIRECTION('',(1.,0.,0.));
#9561=CARTESIAN_POINT('',(-222.350509,93.757383,4.));
#9562=AXIS2_PLACEMENT_3D('',#9563,#9564,#9565);
#9563=CARTESIAN_POINT('',(-226.350509,93.757383,4.));
#9564=DIRECTION('',(0.,0.,1.));
#9565=DIRECTION('',(1.,0.,0.));
#9566=CARTESIAN_POINT('',(-213.317683,113.128353,4.));
#9567=AXIS2_PLACEMENT_3D('',#9568,#9569,#9570);
#9568=CARTESIAN_POINT('',(-217.317683,113.128353,4.));
#9569=DIRECTION('',(0.,0.,1.));
#9570=DIRECTION('',(1.,0.,0.));
#9571=CARTESIAN_POINT('',(-202.630939,131.638348,4.));
#9572=AXIS2_PLACEMENT_3D('',#9573,#9574,#9575);
#9573=CARTESIAN_POINT('',(-206.630939,131.638348,4.));
#9574=DIRECTION('',(0.,0.,1.));
#9575=DIRECTION('',(1.,0.,0.));
#9576=CARTESIAN_POINT('',(-190.371608,149.146496,4.));
#9577=AXIS2_PLACEMENT_3D('',#9578,#9579,#9580);
#9578=CARTESIAN_POINT('',(-194.371608,149.146496,4.));
#9579=DIRECTION('',(0.,0.,1.));
#9580=DIRECTION('',(1.,0.,0.));
#9581=CARTESIAN_POINT('',(-176.632993,165.519549,4.));
#9582=AXIS2_PLACEMENT_3D('',#9583,#9584,#9585);
#9583=CARTESIAN_POINT('',(-180.632993,165.519549,4.));
#9584=DIRECTION('',(0.,0.,1.));
#9585=DIRECTION('',(1.,0.,0.));
#9586=CARTESIAN_POINT('',(-161.519651,180.632899,4.));
#9587=AXIS2_PLACEMENT_3D('',#9588,#9589,#9590);
#9588=CARTESIAN_POINT('',(-165.519651,180.632899,4.));
#9589=DIRECTION('',(0.,0.,1.));
#9590=DIRECTION('',(1.,0.,0.));
#9591=CARTESIAN_POINT('',(-145.146605,194.371523,4.));
#9592=AXIS2_PLACEMENT_3D('',#9593,#9594,#9595);
#9593=CARTESIAN_POINT('',(-149.146605,194.371523,4.));
#9594=DIRECTION('',(0.,0.,1.));
#9595=DIRECTION('',(1.,0.,0.));
#9596=CARTESIAN_POINT('',(-127.638464,206.630862,4.));
#9597=AXIS2_PLACEMENT_3D('',#9598,#9599,#9600);
#9598=CARTESIAN_POINT('',(-131.638464,206.630862,4.));
#9599=DIRECTION('',(0.,0.,1.));
#9600=DIRECTION('',(1.,0.,0.));
#9601=CARTESIAN_POINT('',(-109.128474,217.317617,4.));
#9602=AXIS2_PLACEMENT_3D('',#9603,#9604,#9605);
#9603=CARTESIAN_POINT('',(-113.128474,217.317617,4.));
#9604=DIRECTION('',(0.,0.,1.));
#9605=DIRECTION('',(1.,0.,0.));
#9606=CARTESIAN_POINT('',(-89.757509,226.350453,4.));
#9607=AXIS2_PLACEMENT_3D('',#9608,#9609,#9610);
#9608=CARTESIAN_POINT('',(-93.757509,226.350453,4.));
#9609=DIRECTION('',(0.,0.,1.));
#9610=DIRECTION('',(1.,0.,0.));
#9611=CARTESIAN_POINT('',(-69.672992,233.660625,4.));
#9612=AXIS2_PLACEMENT_3D('',#9613,#9614,#9615);
#9613=CARTESIAN_POINT('',(-73.672992,233.660625,4.));
#9614=DIRECTION('',(0.,0.,1.));
#9615=DIRECTION('',(1.,0.,0.));
#9616=CARTESIAN_POINT('',(-49.02778,239.1925,4.));
#9617=AXIS2_PLACEMENT_3D('',#9618,#9619,#9620);
#9618=CARTESIAN_POINT('',(-53.02778,239.1925,4.));
#9619=DIRECTION('',(0.,0.,1.));
#9620=DIRECTION('',(1.,0.,0.));
#9621=CARTESIAN_POINT('',(-27.978994,242.903975,4.));
#9622=AXIS2_PLACEMENT_3D('',#9623,#9624,#9625);
#9623=CARTESIAN_POINT('',(-31.978994,242.903975,4.));
#9624=DIRECTION('',(0.,0.,1.));
#9625=DIRECTION('',(1.,0.,0.));
#9626=CARTESIAN_POINT('',(-6.686829,244.766804,4.));
#9627=AXIS2_PLACEMENT_3D('',#9628,#9629,#9630);
#9628=CARTESIAN_POINT('',(-10.686829,244.766804,4.));
#9629=DIRECTION('',(0.,0.,1.));
#9630=DIRECTION('',(1.,0.,0.));
#9631=CARTESIAN_POINT('',(14.686669,244.76681,4.));
#9632=AXIS2_PLACEMENT_3D('',#9633,#9634,#9635);
#9633=CARTESIAN_POINT('',(10.686669,244.76681,4.));
#9634=DIRECTION('',(0.,0.,1.));
#9635=DIRECTION('',(1.,0.,0.));
#9636=CARTESIAN_POINT('',(35.978836,242.903994,4.));
#9637=AXIS2_PLACEMENT_3D('',#9638,#9639,#9640);
#9638=CARTESIAN_POINT('',(31.978836,242.903994,4.));
#9639=DIRECTION('',(0.,0.,1.));
#9640=DIRECTION('',(1.,0.,0.));
#9641=CARTESIAN_POINT('',(57.027624,239.192531,4.));
#9642=AXIS2_PLACEMENT_3D('',#9643,#9644,#9645);
#9643=CARTESIAN_POINT('',(53.027624,239.192531,4.));
#9644=DIRECTION('',(0.,0.,1.));
#9645=DIRECTION('',(1.,0.,0.));
#9646=CARTESIAN_POINT('',(77.672839,233.660669,4.));
#9647=AXIS2_PLACEMENT_3D('',#9648,#9649,#9650);
#9648=CARTESIAN_POINT('',(73.672839,233.660669,4.));
#9649=DIRECTION('',(0.,0.,1.));
#9650=DIRECTION('',(1.,0.,0.));
#9651=CARTESIAN_POINT('',(97.75736,226.350508,4.));
#9652=AXIS2_PLACEMENT_3D('',#9653,#9654,#9655);
#9653=CARTESIAN_POINT('',(93.75736,226.350508,4.));
#9654=DIRECTION('',(0.,0.,1.));
#9655=DIRECTION('',(1.,0.,0.));
#9656=CARTESIAN_POINT('',(117.128331,217.317684,4.));
#9657=AXIS2_PLACEMENT_3D('',#9658,#9659,#9660);
#9658=CARTESIAN_POINT('',(113.128331,217.317684,4.));
#9659=DIRECTION('',(0.,0.,1.));
#9660=DIRECTION('',(1.,0.,0.));
#9661=CARTESIAN_POINT('',(135.638327,206.630941,4.));
#9662=AXIS2_PLACEMENT_3D('',#9663,#9664,#9665);
#9663=CARTESIAN_POINT('',(131.638327,206.630941,4.));
#9664=DIRECTION('',(0.,0.,1.));
#9665=DIRECTION('',(1.,0.,0.));
#9666=CARTESIAN_POINT('',(153.146475,194.371611,4.));
#9667=AXIS2_PLACEMENT_3D('',#9668,#9669,#9670);
#9668=CARTESIAN_POINT('',(149.146475,194.371611,4.));
#9669=DIRECTION('',(0.,0.,1.));
#9670=DIRECTION('',(1.,0.,0.));
#9671=CARTESIAN_POINT('',(169.51953,180.632997,4.));
#9672=AXIS2_PLACEMENT_3D('',#9673,#9674,#9675);
#9673=CARTESIAN_POINT('',(165.51953,180.632997,4.));
#9674=DIRECTION('',(0.,0.,1.));
#9675=DIRECTION('',(1.,0.,0.));
#9676=CARTESIAN_POINT('',(184.63288,165.519656,4.));
#9677=AXIS2_PLACEMENT_3D('',#9678,#9679,#9680);
#9678=CARTESIAN_POINT('',(180.63288,165.519656,4.));
#9679=DIRECTION('',(0.,0.,1.));
#9680=DIRECTION('',(1.,0.,0.));
#9681=CARTESIAN_POINT('',(198.371505,149.146611,4.));
#9682=AXIS2_PLACEMENT_3D('',#9683,#9684,#9685);
#9683=CARTESIAN_POINT('',(194.371505,149.146611,4.));
#9684=DIRECTION('',(0.,0.,1.));
#9685=DIRECTION('',(1.,0.,0.));
#9686=CARTESIAN_POINT('',(210.630846,131.638471,4.));
#9687=AXIS2_PLACEMENT_3D('',#9688,#9689,#9690);
#9688=CARTESIAN_POINT('',(206.630846,131.638471,4.));
#9689=DIRECTION('',(0.,0.,1.));
#9690=DIRECTION('',(1.,0.,0.));
#9691=CARTESIAN_POINT('',(221.317602,113.128482,4.));
#9692=AXIS2_PLACEMENT_3D('',#9693,#9694,#9695);
#9693=CARTESIAN_POINT('',(217.317602,113.128482,4.));
#9694=DIRECTION('',(0.,0.,1.));
#9695=DIRECTION('',(1.,0.,0.));
#9696=CARTESIAN_POINT('',(230.350439,93.757517,4.));
#9697=AXIS2_PLACEMENT_3D('',#9698,#9699,#9700);
#9698=CARTESIAN_POINT('',(226.350439,93.757517,4.));
#9699=DIRECTION('',(0.,0.,1.));
#9700=DIRECTION('',(1.,0.,0.));
#9701=CARTESIAN_POINT('',(237.660613,73.673001,4.));
#9702=AXIS2_PLACEMENT_3D('',#9703,#9704,#9705);
#9703=CARTESIAN_POINT('',(233.660613,73.673001,4.));
#9704=DIRECTION('',(0.,0.,1.));
#9705=DIRECTION('',(1.,0.,0.));
#9706=CARTESIAN_POINT('',(243.192489,53.027789,4.));
#9707=AXIS2_PLACEMENT_3D('',#9708,#9709,#9710);
#9708=CARTESIAN_POINT('',(239.192489,53.027789,4.));
#9709=DIRECTION('',(0.,0.,1.));
#9710=DIRECTION('',(1.,0.,0.));
#9711=CARTESIAN_POINT('',(248.766796,10.686839,4.));
#9712=AXIS2_PLACEMENT_3D('',#9713,#9714,#9715);
#9713=CARTESIAN_POINT('',(244.766796,10.686839,4.));
#9714=DIRECTION('',(0.,0.,1.));
#9715=DIRECTION('',(1.,0.,0.));
#9716=CARTESIAN_POINT('',(248.766804,-10.68666,4.));
#9717=AXIS2_PLACEMENT_3D('',#9718,#9719,#9720);
#9718=CARTESIAN_POINT('',(244.766804,-10.68666,4.));
#9719=DIRECTION('',(0.,0.,1.));
#9720=DIRECTION('',(1.,0.,0.));
#9721=CARTESIAN_POINT('',(243.192528,-53.027613,4.));
#9722=AXIS2_PLACEMENT_3D('',#9723,#9724,#9725);
#9723=CARTESIAN_POINT('',(239.192528,-53.027613,4.));
#9724=DIRECTION('',(0.,0.,1.));
#9725=DIRECTION('',(1.,0.,0.));
#9726=CARTESIAN_POINT('',(237.660667,-73.672829,4.));
#9727=AXIS2_PLACEMENT_3D('',#9728,#9729,#9730);
#9728=CARTESIAN_POINT('',(233.660667,-73.672829,4.));
#9729=DIRECTION('',(0.,0.,1.));
#9730=DIRECTION('',(1.,0.,0.));
#9731=CARTESIAN_POINT('',(230.350508,-93.75735,4.));
#9732=AXIS2_PLACEMENT_3D('',#9733,#9734,#9735);
#9733=CARTESIAN_POINT('',(226.350508,-93.75735,4.));
#9734=DIRECTION('',(0.,0.,1.));
#9735=DIRECTION('',(1.,0.,0.));
#9736=CARTESIAN_POINT('',(221.317686,-113.128321,4.));
#9737=AXIS2_PLACEMENT_3D('',#9738,#9739,#9740);
#9738=CARTESIAN_POINT('',(217.317686,-113.128321,4.));
#9739=DIRECTION('',(0.,0.,1.));
#9740=DIRECTION('',(1.,0.,0.));
#9741=CARTESIAN_POINT('',(210.630944,-131.638317,4.));
#9742=AXIS2_PLACEMENT_3D('',#9743,#9744,#9745);
#9743=CARTESIAN_POINT('',(206.630944,-131.638317,4.));
#9744=DIRECTION('',(0.,0.,1.));
#9745=DIRECTION('',(1.,0.,0.));
#9746=CARTESIAN_POINT('',(198.371617,-149.146466,4.));
#9747=AXIS2_PLACEMENT_3D('',#9748,#9749,#9750);
#9748=CARTESIAN_POINT('',(194.371617,-149.146466,4.));
#9749=DIRECTION('',(0.,0.,1.));
#9750=DIRECTION('',(1.,0.,0.));
#9751=CARTESIAN_POINT('',(184.633004,-165.519521,4.));
#9752=AXIS2_PLACEMENT_3D('',#9753,#9754,#9755);
#9753=CARTESIAN_POINT('',(180.633004,-165.519521,4.));
#9754=DIRECTION('',(0.,0.,1.));
#9755=DIRECTION('',(1.,0.,0.));
#9756=CARTESIAN_POINT('',(169.519665,-180.632873,4.));
#9757=AXIS2_PLACEMENT_3D('',#9758,#9759,#9760);
#9758=CARTESIAN_POINT('',(165.519665,-180.632873,4.));
#9759=DIRECTION('',(0.,0.,1.));
#9760=DIRECTION('',(1.,0.,0.));
#9761=CARTESIAN_POINT('',(153.146622,-194.371499,4.));
#9762=AXIS2_PLACEMENT_3D('',#9763,#9764,#9765);
#9763=CARTESIAN_POINT('',(149.146622,-194.371499,4.));
#9764=DIRECTION('',(0.,0.,1.));
#9765=DIRECTION('',(1.,0.,0.));
#9766=CARTESIAN_POINT('',(135.638483,-206.630841,4.));
#9767=AXIS2_PLACEMENT_3D('',#9768,#9769,#9770);
#9768=CARTESIAN_POINT('',(131.638483,-206.630841,4.));
#9769=DIRECTION('',(0.,0.,1.));
#9770=DIRECTION('',(1.,0.,0.));
#9771=CARTESIAN_POINT('',(117.128495,-217.317598,4.));
#9772=AXIS2_PLACEMENT_3D('',#9773,#9774,#9775);
#9773=CARTESIAN_POINT('',(113.128495,-217.317598,4.));
#9774=DIRECTION('',(0.,0.,1.));
#9775=DIRECTION('',(1.,0.,0.));
#9776=CARTESIAN_POINT('',(97.757532,-226.350437,4.));
#9777=AXIS2_PLACEMENT_3D('',#9778,#9779,#9780);
#9778=CARTESIAN_POINT('',(93.757532,-226.350437,4.));
#9779=DIRECTION('',(0.,0.,1.));
#9780=DIRECTION('',(1.,0.,0.));
#9781=CARTESIAN_POINT('',(77.673017,-233.660613,4.));
#9782=AXIS2_PLACEMENT_3D('',#9783,#9784,#9785);
#9783=CARTESIAN_POINT('',(73.673017,-233.660613,4.));
#9784=DIRECTION('',(0.,0.,1.));
#9785=DIRECTION('',(1.,0.,0.));
#9786=CARTESIAN_POINT('',(57.027806,-239.192491,4.));
#9787=AXIS2_PLACEMENT_3D('',#9788,#9789,#9790);
#9788=CARTESIAN_POINT('',(53.027806,-239.192491,4.));
#9789=DIRECTION('',(0.,0.,1.));
#9790=DIRECTION('',(1.,0.,0.));
#9791=CARTESIAN_POINT('',(35.979022,-242.903969,4.));
#9792=AXIS2_PLACEMENT_3D('',#9793,#9794,#9795);
#9793=CARTESIAN_POINT('',(31.979022,-242.903969,4.));
#9794=DIRECTION('',(0.,0.,1.));
#9795=DIRECTION('',(1.,0.,0.));
#9796=CARTESIAN_POINT('',(14.686857,-244.766802,4.));
#9797=AXIS2_PLACEMENT_3D('',#9798,#9799,#9800);
#9798=CARTESIAN_POINT('',(10.686857,-244.766802,4.));
#9799=DIRECTION('',(0.,0.,1.));
#9800=DIRECTION('',(1.,0.,0.));
#9801=CARTESIAN_POINT('',(-6.68664,-244.766812,4.));
#9802=AXIS2_PLACEMENT_3D('',#9803,#9804,#9805);
#9803=CARTESIAN_POINT('',(-10.68664,-244.766812,4.));
#9804=DIRECTION('',(0.,0.,1.));
#9805=DIRECTION('',(1.,0.,0.));
#9806=CARTESIAN_POINT('',(-27.978806,-242.903999,4.));
#9807=AXIS2_PLACEMENT_3D('',#9808,#9809,#9810);
#9808=CARTESIAN_POINT('',(-31.978806,-242.903999,4.));
#9809=DIRECTION('',(0.,0.,1.));
#9810=DIRECTION('',(1.,0.,0.));
#9811=CARTESIAN_POINT('',(-49.027594,-239.192541,4.));
#9812=AXIS2_PLACEMENT_3D('',#9813,#9814,#9815);
#9813=CARTESIAN_POINT('',(-53.027594,-239.192541,4.));
#9814=DIRECTION('',(0.,0.,1.));
#9815=DIRECTION('',(1.,0.,0.));
#9816=CARTESIAN_POINT('',(-69.672811,-233.660682,4.));
#9817=AXIS2_PLACEMENT_3D('',#9818,#9819,#9820);
#9818=CARTESIAN_POINT('',(-73.672811,-233.660682,4.));
#9819=DIRECTION('',(0.,0.,1.));
#9820=DIRECTION('',(1.,0.,0.));
#9821=CARTESIAN_POINT('',(-89.757332,-226.350526,4.));
#9822=AXIS2_PLACEMENT_3D('',#9823,#9824,#9825);
#9823=CARTESIAN_POINT('',(-93.757332,-226.350526,4.));
#9824=DIRECTION('',(0.,0.,1.));
#9825=DIRECTION('',(1.,0.,0.));
#9826=CARTESIAN_POINT('',(-109.128304,-217.317705,4.));
#9827=AXIS2_PLACEMENT_3D('',#9828,#9829,#9830);
#9828=CARTESIAN_POINT('',(-113.128304,-217.317705,4.));
#9829=DIRECTION('',(0.,0.,1.));
#9830=DIRECTION('',(1.,0.,0.));
#9831=CARTESIAN_POINT('',(-127.638302,-206.630966,4.));
#9832=AXIS2_PLACEMENT_3D('',#9833,#9834,#9835);
#9833=CARTESIAN_POINT('',(-131.638302,-206.630966,4.));
#9834=DIRECTION('',(0.,0.,1.));
#9835=DIRECTION('',(1.,0.,0.));
#9836=CARTESIAN_POINT('',(-145.146452,-194.37164,4.));
#9837=AXIS2_PLACEMENT_3D('',#9838,#9839,#9840);
#9838=CARTESIAN_POINT('',(-149.146452,-194.37164,4.));
#9839=DIRECTION('',(0.,0.,1.));
#9840=DIRECTION('',(1.,0.,0.));
#9841=CARTESIAN_POINT('',(-161.519509,-180.633029,4.));
#9842=AXIS2_PLACEMENT_3D('',#9843,#9844,#9845);
#9843=CARTESIAN_POINT('',(-165.519509,-180.633029,4.));
#9844=DIRECTION('',(0.,0.,1.));
#9845=DIRECTION('',(1.,0.,0.));
#9846=CARTESIAN_POINT('',(-176.632862,-165.519692,4.));
#9847=AXIS2_PLACEMENT_3D('',#9848,#9849,#9850);
#9848=CARTESIAN_POINT('',(-180.632862,-165.519692,4.));
#9849=DIRECTION('',(0.,0.,1.));
#9850=DIRECTION('',(1.,0.,0.));
#9851=CARTESIAN_POINT('',(-190.37149,-149.14665,4.));
#9852=AXIS2_PLACEMENT_3D('',#9853,#9854,#9855);
#9853=CARTESIAN_POINT('',(-194.37149,-149.14665,4.));
#9854=DIRECTION('',(0.,0.,1.));
#9855=DIRECTION('',(1.,0.,0.));
#9856=CARTESIAN_POINT('',(-202.630834,-131.638512,4.));
#9857=AXIS2_PLACEMENT_3D('',#9858,#9859,#9860);
#9858=CARTESIAN_POINT('',(-206.630834,-131.638512,4.));
#9859=DIRECTION('',(0.,0.,1.));
#9860=DIRECTION('',(1.,0.,0.));
#9861=CARTESIAN_POINT('',(-213.317593,-113.128526,4.));
#9862=AXIS2_PLACEMENT_3D('',#9863,#9864,#9865);
#9863=CARTESIAN_POINT('',(-217.317593,-113.128526,4.));
#9864=DIRECTION('',(0.,0.,1.));
#9865=DIRECTION('',(1.,0.,0.));
#9866=CARTESIAN_POINT('',(-222.350434,-93.757564,4.));
#9867=AXIS2_PLACEMENT_3D('',#9868,#9869,#9870);
#9868=CARTESIAN_POINT('',(-226.350434,-93.757564,4.));
#9869=DIRECTION('',(0.,0.,1.));
#9870=DIRECTION('',(1.,0.,0.));
#9871=CARTESIAN_POINT('',(-229.660612,-73.67305,4.));
#9872=AXIS2_PLACEMENT_3D('',#9873,#9874,#9875);
#9873=CARTESIAN_POINT('',(-233.660612,-73.67305,4.));
#9874=DIRECTION('',(0.,0.,1.));
#9875=DIRECTION('',(1.,0.,0.));
#9876=CARTESIAN_POINT('',(-235.192492,-53.027839,4.));
#9877=AXIS2_PLACEMENT_3D('',#9878,#9879,#9880);
#9878=CARTESIAN_POINT('',(-239.192492,-53.027839,4.));
#9879=DIRECTION('',(0.,0.,1.));
#9880=DIRECTION('',(1.,0.,0.));
#9881=CARTESIAN_POINT('',(-240.766808,-10.686891,4.));
#9882=AXIS2_PLACEMENT_3D('',#9883,#9884,#9885);
#9883=CARTESIAN_POINT('',(-244.766808,-10.686891,4.));
#9884=DIRECTION('',(0.,0.,1.));
#9885=DIRECTION('',(1.,0.,0.));
#9886=CARTESIAN_POINT('',(-240.766817,10.686693,4.));
#9887=AXIS2_PLACEMENT_3D('',#9888,#9889,#9890);
#9888=CARTESIAN_POINT('',(-244.766817,10.686693,4.));
#9889=DIRECTION('',(0.,0.,1.));
#9890=DIRECTION('',(1.,0.,0.));
#9891=CARTESIAN_POINT('',(-68.124892,-72.124922,4.));
#9892=AXIS2_PLACEMENT_3D('',#9893,#9894,#9895);
#9893=CARTESIAN_POINT('',(-72.124892,-72.124922,4.));
#9894=DIRECTION('',(0.,0.,1.));
#9895=DIRECTION('',(1.,0.,0.));
#9896=CARTESIAN_POINT('',(-78.731908,-103.945025,4.));
#9897=AXIS2_PLACEMENT_3D('',#9898,#9899,#9900);
#9898=CARTESIAN_POINT('',(-82.731908,-103.945025,4.));
#9899=DIRECTION('',(0.,0.,1.));
#9900=DIRECTION('',(1.,0.,0.));
#9901=CARTESIAN_POINT('',(-89.337998,-50.91162,4.));
#9902=AXIS2_PLACEMENT_3D('',#9903,#9904,#9905);
#9903=CARTESIAN_POINT('',(-93.337998,-50.91162,4.));
#9904=DIRECTION('',(0.,0.,1.));
#9905=DIRECTION('',(1.,0.,0.));
#9906=CARTESIAN_POINT('',(-99.944995,-82.731938,4.));
#9907=AXIS2_PLACEMENT_3D('',#9908,#9909,#9910);
#9908=CARTESIAN_POINT('',(-103.944995,-82.731938,4.));
#9909=DIRECTION('',(0.,0.,1.));
#9910=DIRECTION('',(1.,0.,0.));
#9911=CARTESIAN_POINT('',(107.94506226919,82.731762254044,4.));
#9912=AXIS2_PLACEMENT_3D('',#9913,#9914,#9915);
#9913=CARTESIAN_POINT('',(103.94506226919,82.731762254044,4.));
#9914=DIRECTION('',(0.,0.,1.));
#9915=DIRECTION('',(1.,0.,0.));
#9916=CARTESIAN_POINT('',(86.731996066194,103.94487005102,4.));
#9917=AXIS2_PLACEMENT_3D('',#9918,#9919,#9920);
#9918=CARTESIAN_POINT('',(82.731996066194,103.94487005102,4.));
#9919=DIRECTION('',(0.,0.,1.));
#9920=DIRECTION('',(1.,0.,0.));
#9921=CARTESIAN_POINT('',(76.124948870258,72.124777449991,4.));
#9922=AXIS2_PLACEMENT_3D('',#9923,#9924,#9925);
#9923=CARTESIAN_POINT('',(72.124948870258,72.124777449991,4.));
#9924=DIRECTION('',(0.,0.,1.));
#9925=DIRECTION('',(1.,0.,0.));
#9926=CARTESIAN_POINT('',(54.911667667272,93.337904247178,4.));
#9927=AXIS2_PLACEMENT_3D('',#9928,#9929,#9930);
#9928=CARTESIAN_POINT('',(50.911667667272,93.337904247178,4.));
#9929=DIRECTION('',(0.,0.,1.));
#9930=DIRECTION('',(1.,0.,0.));
#9931=CARTESIAN_POINT('',(246.903965,31.979004,4.));
#9932=AXIS2_PLACEMENT_3D('',#9933,#9934,#9935);
#9933=CARTESIAN_POINT('',(242.903965,31.979004,4.));
#9934=DIRECTION('',(0.,0.,1.));
#9935=DIRECTION('',(1.,0.,0.));
#9936=CARTESIAN_POINT('',(-238.903973,-31.979055,4.));
#9937=AXIS2_PLACEMENT_3D('',#9938,#9939,#9940);
#9938=CARTESIAN_POINT('',(-242.903973,-31.979055,4.));
#9939=DIRECTION('',(0.,0.,1.));
#9940=DIRECTION('',(1.,0.,0.));
#9941=CARTESIAN_POINT('',(-85.,0.,4.));
#9942=CARTESIAN_POINT('',(-79.,0.,4.));
#9943=CARTESIAN_POINT('',(-85.,-5.78468445829613E-19,4.));
#9944=VECTOR('',#9945,1.);
#9945=DIRECTION('',(1.,1.09525945683826E-18,0.));
#9946=CARTESIAN_POINT('',(-85.,12.,4.));
#9947=CARTESIAN_POINT('',(-85.,-5.78468445829613E-19,4.));
#9948=VECTOR('',#9949,1.);
#9949=DIRECTION('',(0.,1.,0.));
#9950=CARTESIAN_POINT('',(-79.,12.,4.));
#9951=CARTESIAN_POINT('',(-79.,12.,4.));
#9952=VECTOR('',#9953,1.);
#9953=DIRECTION('',(-1.,0.,0.));
#9954=CARTESIAN_POINT('',(-79.,5.99308829519996E-18,4.));
#9955=VECTOR('',#9956,1.);
#9956=DIRECTION('',(0.,1.,0.));
#9957=CARTESIAN_POINT('',(79.,-12.,4.));
#9958=CARTESIAN_POINT('',(79.,0.,4.));
#9959=CARTESIAN_POINT('',(79.,-12.,4.));
#9960=VECTOR('',#9961,1.);
#9961=DIRECTION('',(0.,1.,0.));
#9962=CARTESIAN_POINT('',(85.,0.,4.));
#9963=CARTESIAN_POINT('',(85.,5.78468445829613E-19,4.));
#9964=VECTOR('',#9965,1.);
#9965=DIRECTION('',(-1.,-1.09525945683826E-18,0.));
#9966=CARTESIAN_POINT('',(85.,-12.,4.));
#9967=CARTESIAN_POINT('',(85.,-12.,4.));
#9968=VECTOR('',#9969,1.);
#9969=DIRECTION('',(0.,1.,0.));
#9970=CARTESIAN_POINT('',(79.,-12.,4.));
#9971=VECTOR('',#9972,1.);
#9972=DIRECTION('',(1.,0.,0.));
#9973=CARTESIAN_POINT('',(11.999993,-85.,4.));
#9974=CARTESIAN_POINT('',(-7.E-6,-85.,4.));
#9975=CARTESIAN_POINT('',(11.999993,-85.,4.));
#9976=VECTOR('',#9977,1.);
#9977=DIRECTION('',(-1.,0.,0.));
#9978=CARTESIAN_POINT('',(-7.E-6,-79.,4.));
#9979=CARTESIAN_POINT('',(-7.E-6,-79.,4.));
#9980=VECTOR('',#9981,1.);
#9981=DIRECTION('',(0.,-1.,0.));
#9982=CARTESIAN_POINT('',(11.999993,-79.,4.));
#9983=CARTESIAN_POINT('',(11.999993,-79.,4.));
#9984=VECTOR('',#9985,1.);
#9985=DIRECTION('',(-1.,0.,0.));
#9986=CARTESIAN_POINT('',(11.999993,-85.,4.));
#9987=VECTOR('',#9988,1.);
#9988=DIRECTION('',(-8.88178419700125E-16,1.,0.));
#9989=CARTESIAN_POINT('',(-12.,85.,4.));
#9990=CARTESIAN_POINT('',(-12.,79.,4.));
#9991=CARTESIAN_POINT('',(-12.,85.,4.));
#9992=VECTOR('',#9993,1.);
#9993=DIRECTION('',(0.,-1.,0.));
#9994=CARTESIAN_POINT('',(0.,85.,4.));
#9995=CARTESIAN_POINT('',(-12.,85.,4.));
#9996=VECTOR('',#9997,1.);
#9997=DIRECTION('',(1.,0.,0.));
#9998=CARTESIAN_POINT('',(0.,79.,4.));
#9999=CARTESIAN_POINT('',(-9.33230978462842E-23,79.,4.));
#10000=VECTOR('',#10001,1.);
#10001=DIRECTION('',(2.4730040486726E-23,1.,0.));
#10002=CARTESIAN_POINT('',(-12.,79.,4.));
#10003=VECTOR('',#10004,1.);
#10004=DIRECTION('',(1.,0.,0.));
#10005=CARTESIAN_POINT('',(57.354527,-75.032172,4.));
#10006=CARTESIAN_POINT('',(39.676857,-57.354503,4.));
#10007=CARTESIAN_POINT('',(57.354527,-75.032172,4.));
#10008=VECTOR('',#10009,1.);
#10009=DIRECTION('',(-0.707106801186546,0.707106761186549,0.));
#10010=CARTESIAN_POINT('',(57.354501,-39.676842,4.));
#10011=CARTESIAN_POINT('',(39.676857,-57.354503,4.));
#10012=VECTOR('',#10013,1.);
#10013=DIRECTION('',(0.707106441185967,0.707107121186965,0.));
#10014=CARTESIAN_POINT('',(75.032187,-57.354495,4.));
#10015=CARTESIAN_POINT('',(57.354501,-39.676842,4.));
#10016=VECTOR('',#10017,1.);
#10017=DIRECTION('',(0.707107441186239,-0.70710612118624,0.));
#10018=CARTESIAN_POINT('',(57.354527,-75.032172,4.));
#10019=VECTOR('',#10020,1.);
#10020=DIRECTION('',(0.707106441186466,0.707107121186466,0.));
#10021=CARTESIAN_POINT('',(17.677661,88.388347,4.));
#10022=CARTESIAN_POINT('',(-88.38840843239,-17.677618,4.));
#10023=CARTESIAN_POINT('',(17.677661,88.388347,4.));
#10024=VECTOR('',#10025,1.);
#10025=DIRECTION('',(-0.707107129294463,-0.707106433078461,0.));
#10026=CARTESIAN_POINT('',(88.388337319769,17.677647191603,4.));
#10027=CARTESIAN_POINT('',(88.388337319769,17.677647191603,4.));
#10028=VECTOR('',#10029,1.);
#10029=DIRECTION('',(-0.707106663743042,0.707106898630033,0.));
#10030=CARTESIAN_POINT('',(-17.67777776248,-88.388364,4.));
#10031=CARTESIAN_POINT('',(-17.67777776248,-88.388364,4.));
#10032=VECTOR('',#10033,1.);
#10033=DIRECTION('',(0.707107127488463,0.707106434884463,0.));
#10034=CARTESIAN_POINT('',(-88.38840843239,-17.677618,4.));
#10035=VECTOR('',#10036,1.);
#10036=DIRECTION('',(0.707106204535812,-0.707107357836813,0.));
#10037=CARTESIAN_POINT('',(194.014701827369,65.3635207966709,4.));
#10038=AXIS2_PLACEMENT_3D('',#10039,#10040,#10041);
#10039=CARTESIAN_POINT('',(194.014701827369,80.3635207966709,4.));
#10040=DIRECTION('',(0.,0.,-1.));
#10041=DIRECTION('',(-6.12323399573676E-17,-1.,0.));
#10042=CARTESIAN_POINT('',(260.00000002447,-1.92359976E-7,0.));
#10043=AXIS2_PLACEMENT_3D('',#10044,#10045,#10046);
#10044=CARTESIAN_POINT('',(2.44699546999999E-8,-1.92359975809131E-7,0.));
#10045=DIRECTION('',(0.,0.,1.));
#10046=DIRECTION('',(1.,0.,0.));
#10047=CARTESIAN_POINT('',(90.970122514465,183.408100109573,0.));
#10048=AXIS2_PLACEMENT_3D('',#10049,#10050,#10051);
#10049=CARTESIAN_POINT('',(80.3635207966668,194.014701827371,0.));
#10050=DIRECTION('',(0.,0.,-1.));
#10051=DIRECTION('',(0.707106781186548,-0.707106781186548,0.));
#10052=CARTESIAN_POINT('',(-65.3635207966709,194.014701827369,0.));
#10053=AXIS2_PLACEMENT_3D('',#10054,#10055,#10056);
#10054=CARTESIAN_POINT('',(-80.3635207966709,194.014701827369,0.));
#10055=DIRECTION('',(0.,0.,-1.));
#10056=DIRECTION('',(1.,0.,0.));
#10057=CARTESIAN_POINT('',(-183.408100109573,90.970122514465,0.));
#10058=AXIS2_PLACEMENT_3D('',#10059,#10060,#10061);
#10059=CARTESIAN_POINT('',(-194.014701827371,80.3635207966668,0.));
#10060=DIRECTION('',(0.,0.,-1.));
#10061=DIRECTION('',(0.707106781186548,0.707106781186548,0.));
#10062=CARTESIAN_POINT('',(-194.014701827369,-65.3635207966709,0.));
#10063=AXIS2_PLACEMENT_3D('',#10064,#10065,#10066);
#10064=CARTESIAN_POINT('',(-194.014701827369,-80.3635207966709,0.));
#10065=DIRECTION('',(0.,0.,-1.));
#10066=DIRECTION('',(0.,1.,0.));
#10067=CARTESIAN_POINT('',(-90.970122514465,-183.408100109573,0.));
#10068=AXIS2_PLACEMENT_3D('',#10069,#10070,#10071);
#10069=CARTESIAN_POINT('',(-80.3635207966668,-194.014701827371,0.));
#10070=DIRECTION('',(0.,0.,-1.));
#10071=DIRECTION('',(-0.707106781186548,0.707106781186548,0.));
#10072=CARTESIAN_POINT('',(65.3635207966709,-194.014701827369,0.));
#10073=AXIS2_PLACEMENT_3D('',#10074,#10075,#10076);
#10074=CARTESIAN_POINT('',(80.3635207966709,-194.014701827369,0.));
#10075=DIRECTION('',(0.,0.,-1.));
#10076=DIRECTION('',(-1.,0.,0.));
#10077=CARTESIAN_POINT('',(183.408100109573,-90.970122514465,0.));
#10078=AXIS2_PLACEMENT_3D('',#10079,#10080,#10081);
#10079=CARTESIAN_POINT('',(194.014701827371,-80.3635207966668,0.));
#10080=DIRECTION('',(0.,0.,-1.));
#10081=DIRECTION('',(-0.707106781186548,-0.707106781186548,0.));
#10082=CARTESIAN_POINT('',(-221.465843867609,6.92964645561308,0.));
#10083=AXIS2_PLACEMENT_3D('',#10084,#10085,#10086);
#10084=CARTESIAN_POINT('',(-220.405183695829,5.86898628383327,0.));
#10085=DIRECTION('',(0.,0.,-1.));
#10086=DIRECTION('',(-0.707106781186553,0.707106781186542,0.));
#10087=CARTESIAN_POINT('',(-191.060252276593,35.2139177030648,0.));
#10088=AXIS2_PLACEMENT_3D('',#10089,#10090,#10091);
#10089=CARTESIAN_POINT('',(-192.120912448372,34.1532575312849,0.));
#10090=DIRECTION('',(0.,0.,-1.));
#10091=DIRECTION('',(0.707106781186538,0.707106781186557,0.));
#10092=CARTESIAN_POINT('',(-152.169379311307,74.1047906683771,0.));
#10093=AXIS2_PLACEMENT_3D('',#10094,#10095,#10096);
#10094=CARTESIAN_POINT('',(-153.230039483086,73.0441304965973,0.));
#10095=DIRECTION('',(0.,0.,-1.));
#10096=DIRECTION('',(0.707106781186538,0.707106781186557,0.));
#10097=CARTESIAN_POINT('',(-135.19881656284,88.9540330732739,0.));
#10098=AXIS2_PLACEMENT_3D('',#10099,#10100,#10101);
#10099=CARTESIAN_POINT('',(-136.25947673462,90.0146932450537,0.));
#10100=DIRECTION('',(0.,0.,-1.));
#10101=DIRECTION('',(0.707106781186552,-0.707106781186543,0.));
#10102=CARTESIAN_POINT('',(-113.985613127254,67.7408296376568,0.));
#10103=AXIS2_PLACEMENT_3D('',#10104,#10105,#10106);
#10104=CARTESIAN_POINT('',(-115.046273299034,68.8014898094366,0.));
#10105=DIRECTION('',(0.,0.,-1.));
#10106=DIRECTION('',(0.707106781186552,-0.707106781186543,0.));
#10107=CARTESIAN_POINT('',(-130.956175875721,52.89158723276,0.));
#10108=AXIS2_PLACEMENT_3D('',#10109,#10110,#10111);
#10109=CARTESIAN_POINT('',(-132.0168360475,51.8309270609802,0.));
#10110=DIRECTION('',(0.,0.,-1.));
#10111=DIRECTION('',(0.707106781186538,0.707106781186557,0.));
#10112=CARTESIAN_POINT('',(-169.847048840996,14.0007142674685,0.));
#10113=AXIS2_PLACEMENT_3D('',#10114,#10115,#10116);
#10114=CARTESIAN_POINT('',(-170.907709012776,12.9400540956886,0.));
#10115=DIRECTION('',(0.,0.,-1.));
#10116=DIRECTION('',(0.707106781186538,0.707106781186557,0.));
#10117=CARTESIAN_POINT('',(-200.252640432012,-14.2835569799832,0.));
#10118=AXIS2_PLACEMENT_3D('',#10119,#10120,#10121);
#10119=CARTESIAN_POINT('',(-199.191980260232,-15.344217151763,0.));
#10120=DIRECTION('',(0.,0.,-1.));
#10121=DIRECTION('',(-0.707106781186552,0.707106781186543,0.));
#10122=CARTESIAN_POINT('',(-74.1046851087271,152.169408242902,0.));
#10123=AXIS2_PLACEMENT_3D('',#10124,#10125,#10126);
#10124=CARTESIAN_POINT('',(-73.0440238958067,153.230067373541,0.));
#10125=DIRECTION('',(0.,0.,-1.));
#10126=DIRECTION('',(-0.707107475280215,-0.707106087092199,0.));
#10127=CARTESIAN_POINT('',(-88.9539441718727,135.198860070418,0.));
#10128=AXIS2_PLACEMENT_3D('',#10129,#10130,#10131);
#10129=CARTESIAN_POINT('',(-90.014603302511,136.259521283338,0.));
#10130=DIRECTION('',(0.,0.,-1.));
#10131=DIRECTION('',(0.707106087092204,-0.70710747528021,0.));
#10132=CARTESIAN_POINT('',(-67.7407615591067,113.985635812012,0.));
#10133=AXIS2_PLACEMENT_3D('',#10134,#10135,#10136);
#10134=CARTESIAN_POINT('',(-68.801420689745,115.046297024932,0.));
#10135=DIRECTION('',(0.,0.,-1.));
#10136=DIRECTION('',(0.707106087092199,-0.707107475280215,0.));
#10137=CARTESIAN_POINT('',(-52.891502495961,130.956183984496,0.));
#10138=AXIS2_PLACEMENT_3D('',#10139,#10140,#10141);
#10139=CARTESIAN_POINT('',(-51.8308412830407,132.016843115134,0.));
#10140=DIRECTION('',(0.,0.,-1.));
#10141=DIRECTION('',(-0.707107475280212,-0.707106087092202,0.));
#10142=CARTESIAN_POINT('',(-35.2137739682841,191.060243032989,0.));
#10143=AXIS2_PLACEMENT_3D('',#10144,#10145,#10146);
#10144=CARTESIAN_POINT('',(-34.1531127553638,192.120902163627,0.));
#10145=DIRECTION('',(0.,0.,-1.));
#10146=DIRECTION('',(-0.707107475280212,-0.707106087092202,0.));
#10147=CARTESIAN_POINT('',(-14.0005913555181,169.847018774583,0.));
#10148=AXIS2_PLACEMENT_3D('',#10149,#10150,#10151);
#10149=CARTESIAN_POINT('',(-12.9399301425978,170.907677905221,0.));
#10150=DIRECTION('',(0.,0.,-1.));
#10151=DIRECTION('',(-0.707107475280213,-0.7071060870922,0.));
#10152=CARTESIAN_POINT('',(-6.92947287480407,221.465806860231,0.));
#10153=AXIS2_PLACEMENT_3D('',#10154,#10155,#10156);
#10154=CARTESIAN_POINT('',(-5.86881374416576,220.40514564731,0.));
#10155=DIRECTION('',(0.,0.,-1.));
#10156=DIRECTION('',(-0.707106087092205,0.707107475280209,0.));
#10157=CARTESIAN_POINT('',(14.283709737962,200.252582601824,0.));
#10158=AXIS2_PLACEMENT_3D('',#10159,#10160,#10161);
#10159=CARTESIAN_POINT('',(15.3443688686003,199.191921388904,0.));
#10160=DIRECTION('',(0.,0.,-1.));
#10161=DIRECTION('',(-0.707106087092205,0.707107475280209,0.));
#10162=CARTESIAN_POINT('',(113.985595753102,67.7406906783241,0.));
#10163=AXIS2_PLACEMENT_3D('',#10164,#10165,#10166);
#10164=CARTESIAN_POINT('',(115.046256810272,68.8013499647128,0.));
#10165=DIRECTION('',(0.,0.,-1.));
#10166=DIRECTION('',(-0.707107371446837,-0.707106190925765,0.));
#10167=CARTESIAN_POINT('',(135.198816896507,88.9538764060971,0.));
#10168=AXIS2_PLACEMENT_3D('',#10169,#10170,#10171);
#10169=CARTESIAN_POINT('',(136.259477953677,90.0145356924857,0.));
#10170=DIRECTION('',(0.,0.,-1.));
#10171=DIRECTION('',(-0.707107371446837,-0.707106190925765,0.));
#10172=CARTESIAN_POINT('',(152.169367249461,74.1046198348954,0.));
#10173=AXIS2_PLACEMENT_3D('',#10174,#10175,#10176);
#10174=CARTESIAN_POINT('',(153.230026535849,73.0439587777252,0.));
#10175=DIRECTION('',(0.,0.,-1.));
#10176=DIRECTION('',(-0.707106190925765,0.707107371446837,0.));
#10177=CARTESIAN_POINT('',(130.956146106055,52.8914341071225,0.));
#10178=AXIS2_PLACEMENT_3D('',#10179,#10180,#10181);
#10179=CARTESIAN_POINT('',(132.016805392444,51.8307730499522,0.));
#10180=DIRECTION('',(0.,0.,-1.));
#10181=DIRECTION('',(-0.707106190925763,0.70710737144684,0.));
#10182=CARTESIAN_POINT('',(169.846986607042,14.0005286776011,0.));
#10183=AXIS2_PLACEMENT_3D('',#10184,#10185,#10186);
#10184=CARTESIAN_POINT('',(170.907645893431,12.9398676204308,0.));
#10185=DIRECTION('',(0.,0.,-1.));
#10186=DIRECTION('',(-0.707106190925763,0.707107371446839,0.));
#10187=CARTESIAN_POINT('',(191.060207750447,35.2137144053741,0.));
#10188=AXIS2_PLACEMENT_3D('',#10189,#10190,#10191);
#10189=CARTESIAN_POINT('',(192.120867036836,34.1530533482038,0.));
#10190=DIRECTION('',(0.,0.,-1.));
#10191=DIRECTION('',(-0.707106190925763,0.70710737144684,0.));
#10192=CARTESIAN_POINT('',(221.465775731013,6.92941777670075,0.));
#10193=AXIS2_PLACEMENT_3D('',#10194,#10195,#10196);
#10194=CARTESIAN_POINT('',(220.405114673843,5.8687584903121,0.));
#10195=DIRECTION('',(0.,0.,-1.));
#10196=DIRECTION('',(0.707107371446835,0.707106190925767,0.));
#10197=CARTESIAN_POINT('',(200.252554587608,-14.2837679510722,0.));
#10198=AXIS2_PLACEMENT_3D('',#10199,#10200,#10201);
#10199=CARTESIAN_POINT('',(199.191893530438,-15.3444272374608,0.));
#10200=DIRECTION('',(0.,0.,-1.));
#10201=DIRECTION('',(0.707107371446835,0.707106190925767,0.));
#10202=CARTESIAN_POINT('',(-67.7408463756625,-113.98557306837,0.));
#10203=AXIS2_PLACEMENT_3D('',#10204,#10205,#10206);
#10204=CARTESIAN_POINT('',(-68.8015067031925,-115.0462330844,0.));
#10205=DIRECTION('',(0.,0.,-1.));
#10206=DIRECTION('',(0.707106885020002,0.707106677353078,0.));
#10207=CARTESIAN_POINT('',(-52.8916064627118,-130.956137997304,0.));
#10208=AXIS2_PLACEMENT_3D('',#10209,#10210,#10211);
#10209=CARTESIAN_POINT('',(-51.8309464466822,-132.016798324834,0.));
#10210=DIRECTION('',(0.,0.,-1.));
#10211=DIRECTION('',(-0.707106677353078,0.707106885020002,0.));
#10212=CARTESIAN_POINT('',(-88.9540529262626,-135.198773388963,0.));
#10213=AXIS2_PLACEMENT_3D('',#10214,#10215,#10216);
#10214=CARTESIAN_POINT('',(-90.0147132537926,-136.259433404992,0.));
#10215=DIRECTION('',(0.,0.,-1.));
#10216=DIRECTION('',(0.707106885020007,0.707106677353073,0.));
#10217=CARTESIAN_POINT('',(-74.1048130133119,-152.169338317896,0.));
#10218=AXIS2_PLACEMENT_3D('',#10219,#10220,#10221);
#10219=CARTESIAN_POINT('',(-73.0441529972823,-153.229998645426,0.));
#10220=DIRECTION('',(0.,0.,-1.));
#10221=DIRECTION('',(-0.707106677353078,0.707106885020002,0.));
#10222=CARTESIAN_POINT('',(-14.0007392083473,-169.847016673473,0.));
#10223=AXIS2_PLACEMENT_3D('',#10224,#10225,#10226);
#10224=CARTESIAN_POINT('',(-12.9400791923177,-170.907677001003,0.));
#10225=DIRECTION('',(0.,0.,-1.));
#10226=DIRECTION('',(-0.707106677353078,0.707106885020002,0.));
#10227=CARTESIAN_POINT('',(-35.2139457589473,-191.060216994066,0.));
#10228=AXIS2_PLACEMENT_3D('',#10229,#10230,#10231);
#10229=CARTESIAN_POINT('',(-34.1532857429177,-192.120877321596,0.));
#10230=DIRECTION('',(0.,0.,-1.));
#10231=DIRECTION('',(-0.707106677353078,0.707106885020002,0.));
#10232=CARTESIAN_POINT('',(14.2835275742936,-200.25261241781,0.));
#10233=AXIS2_PLACEMENT_3D('',#10234,#10235,#10236);
#10234=CARTESIAN_POINT('',(15.3441879018236,-199.19195240178,0.));
#10235=DIRECTION('',(0.,0.,-1.));
#10236=DIRECTION('',(-0.707106885019998,-0.707106677353082,0.));
#10237=CARTESIAN_POINT('',(-6.92967897630645,-221.465812738402,0.));
#10238=AXIS2_PLACEMENT_3D('',#10239,#10240,#10241);
#10239=CARTESIAN_POINT('',(-5.86901864877645,-220.405152722373,0.));
#10240=DIRECTION('',(0.,0.,-1.));
#10241=DIRECTION('',(-0.707106885019998,-0.707106677353082,0.));
#10242=CARTESIAN_POINT('',(-125.500051,219.970419,0.));
#10243=AXIS2_PLACEMENT_3D('',#10244,#10245,#10246);
#10244=CARTESIAN_POINT('',(-127.000051,219.970419,0.));
#10245=DIRECTION('',(0.,0.,1.));
#10246=DIRECTION('',(1.,0.,0.));
#10247=CARTESIAN_POINT('',(128.499894,219.970501,0.));
#10248=AXIS2_PLACEMENT_3D('',#10249,#10250,#10251);
#10249=CARTESIAN_POINT('',(126.999894,219.970501,0.));
#10250=DIRECTION('',(0.,0.,1.));
#10251=DIRECTION('',(1.,0.,0.));
#10252=CARTESIAN_POINT('',(221.470371,127.000116,0.));
#10253=AXIS2_PLACEMENT_3D('',#10254,#10255,#10256);
#10254=CARTESIAN_POINT('',(219.970371,127.000116,0.));
#10255=DIRECTION('',(0.,0.,1.));
#10256=DIRECTION('',(1.,0.,0.));
#10257=CARTESIAN_POINT('',(58.854497,-31.191577,0.));
#10258=AXIS2_PLACEMENT_3D('',#10259,#10260,#10261);
#10259=CARTESIAN_POINT('',(57.354497,-31.191577,0.));
#10260=DIRECTION('',(0.,0.,1.));
#10261=DIRECTION('',(1.,0.,0.));
#10262=CARTESIAN_POINT('',(-55.85450117886,31.191577192198,0.));
#10263=AXIS2_PLACEMENT_3D('',#10264,#10265,#10266);
#10264=CARTESIAN_POINT('',(-57.35450117886,31.191577192198,0.));
#10265=DIRECTION('',(0.,0.,1.));
#10266=DIRECTION('',(1.,0.,0.));
#10267=CARTESIAN_POINT('',(-55.85450972878,83.517479,0.));
#10268=AXIS2_PLACEMENT_3D('',#10269,#10270,#10271);
#10269=CARTESIAN_POINT('',(-57.35450972878,83.517479,0.));
#10270=DIRECTION('',(0.,0.,1.));
#10271=DIRECTION('',(1.,0.,0.));
#10272=CARTESIAN_POINT('',(-82.01745635772,57.35452382114,0.));
#10273=AXIS2_PLACEMENT_3D('',#10274,#10275,#10276);
#10274=CARTESIAN_POINT('',(-83.51745635772,57.35452382114,0.));
#10275=DIRECTION('',(0.,0.,1.));
#10276=DIRECTION('',(1.,0.,0.));
#10277=CARTESIAN_POINT('',(85.017452,-57.354524,0.));
#10278=AXIS2_PLACEMENT_3D('',#10279,#10280,#10281);
#10279=CARTESIAN_POINT('',(83.517452,-57.354524,0.));
#10280=DIRECTION('',(0.,0.,1.));
#10281=DIRECTION('',(1.,0.,0.));
#10282=CARTESIAN_POINT('',(58.854506,-83.517479,0.));
#10283=AXIS2_PLACEMENT_3D('',#10284,#10285,#10286);
#10284=CARTESIAN_POINT('',(57.354506,-83.517479,0.));
#10285=DIRECTION('',(0.,0.,1.));
#10286=DIRECTION('',(1.,0.,0.));
#10287=CARTESIAN_POINT('',(74.,-72.5,0.));
#10288=AXIS2_PLACEMENT_3D('',#10289,#10290,#10291);
#10289=CARTESIAN_POINT('',(72.5,-72.5,0.));
#10290=DIRECTION('',(0.,0.,1.));
#10291=DIRECTION('',(1.,0.,0.));
#10292=CARTESIAN_POINT('',(-71.,72.5,0.));
#10293=AXIS2_PLACEMENT_3D('',#10294,#10295,#10296);
#10294=CARTESIAN_POINT('',(-72.5,72.5,0.));
#10295=DIRECTION('',(0.,0.,1.));
#10296=DIRECTION('',(1.,0.,0.));
#10297=CARTESIAN_POINT('',(-215.5,15.,0.));
#10298=AXIS2_PLACEMENT_3D('',#10299,#10300,#10301);
#10299=CARTESIAN_POINT('',(-217.,15.,0.));
#10300=DIRECTION('',(0.,0.,1.));
#10301=DIRECTION('',(1.,0.,0.));
#10302=CARTESIAN_POINT('',(-175.5,15.,0.));
#10303=AXIS2_PLACEMENT_3D('',#10304,#10305,#10306);
#10304=CARTESIAN_POINT('',(-177.,15.,0.));
#10305=DIRECTION('',(0.,0.,1.));
#10306=DIRECTION('',(1.,0.,0.));
#10307=CARTESIAN_POINT('',(-215.5,-15.,0.));
#10308=AXIS2_PLACEMENT_3D('',#10309,#10310,#10311);
#10309=CARTESIAN_POINT('',(-217.,-15.,0.));
#10310=DIRECTION('',(0.,0.,1.));
#10311=DIRECTION('',(1.,0.,0.));
#10312=CARTESIAN_POINT('',(-175.5,-15.,0.));
#10313=AXIS2_PLACEMENT_3D('',#10314,#10315,#10316);
#10314=CARTESIAN_POINT('',(-177.,-15.,0.));
#10315=DIRECTION('',(0.,0.,1.));
#10316=DIRECTION('',(1.,0.,0.));
#10317=CARTESIAN_POINT('',(-13.5,-217.,0.));
#10318=AXIS2_PLACEMENT_3D('',#10319,#10320,#10321);
#10319=CARTESIAN_POINT('',(-15.,-217.,0.));
#10320=DIRECTION('',(0.,0.,1.));
#10321=DIRECTION('',(1.,0.,0.));
#10322=CARTESIAN_POINT('',(-13.5,-177.,0.));
#10323=AXIS2_PLACEMENT_3D('',#10324,#10325,#10326);
#10324=CARTESIAN_POINT('',(-15.,-177.,0.));
#10325=DIRECTION('',(0.,0.,1.));
#10326=DIRECTION('',(1.,0.,0.));
#10327=CARTESIAN_POINT('',(16.5,-217.,0.));
#10328=AXIS2_PLACEMENT_3D('',#10329,#10330,#10331);
#10329=CARTESIAN_POINT('',(15.,-217.,0.));
#10330=DIRECTION('',(0.,0.,1.));
#10331=DIRECTION('',(1.,0.,0.));
#10332=CARTESIAN_POINT('',(16.5,-177.,0.));
#10333=AXIS2_PLACEMENT_3D('',#10334,#10335,#10336);
#10334=CARTESIAN_POINT('',(15.,-177.,0.));
#10335=DIRECTION('',(0.,0.,1.));
#10336=DIRECTION('',(1.,0.,0.));
#10337=CARTESIAN_POINT('',(218.5,-15.,0.));
#10338=AXIS2_PLACEMENT_3D('',#10339,#10340,#10341);
#10339=CARTESIAN_POINT('',(217.,-15.,0.));
#10340=DIRECTION('',(0.,0.,1.));
#10341=DIRECTION('',(1.,0.,0.));
#10342=CARTESIAN_POINT('',(178.5,-15.,0.));
#10343=AXIS2_PLACEMENT_3D('',#10344,#10345,#10346);
#10344=CARTESIAN_POINT('',(177.,-15.,0.));
#10345=DIRECTION('',(0.,0.,1.));
#10346=DIRECTION('',(1.,0.,0.));
#10347=CARTESIAN_POINT('',(218.5,15.,0.));
#10348=AXIS2_PLACEMENT_3D('',#10349,#10350,#10351);
#10349=CARTESIAN_POINT('',(217.,15.,0.));
#10350=DIRECTION('',(0.,0.,1.));
#10351=DIRECTION('',(1.,0.,0.));
#10352=CARTESIAN_POINT('',(178.5,15.,0.));
#10353=AXIS2_PLACEMENT_3D('',#10354,#10355,#10356);
#10354=CARTESIAN_POINT('',(177.,15.,0.));
#10355=DIRECTION('',(0.,0.,1.));
#10356=DIRECTION('',(1.,0.,0.));
#10357=CARTESIAN_POINT('',(16.5,217.,0.));
#10358=AXIS2_PLACEMENT_3D('',#10359,#10360,#10361);
#10359=CARTESIAN_POINT('',(15.,217.,0.));
#10360=DIRECTION('',(0.,0.,1.));
#10361=DIRECTION('',(1.,0.,0.));
#10362=CARTESIAN_POINT('',(16.5,177.,0.));
#10363=AXIS2_PLACEMENT_3D('',#10364,#10365,#10366);
#10364=CARTESIAN_POINT('',(15.,177.,0.));
#10365=DIRECTION('',(0.,0.,1.));
#10366=DIRECTION('',(1.,0.,0.));
#10367=CARTESIAN_POINT('',(-13.5,217.,0.));
#10368=AXIS2_PLACEMENT_3D('',#10369,#10370,#10371);
#10369=CARTESIAN_POINT('',(-15.,217.,0.));
#10370=DIRECTION('',(0.,0.,1.));
#10371=DIRECTION('',(1.,0.,0.));
#10372=CARTESIAN_POINT('',(-13.5,177.,0.));
#10373=AXIS2_PLACEMENT_3D('',#10374,#10375,#10376);
#10374=CARTESIAN_POINT('',(-15.,177.,0.));
#10375=DIRECTION('',(0.,0.,1.));
#10376=DIRECTION('',(1.,0.,0.));
#10377=CARTESIAN_POINT('',(237.499992918,0.,0.));
#10378=AXIS2_PLACEMENT_3D('',#10379,#10380,#10381);
#10379=CARTESIAN_POINT('',(235.999992918,8.10937671297533E-18,0.));
#10380=DIRECTION('',(0.,0.,1.));
#10381=DIRECTION('',(1.,0.,0.));
#10382=CARTESIAN_POINT('',(236.601949,20.568755,0.));
#10383=AXIS2_PLACEMENT_3D('',#10384,#10385,#10386);
#10384=CARTESIAN_POINT('',(235.101949,20.568755,0.));
#10385=DIRECTION('',(0.,0.,1.));
#10386=DIRECTION('',(1.,0.,0.));
#10387=CARTESIAN_POINT('',(233.91463,40.98097,0.));
#10388=AXIS2_PLACEMENT_3D('',#10389,#10390,#10391);
#10389=CARTESIAN_POINT('',(232.41463,40.98097,0.));
#10390=DIRECTION('',(0.,0.,1.));
#10391=DIRECTION('',(1.,0.,0.));
#10392=CARTESIAN_POINT('',(229.458495,61.081295,0.));
#10393=AXIS2_PLACEMENT_3D('',#10394,#10395,#10396);
#10394=CARTESIAN_POINT('',(227.958495,61.081295,0.));
#10395=DIRECTION('',(0.,0.,1.));
#10396=DIRECTION('',(1.,0.,0.));
#10397=CARTESIAN_POINT('',(223.267459,80.716754,0.));
#10398=AXIS2_PLACEMENT_3D('',#10399,#10400,#10401);
#10399=CARTESIAN_POINT('',(221.767459,80.716754,0.));
#10400=DIRECTION('',(0.,0.,1.));
#10401=DIRECTION('',(1.,0.,0.));
#10402=CARTESIAN_POINT('',(215.388638,99.73791,0.));
#10403=AXIS2_PLACEMENT_3D('',#10404,#10405,#10406);
#10404=CARTESIAN_POINT('',(213.888638,99.73791,0.));
#10405=DIRECTION('',(0.,0.,1.));
#10406=DIRECTION('',(1.,0.,0.));
#10407=CARTESIAN_POINT('',(205.881995,118.,0.));
#10408=AXIS2_PLACEMENT_3D('',#10409,#10410,#10411);
#10409=CARTESIAN_POINT('',(204.381995,118.,0.));
#10410=DIRECTION('',(0.,0.,1.));
#10411=DIRECTION('',(1.,0.,0.));
#10412=CARTESIAN_POINT('',(194.819882,135.364039,0.));
#10413=AXIS2_PLACEMENT_3D('',#10414,#10415,#10416);
#10414=CARTESIAN_POINT('',(193.319882,135.364039,0.));
#10415=DIRECTION('',(0.,0.,1.));
#10416=DIRECTION('',(1.,0.,0.));
#10417=CARTESIAN_POINT('',(182.286489,151.697876,0.));
#10418=AXIS2_PLACEMENT_3D('',#10419,#10420,#10421);
#10419=CARTESIAN_POINT('',(180.786489,151.697876,0.));
#10420=DIRECTION('',(0.,0.,1.));
#10421=DIRECTION('',(1.,0.,0.));
#10422=CARTESIAN_POINT('',(168.3772,166.8772,0.));
#10423=AXIS2_PLACEMENT_3D('',#10424,#10425,#10426);
#10424=CARTESIAN_POINT('',(166.8772,166.8772,0.));
#10425=DIRECTION('',(0.,0.,1.));
#10426=DIRECTION('',(1.,0.,0.));
#10427=CARTESIAN_POINT('',(153.197876,180.786489,0.));
#10428=AXIS2_PLACEMENT_3D('',#10429,#10430,#10431);
#10429=CARTESIAN_POINT('',(151.697876,180.786489,0.));
#10430=DIRECTION('',(0.,0.,1.));
#10431=DIRECTION('',(1.,0.,0.));
#10432=CARTESIAN_POINT('',(136.864039,193.319882,0.));
#10433=AXIS2_PLACEMENT_3D('',#10434,#10435,#10436);
#10434=CARTESIAN_POINT('',(135.364039,193.319882,0.));
#10435=DIRECTION('',(0.,0.,1.));
#10436=DIRECTION('',(1.,0.,0.));
#10437=CARTESIAN_POINT('',(119.5,204.381995,0.));
#10438=AXIS2_PLACEMENT_3D('',#10439,#10440,#10441);
#10439=CARTESIAN_POINT('',(118.,204.381995,0.));
#10440=DIRECTION('',(0.,0.,1.));
#10441=DIRECTION('',(1.,0.,0.));
#10442=CARTESIAN_POINT('',(101.23791,213.888638,0.));
#10443=AXIS2_PLACEMENT_3D('',#10444,#10445,#10446);
#10444=CARTESIAN_POINT('',(99.73791,213.888638,0.));
#10445=DIRECTION('',(0.,0.,1.));
#10446=DIRECTION('',(1.,0.,0.));
#10447=CARTESIAN_POINT('',(82.216754,221.767459,0.));
#10448=AXIS2_PLACEMENT_3D('',#10449,#10450,#10451);
#10449=CARTESIAN_POINT('',(80.716754,221.767459,0.));
#10450=DIRECTION('',(0.,0.,1.));
#10451=DIRECTION('',(1.,0.,0.));
#10452=CARTESIAN_POINT('',(62.581295,227.958495,0.));
#10453=AXIS2_PLACEMENT_3D('',#10454,#10455,#10456);
#10454=CARTESIAN_POINT('',(61.081295,227.958495,0.));
#10455=DIRECTION('',(0.,0.,1.));
#10456=DIRECTION('',(1.,0.,0.));
#10457=CARTESIAN_POINT('',(42.48097,232.41463,0.));
#10458=AXIS2_PLACEMENT_3D('',#10459,#10460,#10461);
#10459=CARTESIAN_POINT('',(40.98097,232.41463,0.));
#10460=DIRECTION('',(0.,0.,1.));
#10461=DIRECTION('',(1.,0.,0.));
#10462=CARTESIAN_POINT('',(22.068755,235.101949,0.));
#10463=AXIS2_PLACEMENT_3D('',#10464,#10465,#10466);
#10464=CARTESIAN_POINT('',(20.568755,235.101949,0.));
#10465=DIRECTION('',(0.,0.,1.));
#10466=DIRECTION('',(1.,0.,0.));
#10467=CARTESIAN_POINT('',(1.5,236.,0.));
#10468=AXIS2_PLACEMENT_3D('',#10469,#10470,#10471);
#10469=CARTESIAN_POINT('',(9.64621260605916E-23,236.,0.));
#10470=DIRECTION('',(0.,0.,1.));
#10471=DIRECTION('',(1.,0.,0.));
#10472=AXIS2_PLACEMENT_3D('',#10473,#10474,#10475);
#10473=CARTESIAN_POINT('',(9.64621260605916E-23,236.,0.));
#10474=DIRECTION('',(0.,0.,1.));
#10475=DIRECTION('',(1.,0.,0.));
#10476=CARTESIAN_POINT('',(236.601949,-20.568755,0.));
#10477=AXIS2_PLACEMENT_3D('',#10478,#10479,#10480);
#10478=CARTESIAN_POINT('',(235.101949,-20.568755,0.));
#10479=DIRECTION('',(0.,0.,1.));
#10480=DIRECTION('',(1.,0.,0.));
#10481=CARTESIAN_POINT('',(233.91463,-40.98097,0.));
#10482=AXIS2_PLACEMENT_3D('',#10483,#10484,#10485);
#10483=CARTESIAN_POINT('',(232.41463,-40.98097,0.));
#10484=DIRECTION('',(0.,0.,1.));
#10485=DIRECTION('',(1.,0.,0.));
#10486=CARTESIAN_POINT('',(229.458495,-61.081295,0.));
#10487=AXIS2_PLACEMENT_3D('',#10488,#10489,#10490);
#10488=CARTESIAN_POINT('',(227.958495,-61.081295,0.));
#10489=DIRECTION('',(0.,0.,1.));
#10490=DIRECTION('',(1.,0.,0.));
#10491=CARTESIAN_POINT('',(223.267459,-80.716754,0.));
#10492=AXIS2_PLACEMENT_3D('',#10493,#10494,#10495);
#10493=CARTESIAN_POINT('',(221.767459,-80.716754,0.));
#10494=DIRECTION('',(0.,0.,1.));
#10495=DIRECTION('',(1.,0.,0.));
#10496=CARTESIAN_POINT('',(215.388638,-99.73791,0.));
#10497=AXIS2_PLACEMENT_3D('',#10498,#10499,#10500);
#10498=CARTESIAN_POINT('',(213.888638,-99.73791,0.));
#10499=DIRECTION('',(0.,0.,1.));
#10500=DIRECTION('',(1.,0.,0.));
#10501=CARTESIAN_POINT('',(205.881995,-118.,0.));
#10502=AXIS2_PLACEMENT_3D('',#10503,#10504,#10505);
#10503=CARTESIAN_POINT('',(204.381995,-118.,0.));
#10504=DIRECTION('',(0.,0.,1.));
#10505=DIRECTION('',(1.,0.,0.));
#10506=CARTESIAN_POINT('',(194.819882,-135.364039,0.));
#10507=AXIS2_PLACEMENT_3D('',#10508,#10509,#10510);
#10508=CARTESIAN_POINT('',(193.319882,-135.364039,0.));
#10509=DIRECTION('',(0.,0.,1.));
#10510=DIRECTION('',(1.,0.,0.));
#10511=CARTESIAN_POINT('',(182.286489,-151.697876,0.));
#10512=AXIS2_PLACEMENT_3D('',#10513,#10514,#10515);
#10513=CARTESIAN_POINT('',(180.786489,-151.697876,0.));
#10514=DIRECTION('',(0.,0.,1.));
#10515=DIRECTION('',(1.,0.,0.));
#10516=CARTESIAN_POINT('',(168.3772,-166.8772,0.));
#10517=AXIS2_PLACEMENT_3D('',#10518,#10519,#10520);
#10518=CARTESIAN_POINT('',(166.8772,-166.8772,0.));
#10519=DIRECTION('',(0.,0.,1.));
#10520=DIRECTION('',(1.,0.,0.));
#10521=CARTESIAN_POINT('',(153.197876,-180.786489,0.));
#10522=AXIS2_PLACEMENT_3D('',#10523,#10524,#10525);
#10523=CARTESIAN_POINT('',(151.697876,-180.786489,0.));
#10524=DIRECTION('',(0.,0.,1.));
#10525=DIRECTION('',(1.,0.,0.));
#10526=CARTESIAN_POINT('',(136.864039,-193.319882,0.));
#10527=AXIS2_PLACEMENT_3D('',#10528,#10529,#10530);
#10528=CARTESIAN_POINT('',(135.364039,-193.319882,0.));
#10529=DIRECTION('',(0.,0.,1.));
#10530=DIRECTION('',(1.,0.,0.));
#10531=CARTESIAN_POINT('',(119.5,-204.381995,0.));
#10532=AXIS2_PLACEMENT_3D('',#10533,#10534,#10535);
#10533=CARTESIAN_POINT('',(118.,-204.381995,0.));
#10534=DIRECTION('',(0.,0.,1.));
#10535=DIRECTION('',(1.,0.,0.));
#10536=CARTESIAN_POINT('',(101.23791,-213.888638,0.));
#10537=AXIS2_PLACEMENT_3D('',#10538,#10539,#10540);
#10538=CARTESIAN_POINT('',(99.73791,-213.888638,0.));
#10539=DIRECTION('',(0.,0.,1.));
#10540=DIRECTION('',(1.,0.,0.));
#10541=CARTESIAN_POINT('',(82.216754,-221.767459,0.));
#10542=AXIS2_PLACEMENT_3D('',#10543,#10544,#10545);
#10543=CARTESIAN_POINT('',(80.716754,-221.767459,0.));
#10544=DIRECTION('',(0.,0.,1.));
#10545=DIRECTION('',(1.,0.,0.));
#10546=CARTESIAN_POINT('',(62.581295,-227.958495,0.));
#10547=AXIS2_PLACEMENT_3D('',#10548,#10549,#10550);
#10548=CARTESIAN_POINT('',(61.081295,-227.958495,0.));
#10549=DIRECTION('',(0.,0.,1.));
#10550=DIRECTION('',(1.,0.,0.));
#10551=CARTESIAN_POINT('',(42.48097,-232.41463,0.));
#10552=AXIS2_PLACEMENT_3D('',#10553,#10554,#10555);
#10553=CARTESIAN_POINT('',(40.98097,-232.41463,0.));
#10554=DIRECTION('',(0.,0.,1.));
#10555=DIRECTION('',(1.,0.,0.));
#10556=CARTESIAN_POINT('',(22.068755,-235.101949,0.));
#10557=AXIS2_PLACEMENT_3D('',#10558,#10559,#10560);
#10558=CARTESIAN_POINT('',(20.568755,-235.101949,0.));
#10559=DIRECTION('',(0.,0.,1.));
#10560=DIRECTION('',(1.,0.,0.));
#10561=CARTESIAN_POINT('',(1.5,-236.,0.));
#10562=AXIS2_PLACEMENT_3D('',#10563,#10564,#10565);
#10563=CARTESIAN_POINT('',(-9.64621260605916E-23,-236.,0.));
#10564=DIRECTION('',(0.,0.,1.));
#10565=DIRECTION('',(1.,0.,0.));
#10566=CARTESIAN_POINT('',(-19.068755,-235.101949,0.));
#10567=AXIS2_PLACEMENT_3D('',#10568,#10569,#10570);
#10568=CARTESIAN_POINT('',(-20.568755,-235.101949,0.));
#10569=DIRECTION('',(0.,0.,1.));
#10570=DIRECTION('',(1.,0.,0.));
#10571=CARTESIAN_POINT('',(-39.48097,-232.41463,0.));
#10572=AXIS2_PLACEMENT_3D('',#10573,#10574,#10575);
#10573=CARTESIAN_POINT('',(-40.98097,-232.41463,0.));
#10574=DIRECTION('',(0.,0.,1.));
#10575=DIRECTION('',(1.,0.,0.));
#10576=CARTESIAN_POINT('',(-59.581295,-227.958495,0.));
#10577=AXIS2_PLACEMENT_3D('',#10578,#10579,#10580);
#10578=CARTESIAN_POINT('',(-61.081295,-227.958495,0.));
#10579=DIRECTION('',(0.,0.,1.));
#10580=DIRECTION('',(1.,0.,0.));
#10581=CARTESIAN_POINT('',(-79.216754,-221.767459,0.));
#10582=AXIS2_PLACEMENT_3D('',#10583,#10584,#10585);
#10583=CARTESIAN_POINT('',(-80.716754,-221.767459,0.));
#10584=DIRECTION('',(0.,0.,1.));
#10585=DIRECTION('',(1.,0.,0.));
#10586=CARTESIAN_POINT('',(-98.23791,-213.888638,0.));
#10587=AXIS2_PLACEMENT_3D('',#10588,#10589,#10590);
#10588=CARTESIAN_POINT('',(-99.73791,-213.888638,0.));
#10589=DIRECTION('',(0.,0.,1.));
#10590=DIRECTION('',(1.,0.,0.));
#10591=CARTESIAN_POINT('',(-116.5,-204.381995,0.));
#10592=AXIS2_PLACEMENT_3D('',#10593,#10594,#10595);
#10593=CARTESIAN_POINT('',(-118.,-204.381995,0.));
#10594=DIRECTION('',(0.,0.,1.));
#10595=DIRECTION('',(1.,0.,0.));
#10596=CARTESIAN_POINT('',(-133.864039,-193.319882,0.));
#10597=AXIS2_PLACEMENT_3D('',#10598,#10599,#10600);
#10598=CARTESIAN_POINT('',(-135.364039,-193.319882,0.));
#10599=DIRECTION('',(0.,0.,1.));
#10600=DIRECTION('',(1.,0.,0.));
#10601=CARTESIAN_POINT('',(-150.197876,-180.786489,0.));
#10602=AXIS2_PLACEMENT_3D('',#10603,#10604,#10605);
#10603=CARTESIAN_POINT('',(-151.697876,-180.786489,0.));
#10604=DIRECTION('',(0.,0.,1.));
#10605=DIRECTION('',(1.,0.,0.));
#10606=CARTESIAN_POINT('',(-165.3772,-166.8772,0.));
#10607=AXIS2_PLACEMENT_3D('',#10608,#10609,#10610);
#10608=CARTESIAN_POINT('',(-166.8772,-166.8772,0.));
#10609=DIRECTION('',(0.,0.,1.));
#10610=DIRECTION('',(1.,0.,0.));
#10611=CARTESIAN_POINT('',(-179.286489,-151.697876,0.));
#10612=AXIS2_PLACEMENT_3D('',#10613,#10614,#10615);
#10613=CARTESIAN_POINT('',(-180.786489,-151.697876,0.));
#10614=DIRECTION('',(0.,0.,1.));
#10615=DIRECTION('',(1.,0.,0.));
#10616=CARTESIAN_POINT('',(-191.819882,-135.364039,0.));
#10617=AXIS2_PLACEMENT_3D('',#10618,#10619,#10620);
#10618=CARTESIAN_POINT('',(-193.319882,-135.364039,0.));
#10619=DIRECTION('',(0.,0.,1.));
#10620=DIRECTION('',(1.,0.,0.));
#10621=CARTESIAN_POINT('',(-202.881995,-118.,0.));
#10622=AXIS2_PLACEMENT_3D('',#10623,#10624,#10625);
#10623=CARTESIAN_POINT('',(-204.381995,-118.,0.));
#10624=DIRECTION('',(0.,0.,1.));
#10625=DIRECTION('',(1.,0.,0.));
#10626=CARTESIAN_POINT('',(-212.388638,-99.73791,0.));
#10627=AXIS2_PLACEMENT_3D('',#10628,#10629,#10630);
#10628=CARTESIAN_POINT('',(-213.888638,-99.73791,0.));
#10629=DIRECTION('',(0.,0.,1.));
#10630=DIRECTION('',(1.,0.,0.));
#10631=CARTESIAN_POINT('',(-220.267459,-80.716754,0.));
#10632=AXIS2_PLACEMENT_3D('',#10633,#10634,#10635);
#10633=CARTESIAN_POINT('',(-221.767459,-80.716754,0.));
#10634=DIRECTION('',(0.,0.,1.));
#10635=DIRECTION('',(1.,0.,0.));
#10636=CARTESIAN_POINT('',(-226.458495,-61.081295,0.));
#10637=AXIS2_PLACEMENT_3D('',#10638,#10639,#10640);
#10638=CARTESIAN_POINT('',(-227.958495,-61.081295,0.));
#10639=DIRECTION('',(0.,0.,1.));
#10640=DIRECTION('',(1.,0.,0.));
#10641=CARTESIAN_POINT('',(-230.91463,-40.98097,0.));
#10642=AXIS2_PLACEMENT_3D('',#10643,#10644,#10645);
#10643=CARTESIAN_POINT('',(-232.41463,-40.98097,0.));
#10644=DIRECTION('',(0.,0.,1.));
#10645=DIRECTION('',(1.,0.,0.));
#10646=CARTESIAN_POINT('',(-233.601949,-20.568755,0.));
#10647=AXIS2_PLACEMENT_3D('',#10648,#10649,#10650);
#10648=CARTESIAN_POINT('',(-235.101949,-20.568755,0.));
#10649=DIRECTION('',(0.,0.,1.));
#10650=DIRECTION('',(1.,0.,0.));
#10651=CARTESIAN_POINT('',(-234.4999999998,-3.3E-14,0.));
#10652=AXIS2_PLACEMENT_3D('',#10653,#10654,#10655);
#10653=CARTESIAN_POINT('',(-235.9999999998,-3.28152006216567E-14,0.));
#10654=DIRECTION('',(0.,0.,1.));
#10655=DIRECTION('',(1.,0.,0.));
#10656=CARTESIAN_POINT('',(-233.6019448212,20.568759190586,0.));
#10657=AXIS2_PLACEMENT_3D('',#10658,#10659,#10660);
#10658=CARTESIAN_POINT('',(-235.1019448212,20.568759190586,0.));
#10659=DIRECTION('',(0.,0.,1.));
#10660=DIRECTION('',(1.,0.,0.));
#10661=CARTESIAN_POINT('',(-230.91463,40.98097,0.));
#10662=AXIS2_PLACEMENT_3D('',#10663,#10664,#10665);
#10663=CARTESIAN_POINT('',(-232.41463,40.98097,0.));
#10664=DIRECTION('',(0.,0.,1.));
#10665=DIRECTION('',(1.,0.,0.));
#10666=CARTESIAN_POINT('',(-226.458495,61.081295,0.));
#10667=AXIS2_PLACEMENT_3D('',#10668,#10669,#10670);
#10668=CARTESIAN_POINT('',(-227.958495,61.081295,0.));
#10669=DIRECTION('',(0.,0.,1.));
#10670=DIRECTION('',(1.,0.,0.));
#10671=CARTESIAN_POINT('',(-220.267459,80.716754,0.));
#10672=AXIS2_PLACEMENT_3D('',#10673,#10674,#10675);
#10673=CARTESIAN_POINT('',(-221.767459,80.716754,0.));
#10674=DIRECTION('',(0.,0.,1.));
#10675=DIRECTION('',(1.,0.,0.));
#10676=CARTESIAN_POINT('',(-212.388638,99.73791,0.));
#10677=AXIS2_PLACEMENT_3D('',#10678,#10679,#10680);
#10678=CARTESIAN_POINT('',(-213.888638,99.73791,0.));
#10679=DIRECTION('',(0.,0.,1.));
#10680=DIRECTION('',(1.,0.,0.));
#10681=CARTESIAN_POINT('',(-202.881995,118.,0.));
#10682=AXIS2_PLACEMENT_3D('',#10683,#10684,#10685);
#10683=CARTESIAN_POINT('',(-204.381995,118.,0.));
#10684=DIRECTION('',(0.,0.,1.));
#10685=DIRECTION('',(1.,0.,0.));
#10686=CARTESIAN_POINT('',(-191.819882,135.364039,0.));
#10687=AXIS2_PLACEMENT_3D('',#10688,#10689,#10690);
#10688=CARTESIAN_POINT('',(-193.319882,135.364039,0.));
#10689=DIRECTION('',(0.,0.,1.));
#10690=DIRECTION('',(1.,0.,0.));
#10691=CARTESIAN_POINT('',(-179.286489,151.697876,0.));
#10692=AXIS2_PLACEMENT_3D('',#10693,#10694,#10695);
#10693=CARTESIAN_POINT('',(-180.786489,151.697876,0.));
#10694=DIRECTION('',(0.,0.,1.));
#10695=DIRECTION('',(1.,0.,0.));
#10696=CARTESIAN_POINT('',(-165.3772,166.8772,0.));
#10697=AXIS2_PLACEMENT_3D('',#10698,#10699,#10700);
#10698=CARTESIAN_POINT('',(-166.8772,166.8772,0.));
#10699=DIRECTION('',(0.,0.,1.));
#10700=DIRECTION('',(1.,0.,0.));
#10701=CARTESIAN_POINT('',(-150.197876,180.786489,0.));
#10702=AXIS2_PLACEMENT_3D('',#10703,#10704,#10705);
#10703=CARTESIAN_POINT('',(-151.697876,180.786489,0.));
#10704=DIRECTION('',(0.,0.,1.));
#10705=DIRECTION('',(1.,0.,0.));
#10706=CARTESIAN_POINT('',(-133.864039,193.319882,0.));
#10707=AXIS2_PLACEMENT_3D('',#10708,#10709,#10710);
#10708=CARTESIAN_POINT('',(-135.364039,193.319882,0.));
#10709=DIRECTION('',(0.,0.,1.));
#10710=DIRECTION('',(1.,0.,0.));
#10711=CARTESIAN_POINT('',(-116.5,204.381995,0.));
#10712=AXIS2_PLACEMENT_3D('',#10713,#10714,#10715);
#10713=CARTESIAN_POINT('',(-118.,204.381995,0.));
#10714=DIRECTION('',(0.,0.,1.));
#10715=DIRECTION('',(1.,0.,0.));
#10716=CARTESIAN_POINT('',(-98.23791,213.888638,0.));
#10717=AXIS2_PLACEMENT_3D('',#10718,#10719,#10720);
#10718=CARTESIAN_POINT('',(-99.73791,213.888638,0.));
#10719=DIRECTION('',(0.,0.,1.));
#10720=DIRECTION('',(1.,0.,0.));
#10721=CARTESIAN_POINT('',(-79.216754,221.767459,0.));
#10722=AXIS2_PLACEMENT_3D('',#10723,#10724,#10725);
#10723=CARTESIAN_POINT('',(-80.716754,221.767459,0.));
#10724=DIRECTION('',(0.,0.,1.));
#10725=DIRECTION('',(1.,0.,0.));
#10726=CARTESIAN_POINT('',(-59.581295,227.958495,0.));
#10727=AXIS2_PLACEMENT_3D('',#10728,#10729,#10730);
#10728=CARTESIAN_POINT('',(-61.081295,227.958495,0.));
#10729=DIRECTION('',(0.,0.,1.));
#10730=DIRECTION('',(1.,0.,0.));
#10731=CARTESIAN_POINT('',(-39.48097,232.41463,0.));
#10732=AXIS2_PLACEMENT_3D('',#10733,#10734,#10735);
#10733=CARTESIAN_POINT('',(-40.98097,232.41463,0.));
#10734=DIRECTION('',(0.,0.,1.));
#10735=DIRECTION('',(1.,0.,0.));
#10736=CARTESIAN_POINT('',(-19.068755,235.101949,0.));
#10737=AXIS2_PLACEMENT_3D('',#10738,#10739,#10740);
#10738=CARTESIAN_POINT('',(-20.568755,235.101949,0.));
#10739=DIRECTION('',(0.,0.,1.));
#10740=DIRECTION('',(1.,0.,0.));
#10741=CARTESIAN_POINT('',(-251.533454,22.137553,0.));
#10742=AXIS2_PLACEMENT_3D('',#10743,#10744,#10745);
#10743=CARTESIAN_POINT('',(-253.033454,22.137553,0.));
#10744=DIRECTION('',(0.,0.,1.));
#10745=DIRECTION('',(1.,0.,0.));
#10746=CARTESIAN_POINT('',(-248.641171,44.106627,0.));
#10747=AXIS2_PLACEMENT_3D('',#10748,#10749,#10750);
#10748=CARTESIAN_POINT('',(-250.141171,44.106627,0.));
#10749=DIRECTION('',(0.,0.,1.));
#10750=DIRECTION('',(1.,0.,0.));
#10751=CARTESIAN_POINT('',(-243.845164,65.740022,0.));
#10752=AXIS2_PLACEMENT_3D('',#10753,#10754,#10755);
#10753=CARTESIAN_POINT('',(-245.345164,65.740022,0.));
#10754=DIRECTION('',(0.,0.,1.));
#10755=DIRECTION('',(1.,0.,0.));
#10756=CARTESIAN_POINT('',(-237.181932,86.873097,0.));
#10757=AXIS2_PLACEMENT_3D('',#10758,#10759,#10760);
#10758=CARTESIAN_POINT('',(-238.681932,86.873097,0.));
#10759=DIRECTION('',(0.,0.,1.));
#10760=DIRECTION('',(1.,0.,0.));
#10761=CARTESIAN_POINT('',(-228.702188,107.345015,0.));
#10762=AXIS2_PLACEMENT_3D('',#10763,#10764,#10765);
#10763=CARTESIAN_POINT('',(-230.202188,107.345015,0.));
#10764=DIRECTION('',(0.,0.,1.));
#10765=DIRECTION('',(1.,0.,0.));
#10766=CARTESIAN_POINT('',(-206.564639,145.688384,0.));
#10767=AXIS2_PLACEMENT_3D('',#10768,#10769,#10770);
#10768=CARTESIAN_POINT('',(-208.064639,145.688384,0.));
#10769=DIRECTION('',(0.,0.,1.));
#10770=DIRECTION('',(1.,0.,0.));
#10771=CARTESIAN_POINT('',(-193.075314,163.26802,0.));
#10772=AXIS2_PLACEMENT_3D('',#10773,#10774,#10775);
#10773=CARTESIAN_POINT('',(-194.575314,163.26802,0.));
#10774=DIRECTION('',(0.,0.,1.));
#10775=DIRECTION('',(1.,0.,0.));
#10776=CARTESIAN_POINT('',(-178.105154,179.605088,0.));
#10777=AXIS2_PLACEMENT_3D('',#10778,#10779,#10780);
#10778=CARTESIAN_POINT('',(-179.605154,179.605088,0.));
#10779=DIRECTION('',(0.,0.,1.));
#10780=DIRECTION('',(1.,0.,0.));
#10781=CARTESIAN_POINT('',(-161.768091,194.575254,0.));
#10782=AXIS2_PLACEMENT_3D('',#10783,#10784,#10785);
#10783=CARTESIAN_POINT('',(-163.268091,194.575254,0.));
#10784=DIRECTION('',(0.,0.,1.));
#10785=DIRECTION('',(1.,0.,0.));
#10786=CARTESIAN_POINT('',(-144.188459,208.064585,0.));
#10787=AXIS2_PLACEMENT_3D('',#10788,#10789,#10790);
#10788=CARTESIAN_POINT('',(-145.688459,208.064585,0.));
#10789=DIRECTION('',(0.,0.,1.));
#10790=DIRECTION('',(1.,0.,0.));
#10791=CARTESIAN_POINT('',(-105.845097,230.202146,0.));
#10792=AXIS2_PLACEMENT_3D('',#10793,#10794,#10795);
#10793=CARTESIAN_POINT('',(-107.345097,230.202146,0.));
#10794=DIRECTION('',(0.,0.,1.));
#10795=DIRECTION('',(1.,0.,0.));
#10796=CARTESIAN_POINT('',(-85.373181,238.681897,0.));
#10797=AXIS2_PLACEMENT_3D('',#10798,#10799,#10800);
#10798=CARTESIAN_POINT('',(-86.873181,238.681897,0.));
#10799=DIRECTION('',(0.,0.,1.));
#10800=DIRECTION('',(1.,0.,0.));
#10801=CARTESIAN_POINT('',(-64.240109,245.345135,0.));
#10802=AXIS2_PLACEMENT_3D('',#10803,#10804,#10805);
#10803=CARTESIAN_POINT('',(-65.740109,245.345135,0.));
#10804=DIRECTION('',(0.,0.,1.));
#10805=DIRECTION('',(1.,0.,0.));
#10806=CARTESIAN_POINT('',(-42.606715,250.14115,0.));
#10807=AXIS2_PLACEMENT_3D('',#10808,#10809,#10810);
#10808=CARTESIAN_POINT('',(-44.106715,250.14115,0.));
#10809=DIRECTION('',(0.,0.,1.));
#10810=DIRECTION('',(1.,0.,0.));
#10811=CARTESIAN_POINT('',(-20.637643,253.033439,0.));
#10812=AXIS2_PLACEMENT_3D('',#10813,#10814,#10815);
#10813=CARTESIAN_POINT('',(-22.137643,253.033439,0.));
#10814=DIRECTION('',(0.,0.,1.));
#10815=DIRECTION('',(1.,0.,0.));
#10816=CARTESIAN_POINT('',(1.49991,253.999993,0.));
#10817=AXIS2_PLACEMENT_3D('',#10818,#10819,#10820);
#10818=CARTESIAN_POINT('',(-9.E-5,253.999993,0.));
#10819=DIRECTION('',(0.,0.,1.));
#10820=DIRECTION('',(1.,0.,0.));
#10821=CARTESIAN_POINT('',(23.637464,253.033454,0.));
#10822=AXIS2_PLACEMENT_3D('',#10823,#10824,#10825);
#10823=CARTESIAN_POINT('',(22.137464,253.033454,0.));
#10824=DIRECTION('',(0.,0.,1.));
#10825=DIRECTION('',(1.,0.,0.));
#10826=CARTESIAN_POINT('',(45.606538,250.141178,0.));
#10827=AXIS2_PLACEMENT_3D('',#10828,#10829,#10830);
#10828=CARTESIAN_POINT('',(44.106538,250.141178,0.));
#10829=DIRECTION('',(0.,0.,1.));
#10830=DIRECTION('',(1.,0.,0.));
#10831=CARTESIAN_POINT('',(67.239935,245.345178,0.));
#10832=AXIS2_PLACEMENT_3D('',#10833,#10834,#10835);
#10833=CARTESIAN_POINT('',(65.739935,245.345178,0.));
#10834=DIRECTION('',(0.,0.,1.));
#10835=DIRECTION('',(1.,0.,0.));
#10836=CARTESIAN_POINT('',(88.373012,238.681954,0.));
#10837=AXIS2_PLACEMENT_3D('',#10838,#10839,#10840);
#10838=CARTESIAN_POINT('',(86.873012,238.681954,0.));
#10839=DIRECTION('',(0.,0.,1.));
#10840=DIRECTION('',(1.,0.,0.));
#10841=CARTESIAN_POINT('',(108.844933,230.202216,0.));
#10842=AXIS2_PLACEMENT_3D('',#10843,#10844,#10845);
#10843=CARTESIAN_POINT('',(107.344933,230.202216,0.));
#10844=DIRECTION('',(0.,0.,1.));
#10845=DIRECTION('',(1.,0.,0.));
#10846=CARTESIAN_POINT('',(147.18831,208.064679,0.));
#10847=AXIS2_PLACEMENT_3D('',#10848,#10849,#10850);
#10848=CARTESIAN_POINT('',(145.68831,208.064679,0.));
#10849=DIRECTION('',(0.,0.,1.));
#10850=DIRECTION('',(1.,0.,0.));
#10851=CARTESIAN_POINT('',(164.76795,194.57536,0.));
#10852=AXIS2_PLACEMENT_3D('',#10853,#10854,#10855);
#10853=CARTESIAN_POINT('',(163.26795,194.57536,0.));
#10854=DIRECTION('',(0.,0.,1.));
#10855=DIRECTION('',(1.,0.,0.));
#10856=CARTESIAN_POINT('',(181.105023,179.605205,0.));
#10857=AXIS2_PLACEMENT_3D('',#10858,#10859,#10860);
#10858=CARTESIAN_POINT('',(179.605023,179.605205,0.));
#10859=DIRECTION('',(0.,0.,1.));
#10860=DIRECTION('',(1.,0.,0.));
#10861=CARTESIAN_POINT('',(196.075193,163.268147,0.));
#10862=AXIS2_PLACEMENT_3D('',#10863,#10864,#10865);
#10863=CARTESIAN_POINT('',(194.575193,163.268147,0.));
#10864=DIRECTION('',(0.,0.,1.));
#10865=DIRECTION('',(1.,0.,0.));
#10866=CARTESIAN_POINT('',(209.56453,145.68852,0.));
#10867=AXIS2_PLACEMENT_3D('',#10868,#10869,#10870);
#10868=CARTESIAN_POINT('',(208.06453,145.68852,0.));
#10869=DIRECTION('',(0.,0.,1.));
#10870=DIRECTION('',(1.,0.,0.));
#10871=CARTESIAN_POINT('',(231.702104,107.345164,0.));
#10872=AXIS2_PLACEMENT_3D('',#10873,#10874,#10875);
#10873=CARTESIAN_POINT('',(230.202104,107.345164,0.));
#10874=DIRECTION('',(0.,0.,1.));
#10875=DIRECTION('',(1.,0.,0.));
#10876=CARTESIAN_POINT('',(240.181862,86.873252,0.));
#10877=AXIS2_PLACEMENT_3D('',#10878,#10879,#10880);
#10878=CARTESIAN_POINT('',(238.681862,86.873252,0.));
#10879=DIRECTION('',(0.,0.,1.));
#10880=DIRECTION('',(1.,0.,0.));
#10881=CARTESIAN_POINT('',(246.845107,65.740182,0.));
#10882=AXIS2_PLACEMENT_3D('',#10883,#10884,#10885);
#10883=CARTESIAN_POINT('',(245.345107,65.740182,0.));
#10884=DIRECTION('',(0.,0.,1.));
#10885=DIRECTION('',(1.,0.,0.));
#10886=CARTESIAN_POINT('',(251.641128,44.10679,0.));
#10887=AXIS2_PLACEMENT_3D('',#10888,#10889,#10890);
#10888=CARTESIAN_POINT('',(250.141128,44.10679,0.));
#10889=DIRECTION('',(0.,0.,1.));
#10890=DIRECTION('',(1.,0.,0.));
#10891=CARTESIAN_POINT('',(254.533425,22.137718,0.));
#10892=AXIS2_PLACEMENT_3D('',#10893,#10894,#10895);
#10893=CARTESIAN_POINT('',(253.033425,22.137718,0.));
#10894=DIRECTION('',(0.,0.,1.));
#10895=DIRECTION('',(1.,0.,0.));
#10896=CARTESIAN_POINT('',(255.499986,0.000165,0.));
#10897=AXIS2_PLACEMENT_3D('',#10898,#10899,#10900);
#10898=CARTESIAN_POINT('',(253.999986,0.000164999999999991,0.));
#10899=DIRECTION('',(0.,0.,1.));
#10900=DIRECTION('',(1.,0.,0.));
#10901=CARTESIAN_POINT('',(254.533454,-22.137389,0.));
#10902=AXIS2_PLACEMENT_3D('',#10903,#10904,#10905);
#10903=CARTESIAN_POINT('',(253.033454,-22.137389,0.));
#10904=DIRECTION('',(0.,0.,1.));
#10905=DIRECTION('',(1.,0.,0.));
#10906=CARTESIAN_POINT('',(251.641185,-44.106464,0.));
#10907=AXIS2_PLACEMENT_3D('',#10908,#10909,#10910);
#10908=CARTESIAN_POINT('',(250.141185,-44.106464,0.));
#10909=DIRECTION('',(0.,0.,1.));
#10910=DIRECTION('',(1.,0.,0.));
#10911=CARTESIAN_POINT('',(246.845192,-65.739863,0.));
#10912=AXIS2_PLACEMENT_3D('',#10913,#10914,#10915);
#10913=CARTESIAN_POINT('',(245.345192,-65.739863,0.));
#10914=DIRECTION('',(0.,0.,1.));
#10915=DIRECTION('',(1.,0.,0.));
#10916=CARTESIAN_POINT('',(240.181975,-86.872942,0.));
#10917=AXIS2_PLACEMENT_3D('',#10918,#10919,#10920);
#10918=CARTESIAN_POINT('',(238.681975,-86.872942,0.));
#10919=DIRECTION('',(0.,0.,1.));
#10920=DIRECTION('',(1.,0.,0.));
#10921=CARTESIAN_POINT('',(231.702244,-107.344865,0.));
#10922=AXIS2_PLACEMENT_3D('',#10923,#10924,#10925);
#10923=CARTESIAN_POINT('',(230.202244,-107.344865,0.));
#10924=DIRECTION('',(0.,0.,1.));
#10925=DIRECTION('',(1.,0.,0.));
#10926=CARTESIAN_POINT('',(221.470536,-126.99983,0.));
#10927=AXIS2_PLACEMENT_3D('',#10928,#10929,#10930);
#10928=CARTESIAN_POINT('',(219.970536,-126.99983,0.));
#10929=DIRECTION('',(0.,0.,1.));
#10930=DIRECTION('',(1.,0.,0.));
#10931=CARTESIAN_POINT('',(209.56472,-145.688249,0.));
#10932=AXIS2_PLACEMENT_3D('',#10933,#10934,#10935);
#10933=CARTESIAN_POINT('',(208.06472,-145.688249,0.));
#10934=DIRECTION('',(0.,0.,1.));
#10935=DIRECTION('',(1.,0.,0.));
#10936=CARTESIAN_POINT('',(196.075406,-163.267894,0.));
#10937=AXIS2_PLACEMENT_3D('',#10938,#10939,#10940);
#10938=CARTESIAN_POINT('',(194.575406,-163.267894,0.));
#10939=DIRECTION('',(0.,0.,1.));
#10940=DIRECTION('',(1.,0.,0.));
#10941=CARTESIAN_POINT('',(181.105256,-179.604971,0.));
#10942=AXIS2_PLACEMENT_3D('',#10943,#10944,#10945);
#10943=CARTESIAN_POINT('',(179.605256,-179.604971,0.));
#10944=DIRECTION('',(0.,0.,1.));
#10945=DIRECTION('',(1.,0.,0.));
#10946=CARTESIAN_POINT('',(164.768203,-194.575147,0.));
#10947=AXIS2_PLACEMENT_3D('',#10948,#10949,#10950);
#10948=CARTESIAN_POINT('',(163.268203,-194.575147,0.));
#10949=DIRECTION('',(0.,0.,1.));
#10950=DIRECTION('',(1.,0.,0.));
#10951=CARTESIAN_POINT('',(147.18858,-208.06449,0.));
#10952=AXIS2_PLACEMENT_3D('',#10953,#10954,#10955);
#10953=CARTESIAN_POINT('',(145.68858,-208.06449,0.));
#10954=DIRECTION('',(0.,0.,1.));
#10955=DIRECTION('',(1.,0.,0.));
#10956=CARTESIAN_POINT('',(128.50018,-219.970336,0.));
#10957=AXIS2_PLACEMENT_3D('',#10958,#10959,#10960);
#10958=CARTESIAN_POINT('',(127.00018,-219.970336,0.));
#10959=DIRECTION('',(0.,0.,1.));
#10960=DIRECTION('',(1.,0.,0.));
#10961=CARTESIAN_POINT('',(108.845232,-230.202076,0.));
#10962=AXIS2_PLACEMENT_3D('',#10963,#10964,#10965);
#10963=CARTESIAN_POINT('',(107.345232,-230.202076,0.));
#10964=DIRECTION('',(0.,0.,1.));
#10965=DIRECTION('',(1.,0.,0.));
#10966=CARTESIAN_POINT('',(88.373322,-238.681841,0.));
#10967=AXIS2_PLACEMENT_3D('',#10968,#10969,#10970);
#10968=CARTESIAN_POINT('',(86.873322,-238.681841,0.));
#10969=DIRECTION('',(0.,0.,1.));
#10970=DIRECTION('',(1.,0.,0.));
#10971=CARTESIAN_POINT('',(67.240255,-245.345092,0.));
#10972=AXIS2_PLACEMENT_3D('',#10973,#10974,#10975);
#10973=CARTESIAN_POINT('',(65.740255,-245.345092,0.));
#10974=DIRECTION('',(0.,0.,1.));
#10975=DIRECTION('',(1.,0.,0.));
#10976=CARTESIAN_POINT('',(45.606864,-250.141121,0.));
#10977=AXIS2_PLACEMENT_3D('',#10978,#10979,#10980);
#10978=CARTESIAN_POINT('',(44.106864,-250.141121,0.));
#10979=DIRECTION('',(0.,0.,1.));
#10980=DIRECTION('',(1.,0.,0.));
#10981=CARTESIAN_POINT('',(23.637793,-253.033425,0.));
#10982=AXIS2_PLACEMENT_3D('',#10983,#10984,#10985);
#10983=CARTESIAN_POINT('',(22.137793,-253.033425,0.));
#10984=DIRECTION('',(0.,0.,1.));
#10985=DIRECTION('',(1.,0.,0.));
#10986=CARTESIAN_POINT('',(1.500241,-253.999993,0.));
#10987=AXIS2_PLACEMENT_3D('',#10988,#10989,#10990);
#10988=CARTESIAN_POINT('',(0.000241,-253.999993,0.));
#10989=DIRECTION('',(0.,0.,1.));
#10990=DIRECTION('',(1.,0.,0.));
#10991=CARTESIAN_POINT('',(-20.637314,-253.033468,0.));
#10992=AXIS2_PLACEMENT_3D('',#10993,#10994,#10995);
#10993=CARTESIAN_POINT('',(-22.137314,-253.033468,0.));
#10994=DIRECTION('',(0.,0.,1.));
#10995=DIRECTION('',(1.,0.,0.));
#10996=CARTESIAN_POINT('',(-42.60639,-250.141207,0.));
#10997=AXIS2_PLACEMENT_3D('',#10998,#10999,#11000);
#10998=CARTESIAN_POINT('',(-44.10639,-250.141207,0.));
#10999=DIRECTION('',(0.,0.,1.));
#11000=DIRECTION('',(1.,0.,0.));
#11001=CARTESIAN_POINT('',(-64.23979,-245.345221,0.));
#11002=AXIS2_PLACEMENT_3D('',#11003,#11004,#11005);
#11003=CARTESIAN_POINT('',(-65.73979,-245.345221,0.));
#11004=DIRECTION('',(0.,0.,1.));
#11005=DIRECTION('',(1.,0.,0.));
#11006=CARTESIAN_POINT('',(-85.372871,-238.68201,0.));
#11007=AXIS2_PLACEMENT_3D('',#11008,#11009,#11010);
#11008=CARTESIAN_POINT('',(-86.872871,-238.68201,0.));
#11009=DIRECTION('',(0.,0.,1.));
#11010=DIRECTION('',(1.,0.,0.));
#11011=CARTESIAN_POINT('',(-105.844797,-230.202286,0.));
#11012=AXIS2_PLACEMENT_3D('',#11013,#11014,#11015);
#11013=CARTESIAN_POINT('',(-107.344797,-230.202286,0.));
#11014=DIRECTION('',(0.,0.,1.));
#11015=DIRECTION('',(1.,0.,0.));
#11016=CARTESIAN_POINT('',(-125.499765,-219.970584,0.));
#11017=AXIS2_PLACEMENT_3D('',#11018,#11019,#11020);
#11018=CARTESIAN_POINT('',(-126.999765,-219.970584,0.));
#11019=DIRECTION('',(0.,0.,1.));
#11020=DIRECTION('',(1.,0.,0.));
#11021=CARTESIAN_POINT('',(-144.188189,-208.064774,0.));
#11022=AXIS2_PLACEMENT_3D('',#11023,#11024,#11025);
#11023=CARTESIAN_POINT('',(-145.688189,-208.064774,0.));
#11024=DIRECTION('',(0.,0.,1.));
#11025=DIRECTION('',(1.,0.,0.));
#11026=CARTESIAN_POINT('',(-161.767837,-194.575466,0.));
#11027=AXIS2_PLACEMENT_3D('',#11028,#11029,#11030);
#11028=CARTESIAN_POINT('',(-163.267837,-194.575466,0.));
#11029=DIRECTION('',(0.,0.,1.));
#11030=DIRECTION('',(1.,0.,0.));
#11031=CARTESIAN_POINT('',(-178.10492,-179.605322,0.));
#11032=AXIS2_PLACEMENT_3D('',#11033,#11034,#11035);
#11033=CARTESIAN_POINT('',(-179.60492,-179.605322,0.));
#11034=DIRECTION('',(0.,0.,1.));
#11035=DIRECTION('',(1.,0.,0.));
#11036=CARTESIAN_POINT('',(-193.075101,-163.268273,0.));
#11037=AXIS2_PLACEMENT_3D('',#11038,#11039,#11040);
#11038=CARTESIAN_POINT('',(-194.575101,-163.268273,0.));
#11039=DIRECTION('',(0.,0.,1.));
#11040=DIRECTION('',(1.,0.,0.));
#11041=CARTESIAN_POINT('',(-206.564449,-145.688655,0.));
#11042=AXIS2_PLACEMENT_3D('',#11043,#11044,#11045);
#11043=CARTESIAN_POINT('',(-208.064449,-145.688655,0.));
#11044=DIRECTION('',(0.,0.,1.));
#11045=DIRECTION('',(1.,0.,0.));
#11046=CARTESIAN_POINT('',(-218.470302,-127.000259,0.));
#11047=AXIS2_PLACEMENT_3D('',#11048,#11049,#11050);
#11048=CARTESIAN_POINT('',(-219.970302,-127.000259,0.));
#11049=DIRECTION('',(0.,0.,1.));
#11050=DIRECTION('',(1.,0.,0.));
#11051=CARTESIAN_POINT('',(-228.702049,-107.345314,0.));
#11052=AXIS2_PLACEMENT_3D('',#11053,#11054,#11055);
#11053=CARTESIAN_POINT('',(-230.202049,-107.345314,0.));
#11054=DIRECTION('',(0.,0.,1.));
#11055=DIRECTION('',(1.,0.,0.));
#11056=CARTESIAN_POINT('',(-237.181819,-86.873407,0.));
#11057=AXIS2_PLACEMENT_3D('',#11058,#11059,#11060);
#11058=CARTESIAN_POINT('',(-238.681819,-86.873407,0.));
#11059=DIRECTION('',(0.,0.,1.));
#11060=DIRECTION('',(1.,0.,0.));
#11061=CARTESIAN_POINT('',(-243.845078,-65.740341,0.));
#11062=AXIS2_PLACEMENT_3D('',#11063,#11064,#11065);
#11063=CARTESIAN_POINT('',(-245.345078,-65.740341,0.));
#11064=DIRECTION('',(0.,0.,1.));
#11065=DIRECTION('',(1.,0.,0.));
#11066=CARTESIAN_POINT('',(-248.641114,-44.106952,0.));
#11067=AXIS2_PLACEMENT_3D('',#11068,#11069,#11070);
#11068=CARTESIAN_POINT('',(-250.141114,-44.106952,0.));
#11069=DIRECTION('',(0.,0.,1.));
#11070=DIRECTION('',(1.,0.,0.));
#11071=CARTESIAN_POINT('',(-251.533425,-22.137883,0.));
#11072=AXIS2_PLACEMENT_3D('',#11073,#11074,#11075);
#11073=CARTESIAN_POINT('',(-253.033425,-22.137883,0.));
#11074=DIRECTION('',(0.,0.,1.));
#11075=DIRECTION('',(1.,0.,0.));
#11076=CARTESIAN_POINT('',(-252.5,0.,0.));
#11077=AXIS2_PLACEMENT_3D('',#11078,#11079,#11080);
#11078=CARTESIAN_POINT('',(-254.,7.97156677724024E-18,0.));
#11079=DIRECTION('',(0.,0.,1.));
#11080=DIRECTION('',(1.,0.,0.));
#11081=CARTESIAN_POINT('',(-55.77566261727,-57.27569311219,0.));
#11082=AXIS2_PLACEMENT_3D('',#11083,#11084,#11085);
#11083=CARTESIAN_POINT('',(-57.27566261727,-57.27569311219,0.));
#11084=DIRECTION('',(0.,0.,1.));
#11085=DIRECTION('',(1.,0.,0.));
#11086=CARTESIAN_POINT('',(-91.838457,-93.338369,0.));
#11087=AXIS2_PLACEMENT_3D('',#11088,#11089,#11090);
#11088=CARTESIAN_POINT('',(-93.338457,-93.338369,0.));
#11089=DIRECTION('',(0.,0.,1.));
#11090=DIRECTION('',(1.,0.,0.));
#11091=CARTESIAN_POINT('',(-102.444594,-40.304775,0.));
#11092=AXIS2_PLACEMENT_3D('',#11093,#11094,#11095);
#11093=CARTESIAN_POINT('',(-103.944594,-40.304775,0.));
#11094=DIRECTION('',(0.,0.,1.));
#11095=DIRECTION('',(1.,0.,0.));
#11096=CARTESIAN_POINT('',(-81.231499,-61.518325,0.));
#11097=AXIS2_PLACEMENT_3D('',#11098,#11099,#11100);
#11098=CARTESIAN_POINT('',(-82.731499,-61.518325,0.));
#11099=DIRECTION('',(0.,0.,1.));
#11100=DIRECTION('',(1.,0.,0.));
#11101=CARTESIAN_POINT('',(94.838416667702,93.338321652642,0.));
#11102=AXIS2_PLACEMENT_3D('',#11103,#11104,#11105);
#11103=CARTESIAN_POINT('',(93.338416667702,93.338321652642,0.));
#11104=DIRECTION('',(0.,0.,1.));
#11105=DIRECTION('',(1.,0.,0.));
#11106=CARTESIAN_POINT('',(63.018362268818,82.731394848532,0.));
#11107=AXIS2_PLACEMENT_3D('',#11108,#11109,#11110);
#11108=CARTESIAN_POINT('',(61.518362268818,82.731394848532,0.));
#11109=DIRECTION('',(0.,0.,1.));
#11110=DIRECTION('',(1.,0.,0.));
#11111=CARTESIAN_POINT('',(41.804833065821,103.94451064596,0.));
#11112=AXIS2_PLACEMENT_3D('',#11113,#11114,#11115);
#11113=CARTESIAN_POINT('',(40.304833065821,103.94451064596,0.));
#11114=DIRECTION('',(0.,0.,1.));
#11115=DIRECTION('',(1.,0.,0.));
#11116=CARTESIAN_POINT('',(-84.05992,-28.991408,0.));
#11117=AXIS2_PLACEMENT_3D('',#11118,#11119,#11120);
#11118=CARTESIAN_POINT('',(-85.55992,-28.991408,0.));
#11119=DIRECTION('',(0.,0.,1.));
#11120=DIRECTION('',(1.,0.,0.));
#11121=CARTESIAN_POINT('',(30.491448041774,85.559847737422,0.));
#11122=AXIS2_PLACEMENT_3D('',#11123,#11124,#11125);
#11123=CARTESIAN_POINT('',(28.991448041774,85.559847737422,0.));
#11124=DIRECTION('',(0.,0.,1.));
#11125=DIRECTION('',(1.,0.,0.));
#11126=CARTESIAN_POINT('',(58.775705424502,57.275562625231,0.));
#11127=AXIS2_PLACEMENT_3D('',#11128,#11129,#11130);
#11128=CARTESIAN_POINT('',(57.275705424502,57.275562625231,0.));
#11129=DIRECTION('',(0.,0.,1.));
#11130=DIRECTION('',(1.,0.,0.));
#11131=CARTESIAN_POINT('',(-29.691546,57.35452382114,0.));
#11132=AXIS2_PLACEMENT_3D('',#11133,#11134,#11135);
#11133=CARTESIAN_POINT('',(-31.191546,57.35452382114,0.));
#11134=DIRECTION('',(0.,0.,1.));
#11135=DIRECTION('',(1.,0.,0.));
#11136=CARTESIAN_POINT('',(32.691546,-57.354528,0.));
#11137=AXIS2_PLACEMENT_3D('',#11138,#11139,#11140);
#11138=CARTESIAN_POINT('',(31.191546,-57.354528,0.));
#11139=DIRECTION('',(0.,0.,1.));
#11140=DIRECTION('',(1.,0.,0.));
#11141=CARTESIAN_POINT('',(-218.470467,126.999973,0.));
#11142=AXIS2_PLACEMENT_3D('',#11143,#11144,#11145);
#11143=CARTESIAN_POINT('',(-219.970467,126.999973,0.));
#11144=DIRECTION('',(0.,0.,1.));
#11145=DIRECTION('',(1.,0.,0.));
#11146=CARTESIAN_POINT('',(-69.624965,-50.911802,0.));
#11147=AXIS2_PLACEMENT_3D('',#11148,#11149,#11150);
#11148=CARTESIAN_POINT('',(-72.124965,-50.911802,0.));
#11149=DIRECTION('',(0.,0.,1.));
#11150=DIRECTION('',(1.,0.,0.));
#11151=CARTESIAN_POINT('',(-80.231413,-40.305116,0.));
#11152=AXIS2_PLACEMENT_3D('',#11153,#11154,#11155);
#11153=CARTESIAN_POINT('',(-82.731413,-40.305116,0.));
#11154=DIRECTION('',(0.,0.,1.));
#11155=DIRECTION('',(1.,0.,0.));
#11156=CARTESIAN_POINT('',(-80.231552,-82.731667,0.));
#11157=AXIS2_PLACEMENT_3D('',#11158,#11159,#11160);
#11158=CARTESIAN_POINT('',(-82.731552,-82.731667,0.));
#11159=DIRECTION('',(0.,0.,1.));
#11160=DIRECTION('',(1.,0.,0.));
#11161=CARTESIAN_POINT('',(-90.838189,-72.124941,0.));
#11162=AXIS2_PLACEMENT_3D('',#11163,#11164,#11165);
#11163=CARTESIAN_POINT('',(-93.338189,-72.124941,0.));
#11164=DIRECTION('',(0.,0.,1.));
#11165=DIRECTION('',(1.,0.,0.));
#11166=CARTESIAN_POINT('',(-101.444909,-61.518528,0.));
#11167=AXIS2_PLACEMENT_3D('',#11168,#11169,#11170);
#11168=CARTESIAN_POINT('',(-103.944909,-61.518528,0.));
#11169=DIRECTION('',(0.,0.,1.));
#11170=DIRECTION('',(1.,0.,0.));
#11171=CARTESIAN_POINT('',(64.01858606612,103.94480484832,0.));
#11172=AXIS2_PLACEMENT_3D('',#11173,#11174,#11175);
#11173=CARTESIAN_POINT('',(61.51858606612,103.94480484832,0.));
#11174=DIRECTION('',(0.,0.,1.));
#11175=DIRECTION('',(1.,0.,0.));
#11176=CARTESIAN_POINT('',(74.624988667449,93.338074449962,0.));
#11177=AXIS2_PLACEMENT_3D('',#11178,#11179,#11180);
#11178=CARTESIAN_POINT('',(72.124988667449,93.338074449962,0.));
#11179=DIRECTION('',(0.,0.,1.));
#11180=DIRECTION('',(1.,0.,0.));
#11181=CARTESIAN_POINT('',(85.23170426886,82.731427051296,0.));
#11182=AXIS2_PLACEMENT_3D('',#11183,#11184,#11185);
#11183=CARTESIAN_POINT('',(82.73170426886,82.731427051296,0.));
#11184=DIRECTION('',(0.,0.,1.));
#11185=DIRECTION('',(1.,0.,0.));
#11186=CARTESIAN_POINT('',(32.198437667224,93.337866044304,0.));
#11187=AXIS2_PLACEMENT_3D('',#11188,#11189,#11190);
#11188=CARTESIAN_POINT('',(29.698437667224,93.337866044304,0.));
#11189=DIRECTION('',(0.,0.,1.));
#11190=DIRECTION('',(1.,0.,0.));
#11191=CARTESIAN_POINT('',(42.805153268744,82.731329645637,0.));
#11192=AXIS2_PLACEMENT_3D('',#11193,#11194,#11195);
#11193=CARTESIAN_POINT('',(40.305153268744,82.731329645637,0.));
#11194=DIRECTION('',(0.,0.,1.));
#11195=DIRECTION('',(1.,0.,0.));
#11196=CARTESIAN_POINT('',(53.411828870339,72.124871247009,0.));
#11197=AXIS2_PLACEMENT_3D('',#11198,#11199,#11200);
#11198=CARTESIAN_POINT('',(50.911828870339,72.124871247009,0.));
#11199=DIRECTION('',(0.,0.,1.));
#11200=DIRECTION('',(1.,0.,0.));
#11201=CARTESIAN_POINT('',(-90.837939,-29.69839,0.));
#11202=AXIS2_PLACEMENT_3D('',#11203,#11204,#11205);
#11203=CARTESIAN_POINT('',(-93.337939,-29.69839,0.));
#11204=DIRECTION('',(0.,0.,1.));
#11205=DIRECTION('',(1.,0.,0.));
#11206=CARTESIAN_POINT('',(-59.01829,-61.51832,0.));
#11207=AXIS2_PLACEMENT_3D('',#11208,#11209,#11210);
#11208=CARTESIAN_POINT('',(-61.51829,-61.51832,0.));
#11209=DIRECTION('',(0.,0.,1.));
#11210=DIRECTION('',(1.,0.,0.));
#11211=CARTESIAN_POINT('',(64.018336471712,61.518185848547,0.));
#11212=AXIS2_PLACEMENT_3D('',#11213,#11214,#11215);
#11213=CARTESIAN_POINT('',(61.518336471712,61.518185848547,0.));
#11214=DIRECTION('',(0.,0.,1.));
#11215=DIRECTION('',(1.,0.,0.));
#11216=CARTESIAN_POINT('',(246.903989,-31.978826,0.));
#11217=AXIS2_PLACEMENT_3D('',#11218,#11219,#11220);
#11218=CARTESIAN_POINT('',(242.903989,-31.978826,0.));
#11219=DIRECTION('',(0.,0.,1.));
#11220=DIRECTION('',(1.,0.,0.));
#11221=CARTESIAN_POINT('',(-193.,0.,0.));
#11222=AXIS2_PLACEMENT_3D('',#11223,#11224,#11225);
#11223=CARTESIAN_POINT('',(-197.,-5.94673322133306E-18,0.));
#11224=DIRECTION('',(0.,0.,1.));
#11225=DIRECTION('',(1.,0.,0.));
#11226=CARTESIAN_POINT('',(4.,-197.,0.));
#11227=AXIS2_PLACEMENT_3D('',#11228,#11229,#11230);
#11228=CARTESIAN_POINT('',(1.38415134239995E-22,-197.,0.));
#11229=DIRECTION('',(0.,0.,1.));
#11230=DIRECTION('',(1.,0.,0.));
#11231=CARTESIAN_POINT('',(201.,0.,0.));
#11232=AXIS2_PLACEMENT_3D('',#11233,#11234,#11235);
#11233=CARTESIAN_POINT('',(197.,5.94673322133306E-18,0.));
#11234=DIRECTION('',(0.,0.,1.));
#11235=DIRECTION('',(1.,0.,0.));
#11236=CARTESIAN_POINT('',(4.,197.,0.));
#11237=AXIS2_PLACEMENT_3D('',#11238,#11239,#11240);
#11238=CARTESIAN_POINT('',(-1.38415134239995E-22,197.,0.));
#11239=DIRECTION('',(0.,0.,1.));
#11240=DIRECTION('',(1.,0.,0.));
#11241=CARTESIAN_POINT('',(-238.903999,31.978859,0.));
#11242=AXIS2_PLACEMENT_3D('',#11243,#11244,#11245);
#11243=CARTESIAN_POINT('',(-242.903999,31.978859,0.));
#11244=DIRECTION('',(0.,0.,1.));
#11245=DIRECTION('',(1.,0.,0.));
#11246=CARTESIAN_POINT('',(-235.192535,53.027647,0.));
#11247=AXIS2_PLACEMENT_3D('',#11248,#11249,#11250);
#11248=CARTESIAN_POINT('',(-239.192535,53.027647,0.));
#11249=DIRECTION('',(0.,0.,1.));
#11250=DIRECTION('',(1.,0.,0.));
#11251=CARTESIAN_POINT('',(-229.660671,73.672862,0.));
#11252=AXIS2_PLACEMENT_3D('',#11253,#11254,#11255);
#11253=CARTESIAN_POINT('',(-233.660671,73.672862,0.));
#11254=DIRECTION('',(0.,0.,1.));
#11255=DIRECTION('',(1.,0.,0.));
#11256=CARTESIAN_POINT('',(-222.350509,93.757383,0.));
#11257=AXIS2_PLACEMENT_3D('',#11258,#11259,#11260);
#11258=CARTESIAN_POINT('',(-226.350509,93.757383,0.));
#11259=DIRECTION('',(0.,0.,1.));
#11260=DIRECTION('',(1.,0.,0.));
#11261=CARTESIAN_POINT('',(-213.317683,113.128353,0.));
#11262=AXIS2_PLACEMENT_3D('',#11263,#11264,#11265);
#11263=CARTESIAN_POINT('',(-217.317683,113.128353,0.));
#11264=DIRECTION('',(0.,0.,1.));
#11265=DIRECTION('',(1.,0.,0.));
#11266=CARTESIAN_POINT('',(-202.630939,131.638348,0.));
#11267=AXIS2_PLACEMENT_3D('',#11268,#11269,#11270);
#11268=CARTESIAN_POINT('',(-206.630939,131.638348,0.));
#11269=DIRECTION('',(0.,0.,1.));
#11270=DIRECTION('',(1.,0.,0.));
#11271=CARTESIAN_POINT('',(-190.371608,149.146496,0.));
#11272=AXIS2_PLACEMENT_3D('',#11273,#11274,#11275);
#11273=CARTESIAN_POINT('',(-194.371608,149.146496,0.));
#11274=DIRECTION('',(0.,0.,1.));
#11275=DIRECTION('',(1.,0.,0.));
#11276=CARTESIAN_POINT('',(-176.632993,165.519549,0.));
#11277=AXIS2_PLACEMENT_3D('',#11278,#11279,#11280);
#11278=CARTESIAN_POINT('',(-180.632993,165.519549,0.));
#11279=DIRECTION('',(0.,0.,1.));
#11280=DIRECTION('',(1.,0.,0.));
#11281=CARTESIAN_POINT('',(-161.519651,180.632899,0.));
#11282=AXIS2_PLACEMENT_3D('',#11283,#11284,#11285);
#11283=CARTESIAN_POINT('',(-165.519651,180.632899,0.));
#11284=DIRECTION('',(0.,0.,1.));
#11285=DIRECTION('',(1.,0.,0.));
#11286=CARTESIAN_POINT('',(-145.146605,194.371523,0.));
#11287=AXIS2_PLACEMENT_3D('',#11288,#11289,#11290);
#11288=CARTESIAN_POINT('',(-149.146605,194.371523,0.));
#11289=DIRECTION('',(0.,0.,1.));
#11290=DIRECTION('',(1.,0.,0.));
#11291=CARTESIAN_POINT('',(-127.638464,206.630862,0.));
#11292=AXIS2_PLACEMENT_3D('',#11293,#11294,#11295);
#11293=CARTESIAN_POINT('',(-131.638464,206.630862,0.));
#11294=DIRECTION('',(0.,0.,1.));
#11295=DIRECTION('',(1.,0.,0.));
#11296=CARTESIAN_POINT('',(-109.128474,217.317617,0.));
#11297=AXIS2_PLACEMENT_3D('',#11298,#11299,#11300);
#11298=CARTESIAN_POINT('',(-113.128474,217.317617,0.));
#11299=DIRECTION('',(0.,0.,1.));
#11300=DIRECTION('',(1.,0.,0.));
#11301=CARTESIAN_POINT('',(-89.757509,226.350453,0.));
#11302=AXIS2_PLACEMENT_3D('',#11303,#11304,#11305);
#11303=CARTESIAN_POINT('',(-93.757509,226.350453,0.));
#11304=DIRECTION('',(0.,0.,1.));
#11305=DIRECTION('',(1.,0.,0.));
#11306=CARTESIAN_POINT('',(-69.672992,233.660625,0.));
#11307=AXIS2_PLACEMENT_3D('',#11308,#11309,#11310);
#11308=CARTESIAN_POINT('',(-73.672992,233.660625,0.));
#11309=DIRECTION('',(0.,0.,1.));
#11310=DIRECTION('',(1.,0.,0.));
#11311=CARTESIAN_POINT('',(-49.02778,239.1925,0.));
#11312=AXIS2_PLACEMENT_3D('',#11313,#11314,#11315);
#11313=CARTESIAN_POINT('',(-53.02778,239.1925,0.));
#11314=DIRECTION('',(0.,0.,1.));
#11315=DIRECTION('',(1.,0.,0.));
#11316=CARTESIAN_POINT('',(-27.978994,242.903975,0.));
#11317=AXIS2_PLACEMENT_3D('',#11318,#11319,#11320);
#11318=CARTESIAN_POINT('',(-31.978994,242.903975,0.));
#11319=DIRECTION('',(0.,0.,1.));
#11320=DIRECTION('',(1.,0.,0.));
#11321=CARTESIAN_POINT('',(-6.686829,244.766804,0.));
#11322=AXIS2_PLACEMENT_3D('',#11323,#11324,#11325);
#11323=CARTESIAN_POINT('',(-10.686829,244.766804,0.));
#11324=DIRECTION('',(0.,0.,1.));
#11325=DIRECTION('',(1.,0.,0.));
#11326=CARTESIAN_POINT('',(14.686669,244.76681,0.));
#11327=AXIS2_PLACEMENT_3D('',#11328,#11329,#11330);
#11328=CARTESIAN_POINT('',(10.686669,244.76681,0.));
#11329=DIRECTION('',(0.,0.,1.));
#11330=DIRECTION('',(1.,0.,0.));
#11331=CARTESIAN_POINT('',(35.978836,242.903994,0.));
#11332=AXIS2_PLACEMENT_3D('',#11333,#11334,#11335);
#11333=CARTESIAN_POINT('',(31.978836,242.903994,0.));
#11334=DIRECTION('',(0.,0.,1.));
#11335=DIRECTION('',(1.,0.,0.));
#11336=CARTESIAN_POINT('',(57.027624,239.192531,0.));
#11337=AXIS2_PLACEMENT_3D('',#11338,#11339,#11340);
#11338=CARTESIAN_POINT('',(53.027624,239.192531,0.));
#11339=DIRECTION('',(0.,0.,1.));
#11340=DIRECTION('',(1.,0.,0.));
#11341=CARTESIAN_POINT('',(77.672839,233.660669,0.));
#11342=AXIS2_PLACEMENT_3D('',#11343,#11344,#11345);
#11343=CARTESIAN_POINT('',(73.672839,233.660669,0.));
#11344=DIRECTION('',(0.,0.,1.));
#11345=DIRECTION('',(1.,0.,0.));
#11346=CARTESIAN_POINT('',(97.75736,226.350508,0.));
#11347=AXIS2_PLACEMENT_3D('',#11348,#11349,#11350);
#11348=CARTESIAN_POINT('',(93.75736,226.350508,0.));
#11349=DIRECTION('',(0.,0.,1.));
#11350=DIRECTION('',(1.,0.,0.));
#11351=CARTESIAN_POINT('',(117.128331,217.317684,0.));
#11352=AXIS2_PLACEMENT_3D('',#11353,#11354,#11355);
#11353=CARTESIAN_POINT('',(113.128331,217.317684,0.));
#11354=DIRECTION('',(0.,0.,1.));
#11355=DIRECTION('',(1.,0.,0.));
#11356=CARTESIAN_POINT('',(135.638327,206.630941,0.));
#11357=AXIS2_PLACEMENT_3D('',#11358,#11359,#11360);
#11358=CARTESIAN_POINT('',(131.638327,206.630941,0.));
#11359=DIRECTION('',(0.,0.,1.));
#11360=DIRECTION('',(1.,0.,0.));
#11361=CARTESIAN_POINT('',(153.146475,194.371611,0.));
#11362=AXIS2_PLACEMENT_3D('',#11363,#11364,#11365);
#11363=CARTESIAN_POINT('',(149.146475,194.371611,0.));
#11364=DIRECTION('',(0.,0.,1.));
#11365=DIRECTION('',(1.,0.,0.));
#11366=CARTESIAN_POINT('',(169.51953,180.632997,0.));
#11367=AXIS2_PLACEMENT_3D('',#11368,#11369,#11370);
#11368=CARTESIAN_POINT('',(165.51953,180.632997,0.));
#11369=DIRECTION('',(0.,0.,1.));
#11370=DIRECTION('',(1.,0.,0.));
#11371=CARTESIAN_POINT('',(184.63288,165.519656,0.));
#11372=AXIS2_PLACEMENT_3D('',#11373,#11374,#11375);
#11373=CARTESIAN_POINT('',(180.63288,165.519656,0.));
#11374=DIRECTION('',(0.,0.,1.));
#11375=DIRECTION('',(1.,0.,0.));
#11376=CARTESIAN_POINT('',(198.371505,149.146611,0.));
#11377=AXIS2_PLACEMENT_3D('',#11378,#11379,#11380);
#11378=CARTESIAN_POINT('',(194.371505,149.146611,0.));
#11379=DIRECTION('',(0.,0.,1.));
#11380=DIRECTION('',(1.,0.,0.));
#11381=CARTESIAN_POINT('',(210.630846,131.638471,0.));
#11382=AXIS2_PLACEMENT_3D('',#11383,#11384,#11385);
#11383=CARTESIAN_POINT('',(206.630846,131.638471,0.));
#11384=DIRECTION('',(0.,0.,1.));
#11385=DIRECTION('',(1.,0.,0.));
#11386=CARTESIAN_POINT('',(221.317602,113.128482,0.));
#11387=AXIS2_PLACEMENT_3D('',#11388,#11389,#11390);
#11388=CARTESIAN_POINT('',(217.317602,113.128482,0.));
#11389=DIRECTION('',(0.,0.,1.));
#11390=DIRECTION('',(1.,0.,0.));
#11391=CARTESIAN_POINT('',(230.350439,93.757517,0.));
#11392=AXIS2_PLACEMENT_3D('',#11393,#11394,#11395);
#11393=CARTESIAN_POINT('',(226.350439,93.757517,0.));
#11394=DIRECTION('',(0.,0.,1.));
#11395=DIRECTION('',(1.,0.,0.));
#11396=CARTESIAN_POINT('',(237.660613,73.673001,0.));
#11397=AXIS2_PLACEMENT_3D('',#11398,#11399,#11400);
#11398=CARTESIAN_POINT('',(233.660613,73.673001,0.));
#11399=DIRECTION('',(0.,0.,1.));
#11400=DIRECTION('',(1.,0.,0.));
#11401=CARTESIAN_POINT('',(243.192489,53.027789,0.));
#11402=AXIS2_PLACEMENT_3D('',#11403,#11404,#11405);
#11403=CARTESIAN_POINT('',(239.192489,53.027789,0.));
#11404=DIRECTION('',(0.,0.,1.));
#11405=DIRECTION('',(1.,0.,0.));
#11406=CARTESIAN_POINT('',(248.766796,10.686839,0.));
#11407=AXIS2_PLACEMENT_3D('',#11408,#11409,#11410);
#11408=CARTESIAN_POINT('',(244.766796,10.686839,0.));
#11409=DIRECTION('',(0.,0.,1.));
#11410=DIRECTION('',(1.,0.,0.));
#11411=CARTESIAN_POINT('',(248.766804,-10.68666,0.));
#11412=AXIS2_PLACEMENT_3D('',#11413,#11414,#11415);
#11413=CARTESIAN_POINT('',(244.766804,-10.68666,0.));
#11414=DIRECTION('',(0.,0.,1.));
#11415=DIRECTION('',(1.,0.,0.));
#11416=CARTESIAN_POINT('',(243.192528,-53.027613,0.));
#11417=AXIS2_PLACEMENT_3D('',#11418,#11419,#11420);
#11418=CARTESIAN_POINT('',(239.192528,-53.027613,0.));
#11419=DIRECTION('',(0.,0.,1.));
#11420=DIRECTION('',(1.,0.,0.));
#11421=CARTESIAN_POINT('',(237.660667,-73.672829,0.));
#11422=AXIS2_PLACEMENT_3D('',#11423,#11424,#11425);
#11423=CARTESIAN_POINT('',(233.660667,-73.672829,0.));
#11424=DIRECTION('',(0.,0.,1.));
#11425=DIRECTION('',(1.,0.,0.));
#11426=CARTESIAN_POINT('',(230.350508,-93.75735,0.));
#11427=AXIS2_PLACEMENT_3D('',#11428,#11429,#11430);
#11428=CARTESIAN_POINT('',(226.350508,-93.75735,0.));
#11429=DIRECTION('',(0.,0.,1.));
#11430=DIRECTION('',(1.,0.,0.));
#11431=CARTESIAN_POINT('',(221.317686,-113.128321,0.));
#11432=AXIS2_PLACEMENT_3D('',#11433,#11434,#11435);
#11433=CARTESIAN_POINT('',(217.317686,-113.128321,0.));
#11434=DIRECTION('',(0.,0.,1.));
#11435=DIRECTION('',(1.,0.,0.));
#11436=CARTESIAN_POINT('',(210.630944,-131.638317,0.));
#11437=AXIS2_PLACEMENT_3D('',#11438,#11439,#11440);
#11438=CARTESIAN_POINT('',(206.630944,-131.638317,0.));
#11439=DIRECTION('',(0.,0.,1.));
#11440=DIRECTION('',(1.,0.,0.));
#11441=CARTESIAN_POINT('',(198.371617,-149.146466,0.));
#11442=AXIS2_PLACEMENT_3D('',#11443,#11444,#11445);
#11443=CARTESIAN_POINT('',(194.371617,-149.146466,0.));
#11444=DIRECTION('',(0.,0.,1.));
#11445=DIRECTION('',(1.,0.,0.));
#11446=CARTESIAN_POINT('',(184.633004,-165.519521,0.));
#11447=AXIS2_PLACEMENT_3D('',#11448,#11449,#11450);
#11448=CARTESIAN_POINT('',(180.633004,-165.519521,0.));
#11449=DIRECTION('',(0.,0.,1.));
#11450=DIRECTION('',(1.,0.,0.));
#11451=CARTESIAN_POINT('',(169.519665,-180.632873,0.));
#11452=AXIS2_PLACEMENT_3D('',#11453,#11454,#11455);
#11453=CARTESIAN_POINT('',(165.519665,-180.632873,0.));
#11454=DIRECTION('',(0.,0.,1.));
#11455=DIRECTION('',(1.,0.,0.));
#11456=CARTESIAN_POINT('',(153.146622,-194.371499,0.));
#11457=AXIS2_PLACEMENT_3D('',#11458,#11459,#11460);
#11458=CARTESIAN_POINT('',(149.146622,-194.371499,0.));
#11459=DIRECTION('',(0.,0.,1.));
#11460=DIRECTION('',(1.,0.,0.));
#11461=CARTESIAN_POINT('',(135.638483,-206.630841,0.));
#11462=AXIS2_PLACEMENT_3D('',#11463,#11464,#11465);
#11463=CARTESIAN_POINT('',(131.638483,-206.630841,0.));
#11464=DIRECTION('',(0.,0.,1.));
#11465=DIRECTION('',(1.,0.,0.));
#11466=CARTESIAN_POINT('',(117.128495,-217.317598,0.));
#11467=AXIS2_PLACEMENT_3D('',#11468,#11469,#11470);
#11468=CARTESIAN_POINT('',(113.128495,-217.317598,0.));
#11469=DIRECTION('',(0.,0.,1.));
#11470=DIRECTION('',(1.,0.,0.));
#11471=CARTESIAN_POINT('',(97.757532,-226.350437,0.));
#11472=AXIS2_PLACEMENT_3D('',#11473,#11474,#11475);
#11473=CARTESIAN_POINT('',(93.757532,-226.350437,0.));
#11474=DIRECTION('',(0.,0.,1.));
#11475=DIRECTION('',(1.,0.,0.));
#11476=CARTESIAN_POINT('',(77.673017,-233.660613,0.));
#11477=AXIS2_PLACEMENT_3D('',#11478,#11479,#11480);
#11478=CARTESIAN_POINT('',(73.673017,-233.660613,0.));
#11479=DIRECTION('',(0.,0.,1.));
#11480=DIRECTION('',(1.,0.,0.));
#11481=CARTESIAN_POINT('',(57.027806,-239.192491,0.));
#11482=AXIS2_PLACEMENT_3D('',#11483,#11484,#11485);
#11483=CARTESIAN_POINT('',(53.027806,-239.192491,0.));
#11484=DIRECTION('',(0.,0.,1.));
#11485=DIRECTION('',(1.,0.,0.));
#11486=CARTESIAN_POINT('',(35.979022,-242.903969,0.));
#11487=AXIS2_PLACEMENT_3D('',#11488,#11489,#11490);
#11488=CARTESIAN_POINT('',(31.979022,-242.903969,0.));
#11489=DIRECTION('',(0.,0.,1.));
#11490=DIRECTION('',(1.,0.,0.));
#11491=CARTESIAN_POINT('',(14.686857,-244.766802,0.));
#11492=AXIS2_PLACEMENT_3D('',#11493,#11494,#11495);
#11493=CARTESIAN_POINT('',(10.686857,-244.766802,0.));
#11494=DIRECTION('',(0.,0.,1.));
#11495=DIRECTION('',(1.,0.,0.));
#11496=CARTESIAN_POINT('',(-6.68664,-244.766812,0.));
#11497=AXIS2_PLACEMENT_3D('',#11498,#11499,#11500);
#11498=CARTESIAN_POINT('',(-10.68664,-244.766812,0.));
#11499=DIRECTION('',(0.,0.,1.));
#11500=DIRECTION('',(1.,0.,0.));
#11501=CARTESIAN_POINT('',(-27.978806,-242.903999,0.));
#11502=AXIS2_PLACEMENT_3D('',#11503,#11504,#11505);
#11503=CARTESIAN_POINT('',(-31.978806,-242.903999,0.));
#11504=DIRECTION('',(0.,0.,1.));
#11505=DIRECTION('',(1.,0.,0.));
#11506=CARTESIAN_POINT('',(-49.027594,-239.192541,0.));
#11507=AXIS2_PLACEMENT_3D('',#11508,#11509,#11510);
#11508=CARTESIAN_POINT('',(-53.027594,-239.192541,0.));
#11509=DIRECTION('',(0.,0.,1.));
#11510=DIRECTION('',(1.,0.,0.));
#11511=CARTESIAN_POINT('',(-69.672811,-233.660682,0.));
#11512=AXIS2_PLACEMENT_3D('',#11513,#11514,#11515);
#11513=CARTESIAN_POINT('',(-73.672811,-233.660682,0.));
#11514=DIRECTION('',(0.,0.,1.));
#11515=DIRECTION('',(1.,0.,0.));
#11516=CARTESIAN_POINT('',(-89.757332,-226.350526,0.));
#11517=AXIS2_PLACEMENT_3D('',#11518,#11519,#11520);
#11518=CARTESIAN_POINT('',(-93.757332,-226.350526,0.));
#11519=DIRECTION('',(0.,0.,1.));
#11520=DIRECTION('',(1.,0.,0.));
#11521=CARTESIAN_POINT('',(-109.128304,-217.317705,0.));
#11522=AXIS2_PLACEMENT_3D('',#11523,#11524,#11525);
#11523=CARTESIAN_POINT('',(-113.128304,-217.317705,0.));
#11524=DIRECTION('',(0.,0.,1.));
#11525=DIRECTION('',(1.,0.,0.));
#11526=CARTESIAN_POINT('',(-127.638302,-206.630966,0.));
#11527=AXIS2_PLACEMENT_3D('',#11528,#11529,#11530);
#11528=CARTESIAN_POINT('',(-131.638302,-206.630966,0.));
#11529=DIRECTION('',(0.,0.,1.));
#11530=DIRECTION('',(1.,0.,0.));
#11531=CARTESIAN_POINT('',(-145.146452,-194.37164,0.));
#11532=AXIS2_PLACEMENT_3D('',#11533,#11534,#11535);
#11533=CARTESIAN_POINT('',(-149.146452,-194.37164,0.));
#11534=DIRECTION('',(0.,0.,1.));
#11535=DIRECTION('',(1.,0.,0.));
#11536=CARTESIAN_POINT('',(-161.519509,-180.633029,0.));
#11537=AXIS2_PLACEMENT_3D('',#11538,#11539,#11540);
#11538=CARTESIAN_POINT('',(-165.519509,-180.633029,0.));
#11539=DIRECTION('',(0.,0.,1.));
#11540=DIRECTION('',(1.,0.,0.));
#11541=CARTESIAN_POINT('',(-176.632862,-165.519692,0.));
#11542=AXIS2_PLACEMENT_3D('',#11543,#11544,#11545);
#11543=CARTESIAN_POINT('',(-180.632862,-165.519692,0.));
#11544=DIRECTION('',(0.,0.,1.));
#11545=DIRECTION('',(1.,0.,0.));
#11546=CARTESIAN_POINT('',(-190.37149,-149.14665,0.));
#11547=AXIS2_PLACEMENT_3D('',#11548,#11549,#11550);
#11548=CARTESIAN_POINT('',(-194.37149,-149.14665,0.));
#11549=DIRECTION('',(0.,0.,1.));
#11550=DIRECTION('',(1.,0.,0.));
#11551=CARTESIAN_POINT('',(-202.630834,-131.638512,0.));
#11552=AXIS2_PLACEMENT_3D('',#11553,#11554,#11555);
#11553=CARTESIAN_POINT('',(-206.630834,-131.638512,0.));
#11554=DIRECTION('',(0.,0.,1.));
#11555=DIRECTION('',(1.,0.,0.));
#11556=CARTESIAN_POINT('',(-213.317593,-113.128526,0.));
#11557=AXIS2_PLACEMENT_3D('',#11558,#11559,#11560);
#11558=CARTESIAN_POINT('',(-217.317593,-113.128526,0.));
#11559=DIRECTION('',(0.,0.,1.));
#11560=DIRECTION('',(1.,0.,0.));
#11561=CARTESIAN_POINT('',(-222.350434,-93.757564,0.));
#11562=AXIS2_PLACEMENT_3D('',#11563,#11564,#11565);
#11563=CARTESIAN_POINT('',(-226.350434,-93.757564,0.));
#11564=DIRECTION('',(0.,0.,1.));
#11565=DIRECTION('',(1.,0.,0.));
#11566=CARTESIAN_POINT('',(-229.660612,-73.67305,0.));
#11567=AXIS2_PLACEMENT_3D('',#11568,#11569,#11570);
#11568=CARTESIAN_POINT('',(-233.660612,-73.67305,0.));
#11569=DIRECTION('',(0.,0.,1.));
#11570=DIRECTION('',(1.,0.,0.));
#11571=CARTESIAN_POINT('',(-235.192492,-53.027839,0.));
#11572=AXIS2_PLACEMENT_3D('',#11573,#11574,#11575);
#11573=CARTESIAN_POINT('',(-239.192492,-53.027839,0.));
#11574=DIRECTION('',(0.,0.,1.));
#11575=DIRECTION('',(1.,0.,0.));
#11576=CARTESIAN_POINT('',(-240.766808,-10.686891,0.));
#11577=AXIS2_PLACEMENT_3D('',#11578,#11579,#11580);
#11578=CARTESIAN_POINT('',(-244.766808,-10.686891,0.));
#11579=DIRECTION('',(0.,0.,1.));
#11580=DIRECTION('',(1.,0.,0.));
#11581=CARTESIAN_POINT('',(-240.766817,10.686693,0.));
#11582=AXIS2_PLACEMENT_3D('',#11583,#11584,#11585);
#11583=CARTESIAN_POINT('',(-244.766817,10.686693,0.));
#11584=DIRECTION('',(0.,0.,1.));
#11585=DIRECTION('',(1.,0.,0.));
#11586=CARTESIAN_POINT('',(-68.124892,-72.124922,0.));
#11587=AXIS2_PLACEMENT_3D('',#11588,#11589,#11590);
#11588=CARTESIAN_POINT('',(-72.124892,-72.124922,0.));
#11589=DIRECTION('',(0.,0.,1.));
#11590=DIRECTION('',(1.,0.,0.));
#11591=CARTESIAN_POINT('',(-78.731908,-103.945025,0.));
#11592=AXIS2_PLACEMENT_3D('',#11593,#11594,#11595);
#11593=CARTESIAN_POINT('',(-82.731908,-103.945025,0.));
#11594=DIRECTION('',(0.,0.,1.));
#11595=DIRECTION('',(1.,0.,0.));
#11596=CARTESIAN_POINT('',(-89.337998,-50.91162,0.));
#11597=AXIS2_PLACEMENT_3D('',#11598,#11599,#11600);
#11598=CARTESIAN_POINT('',(-93.337998,-50.91162,0.));
#11599=DIRECTION('',(0.,0.,1.));
#11600=DIRECTION('',(1.,0.,0.));
#11601=CARTESIAN_POINT('',(-99.944995,-82.731938,0.));
#11602=AXIS2_PLACEMENT_3D('',#11603,#11604,#11605);
#11603=CARTESIAN_POINT('',(-103.944995,-82.731938,0.));
#11604=DIRECTION('',(0.,0.,1.));
#11605=DIRECTION('',(1.,0.,0.));
#11606=CARTESIAN_POINT('',(107.94506226919,82.731762254044,0.));
#11607=AXIS2_PLACEMENT_3D('',#11608,#11609,#11610);
#11608=CARTESIAN_POINT('',(103.94506226919,82.731762254044,0.));
#11609=DIRECTION('',(0.,0.,1.));
#11610=DIRECTION('',(1.,0.,0.));
#11611=CARTESIAN_POINT('',(86.731996066194,103.94487005102,0.));
#11612=AXIS2_PLACEMENT_3D('',#11613,#11614,#11615);
#11613=CARTESIAN_POINT('',(82.731996066194,103.94487005102,0.));
#11614=DIRECTION('',(0.,0.,1.));
#11615=DIRECTION('',(1.,0.,0.));
#11616=CARTESIAN_POINT('',(76.124948870258,72.124777449991,0.));
#11617=AXIS2_PLACEMENT_3D('',#11618,#11619,#11620);
#11618=CARTESIAN_POINT('',(72.124948870258,72.124777449991,0.));
#11619=DIRECTION('',(0.,0.,1.));
#11620=DIRECTION('',(1.,0.,0.));
#11621=CARTESIAN_POINT('',(54.911667667272,93.337904247178,0.));
#11622=AXIS2_PLACEMENT_3D('',#11623,#11624,#11625);
#11623=CARTESIAN_POINT('',(50.911667667272,93.337904247178,0.));
#11624=DIRECTION('',(0.,0.,1.));
#11625=DIRECTION('',(1.,0.,0.));
#11626=CARTESIAN_POINT('',(246.903965,31.979004,0.));
#11627=AXIS2_PLACEMENT_3D('',#11628,#11629,#11630);
#11628=CARTESIAN_POINT('',(242.903965,31.979004,0.));
#11629=DIRECTION('',(0.,0.,1.));
#11630=DIRECTION('',(1.,0.,0.));
#11631=CARTESIAN_POINT('',(-238.903973,-31.979055,0.));
#11632=AXIS2_PLACEMENT_3D('',#11633,#11634,#11635);
#11633=CARTESIAN_POINT('',(-242.903973,-31.979055,0.));
#11634=DIRECTION('',(0.,0.,1.));
#11635=DIRECTION('',(1.,0.,0.));
#11636=CARTESIAN_POINT('',(-79.,0.,0.));
#11637=CARTESIAN_POINT('',(-79.,12.,0.));
#11638=CARTESIAN_POINT('',(-79.,5.99308829519996E-18,0.));
#11639=VECTOR('',#11640,1.);
#11640=DIRECTION('',(0.,1.,0.));
#11641=CARTESIAN_POINT('',(-85.,12.,0.));
#11642=CARTESIAN_POINT('',(-79.,12.,0.));
#11643=VECTOR('',#11644,1.);
#11644=DIRECTION('',(-1.,0.,0.));
#11645=CARTESIAN_POINT('',(-85.,0.,0.));
#11646=CARTESIAN_POINT('',(-85.,-5.78468445829613E-19,0.));
#11647=VECTOR('',#11648,1.);
#11648=DIRECTION('',(0.,1.,0.));
#11649=CARTESIAN_POINT('',(-85.,-5.78468445829613E-19,0.));
#11650=VECTOR('',#11651,1.);
#11651=DIRECTION('',(1.,1.09525945683826E-18,0.));
#11652=CARTESIAN_POINT('',(79.,-12.,0.));
#11653=CARTESIAN_POINT('',(85.,-12.,0.));
#11654=CARTESIAN_POINT('',(79.,-12.,0.));
#11655=VECTOR('',#11656,1.);
#11656=DIRECTION('',(1.,0.,0.));
#11657=CARTESIAN_POINT('',(85.,0.,0.));
#11658=CARTESIAN_POINT('',(85.,-12.,0.));
#11659=VECTOR('',#11660,1.);
#11660=DIRECTION('',(0.,1.,0.));
#11661=CARTESIAN_POINT('',(79.,0.,0.));
#11662=CARTESIAN_POINT('',(85.,5.78468445829613E-19,0.));
#11663=VECTOR('',#11664,1.);
#11664=DIRECTION('',(-1.,-1.09525945683826E-18,0.));
#11665=CARTESIAN_POINT('',(79.,-12.,0.));
#11666=VECTOR('',#11667,1.);
#11667=DIRECTION('',(0.,1.,0.));
#11668=CARTESIAN_POINT('',(11.999993,-85.,0.));
#11669=CARTESIAN_POINT('',(11.999993,-79.,0.));
#11670=CARTESIAN_POINT('',(11.999993,-85.,0.));
#11671=VECTOR('',#11672,1.);
#11672=DIRECTION('',(-8.88178419700125E-16,1.,0.));
#11673=CARTESIAN_POINT('',(-7.E-6,-79.,0.));
#11674=CARTESIAN_POINT('',(11.999993,-79.,0.));
#11675=VECTOR('',#11676,1.);
#11676=DIRECTION('',(-1.,0.,0.));
#11677=CARTESIAN_POINT('',(-7.E-6,-85.,0.));
#11678=CARTESIAN_POINT('',(-7.E-6,-79.,0.));
#11679=VECTOR('',#11680,1.);
#11680=DIRECTION('',(0.,-1.,0.));
#11681=CARTESIAN_POINT('',(11.999993,-85.,0.));
#11682=VECTOR('',#11683,1.);
#11683=DIRECTION('',(-1.,0.,0.));
#11684=CARTESIAN_POINT('',(-12.,79.,0.));
#11685=CARTESIAN_POINT('',(0.,79.,0.));
#11686=CARTESIAN_POINT('',(-12.,79.,0.));
#11687=VECTOR('',#11688,1.);
#11688=DIRECTION('',(1.,0.,0.));
#11689=CARTESIAN_POINT('',(0.,85.,0.));
#11690=CARTESIAN_POINT('',(-9.33230978462842E-23,79.,0.));
#11691=VECTOR('',#11692,1.);
#11692=DIRECTION('',(2.4730040486726E-23,1.,0.));
#11693=CARTESIAN_POINT('',(-12.,85.,0.));
#11694=CARTESIAN_POINT('',(-12.,85.,0.));
#11695=VECTOR('',#11696,1.);
#11696=DIRECTION('',(1.,0.,0.));
#11697=CARTESIAN_POINT('',(-12.,85.,0.));
#11698=VECTOR('',#11699,1.);
#11699=DIRECTION('',(0.,-1.,0.));
#11700=CARTESIAN_POINT('',(57.354527,-75.032172,0.));
#11701=CARTESIAN_POINT('',(75.032187,-57.354495,0.));
#11702=CARTESIAN_POINT('',(57.354527,-75.032172,0.));
#11703=VECTOR('',#11704,1.);
#11704=DIRECTION('',(0.707106441186466,0.707107121186466,0.));
#11705=CARTESIAN_POINT('',(57.354501,-39.676842,0.));
#11706=CARTESIAN_POINT('',(57.354501,-39.676842,0.));
#11707=VECTOR('',#11708,1.);
#11708=DIRECTION('',(0.707107441186239,-0.70710612118624,0.));
#11709=CARTESIAN_POINT('',(39.676857,-57.354503,0.));
#11710=CARTESIAN_POINT('',(39.676857,-57.354503,0.));
#11711=VECTOR('',#11712,1.);
#11712=DIRECTION('',(0.707106441185967,0.707107121186965,0.));
#11713=CARTESIAN_POINT('',(57.354527,-75.032172,0.));
#11714=VECTOR('',#11715,1.);
#11715=DIRECTION('',(-0.707106801186546,0.707106761186549,0.));
#11716=CARTESIAN_POINT('',(-88.38840843239,-17.677618,0.));
#11717=CARTESIAN_POINT('',(-17.67777776248,-88.388364,0.));
#11718=CARTESIAN_POINT('',(-88.38840843239,-17.677618,0.));
#11719=VECTOR('',#11720,1.);
#11720=DIRECTION('',(0.707106204535812,-0.707107357836813,0.));
#11721=CARTESIAN_POINT('',(88.388337319769,17.677647191603,0.));
#11722=CARTESIAN_POINT('',(-17.67777776248,-88.388364,0.));
#11723=VECTOR('',#11724,1.);
#11724=DIRECTION('',(0.707107127488463,0.707106434884463,0.));
#11725=CARTESIAN_POINT('',(17.677661,88.388347,0.));
#11726=CARTESIAN_POINT('',(88.388337319769,17.677647191603,0.));
#11727=VECTOR('',#11728,1.);
#11728=DIRECTION('',(-0.707106663743042,0.707106898630033,0.));
#11729=CARTESIAN_POINT('',(17.677661,88.388347,0.));
#11730=VECTOR('',#11731,1.);
#11731=DIRECTION('',(-0.707107129294463,-0.707106433078461,0.));
#11732=CARTESIAN_POINT('',(194.014701827369,65.3635207966709,0.));
#11733=AXIS2_PLACEMENT_3D('',#11734,#11735,#11736);
#11734=CARTESIAN_POINT('',(194.014701827369,80.3635207966709,0.));
#11735=DIRECTION('',(0.,0.,-1.));
#11736=DIRECTION('',(-6.12323399573676E-17,-1.,0.));
#11737=CARTESIAN_POINT('',(-85.,0.,0.));
#11738=VECTOR('',#11739,1.);
#11739=DIRECTION('',(0.,0.,1.));
#11740=CARTESIAN_POINT('',(-79.,0.,0.));
#11741=VECTOR('',#11742,1.);
#11742=DIRECTION('',(0.,0.,1.));
#11743=CARTESIAN_POINT('',(-85.,12.,0.));
#11744=VECTOR('',#11745,1.);
#11745=DIRECTION('',(0.,0.,1.));
#11746=CARTESIAN_POINT('',(-79.,12.,0.));
#11747=VECTOR('',#11748,1.);
#11748=DIRECTION('',(0.,0.,1.));
#11749=CARTESIAN_POINT('',(79.,0.,0.));
#11750=VECTOR('',#11751,1.);
#11751=DIRECTION('',(0.,0.,1.));
#11752=CARTESIAN_POINT('',(79.,-12.,0.));
#11753=VECTOR('',#11754,1.);
#11754=DIRECTION('',(0.,0.,1.));
#11755=CARTESIAN_POINT('',(85.,0.,0.));
#11756=VECTOR('',#11757,1.);
#11757=DIRECTION('',(0.,0.,1.));
#11758=CARTESIAN_POINT('',(85.,-12.,0.));
#11759=VECTOR('',#11760,1.);
#11760=DIRECTION('',(0.,0.,1.));
#11761=CARTESIAN_POINT('',(-7.00000000004513E-6,-85.,0.));
#11762=VECTOR('',#11763,1.);
#11763=DIRECTION('',(0.,0.,1.));
#11764=CARTESIAN_POINT('',(11.999993,-85.,0.));
#11765=VECTOR('',#11766,1.);
#11766=DIRECTION('',(4.44089209850063E-16,0.,1.));
#11767=CARTESIAN_POINT('',(-7.00000000004513E-6,-79.,0.));
#11768=VECTOR('',#11769,1.);
#11769=DIRECTION('',(0.,0.,1.));
#11770=CARTESIAN_POINT('',(11.999993,-79.,0.));
#11771=VECTOR('',#11772,1.);
#11772=DIRECTION('',(4.44089209850063E-16,0.,1.));
#11773=CARTESIAN_POINT('',(-12.,85.,0.));
#11774=VECTOR('',#11775,1.);
#11775=DIRECTION('',(0.,0.,1.));
#11776=CARTESIAN_POINT('',(-12.,79.,0.));
#11777=VECTOR('',#11778,1.);
#11778=DIRECTION('',(0.,0.,1.));
#11779=CARTESIAN_POINT('',(0.,85.,0.));
#11780=VECTOR('',#11781,1.);
#11781=DIRECTION('',(0.,0.,1.));
#11782=CARTESIAN_POINT('',(0.,79.,0.));
#11783=VECTOR('',#11784,1.);
#11784=DIRECTION('',(0.,0.,1.));
#11785=CARTESIAN_POINT('',(39.676857,-57.354503,0.));
#11786=VECTOR('',#11787,1.);
#11787=DIRECTION('',(0.,1.77635683940025E-15,1.));
#11788=CARTESIAN_POINT('',(57.354527,-75.032172,0.));
#11789=VECTOR('',#11790,1.);
#11790=DIRECTION('',(-1.77635683940025E-15,0.,1.));
#11791=CARTESIAN_POINT('',(57.3545009999978,-39.6768419999978,0.));
#11792=VECTOR('',#11793,1.);
#11793=DIRECTION('',(1.77635683940025E-15,0.,1.));
#11794=CARTESIAN_POINT('',(75.0321870000002,-57.3544950000003,0.));
#11795=VECTOR('',#11796,1.);
#11796=DIRECTION('',(3.5527136788005E-15,1.77635683940025E-15,1.));
#11797=CARTESIAN_POINT('',(17.6776610000188,88.3883470000188,0.));
#11798=VECTOR('',#11799,1.);
#11799=DIRECTION('',(0.,3.5527136788005E-15,1.));
#11800=CARTESIAN_POINT('',(-88.3884084323925,-17.6776179999975,0.));
#11801=VECTOR('',#11802,1.);
#11802=DIRECTION('',(0.,0.,1.));
#11803=CARTESIAN_POINT('',(88.3883373197687,17.6776471916033,0.));
#11804=VECTOR('',#11805,1.);
#11805=DIRECTION('',(0.,0.,1.));
#11806=CARTESIAN_POINT('',(-17.6777777624867,-88.3883640000066,0.));
#11807=VECTOR('',#11808,1.);
#11808=DIRECTION('',(1.77635683940025E-15,-7.105427357601E-15,1.));
ENDSEC;
END-ISO-10303-21;
